DataType=double
version=3
OpenSimVersion=4.5
endheader
time	foot_tibia_rz	tibia_femur_rz
0	0	0
0.001	-0.0001873146564588932	0.0004605065607565608
0.002	-0.0006386676359801207	0.001569647246838426
0.003	-0.001255883109293451	0.003085532297168659
0.004	-0.001992406467157805	0.004893481575877042
0.005	-0.002826216025710645	0.006939285050022047
0.006	-0.003746974645183514	0.009197544537690699
0.007	-0.004749911234315992	0.01165659603199435
0.008	-0.005832900379276904	0.0143113110575374
0.009000000000000001	-0.006995110650199548	0.01715976397085116
0.01	-0.008236318593910235	0.0202015392669755
0.011	-0.009556615902232878	0.02343700890910817
0.012	-0.01095626604625883	0.0268669797699188
0.013	-0.01243560464556035	0.03049244409556888
0.014	-0.01399504196726171	0.03431459013149412
0.015	-0.01563501360643357	0.03833467403280324
0.016	-0.01735601934819441	0.04255412664986772
0.017	-0.01915857579921756	0.04697442475000577
0.018	-0.02104320856679762	0.05159707047212325
0.019	-0.02301052229601451	0.0564237829030946
0.02	-0.02506115193046477	0.0614563636424731
0.021	-0.02719573249704101	0.06669661451942277
0.022	-0.02941493650022939	0.07214643983351621
0.023	-0.03171951590584604	0.07780796009099161
0.024	-0.0341102317822078	0.08368332024992729
0.025	-0.0365878878886287	0.08977478077926741
0.026	-0.03915334057790017	0.09608474412689531
0.027	-0.04180748462573811	0.1026157160962532
0.028	-0.04455146770457281	0.1093711520219546
0.029	-0.04738683905855409	0.1163560600518558
0.03	-0.05031464913444945	0.1235733859397203
0.031	-0.05333604189439726	0.1310262773309088
0.032	-0.05645217374822258	0.1387179148077416
0.033	-0.05966419960846216	0.1466514749837033
0.034	-0.06297330817364032	0.154830224161662
0.035	-0.06638092091353982	0.1632580460044547
0.036	-0.06988851412037869	0.171938969548926
0.037	-0.07349756408637498	0.1808770238319203
0.038	-0.0772095471037467	0.1900762378902822
0.039	-0.08102597828523082	0.1995407420942859
0.04	-0.08494864405789093	0.2092753808299042
0.041	-0.08897944293964755	0.2192852964662838
0.042	-0.09312027358256963	0.2295756318361765
0.043	-0.09737303442685044	0.2401515292225367
0.044	-0.1017397476524125	0.2510184576498135
0.045	-0.1062227535549226	0.2621827255346085
0.046	-0.1108244396385964	0.2736507657966303
0.047	-0.1155471934076494	0.285429011355588
0.048	-0.120393432917062	0.2975239742453492
0.049	-0.1253659453641302	0.3099431378893139
0.05	-0.1304677511779332	0.3226946041119721
0.051	-0.1357018739719388	0.3357864832916105
0.052	-0.1410713389914957	0.3492268900126032
0.053	-0.1465794087556712	0.363024563556843
0.054	-0.1522298276635615	0.3771895176939539
0.055	-0.1580263983903902	0.391731921089119
0.056	-0.163972923450009	0.4066619419235519
0.057	-0.1700734025777586	0.421990267238192
0.058	-0.1763324612493776	0.4377292420166308
0.059	-0.1827548449511068	0.4538915308859167
0.06	-0.189345299142303	0.4704897983979566
0.061	-0.1961087581770382	0.4875372076687581
0.062	-0.203050920180307	0.5050489480938517
0.063	-0.2101776734088321	0.5230407155179027
0.064	-0.2174949061193358	0.5415282057855766
0.065	-0.2250087828047823	0.5605278465855336
0.066	-0.2327260905633259	0.5800577131281379
0.067	-0.2406537054537961	0.6001361092509016
0.068	-0.2487988595529648	0.6207822527774051
0.06900000000000001	-0.2571707019284305	0.6420205436659766
0.07000000000000001	-0.2657774884059573	0.6638730007918271
0.07100000000000001	-0.274627492568539	0.6863617114240889
0.07200000000000001	-0.2837293099708191	0.7095096470702531
0.073	-0.2930918315741972	0.7333405943147719
0.074	-0.3027240780328158	0.7578787038595457
0.075	-0.3126349910820548	0.7831479505750475
0.076	-0.3228334968760004	0.8091722755747695
0.077	-0.3333279505620053	0.8359741331624961
0.078	-0.3441259794775233	0.8635740549842349
0.079	-0.3552343025621251	0.891990161929178
0.08	-0.3666573596946687	0.9212344844716734
0.081	-0.378397538777016	0.9513135398589858
0.082	-0.3904528317935847	0.9822219771864211
0.083	-0.4028155631331905	1.013939045241334
0.08400000000000001	-0.4154697989605848	1.046421458771764
0.08500000000000001	-0.4283862977634856	1.079589466438873
0.08600000000000001	-0.4415203872469944	1.113321010518254
0.08700000000000001	-0.4548135469638002	1.147456249082065
0.08799999999999999	-0.4682013358729327	1.181819769278667
0.089	-0.481623587097817	1.216248835301123
0.09	-0.4950277431601851	1.250602407770323
0.091	-0.5083682196938278	1.284759080046578
0.092	-0.5216050710806843	1.318613115470333
0.093	-0.534703115377006	1.352071817468194
0.094	-0.5476317139619866	1.385054752440142
0.095	-0.5603641745908229	1.417492049052093
0.096	-0.5728788080305944	1.449327136527204
0.097	-0.5851571939227236	1.480512101236316
0.098	-0.5971858396192022	1.511012053679682
0.099	-0.6089540898291581	1.540799586350785
0.1	-0.6204559442800603	1.56985954986713
0.101	-0.631686737406705	1.598180304554855
0.102	-0.6426458221373645	1.625760762012666
0.103	-0.6533339035195701	1.652603377292293
0.104	-0.6637535323534701	1.678715433652038
0.105	-0.673909022437112	1.704108814571382
0.106	-0.6838051978119717	1.728796730186902
0.107	-0.6934481993935346	1.752795802231809
0.108	-0.7028444086881437	1.776123270284354
0.109	-0.7120007149047479	1.798797669441621
0.11	-0.7209242440948839	1.820838117567797
0.111	-0.7296221388518621	1.842263771749487
0.112	-0.7381016112915721	1.863093930638221
0.113	-0.7463697234534334	1.883347466074332
0.114	-0.754433513015595	1.90304318344492
0.115	-0.7622997979580812	1.922199280733737
0.116	-0.7699750754641497	1.940833087719744
0.117	-0.7774658110162141	1.958961849257362
0.118	-0.7847781559002445	1.976601964579632
0.119	-0.7919178753133767	1.993768800412643
0.12	-0.7988907019113939	2.010477636946292
0.121	-0.8057020513220118	2.026742909244851
0.122	-0.8123569447957446	2.042578004492925
0.123	-0.8188603766557078	2.057996238583646
0.124	-0.8252170826202744	2.07301024187517
0.125	-0.8314313444289499	2.087631444452533
0.126	-0.8375073997593634	2.10187116018712
0.127	-0.8434494438863238	2.115740591054407
0.128	-0.8492612409613118	2.129249803248541
0.129	-0.8549463082880394	2.142408213742505
0.13	-0.8605081605906088	2.155225232784558
0.131	-0.8659502114106475	2.167710005133349
0.132	-0.8712754696967877	2.179870615034229
0.133	-0.8764868463003136	2.191714889972817
0.134	-0.8815872501712863	2.20325065246831
0.135	-0.8865794177702352	2.214485274747802
0.136	-0.8914657893531769	2.225425356118098
0.137	-0.8962487770089096	2.236077422442879
0.138	-0.9009307793797328	2.246447964643938
0.139	-0.9055139760875154	2.256542904426277
0.14	-0.9100003724201299	2.266367710364436
0.141	-0.9143919691869655	2.275927839388153
0.142	-0.9186907420878194	2.285228683560233
0.143	-0.9228984368466986	2.29427503961284
0.144	-0.9270166802423008	2.303071396011974
0.145	-0.9310470982155433	2.311622239046826
0.146	-0.9349913151837901	2.31993205111382
0.147	-0.9388508339369298	2.328005001848855
0.148	-0.9426269609558401	2.335844754203062
0.149	-0.9463209862565685	2.34345492828806
0.15	-0.949934199855162	2.350839144215471
0.151	-0.9534678746755803	2.358000978172235
0.152	-0.956923119429514	2.364943583549559
0.153	-0.9603009547698532	2.371669886524269
0.154	-0.963602400786536	2.378182811791115
0.155	-0.9668284775100081	2.384485283895993
0.156	-0.9699801494415871	2.390580085721587
0.157	-0.9730582361699954	2.396469628110623
0.158	-0.9760635351614585	2.402156264512952
0.159	-0.9789968438822009	2.407642348378422
0.16	-0.98185895595808	2.412930223467085
0.161	-0.9846505730565522	2.418021998196653
0.162	-0.9873723028272053	2.422919538541746
0.163	-0.9900247486673143	2.427624699366811
0.164	-0.9926085139741544	2.432139335536298
0.165	-0.9951241986954715	2.436465293223016
0.166	-0.9975723197226869	2.440604206167356
0.167	-0.9999533118938759	2.444557495713094
0.168	-1.002267606880646	2.448326574713686
0.169	-1.004515636354603	2.451912856022587
0.17	-1.006697829902849	2.455317747166986
0.171	-1.008814551602939	2.458542486499331
0.172	-1.010866093531799	2.461588124771915
0.173	-1.012852744664834	2.464455704412982
0.174	-1.014774793977447	2.467146267850776
0.175	-1.016632525613678	2.469660845290973
0.176	-1.018426155784491	2.472000290953537
0.177	-1.020155851414393	2.474165328739272
0.178	-1.021821778395376	2.476156679623291
0.179	-1.023424102619436	2.477975064580703
0.18	-1.024962980084676	2.47962117868017
0.181	-1.026438495936322	2.481095529629522
0.182	-1.027850704671239	2.482398543262567
0.183	-1.029199660676578	2.483530645097022
0.184	-1.030485418339489	2.484492260650607
0.185	-1.031708013646723	2.485283767456738
0.186	-1.032867412129995	2.485905354960523
0.187	-1.03396356258318	2.486357166695293
0.188	-1.034996413800365	2.486639346194754
0.189	-1.035965914439594	2.486752036633167
0.19	-1.036871984303128	2.486695303218498
0.191	-1.037714478814312	2.486469036336037
0.192	-1.038493244686649	2.486073102581438
0.193	-1.039208128633644	2.485507368550354
0.194	-1.039858976236701	2.484771697910054
0.195	-1.040445589808352	2.483865837634395
0.196	-1.040967715884198	2.482789381570675
0.197	-1.041425097315656	2.481541913186887
0.198	-1.041817476954144	2.480123015951022
0.199	-1.042144594076485	2.478532263412049
0.2	-1.042406130673475	2.47676907100786
0.201	-1.042601722914965	2.474832728083947
0.202	-1.042731005707366	2.472722520527872
0.203	-1.042793613957088	2.470437734227194
0.204	-1.042789172981618	2.467977629085013
0.205	-1.042717234033015	2.465341261457438
0.206	-1.042577314209911	2.462527592903423
0.207	-1.04236893044098	2.459535584495512
0.208	-1.042091599659007	2.45636419731686
0.209	-1.04174481880363	2.453012336529983
0.21	-1.041327996862726	2.449478664187701
0.211	-1.040840519430469	2.445761778214056
0.212	-1.040281772101036	2.441860276533087
0.213	-1.039651140394622	2.437772756884121
0.214	-1.038947968795773	2.433497704626425
0.215	-1.038171504125589	2.429033336445546
0.216	-1.037320979419892	2.424377830962102
0.217	-1.036395627714505	2.419529366796713
0.218	-1.035394680798644	2.414486118969463
0.219	-1.034317299278718	2.409246065868757
0.22	-1.033162543538201	2.403806911598837
0.221	-1.031929466847562	2.398166340978119
0.222	-1.030617122477267	2.39232203882502
0.223	-1.029224557205213	2.386271672347502
0.224	-1.027750701982858	2.380012593041696
0.225	-1.026194393678895	2.373541895476565
0.226	-1.024554466711824	2.366856667512459
0.227	-1.022829755500148	2.359953997009728
0.228	-1.021019074803054	2.352830917716924
0.229	-1.019121069895209	2.345484001651046
0.23	-1.017134306025014	2.337909603915157
0.231	-1.015057348137294	2.33010407879822
0.232	-1.012888761265444	2.322063780832669
0.233	-1.010627058342034	2.313784924032515
0.234	-1.00827052262637	2.305263100227136
0.235	-1.005817379292971	2.296493743505921
0.236	-1.003265853516362	2.287472287958263
0.237	-1.000614170699661	2.278194168275025
0.238	-0.9978604392668046	2.268654502373544
0.239	-0.9950024895714934	2.258847655977388
0.24	-0.9920381147064151	2.248767894091686
0.241	-0.9889651077642569	2.238409481721564
0.242	-0.9857812577187235	2.227766673114638
0.243	-0.9824841234227882	2.216833102854232
0.244	-0.9790709597034041	2.205601582654324
0.245	-0.9755390024864623	2.194064872827561
0.246	-0.9718854876978534	2.182215733686588
0.247	-0.9681076116216913	2.170046818815426
0.248	-0.964202173328453	2.157549708515483
0.249	-0.9601657429452216	2.144715362779237
0.25	-0.9559948878439765	2.131534734073292
0.251	-0.9516861675158615	2.117998754170041
0.252	-0.9472358108126229	2.104097461714028
0.253	-0.942639626727105	2.089819753019754
0.254	-0.9378933985058397	2.075154453806596
0.255	-0.9329929086607636	2.060090388059458
0.256	-0.9279336762469882	2.044615667063105
0.257	-0.9227106212594988	2.028716766159153
0.258	-0.9173185831667386	2.012379939020349
0.259	-0.9117524014398424	1.995591439335565
0.26	-0.9060067335990488	1.978337029522214
0.261	-0.9000755403116003	1.960600551493615
0.262	-0.8939526157962566	1.942365379920799
0.263	-0.8876317542717782	1.923614889474796
0.264	-0.8811066315511726	1.904332136185378
0.265	-0.8743703126230088	1.884498458872159
0.266	-0.8674156905861145	1.864094672574742
0.267	-0.8602356598437284	1.843101594967089
0.268	-0.8528230550527207	1.821499876396389
0.269	-0.8451704345761534	1.799269308965354
0.27	-0.837270501857356	1.776389977558183
0.271	-0.8291159740874001	1.752841998984596
0.272	-0.8206997920508612	1.728605976123121
0.273	-0.8120156185575937	1.70366428239921
0.274	-0.8030572088192237	1.677999518507476
0.275	-0.7938194921506024	1.65159723726058
0.276	-0.7842989490161292	1.624446954098114
0.277	-0.7744924195400822	1.596539102969414
0.278	-0.7643997482524715	1.567871853949916
0.279	-0.7540225722169808	1.538448021337386
0.28	-0.7433647321389384	1.508276134463899
0.281	-0.7324347467141082	1.477376903014965
0.282	-0.721242489724488	1.44577456914548
0.283	-0.7098039178019552	1.413509279172457
0.284	-0.6981379090935333	1.380628839675228
0.285	-0.6862674229350573	1.347191771698186
0.286	-0.6742214769777146	1.313272604323508
0.287	-0.6620309551921817	1.27895081252818
0.288	-0.6497334065350991	1.244323754572884
0.289	-0.6373694385231667	1.209497145326127
0.29	-0.6249867194631827	1.174596279136256
0.291	-0.6126392310039306	1.139764243007531
0.292	-0.6003895882732172	1.105168761325547
0.293	-0.5883038508187451	1.070988035857071
0.294	-0.5764413664153054	1.037382613162509
0.295	-0.5648464364412487	1.004472103941231
0.296	-0.5535474602744714	0.9723326701155923
0.297	-0.5425604114497234	0.9410065900128265
0.298	-0.5318927045522767	0.9105129199666865
0.299	-0.5215458495981877	0.8808548038203724
0.3	-0.5115175318778353	0.8520251551093083
0.301	-0.5018027147486163	0.8240096623094358
0.302	-0.49239457599127	0.7967893261501501
0.303	-0.4832851776953505	0.7703422443044778
0.304	-0.4744657584139274	0.7446444245520039
0.305	-0.4659272521871175	0.7196711257666704
0.306	-0.4576604101157497	0.6953972011801869
0.307	-0.449655995126466	0.6717976186277435
0.308	-0.4419048752170131	0.648847667663461
0.309	-0.4343981645666593	0.6265233671987391
0.31	-0.4271270755446999	0.604801026470736
0.311	-0.4200820409818045	0.5836548795813381
0.312	-0.4132555238806664	0.5630648242516136
0.313	-0.4066403863967871	0.5430118151890206
0.314	-0.4002296377049148	0.5234771899170416
0.315	-0.394016532912884	0.5044429524270935
0.316	-0.3879946183576115	0.4858918986000988
0.317	-0.3821577136914661	0.4678075692710223
0.318	-0.3765001031255144	0.45017477070533
0.319	-0.371016119064479	0.4329784404110652
0.32	-0.3657004349033244	0.4162044439178924
0.321	-0.3605481931068375	0.3998399226422515
0.322	-0.3555545686995195	0.3838721064458233
0.323	-0.3507149190375852	0.3682887197664043
0.324	-0.3460251590295703	0.3530790021977822
0.325	-0.3414813005622877	0.3382324571663129
0.326	-0.33707935552255	0.3237385880983529
0.327	-0.332815495862214	0.3095873312099193
0.328	-0.328686409547409	0.2957700235836912
0.329	-0.3246888797325539	0.2822782626135608
0.33	-0.320819689565747	0.2691036456765816
0.331	-0.3170757042438379	0.2562379751113648
0.332	-0.3134537910699867	0.2436725878811753
0.333	-0.3099510833454935	0.2313998125096323
0.334	-0.3065650156488335	0.2194129841676095
0.335	-0.303293033542769	0.2077054675742967
0.336	-0.3001327165510429	0.1962709910457511
0.337	-0.297081910499473	0.1851040099827657
0.338	-0.2941384848562054	0.1741990445359007
0.339	-0.2913003090893861	0.1635506148557167
0.34	-0.2885652794944081	0.1531533136160904
0.341	-0.285931541432791	0.1430024131420462
0.342	-0.2833973675455419	0.1330935372430032
0.343	-0.2809610308500053	0.1234223110386362
0.344	-0.2786208043635254	0.1139843596486198
0.345	-0.27637499565541	0.1047754023091716
0.346	-0.2742221213892901	0.09579173477272981
0.347	-0.272160775496299	0.08702986879344655
0.348	-0.2701895519876588	0.07848631640865894
0.349	-0.2683070448745915	0.07015758965570414
0.35	-0.2665118637837922	0.06204024330585764
0.351	-0.2648027734891438	0.05413126259246139
0.352	-0.2631786225551025	0.04642786918895853
0.353	-0.2616382599348266	0.03892728614112435
0.354	-0.2601805345814741	0.03162673649473544
0.355	-0.2588043018145412	0.02452346120829243
0.356	-0.2575085254698709	0.01761500764492788
0.357	-0.2562922423524768	0.01089913038652845
0.358	-0.2551544882361683	0.004373581283933496
0.359	-0.2540942988977302	-0.001963887804465626
0.36	-0.2531107386062605	-0.008115444947498739
0.361	-0.2522029629050659	-0.0140829971463986
0.362	-0.2513701451779462	-0.01986839915947161
0.363	-0.2506114588087017	-0.02547350574502414
0.364	-0.2499260881142424	-0.03090013991198226
0.365	-0.2493132850297191	-0.03614992882682525
0.366	-0.248772313417195	-0.04122446563625185
0.367	-0.2483022413100683	-0.04612602603886368
0.368	-0.2479012360884404	-0.05085999848221584
0.369	-0.2475684609648061	-0.05542839249975202
0.37	-0.2473032764328602	-0.05983255808416885
0.371	-0.2471050814019736	-0.06407373043906464
0.372	-0.2469732755148889	-0.06815314257310658
0.373	-0.2469072589806947	-0.07207202588820609
0.374	-0.2469064626698261	-0.07583152139171316
0.375	-0.2469703631384474	-0.0794326333348455
0.376	-0.2470984406633178	-0.08287635458883551
0.377	-0.2472901755211961	-0.08616367802491556
0.378	-0.2475450578388095	-0.08929556675582702
0.379	-0.2478626259094461	-0.09227283909430072
0.38	-0.2482424323912021	-0.09509627045043675
0.381	-0.2486840299340963	-0.0977666362615405
0.382	-0.2491869720730568	-0.1002847093106062
0.383	-0.2497508404509801	-0.1026511780827405
0.384	-0.2503752499176249	-0.104866631481041
0.385	-0.2510598172353147	-0.1069316526738989
0.386	-0.2518041591663736	-0.1088468248297056
0.387	-0.2526078948604948	-0.1106127234704604
0.388	-0.2534706894900626	-0.1122297869843231
0.389	-0.254392230696866	-0.1136983874551488
0.39	-0.2553722061331045	-0.1150188969364351
0.391	-0.2564103034509775	-0.1161916874816793
0.392	-0.2575062103026847	-0.117217131144379
0.393	-0.2586596285016467	-0.1180955585656105
0.394	-0.2598703063095048	-0.1188271649508693
0.395	-0.2611379948445094	-0.1194121374459175
0.396	-0.2624624450274816	-0.1198506637764092
0.397	-0.2638434134251743	-0.1201429149612504
0.398	-0.2652806892539438	-0.1202889685842666
0.399	-0.2667740733646024	-0.1202888701760262
0.4	-0.2683233666193348	-0.1201426652544329
0.401	-0.2699283681838565	-0.1198504032991267
0.402	-0.2715889122454376	-0.1194120367285221
0.403	-0.2733048631562437	-0.1188274360491069
0.404	-0.2750760855699612	-0.1180964709593893
0.405	-0.2769024441402766	-0.1172190111578776
0.406	-0.2787838035208767	-0.11619492634308
0.407	-0.2807200367605313	-0.1150240633206023
0.408	-0.2827110690123746	-0.1137061290041389
0.409	-0.2847568369132192	-0.112240801474134
0.41	-0.2868572762626178	-0.1106277611851108
0.411	-0.2890123229939925	-0.1088666881999902
0.412	-0.2912219323163375	-0.1069572123267748
0.413	-0.2934860973981505	-0.1048988663645386
0.414	-0.2958048157692504	-0.1026911721853003
0.415	-0.2981780849594562	-0.1003336516610785
0.416	-0.3006059065163418	-0.09782581602717542
0.417	-0.3030883312564036	-0.09516705311745592
0.418	-0.3056254342928976	-0.09235669078862585
0.419	-0.3082172907856453	-0.08939405678483973
0.42	-0.3108639758944686	-0.0862784788502519
0.421	-0.3135655668805246	-0.08300927947110957
0.422	-0.3163221863706015	-0.07958567001273689
0.423	-0.3191340007681195	-0.07600675593677891
0.424	-0.3220011782599097	-0.07227163849099255
0.425	-0.3249238870328034	-0.06837941892313476
0.426	-0.327902298489912	-0.06432919060202137
0.427	-0.33093663880789	-0.06011991364430585
0.428	-0.33402715296462	-0.05575050401931712
0.429	-0.3371740985861481	-0.05121984781025357
0.43	-0.3403777565421358	-0.04652677541332585
0.431	-0.3436385345607764	-0.04166970716389178
0.432	-0.3469578647113829	-0.03664358837848617
0.433	-0.350336394636907	-0.03144608454397266
0.434	-0.353774487234068	-0.02607584976240672
0.435	-0.3572725392216767	-0.02053145772292603
0.436	-0.3608310043566627	-0.01481134615552569
0.437	-0.3644503390843654	-0.008913946375052516
0.438	-0.3681310005055684	-0.002837688279640602
0.439	-0.3718734939079874	0.003419110915402176
0.44	-0.3756784034921272	0.009858322036007155
0.441	-0.379546320673096	0.01648183345237694
0.442	-0.3834778369283191	0.02329153368338039
0.443	-0.3874735889618152	0.03028941916690125
0.444	-0.3915342837319071	0.03747765402983657
0.445	-0.3956606418241826	0.04485843512834347
0.446	-0.3998534346427121	0.05243408144666165
0.447	-0.4041134419025527	0.06020693139559079
0.448	-0.4084415494427318	0.06817958057036839
0.449	-0.4128386788016042	0.07635471133738421
0.45	-0.4173057515175251	0.08473500606302793
0.451	-0.4218437055718256	0.09332318635210106
0.452	-0.426453619041506	0.1021223153632688
0.453	-0.4311366396574117	0.1111356284071055
0.454	-0.4358939156085085	0.1203663619668831
0.455	-0.4407265974791951	0.1298177580737424
0.456	-0.4456359504751162	0.1394933402952312
0.457	-0.4506233925333738	0.149397012391719
0.458	-0.4556903516444765	0.1595327034966568
0.459	-0.460838255795145	0.1699043427332366
0.46	-0.4660685830603237	0.1805159825682325
0.461	-0.4713830463259108	0.1913722640147254
0.462	-0.4767834246945973	0.2024779960217702
0.463	-0.4822714972690749	0.2138379875384218
0.464	-0.4878490515563015	0.2254570680753394
0.465	-0.4935180857439745	0.2373405984341227
0.466	-0.4992808099368952	0.2494944794936507
0.467	-0.5051394430502902	0.2619246348885381
0.468	-0.5110962038687916	0.2746369878854737
0.469	-0.5171534155979215	0.2876377262198637
0.47	-0.5233137735582425	0.3009339914624872
0.471	-0.5295800525951229	0.314533130697725
0.472	-0.5359550275539312	0.328442491009958
0.473	-0.5424414966377188	0.3426694787409325
0.474	-0.5490426364591771	0.357222475383672
0.475	-0.5557619185125444	0.372110627492368
0.476	-0.5626028214864779	0.3873431004788083
0.477	-0.5695688260990228	0.4029290649516088
0.478	-0.5766636715723105	0.4188783619436564
0.479	-0.5838916000639802	0.4352021427314698
0.48	-0.5912569110659951	0.4519117089275674
0.481	-0.598763907221018	0.4690183703115032
0.482	-0.6064171946367284	0.486534229740487
0.483	-0.6142219247782912	0.5044728180429625
0.484	-0.6221833056057626	0.5228478142828802
0.485	-0.6303065655621403	0.5416729519903349
0.486	-0.638597381287914	0.5609631437566128
0.487	-0.6470618145499952	0.5807343025023709
0.488	-0.6557059346161938	0.6010023587207631
0.489	-0.664536121624713	0.6217840825371409
0.49	-0.6735599122013254	0.6430995079645362
0.491	-0.6827842377076296	0.6649668573121471
0.492	-0.6922161796114661	0.6874047400343923
0.493	-0.7018630076473967	0.7104322843893424
0.494	-0.7117321572420092	0.734069076123525
0.495	-0.7218311044639867	0.7583348167964417
0.496	-0.7321670817483724	0.7832485697676571
0.497	-0.7427472741615838	0.8088292751462337
0.498	-0.7535782496469459	0.8350942374005169
0.499	-0.7646656619188341	0.8620583200393571
0.5	-0.7760145263092502	0.8897346833286676
0.501	-0.7876274007831182	0.9181298877455006
0.502	-0.7995053319478562	0.9472464215257506
0.503	-0.8116449981845433	0.9770749484030308
0.504	-0.824038770013405	1.007594412207227
0.505	-0.8366713256516038	1.038762749515287
0.506	-0.849516163772315	1.0705072432973
0.507	-0.8625336972221959	1.102719256066156
0.508	-0.8756697675852577	1.135250269128303
0.509	-0.8888627347359536	1.167931694969657
0.51	-0.9020528468315938	1.200600907135242
0.511	-0.9151874433036942	1.233115503098984
0.512	-0.9282215494019953	1.265354687137488
0.513	-0.9411166322353419	1.297215576110816
0.514	-0.9538396836245472	1.328610456159902
0.515	-0.9663622926996237	1.359464089247865
0.516	-0.9786601694509065	1.389712336333851
0.517	-0.9907138877212674	1.419304061266017
0.518	-1.00250693412293	1.448195887475272
0.519	-1.0140275276194	1.476357013669504
0.52	-1.025266226558526	1.503762842118959
0.521	-1.036217976534614	1.530400393056723
0.522	-1.046878958937254	1.556259955803007
0.523	-1.057248668963787	1.581340578703438
0.524	-1.067328247678848	1.605645654845529
0.525	-1.077120109496408	1.629181936665981
0.526	-1.08662853522623	1.651961094259909
0.527	-1.095858172716386	1.673995763189665
0.528	-1.104814835307068	1.695301642127708
0.529	-1.113504658948152	1.715895274512213
0.53	-1.121934141406417	1.735794150926812
0.531	-1.130110060581208	1.75501648603478
0.532	-1.138039195396405	1.773580495538297
0.533	-1.145728384976499	1.791504547499352
0.534	-1.153184309276959	1.808806577317574
0.535	-1.160413590846031	1.825504367444785
0.536	-1.167422749737077	1.841615426987518
0.537	-1.174217897476441	1.857156179341203
0.538	-1.180805051886914	1.872142799371653
0.539	-1.187190152050946	1.886591253835433
0.54	-1.193378573359037	1.900516018869409
0.541	-1.199375483967057	1.913931022483556
0.542	-1.205186051724589	1.926850191889847
0.543	-1.210815220773334	1.939286865732854
0.544	-1.216267327204884	1.951252779439488
0.545	-1.221546605711256	1.962759400345776
0.546	-1.226657288807769	1.973818190095741
0.547	-1.231603341975183	1.98443990876279
0.548	-1.236388223400095	1.99463398105733
0.549	-1.241015335848221	2.004409685354875
0.55	-1.245488080826741	2.013776296855607
0.551	-1.249809617345102	2.022742454974884
0.552	-1.253982622367843	2.031315530511067
0.553	-1.258009718099117	2.039502749677153
0.554	-1.261893526743077	2.047311338686137
0.555	-1.265636641841978	2.054748448979709
0.556	-1.269241259853144	2.061820190576839
0.5570000000000001	-1.27270929931169	2.06853194060734
0.5580000000000001	-1.276042674183883	2.074889063807849
0.5590000000000001	-1.279243298435992	2.080896924915
0.5600000000000001	-1.282313034020856	2.086560752591458
0.5610000000000001	-1.28525336520617	2.091884781584067
0.5620000000000001	-1.288065610613248	2.096872808114414
0.5630000000000001	-1.290751088210867	2.101528626604451
0.5640000000000001	-1.2933111159678	2.105856031476123
0.5650000000000001	-1.295746974452875	2.109858719411236
0.5660000000000001	-1.29805962375239	2.113539542677507
0.5670000000000001	-1.300249866280176	2.116900934157286
0.5680000000000001	-1.302318503723328	2.119945324603146
0.5690000000000001	-1.304266337768945	2.122675144767658
0.5700000000000001	-1.306094149731817	2.125092771692207
0.5710000000000001	-1.307802466670713	2.127199907412556
0.5720000000000001	-1.309391645257422	2.128997798817202
0.5730000000000001	-1.310862039207915	2.130487684717976
0.5740000000000001	-1.312214002238163	2.131670803926708
0.5750000000000001	-1.31344787034695	2.132548348787296
0.5760000000000001	-1.31456375116814	2.133120905943735
0.577	-1.315561614820991	2.133388691227037
0.578	-1.316441431913999	2.133351921071481
0.579	-1.317203171878051	2.133010808715158
0.58	-1.317846691353573	2.132365263757507
0.581	-1.318371642484206	2.131414646566497
0.582	-1.318777655842965	2.130158259739686
0.583	-1.319064362098762	2.128595406135356
0.584	-1.319231361476683	2.126725307620155
0.585	-1.319277979134602	2.124546444671877
0.586	-1.319203443828806	2.122057037135855
0.587	-1.31900698431558	2.119255304857424
0.588	-1.318687829351214	2.116139467681916
0.589	-1.318245187931476	2.112707692201977
0.59	-1.317677993951021	2.108957401112437
0.591	-1.316984985436323	2.104885486576567
0.592	-1.316164896506613	2.100488830144203
0.593	-1.31521646128112	2.095764313365178
0.594	-1.314138407141304	2.09070879976837
0.595	-1.312929227388411	2.085318522253803
0.596	-1.311587149490486	2.079588993065859
0.597	-1.310110389312848	2.07351569228426
0.598	-1.308497162797599	2.06709410019116
0.599	-1.306745591969683	2.060319441715008
0.6	-1.304853433819432	2.053185953103268
0.601	-1.302818359924954	2.045687639882106
0.602	-1.300638041864356	2.037818507577681
0.603	-1.298310103800398	2.02957243391884
0.604	-1.295831765158749	2.020942200416752
0.605	-1.29320004709958	2.011920050046184
0.606	-1.290411969656197	2.0024982227001
0.607	-1.28746453604571	1.99266891298941
0.608	-1.28435436783217	1.982423280423693
0.609	-1.281077720535556	1.971751489008648
0.61	-1.277630835659699	1.960643664489587
0.611	-1.274009961321234	1.949089951201898
0.612	-1.270211124254521	1.937079896014836
0.613	-1.266229645484236	1.924601115063984
0.614	-1.262060742356814	1.911640939326134
0.615	-1.257699632218691	1.898186699778074
0.616	-1.253141532118105	1.884225726620509
0.617	-1.248381355654465	1.869744527416632
0.618	-1.243413304777427	1.854727640246237
0.619	-1.238231497937508	1.839159359789504
0.62	-1.232830053585223	1.823023980726611
0.621	-1.227203037589876	1.8063056544856
0.622	-1.221344027992344	1.78898716104538
0.623	-1.215246469911192	1.771050855245387
0.624	-1.208903827118487	1.752479138608556
0.625	-1.202309481995013	1.733254176074332
0.626	-1.195456850062453	1.713358098979062
0.627	-1.188339525601418	1.692773468633047
0.628	-1.180951088608181	1.671482794499691
0.629	-1.173285823379614	1.64947031419071
0.63	-1.165338662204493	1.626721906308989
0.631	-1.157104663004444	1.603223763869024
0.632	-1.148580541892501	1.578966314795643
0.633	-1.13976420001147	1.553943044325966
0.634	-1.1306544465373	1.528149780363286
0.635	-1.121253360720448	1.501590839673017
0.636	-1.111563863064792	1.474272728320031
0.637	-1.101592319709207	1.446210939330976
0.638	-1.091348524131395	1.417429935046694
0.639	-1.080843762451972	1.387958082305561
0.64	-1.07009537041892	1.357839657059923
0.641	-1.0591225046841	1.327123739912462
0.642	-1.047948701501718	1.29587100776799
0.643	-1.036602425033954	1.264155309419377
0.644	-1.02511499016038	1.232058187372066
0.645	-1.013524063304101	1.19967853303611
0.646	-1.00187258436711	1.167129909522869
0.647	-0.9902115686975727	1.134548565291424
0.648	-0.9785991569599424	1.102091079808603
0.649	-0.967096512511968	1.06992321785376
0.65	-0.9557585801740732	1.038194271818166
0.651	-0.9446270214419056	1.007017317577321
0.652	-0.933729565763912	0.9764672811452746
0.653	-0.9230830948671979	0.9465894261958026
0.654	-0.912696664912129	0.9174077085499802
0.655	-0.9025741541551389	0.8889320615841823
0.656	-0.8927154908875397	0.8611617961827113
0.657	-0.8831182351781244	0.8340899021700324
0.658	-0.8737779942394295	0.8077041934715103
0.659	-0.8646892948334869	0.7819896518061648
0.66	-0.8558457057918789	0.7569287679427498
0.661	-0.8472403437745843	0.7325028837648307
0.662	-0.8388659506323309	0.7086924169862695
0.663	-0.8307152024515493	0.6854776348983188
0.664	-0.8227807211374447	0.6628387464958867
0.665	-0.8150551997645896	0.6407561755913365
0.666	-0.8075314647276955	0.6192107459326108
0.667	-0.8002022259489792	0.5981829341955801
0.668	-0.793060187480449	0.5776531651233421
0.669	-0.7860992632053463	0.5576053588371884
0.67	-0.7793134488597623	0.5380236443065679
0.671	-0.7726968549235026	0.5188924538923715
0.672	-0.7662438396770549	0.5001968921025484
0.673	-0.7599489463424211	0.4819225655746605
0.674	-0.7538069327366284	0.4640556654119591
0.675	-0.747812929287291	0.4465833935877898
0.676	-0.7419621026256239	0.4294930502273635
0.677	-0.7362498533948579	0.41277257162392
0.678	-0.7306720272987035	0.3964110966073489
0.679	-0.7252245178045189	0.3803978923712298
0.68	-0.7199032420621768	0.3647222904754663
0.681	-0.7147044866716795	0.3493746206018325
0.6820000000000001	-0.7096248232518769	0.3343459783143534
0.6830000000000001	-0.7046608301270758	0.3196274768442688
0.6840000000000001	-0.6998091177120277	0.3052103162868735
0.6850000000000001	-0.6950666516160032	0.2910866514518547
0.6860000000000001	-0.6904306153506973	0.2772492203554718
0.6870000000000001	-0.6858981954351564	0.2636907689890901
0.6880000000000001	-0.6814665794798767	0.2504040462934732
0.6890000000000001	-0.6771331239092163	0.2373822541453213
0.6900000000000001	-0.6728955071593233	0.2246194551492992
0.6910000000000001	-0.6687514406999332	0.2121097995081012
0.6920000000000001	-0.6646986360007812	0.1998474374244213
0.6930000000000001	-0.6607348249412975	0.1878265737085101
0.6940000000000001	-0.6568579798774351	0.1760420546953954
0.6950000000000001	-0.6530662251891264	0.1644891310563395
0.6960000000000001	-0.6493576872625901	0.1531630587131036
0.6970000000000001	-0.645730492484045	0.1420590935874489
0.6980000000000001	-0.6421828191360883	0.1311726297281528
0.6990000000000001	-0.6387130682222557	0.1204996526281132
0.7000000000000001	-0.6353196963681482	0.1100362949207465
0.7010000000000001	-0.6320011600877854	0.09977868893825582
0.7020000000000001	-0.6287559164157935	0.08972296840012384
0.7030000000000001	-0.6255825039016584	0.07986548290618914
0.704	-0.6224796262539972	0.07020301843921053
0.705	-0.6194460067411736	0.06073241247779417
0.706	-0.6164803686315515	0.05145050250054946
0.707	-0.6135814359995967	0.04235412811952428
0.708	-0.6107480093265318	0.03344033025001002
0.709	-0.6079790182333047	0.02470648915345194
0.71	-0.6052734037618476	0.01615001493149616
0.711	-0.6026301069540924	0.00776831768578875
0.712	-0.6000480708781992	-0.0004411871729817333
0.713	-0.5975263204149608	-0.008480870022665331
0.714	-0.5950639408103563	-0.01635294345749135
0.715	-0.5926600143588624	-0.02405962792056953
0.716	-0.5903136700086568	-0.03160302235228669
0.717	-0.5880240634585642	-0.03898515612254132
0.718	-0.585790273489882	-0.04620834220459408
0.719	-0.5836103899404684	-0.05327831974060834
0.72	-0.5814833442223818	-0.06019799973667701
0.721	-0.5794084022862012	-0.06696917019956632
0.722	-0.57738484394332	-0.07359358304089844
0.723	-0.575412000549068	-0.08007285590207763
0.724	-0.573489213835754	-0.08640857937229075
0.725	-0.5716158258168129	-0.09260234341789192
0.726	-0.5697912131459193	-0.09865564941161201
0.727	-0.5680148020260345	-0.1045698708303501
0.728	-0.5662860219246436	-0.1103463726635507
0.729	-0.5646043023092315	-0.1159865199006581
0.73	-0.5629690731584738	-0.121491676352053
0.731	-0.5613798132203963	-0.1268630815585948
0.732	-0.5598360493145671	-0.1321018520037577
0.733	-0.5583373096012667	-0.1372091007263199
0.734	-0.5568831222407759	-0.1421859407650592
0.735	-0.5554730153933753	-0.1470334851587534
0.736	-0.5541065176700595	-0.151752845798266
0.737	-0.5527831954520237	-0.1563450388631245
0.738	-0.5515026635985828	-0.1608109584348547
0.739	-0.5502645373878409	-0.1651514977624012
0.74	-0.5490684320979023	-0.1693675500947089
0.741	-0.5479139630068713	-0.1734600086807223
0.742	-0.5468007529164016	-0.1774297473818419
0.743	-0.5457284692447382	-0.1812775267844522
0.744	-0.5446967905537445	-0.1850040805402918
0.745	-0.5437053949528712	-0.1886101435205927
0.746	-0.5427539608014172	-0.1920964500520839
0.747	-0.5418421837723884	-0.1954636926011645
0.748	-0.5409697878029889	-0.198712492965279
0.749	-0.5401364994366301	-0.2018434661428932
0.75	-0.5393420452167234	-0.2048572271324729
0.751	-0.5385861545539155	-0.2077543837719347
0.752	-0.5378685897696198	-0.2105354623283517
0.753	-0.5371891289077816	-0.2132009501791204
0.754	-0.5365475500366188	-0.215751334641782
0.755	-0.5359436312243487	-0.2181871030338781
0.756	-0.5353771509307463	-0.2205087417752981
0.757	-0.5348479080895907	-0.2227166888446745
0.758	-0.5343557258570181	-0.2248113229041371
0.759	-0.5339004279161379	-0.2267930208474606
0.76	-0.5334818379500599	-0.2286621595684194
0.761	-0.5330997849204702	-0.2304191024004168
0.762	-0.532754123201003	-0.2320641504317923
0.763	-0.5324447146153827	-0.2335975876862565
0.764	-0.5321714209825676	-0.2350196982108415
0.765	-0.5319341042446386	-0.2363307657877798
0.766	-0.5317326421607174	-0.237531036623941
0.767	-0.5315669343723622	-0.2386207046397784
0.768	-0.5314368818655479	-0.2395999605288571
0.769	-0.5313423856262489	-0.2404689949847417
0.77	-0.5312833467295812	-0.241227998474008
0.771	-0.531259679338745	-0.2418771296353396
0.772	-0.531271324305171	-0.2424164831013777
0.773	-0.5313182257253386	-0.2428461458617029
0.774	-0.531400327695727	-0.2431662049058956
0.775	-0.5315175743128152	-0.2433767472235363
0.776	-0.5316699159130239	-0.243477846404291
0.777	-0.5318573274053551	-0.2434695192160579
0.778	-0.5320797890719156	-0.243351768245431
0.779	-0.5323372811801512	-0.2431245961002562
0.78	-0.5326297863931891	-0.2427879992416699
0.781	-0.5329573078270322	-0.2423419249195411
0.782	-0.5333198588505174	-0.2417862973668755
0.783	-0.5337174529022389	-0.2411210407261431
0.784	-0.5341501030940732	-0.2403460799279338
0.785	-0.5346178361021757	-0.2394613083652676
0.786	-0.535120702066725	-0.2384665645660757
0.787	-0.5356587527940343	-0.2373616831505245
0.788	-0.5362320400904173	-0.2361464987387802
0.789	-0.5368406157619636	-0.2348208459515876
0.79	-0.5374845392654495	-0.2333845414109696
0.791	-0.5381639012883332	-0.2318373278190384
0.792	-0.5388788004333835	-0.2301789290466568
0.793	-0.5396293353033692	-0.2284090689646879
0.794	-0.5404156045010589	-0.2265274714439943
0.795	-0.5412377082978463	-0.2245338569131513
0.796	-0.5420957707844257	-0.2224278925467519
0.797	-0.542989932298459	-0.220209205758427
0.798	-0.5439203333301983	-0.2178774232208638
0.799	-0.5448871146173098	-0.2154321709372865
0.8	-0.5458904317789282	-0.2128730385604062
0.801	-0.546930463470942	-0.2101995619702562
0.802	-0.548007390322965	-0.2074112727546233
0.803	-0.5491213928857113	-0.2045077026945814
0.804	-0.5502726557877343	-0.2014883744902573
0.805	-0.5514613985297436	-0.1983527282731137
0.806	-0.5526878509281834	-0.1951001794574642
0.8070000000000001	-0.5539522427994987	-0.1917301434576226
0.8080000000000001	-0.5552548039601342	-0.1882420356879024
0.8090000000000001	-0.5565957678564182	-0.1846352629525022
0.8100000000000001	-0.557975403846714	-0.1809091460597241
0.8110000000000001	-0.5593940016782682	-0.1770629565791782
0.8120000000000001	-0.5608518513254865	-0.1730959655132374
0.8130000000000001	-0.5623492427627746	-0.1690074438642747
0.8140000000000001	-0.5638864684635586	-0.1647966571237927
0.8150000000000001	-0.5654638561705956	-0.1604627871380608
0.8160000000000001	-0.5670817588068051	-0.1560049540527434
0.8170000000000001	-0.5687405297938763	-0.1514222767263634
0.8180000000000001	-0.5704405225534978	-0.1467138740174434
0.8190000000000001	-0.5721820940461105	-0.1418788561843081
0.8200000000000001	-0.5739656441434178	-0.1369162283226008
0.8210000000000001	-0.5757916007995574	-0.1318249263813317
0.8220000000000001	-0.5776603924310811	-0.1266038851603048
0.8230000000000001	-0.5795724474545407	-0.1212520394593243
0.8240000000000001	-0.5815281975743343	-0.1157683168760034
0.8250000000000001	-0.5835281213967058	-0.1101515317300179
0.8260000000000001	-0.5855727304514446	-0.1044004156877875
0.8270000000000001	-0.5876625368621056	-0.09851369883803786
0.8280000000000001	-0.5897980527522433	-0.09249011126949437
0.8290000000000001	-0.5919797994880662	-0.08632835940429513
0.8300000000000001	-0.594208359207346	-0.08002699674236127
0.8310000000000001	-0.5964843362217418	-0.07358452262431907
0.8320000000000001	-0.5988083347102936	-0.06699943679419876
0.833	-0.6011809657654885	-0.06027022223159872
0.834	-0.6036028884935949	-0.05339524303565415
0.835	-0.6060747792869188	-0.04637281800634593
0.836	-0.6085976032632034	-0.03920030239623882
0.837	-0.6111731989381675	-0.03187210559210511
0.838	-0.6138024491962251	-0.02438595564477036
0.839	-0.616486138027869	-0.01673994069823817
0.84	-0.6192250557878481	-0.008932133049641086
0.841	-0.6220200586391954	-0.0009604366971990544
0.842	-0.6248720340556301	0.00717732511233609
0.843	-0.6277818680657714	0.01548332536079076
0.844	-0.6307504512269769	0.0239597472458449
0.845	-0.633778808152165	0.03260911967310445
0.846	-0.6368679985054616	0.04143406238725422
0.847	-0.6400190819509931	0.05043719513297901
0.848	-0.6432331181528856	0.05962113765496359
0.849	-0.6465111681309461	0.0689885127643947
0.85	-0.649854397545011	0.07854221271140419
0.851	-0.6532641183263286	0.08828551191373232
0.852	-0.6567416520888497	0.09822171040336954
0.853	-0.6602883204465242	0.1083541082123061
0.854	-0.6639054450133031	0.1186860053725323
0.855	-0.6675943884924531	0.1292208089608354
0.856	-0.6713567079646446	0.1399624342818108
0.857	-0.6751939968004106	0.1509148928447117
0.858	-0.6791078470085379	0.1620821926338477
0.859	-0.6830999041553604	0.1734684821038304
0.86	-0.6871719859852546	0.185078363457424
0.861	-0.6913259439913292	0.1969165281646301
0.862	-0.6955636268969529	0.2089876601890047
0.863	-0.6998870028251348	0.2212967586114829
0.864	-0.7042982637795488	0.2338494159555418
0.865	-0.7087996198936839	0.246651272912165
0.866	-0.7133932813010287	0.2597079701723359
0.867	-0.718081504974603	0.2730252721567663
0.868	-0.7228668721775311	0.2866098056006285
0.869	-0.727752092787648	0.3004685404871166
0.87	-0.7327398768416276	0.3146084472275086
0.871	-0.737832936973322	0.3290365030368775
0.872	-0.743034203158536	0.3437602647164123
0.873	-0.7483469711927649	0.3587882682172177
0.874	-0.7537745712316317	0.3741291418070308
0.875	-0.7593203334307587	0.3897915137535896
0.876	-0.7649876785350541	0.4057842546545018
0.877	-0.7707805275796257	0.4221175798067161
0.878	-0.7767029663431139	0.4388021486759773
0.879	-0.7827590806274538	0.4558486207916149
0.88	-0.788952980541614	0.4732677208443873
0.881	-0.795289231398313	0.4910714032619301
0.882	-0.8017727982125952	0.5092727063620375
0.883	-0.8084086593094324	0.5278847047778549
0.884	-0.8152018000533651	0.5469204923336015
0.885	-0.8221575800690949	0.5663941827446164
0.886	-0.8292816724551109	0.5863207432554923
0.887	-0.8365798225799524	0.6067153371153389
0.888	-0.844058234290372	0.6275944313503909
0.889	-0.8517238781402401	0.6489766917391253
0.89	-0.8595830822675158	0.6708788977200176
0.891	-0.8676423539665256	0.6933183523553555
0.892	-0.8759083835533977	0.7163129022586623
0.893	-0.8843879014818403	0.7398805552540705
0.894	-0.8930875745531932	0.7640392000254056
0.895	-0.9020140311092284	0.7888066546269723
0.896	-0.9111732360943442	0.8141990602662716
0.897	-0.9205709345313702	0.8402319927050372
0.898	-0.9302119680235698	0.8669186868116749
0.899	-0.9400996675798099	0.8942684015884154
0.9	-0.9502362167139236	0.9222873589823112
0.901	-0.960620605747442	0.9509732557886778
0.902	-0.9712490279112205	0.98031626403952
0.903	-0.9821122308025089	1.010291827402315
0.904	-0.9931933022229678	1.040854524009168
0.905	-1.004465781197946	1.071932824138982
0.906	-1.01588820617725	1.103414121475887
0.907	-1.027407345737688	1.13515368882882
0.908	-1.038962299869046	1.16698626728917
0.909	-1.050494379192165	1.198753439131264
0.91	-1.061952156349977	1.230317448293703
0.911	-1.073291946857851	1.261562246887876
0.912	-1.084476817629894	1.292390482133751
0.913	-1.095475007742273	1.322718953325104
0.914	-1.106259642382672	1.352477677258072
0.915	-1.116808439895415	1.381608951860291
0.916	-1.127102486931826	1.41006403127262
0.917	-1.137127419097465	1.43780619897536
0.918	-1.1468714412598	1.464805509610849
0.919	-1.156327191961161	1.49104366231961
0.92	-1.165488862534792	1.516506425678817
0.921	-1.174353929742904	1.541188159458711
0.922	-1.182921926660467	1.565088583704721
0.923	-1.191193727028052	1.588210905281471
0.924	-1.199172383861717	1.610563977075442
0.925	-1.206861425611853	1.632157877205149
0.926	-1.214265806147201	1.65300634194517
0.927	-1.221390900376985	1.673124176156158
0.928	-1.228242617898201	1.692527533041716
0.929	-1.234827309174126	1.71123364153959
0.93	-1.241151355821763	1.72925980299247
0.931	-1.247221325464793	1.746623738110785
0.9320000000000001	-1.253043747568405	1.763343000498015
0.9330000000000001	-1.258625142865603	1.779435116182465
0.9340000000000001	-1.263971902803698	1.794917212014051
0.9350000000000001	-1.269090095226433	1.809805498572023
0.9360000000000001	-1.273985761154133	1.824116112685289
0.9370000000000001	-1.278664875757647	1.837865004185373
0.9380000000000001	-1.283132904023583	1.851066707665323
0.9390000000000001	-1.287395078052413	1.863735121645234
0.9400000000000001	-1.291456630571231	1.875884146380245
0.9410000000000001	-1.295322648178541	1.887527279678371
0.9420000000000001	-1.29899752989404	1.898676147264765
0.9430000000000001	-1.302485515453218	1.909341943083231
0.9440000000000001	-1.305790844591562	1.919535861077571
0.9450000000000001	-1.308917749112427	1.929269073578716
0.9460000000000001	-1.311870061214461	1.938551669560925
0.9470000000000001	-1.314651048603861	1.947392212008913
0.9480000000000001	-1.317263937835244	1.955799153291583
0.9490000000000001	-1.319711955463225	1.963780945777836
0.9500000000000001	-1.321998306552327	1.971345983635496
0.9510000000000001	-1.324125766259617	1.978501499985698
0.9520000000000001	-1.326096730852362	1.98525370730367
0.9530000000000001	-1.32791358549311	1.991608788440511
0.9540000000000001	-1.329578715344411	1.997572926247324
0.9550000000000001	-1.331094449553697	2.003152152920081
0.9560000000000001	-1.33246268086465	2.008351326805633
0.9570000000000001	-1.333685102242025	2.01317476881642
0.9580000000000001	-1.334763405930539	2.017626797925283
0.9590000000000001	-1.33569928417491	2.021711733105062
0.96	-1.336494315693218	2.025433587343294
0.961	-1.337149683346056	2.028795309918356
0.962	-1.337666485828656	2.031799624890206
0.963	-1.33804582183635	2.034449256319082
0.964	-1.338288787778122	2.036746922120826
0.965	-1.338396296236223	2.03869484734347
0.966	-1.338368947191072	2.040294419710531
0.967	-1.33820731049648	2.041546946368231
0.968	-1.33791195600626	2.042453734462792
0.969	-1.337483439842846	2.043016054058155
0.97	-1.336922064285962	2.043234494926525
0.971	-1.336227908291833	2.043109051317113
0.972	-1.335401043215555	2.04263969742669
0.973	-1.334441540412223	2.041826407452031
0.974	-1.333349429701652	2.040669044658007
0.975	-1.332124427859309	2.039166638434617
0.976	-1.330766109088371	2.037317839211784
0.977	-1.329274046875857	2.035121295532015
0.978	-1.327647815041219	2.03257565681457
0.979	-1.325886938353538	2.0296794410598
0.98	-1.323990531181436	2.026430076805512
0.981	-1.321957574446018	2.022824639121436
0.982	-1.319787049068388	2.018860203077297
0.983	-1.317477935969652	2.014533843742823
0.984	-1.315029207945972	2.009842614778726
0.985	-1.312439533174218	2.004782765589989
0.986	-1.309707269671885	1.999349724621037
0.987	-1.306830773295319	1.993538914129127
0.988	-1.303808399713867	1.987345755847771
0.989	-1.300638357021668	1.980765280566845
0.99	-1.29731846416503	1.973791491565266
0.991	-1.293846477622394	1.966418227653829
0.992	-1.290220154426317	1.958639329114802
0.993	-1.286437178670179	1.950448444898909
0.994	-1.282494697212854	1.941837805245912
0.995	-1.278389692316008	1.932799204954773
0.996	-1.274119146241308	1.923324438824454
0.997	-1.269680041319716	1.913405301848909
0.998	-1.265069187540857	1.903033136202892
0.999	-1.260282737517378	1.892197546064789
1	-1.255316690529578	1.88088772833952
1.001	-1.250167045857756	1.869092879932002
1.002	-1.244829802780423	1.856802197742777
1.003	-1.239300763902147	1.844004362217692
1.004	-1.233575056660409	1.830686263534476
1.005	-1.227647666303639	1.816834410049861
1.006	-1.221513578080273	1.80243531012059
1.007	-1.215167777238742	1.787475472103395
1.008	-1.208605013495902	1.771940780986172
1.009	-1.201819596161241	1.755815944572183
1.01	-1.194805898380471	1.739085832861762
1.011	-1.187558284064184	1.721735291436595
1.012	-1.180071011335794	1.703748878040654
1.013	-1.172338524999004	1.685111625299565
1.014	-1.164355332023998	1.665808727791322
1.015	-1.156115990718046	1.645825509345657
1.016	-1.147615933018154	1.625149577822811
1.017	-1.138850884645729	1.603769311865417
1.018	-1.129816818088799	1.581673736497692
1.019	-1.120511434321797	1.558856420974605
1.02	-1.110933126042931	1.535312756635884
1.021	-1.101081327946098	1.51104087952091
1.022	-1.090958320911353	1.486046436656906
1.023	-1.080566948192851	1.460336559507444
1.024	-1.069913064706892	1.433926340292526
1.025	-1.05900561726609	1.406839058879465
1.026	-1.047854475129749	1.379100433757635
1.027	-1.036474710569965	1.350750007167606
1.028	-1.024883491166562	1.321832909847368
1.029	-1.013100645857189	1.292401376836492
1.03	-1.001151297664322	1.262521902615462
1.031	-0.9890625967833686	1.232266492719879
1.032	-0.976867712151138	1.201723672486888
1.033	-0.9646040402659533	1.170993724169325
1.034	-0.9523170248981752	1.140199517657561
1.035	-0.9400581456715164	1.109481068392145
1.036	-0.9278834791563042	1.078991786756221
1.037	-0.9158454687650428	1.048875628664449
1.038	-0.9039859295652469	1.019247552957726
1.039	-0.8923342243986507	0.9901883279277763
1.04	-0.8809090342094462	0.9617493754214117
1.041	-0.8697211382796277	0.9339604497374574
1.042	-0.8587755951013495	0.9068356737560572
1.043	-0.8480738884111206	0.8803794423217954
1.044	-0.8376147593134514	0.8545887109315375
1.045	-0.8273948738749985	0.8294548345443558
1.046	-0.8174098937007028	0.8049664648790096
1.047	-0.8076543189935403	0.7811091403629635
1.048	-0.7981222306343138	0.7578672788904944
1.049	-0.7888072154116488	0.7352239842213303
1.05	-0.7797027294568155	0.7131620133797661
1.051	-0.7708021384907573	0.6916638890123653
1.052	-0.7620988356936325	0.6707122108631642
1.053	-0.7535862530604872	0.6502896834354083
1.054	-0.7452580340677994	0.6303795783479658
1.055	-0.737107945885082	0.610965494351226
1.056	-0.7291292649161648	0.592029552197223
1.057	-0.7213161841612417	0.5735564679337226
1.058	-0.7136634995745991	0.5555326681926368
1.059	-0.7061660727041659	0.5379447056426186
1.06	-0.6988188700926046	0.5207793957709936
1.061	-0.6916171185505378	0.504024226426542
1.062	-0.6845561381881886	0.4876669287704611
1.063	-0.6776315504810456	0.4716960225211707
1.064	-0.6708391883039956	0.456100579442075
1.065	-0.6641749266112889	0.4408697819758892
1.066	-0.6576349864369168	0.4259937183005429
1.067	-0.6512157703328622	0.4114629488810996
1.068	-0.6449137016709119	0.3972680890175531
1.069	-0.6387255039106859	0.3834005360917176
1.07	-0.6326481286114243	0.3698522782321709
1.071	-0.6266785326025524	0.3566153170816362
1.072	-0.6208137494821789	0.3436818545497709
1.073	-0.6150511596762465	0.3310449897953995
1.074	-0.6093882375945168	0.3186980621242797
1.075	-0.6038224578500136	0.3066344113606937
1.076	-0.5983514115348527	0.2948476783045427
1.077	-0.5929729627760095	0.283332203113338
1.078	-0.5876850130706216	0.2720824202760841
1.079	-0.5824854675498188	0.261092773707031
1.08	-0.577372379296144	0.2503580856292949
1.081	-0.5723439910430126	0.2398736586769199
1.082	-0.5673985572524292	0.2296348245620671
1.083	-0.5625343439251553	0.2196369444897862
1.084	-0.5577497795277734	0.2098757903593606
1.085	-0.5530434093243591	0.200347426228078
1.086	-0.5484137808538255	0.1910479215964066
1.087	-0.543859458473799	0.1819733888196559
1.088	-0.5393791678570931	0.1731203430021069
1.089	-0.5349717229200647	0.1644855167624512
1.09	-0.5306359384091642	0.1560656447036853
1.091	-0.5263706298984159	0.1478574635403803
1.092	-0.5221746970686783	0.139857919116282
1.093	-0.5180471840429034	0.1320643110308346
1.094	-0.5139871479097439	0.1244739695712835
1.095	-0.5099936457578558	0.1170842250248811
1.096	-0.5060657463741431	0.1098924366087404
1.097	-0.502202638423988	0.1028962556803247
1.098	-0.4984035780776497	0.09609349533056114
1.099	-0.4946678220310087	0.0894819697285683
1.1	-0.4909946269971179	0.08305949308685477
1.101	-0.4873832895463269	0.07682397622568948
1.102	-0.4838332164544999	0.0707735934131363
1.103	-0.480343832126408	0.06490656003292193
1.104	-0.4769145609668194	0.05922109146876774
1.105	-0.4735448301008803	0.05371540972240146
1.106	-0.4702341353562177	0.04838790035494662
1.107	-0.4669820445878436	0.04323711813416879
1.108	-0.4637881290322646	0.03826162556127298
1.109	-0.4606519599259905	0.03345998513746872
1.11	-0.4575731127228332	0.02883076940048663
1.111	-0.4545512331330459	0.02437271628077894
1.112	-0.4515860223449217	0.02008469293291755
1.113	-0.4486771828083652	0.01596556931423952
1.114	-0.4458244169732776	0.01201421538207815
1.115	-0.4430274327064599	0.008229513782406613
1.116	-0.4402860021019757	0.004610497230653257
1.117	-0.4375999340289779	0.001156284044395627
1.118	-0.434969037225812	-0.002134007798237013
1.119	-0.4323931203686722	-0.005261260471354845
1.12	-0.4298720139377392	-0.008226305399940896
1.121	-0.4274056136459133	-0.01102982141668077
1.122	-0.4249938265599842	-0.01367246070861429
1.123	-0.4226365597467437	-0.01615487546277887
1.124	-0.4203337202729814	-0.0184777178662142
1.125	-0.4180852172631958	-0.02064163621280227
1.126	-0.4158910251566793	-0.02264712501611403
1.127	-0.4137511640610447	-0.02449456893526012
1.128	-0.4116656545256056	-0.02618435154489906
1.129	-0.4096345170996774	-0.02771685641968776
1.13	-0.4076577723325736	-0.02909246713428459
1.131	-0.4057354407736096	-0.03031156726334659
1.132	-0.4038675558087055	-0.03137451008647039
1.133	-0.4020542317762822	-0.03228145583799303
1.134	-0.4002955869367824	-0.03303255291485411
1.135	-0.3985917361667119	-0.03362795757142795
1.136	-0.3969427951920306	-0.03406782399072421
1.137	-0.3953489078222289	-0.03435223695978477
1.138	-0.3938102517163541	-0.03448119707922275
1.139	-0.3923270065485198	-0.03445469988568962
1.14	-0.3908993517347684	-0.03427274164728552
1.141	-0.3895274806263485	-0.03393528482902879
1.142	-0.3882116375272654	-0.03344216154925015
1.143	-0.3869520758981558	-0.03279318000630119
1.144	-0.3857490491996554	-0.03198814839853296
1.145	-0.3846028108924007	-0.03102687492429717
1.146	-0.3835136216700704	-0.02990914984651333
1.147	-0.3824817953311527	-0.02863462524689801
1.148	-0.3815076693362688	-0.02720288915212848
1.149	-0.3805915812545808	-0.02561352924479481
1.15	-0.3797338686552499	-0.02386613320748571
1.151	-0.3789348696991752	-0.02196028733653759
1.152	-0.3781949561394818	-0.01989548988634854
1.153	-0.3775145502963295	-0.01767110223488062
1.154	-0.3768940786378842	-0.01528647410350191
1.155	-0.3763339676323122	-0.01274095521358036
1.156	-0.3758346437477799	-0.01003389528648563
1.157	-0.3753965518559653	-0.00716459246037557
1.158	-0.3750201935803223	-0.004132188258839192
1.159	-0.3747060783850443	-0.0009358036767122401
1.16	-0.3744547157111959	0.002425440224159769
1.161	-0.3742666245780591	0.005952447984282607
1.162	-0.3741423755765498	0.009646266972060714
1.163	-0.3740825564586998	0.01350799344166289
1.164	-0.3740877549858436	0.01753872367821123
1.165	-0.3741585559473571	0.02173954544511082
1.166	-0.3742956104604039	0.02611173221585077
1.167	-0.3744996154608712	0.03065668606147867
1.168	-0.374771268014399	0.03537580941785178
1.169	-0.3751112651866276	0.04027050472083141
1.17	-0.375520303972856	0.04534217421205091
1.171	-0.3759991069469706	0.05059229199545952
1.172	-0.376548500455125	0.05602262265029339
1.173	-0.3771693349232411	0.0616349980198066
1.174	-0.3778624607772403	0.06743124994724836
1.175	-0.3786287284430445	0.07341321027587293
1.176	-0.3794689909570765	0.07958271834199263
1.177	-0.3803841826207074	0.08594184381070148
1.178	-0.3813753114876492	0.0924928615280141
1.179	-0.3824433850552167	0.09923804392624472
1.18	-0.3835894117712706	0.1061796660278988
1.181	-0.384814458106789	0.1133201642243973
1.182	-0.386119676838947	0.1206622160254667
1.183	-0.3875062275140652	0.128208517940643
1.184	-0.3889752605701268	0.1359617413698054
1.185	-0.3905279780420426	0.1439247017864611
1.186	-0.3921657618039874	0.1521007131682418
1.187	-0.3938900103609233	0.1604931355198239
1.188	-0.3957021222178109	0.1691053288458765
1.189	-0.3976034958796123	0.1779406531510763
1.19	-0.3995955441897192	0.1870025081909889
1.191	-0.401679864580419	0.1962948037495646
1.192	-0.4038581773647612	0.205821787933759
1.193	-0.4061322046002258	0.2155877135557066
1.194	-0.4085036683442915	0.2255968334275326
1.195	-0.4109743237366636	0.2358534920306515
1.196	-0.4135461664013931	0.2463626951462368
1.197	-0.4162212915333636	0.2571297212146957
1.198	-0.4190017945035137	0.2681598491533555
1.199	-0.421889770324779	0.2794583568879445
1.2	-0.4248874316854925	0.2910308442718967
1.201	-0.4279973021517783	0.3028837623911395
1.202	-0.4312219521700236	0.3150236907725613
1.203	-0.434563952186618	0.3274572089430612
1.204	-0.438025919668778	0.3401910251129874
1.205	-0.4416107874424818	0.3532327100984343
1.206	-0.4453216533422288	0.3665904209767531
1.207	-0.4491618542049279	0.3802731427564964
1.208	-0.4531346059456394	0.3942892030768692
1.209	-0.4572434768820604	0.4086478871842725
1.21	-0.4614921140580122	0.4233586959939263
1.211	-0.4658841640594228	0.4384311290468389
1.212	-0.4704234814453336	0.4538752541028782
1.213	-0.4751144382537435	0.4697025593281094
1.214	-0.4799614798083173	0.485924734683222
1.215	-0.4849690514327239	0.5025534701289199
1.216	-0.4901417432974631	0.5196008521204276
1.217	-0.495484763003917	0.5370806658073179
1.218	-0.5010034825963391	0.5550071511113698
1.219	-0.5067032741201083	0.5733945479590024
1.22	-0.5125896068466422	0.5922573641066752
1.221	-0.51866835367624	0.6116112128704152
1.222	-0.5249463172564943	0.6314742774714598
1.223	-0.5314308720631822	0.6518663529056737
1.224	-0.538128632195607	0.6728051582826011
1.225	-0.5450464763211184	0.6943091821196034
1.226	-0.5521915281158959	0.7163976432725467
1.227	-0.5595710394320915	0.7390901453380763
1.228	-0.5671922644897207	0.7624063939407002
1.229	-0.575062363354307	0.786365900492728
1.23	-0.5831884492805621	0.8109880921433261
1.231	-0.5915768838373617	0.8362905270815653
1.232	-0.6002336951797304	0.8622899092466025
1.233	-0.6091637316782952	0.8889998903160479
1.234	-0.6183702884808954	0.9164300456243747
1.235	-0.6278546997384914	0.9445847529771833
1.236	-0.6376150335348802	0.9734596678841778
1.237	-0.6476447800326801	1.003038105152989
1.238	-0.6579313345409606	1.033286855392092
1.239	-0.6684517360109834	1.064144457659206
1.24	-0.6791707624012845	1.095515911885272
1.241	-0.6900396863493932	1.127269325898143
1.242	-0.7010002775965899	1.159247184250515
1.243	-0.7119942044379168	1.191292463193496
1.244	-0.7229690487000225	1.223265179237762
1.245	-0.733879721030664	1.255046049714087
1.246	-0.7446875068597216	1.286533578711923
1.247	-0.7553589279907333	1.317640680320747
1.248	-0.7658649924406545	1.34829243244886
1.249	-0.7761804884945445	1.378424049678135
1.25	-0.786284538399038	1.407982250524084
1.251	-0.796159324415338	1.436921823122995
1.252	-0.805791016834853	1.465208034767973
1.253	-0.8151686619941685	1.492813676871141
1.254	-0.8242850475549786	1.519721302670104
1.255	-0.833134358472054	1.545917102725312
1.256	-0.8417145806251626	1.571397131407867
1.257	-0.8500246721798816	1.596159955665318
1.258	-0.8580657965490592	1.620209826273986
1.259	-0.8658405350977367	1.643554628116386
1.26	-0.873352237778214	1.666204206571826
1.261	-0.88060561274668	1.688171842184727
1.262	-0.8876056132871722	1.709471428742735
1.263	-0.894357954188697	1.730118736322619
1.264	-0.9008686167359515	1.750130160746793
1.265	-0.9071436664656412	1.769522298095137
1.266	-0.9131894131635456	1.788312257727515
1.267	-0.9190121276894656	1.806516997080316
1.268	-0.9246181013718608	1.82415351226803
1.269	-0.9300134515358118	1.841238229467405
1.27	-0.9352041165433368	1.857787054628453
1.271	-0.9401960331326661	1.87381588885578
1.272	-0.9449949817647461	1.889340173356143
1.273	-0.9496062964200456	1.904374083890168
1.274	-0.9540352351033033	1.918931586912234
1.275	-0.9582870491870786	1.933026628848994
1.276	-0.9623666399474136	1.946672177022289
1.277	-0.9662784676591708	1.959879981452092
1.278	-0.9700269676422992	1.972661724115424
1.279	-0.9736165745359606	1.98502908508022
1.28	-0.9770515007120124	1.996993131821655
1.281	-0.9803354321631196	2.0085634886169
1.282	-0.9834719799708762	2.019749575880143
1.283	-0.9864647552168744	2.030560814025563
1.284	-0.9893173212468322	2.041006492738291
1.285	-0.9920328008765429	2.051094699476154
1.286	-0.9946140790892473	2.060832874410822
1.287	-0.9970640385529751	2.070228451468025
1.288	-0.9993855619357591	2.079288864573501
1.289	-1.001581440445482	2.088021299046701
1.29	-1.003654050688945	2.096431813946853
1.291	-1.005605657630802	2.104526165349311
1.292	-1.007438526407612	2.112310109799238
1.293	-1.009154922137371	2.119789403791091
1.294	-1.01075700321161	2.126969514195926
1.295	-1.012246594426499	2.133855003786456
1.296	-1.013625457057553	2.14045026349295
1.297	-1.014895352380288	2.146759684245671
1.298	-1.01605804167022	2.152787656974888
1.299	-1.017115204764715	2.158538352445546
1.3	-1.0180682457376	2.164015196407168
1.301	-1.018918513405228	2.169221465484094
1.302	-1.01966735658681	2.174160436308409
1.303	-1.020316124101554	2.178835385512191
1.304	-1.020866107019422	2.183249433262547
1.305	-1.021318366760425	2.1874050801332
1.306	-1.021673910019975	2.191304679987859
1.307	-1.02193374352627	2.194950586781724
1.308	-1.022098874007512	2.198345154470002
1.309	-1.022170260458804	2.201490609239142
1.31	-1.022148675861634	2.204388678698381
1.311	-1.02203485514918	2.207040988159982
1.312	-1.021829533434879	2.20944916341646
1.313	-1.021533439842794	2.211614813942844
1.314	-1.021147188175378	2.213539239549851
1.315	-1.020671289100168	2.215223466036254
1.316	-1.02010624973296	2.216668510014678
1.317	-1.019452577114171	2.217875387893988
1.318	-1.01871072770577	2.21884498162258
1.319	-1.017881020058557	2.219577807524205
1.32	-1.016963749457963	2.220074320434175
1.321	-1.015959211189418	2.2203349751878
1.322	-1.014867686539794	2.220360189235182
1.323	-1.013689331178047	2.220150048119629
1.324	-1.01242423448427	2.219704463832583
1.325	-1.011072485242432	2.219023346858355
1.326	-1.009634176691849	2.218106619162783
1.327	-1.008109371508608	2.216954121055415
1.328	-1.006497929023519	2.215565162825976
1.329	-1.004799674056836	2.213938965150009
1.33	-1.003014431428808	2.212074748703061
1.331	-1.00114202595969	2.209971734160677
1.332	-0.9991822824697313	2.2076291421984
1.333	-0.9971349866207624	2.205046091072939
1.334	-0.9949997076340455	2.20222113509858
1.335	-0.9927759886250646	2.199152762728059
1.336	-0.9904633773846955	2.195839474729087
1.337	-0.9880614154181928	2.192279755698535
1.338	-0.9855695259776381	2.188471784770575
1.339	-0.9829870286938869	2.184413472901117
1.34	-0.9803132397900283	2.180102722200031
1.341	-0.9775474828309156	2.175537453772677
1.342	-0.974688988492631	2.170715349032049
1.343	-0.971736768542049	2.165633523950184
1.344	-0.9686898167634526	2.160289048034026
1.345	-0.9655471269411279	2.154678990790523
1.346	-0.9623076928593579	2.148800421726619
1.347	-0.9589704722202448	2.142650317938309
1.348	-0.9555341561990951	2.136224969554117
1.349	-0.9519973180765366	2.129520360749416
1.35	-0.9483585306948483	2.122532474495264
1.351	-0.9446163668963116	2.115257293762729
1.352	-0.940769357973141	2.107690693731433
1.353	-0.9368157570096755	2.099827828712869
1.354	-0.9327537099476421	2.091663575891217
1.355	-0.928581362960433	2.083192813070174
1.356	-0.9242968381495579	2.074410356287465
1.357	-0.9198979914223714	2.065310332003101
1.358	-0.9153825162216354	2.055886443486717
1.359	-0.9107481038132103	2.046132388272374
1.36	-0.9059924233400748	2.036041806971257
1.361	-0.9011128318127665	2.025607528588714
1.362	-0.8961064698379069	2.01482181697897
1.363	-0.890970474286796	2.003676926176221
1.364	-0.8857019737536146	1.992165088996782
1.365	-0.8802978106916389	1.980277792749314
1.366	-0.8747544799657671	1.968005613797922
1.367	-0.8690684558102977	1.955339074026939
1.368	-0.8632362115371157	1.942268692993018
1.369	-0.8572540171123502	1.9287844591276
1.37	-0.8511176851484314	1.914875158038816
1.371	-0.8448229658192159	1.900529409873594
1.372	-0.8383656092985545	1.88573583477885
1.373	-0.8317412448620645	1.870482736182757
1.374	-0.824945051665492	1.854757228144881
1.375	-0.8179721121970629	1.838546165442046
1.376	-0.8108175090370238	1.821836403082403
1.377	-0.8034762610840135	1.804614628030399
1.378	-0.7959431070347034	1.786866778910068
1.379	-0.7882128126205019	1.768578855885212
1.38	-0.7802801527069156	1.749736882891396
1.381	-0.7721398522625728	1.730326747932306
1.382	-0.7637868934266804	1.710334996939013
1.383	-0.7552164610330706	1.689748704488242
1.384	-0.7464237341275096	1.668554927457166
1.385	-0.7374046612078825	1.646742730089421
1.386	-0.7281559604260891	1.624303194843794
1.387	-0.7186744033061037	1.601227543339603
1.388	-0.7089580798556253	1.577510455673362
1.389	-0.6990066845742618	1.553150833172401
1.39	-0.6888201958629896	1.528148323151542
1.391	-0.678401249301558	1.502509571832852
1.392	-0.6677542883931592	1.476245996430119
1.393	-0.6568845968527184	1.449371227157375
1.394	-0.6458017674253078	1.421910283036578
1.395	-0.6345167812374043	1.393891860846235
1.396	-0.6230427001624286	1.365350158527548
1.397	-0.6113975539585261	1.336332593894702
1.398	-0.5996002559436769	1.306888944548815
1.399	-0.587673469971262	1.277079035523138
1.4	-0.5756435358199578	1.246972648653666
1.401	-0.5635397164856798	1.216647579007076
1.402	-0.5513963620524225	1.186195702490237
1.403	-0.5392531925442946	1.155723946617233
1.404	-0.5271566423019548	1.125358189947976
1.405	-0.5151591575936413	1.09524153935023
1.406	-0.5033134014614503	1.065518306364224
1.407	-0.4916650573746214	1.036313973264957
1.408	-0.4802480324956038	1.007721762784136
1.409	-0.4690843186183057	0.9798021628599468
1.41	-0.4581868400161249	0.9525907743855022
1.411	-0.4475619666510774	0.9261052540720216
1.412	-0.4372115955855287	0.9003510510249733
1.413	-0.4271343274737291	0.8753246509410392
1.414	-0.4173268241963453	0.8510172844888163
1.415	-0.4077840360589429	0.8274155572740579
1.416	-0.3985001833408395	0.8045041082011805
1.417	-0.3894686426878394	0.7822653069247436
1.418	-0.3806825396782751	0.7606808500435026
1.419	-0.3721347322961153	0.7397317166338725
1.42	-0.3638180598050864	0.7193988357550607
1.421	-0.3557254084795389	0.699663261234895
1.422	-0.3478497979578613	0.6805064016064988
1.423	-0.3401843188188937	0.6619098542236184
1.424	-0.3327224608588238	0.6438562764945965
1.425	-0.3254578380675924	0.6263286553148729
1.426	-0.318384171837688	0.609310257784591
1.427	-0.3114942569557618	0.5927818306354822
1.428	-0.3047825305568895	0.5767286802091338
1.429	-0.2982441692711459	0.561138053898543
1.43	-0.2918743526185892	0.5459971637570686
1.431	-0.2856684302675657	0.5312936428514204
1.432	-0.2796218808732693	0.5170154546743922
1.433	-0.2737304450700506	0.5031512450165364
1.434	-0.2679900695381039	0.4896901982793778
1.435	-0.2623967545258122	0.476621639124658
1.436	-0.2569468836183611	0.4639358968284789
1.437	-0.2516370147566981	0.451623757930515
1.438	-0.2464637122867212	0.4396760257230455
1.439	-0.241423781662161	0.4280841346035093
1.44	-0.2365143442146112	0.416840346461692
1.441	-0.2317325416977871	0.4059369767795747
1.442	-0.2270755507459104	0.3953664319482477
1.443	-0.2225408805304426	0.3851219873038726
1.444	-0.2181262168434339	0.3751973803527892
1.445	-0.2138292468288567	0.3655863521493717
1.446	-0.2096476637412451	0.356282659587176
1.447	-0.2055793804318598	0.3472806309292299
1.448	-0.2016225676732011	0.3385752675393118
1.449	-0.1977754089587465	0.3301616042844438
1.45	-0.194036087781977	0.3220346760316563
1.451	-0.1904028371614817	0.3141896461283946
1.452	-0.1868741604293981	0.3066223812381064
1.453	-0.1834486518220765	0.2993289853388197
1.454	-0.1801249056130008	0.2923055625159932
1.455	-0.1769015160758599	0.2855482168556093
1.456	-0.1737771538641811	0.2790532499512374
1.457	-0.170750719775063	0.2728175615482081
1.458	-0.1678211536685366	0.2668381539042214
1.459	-0.1649873954046305	0.2611120292769715
1.46	-0.1622483852638255	0.2556361910063386
1.461	-0.1596031488977188	0.2504078639874239
1.462	-0.1570508843389692	0.2454247223140706
1.463	-0.1545908085471273	0.2406844898166783
1.464	-0.1522221384817465	0.2361848903256514
1.465	-0.1499440946895464	0.2319236568481396
1.466	-0.1477560039742083	0.2278987979151455
1.467	-0.145657309859424	0.2241086277877845
1.468	-0.1436474613428843	0.2205514754595043
1.469	-0.1417259074222785	0.217225669923749
1.47	-0.1398921049389279	0.2141295604248231
1.471	-0.1381456235045124	0.2112617914229499
1.472	-0.1364861171122503	0.2086212301753947
1.473	-0.1349132417811865	0.2062067493841903
1.474	-0.1334266535303675	0.2040172217513716
1.475	-0.1320260116343222	0.2020515283379561
1.476	-0.1307110659121165	0.200308787170786
1.477	-0.1294816646738791	0.1987883773234621
1.478	-0.1283376610217972	0.1974896909343447
1.479	-0.1272789080580571	0.1964121201417935
1.48	-0.1263052598333912	0.1955550596642263
1.481	-0.1254166363732798	0.1949180816565082
1.482	-0.1246130426430549	0.1945009838883698
1.483	-0.1238944857445966	0.194303569068496
1.484	-0.1232609756742522	0.1943256474568009
1.485	-0.1227125842327993	0.1945671938220544
1.486	-0.1222494423463029	0.1950283422886185
1.487	-0.1218716832994496	0.1957092335014025
1.488	-0.1215794290252689	0.1966099771771647
1.489	-0.1213728821343367	0.1977308999458205
1.49	-0.121252349117306	0.1990726089738214
1.491	-0.1212181385631493	0.2006357171045772
1.492	-0.1212705590608398	0.2024208371814963
1.493	-0.1214099191993501	0.2044285820479885
1.494	-0.1216365307233934	0.2066595730243551
1.495	-0.1219508062335242	0.2091147034571612
1.496	-0.1223532710731585	0.211795171785586
1.497	-0.1228444557461721	0.2147021905567949
1.498	-0.1234248907564403	0.2178369723179511
1.499	-0.1240951066078391	0.2212007296162205
1.5	-0.1248556519136105	0.2247947240752114
1.501	-0.1257072205272492	0.2286206112971855
1.502	-0.1266505736184041	0.2326802295898942
1.503	-0.1276864726467083	0.2369754180492719
1.504	-0.1288156790717942	0.2415080157712491
1.505	-0.1300389581518429	0.2462798719709383
1.506	-0.1313571918339789	0.2512931495470563
1.507	-0.1327713851014297	0.2565503449979616
1.508	-0.1342825472433965	0.262053966950918
1.509	-0.1358916875490813	0.2678065240331936
1.51	-0.13759984489488	0.2738106059406626
1.511	-0.1394082295563004	0.2800692660224294
1.512	-0.1413181101303839	0.2865857141602516
1.513	-0.1433307552250952	0.2933631602643841
1.514	-0.1454474407270039	0.3004048336768032
1.515	-0.1476695994304918	0.3077143860406775
1.516	-0.1499988106696255	0.315295864667371
1.517	-0.1524366591227981	0.3231533313627357
1.518	-0.1549847272550504	0.3312908419659792
1.519	-0.157644642024225	0.3397125719665315
1.52	-0.1604183576083573	0.3484235781792165
1.521	-0.1633079060769557	0.3574291272705606
1.522	-0.1663153194995257	0.3667344859070821
1.523	-0.1694426299455754	0.3763449207553077
1.524	-0.1726918826757157	0.3862657336168688
1.525	-0.1760654531864787	0.3965031127163675
1.526	-0.1795660181237055	0.4070640562075802
1.527	-0.1831962633789742	0.4179555871641525
1.528	-0.1869588748438593	0.4291847286597205
1.529	-0.1908565393750235	0.4407585063798112
1.53	-0.1948921890141947	0.4526846071873948
1.531	-0.1990691742971691	0.4649718427474234
1.532	-0.2033908643119429	0.4776290733569544
1.533	-0.2078606397264815	0.4906651901912198
1.534	-0.2124821836357178	0.5040898964887797
1.535	-0.2172595003076506	0.5179137604969574
1.536	-0.2221966093428651	0.5321473919398277
1.537	-0.2272976608505616	0.5468017512321427
1.538	-0.2325671988000725	0.561888856664658
1.539	-0.2380098477671386	0.5774209431701716
1.54	-0.2436304646969783	0.5934108626027449
1.541	-0.2494340004142663	0.6098717061200056
1.542	-0.2554263406920143	0.6268190622552859
1.543	-0.2616144310448831	0.6442714293106626
1.544	-0.268004025628153	0.6622441039700644
1.545	-0.2746012032640955	0.6807532864981808
1.546	-0.2814123345207218	0.6998159856875387
1.547	-0.2884440566686325	0.7194499541670109
1.548	-0.2957031580662692	0.7396733701241803
1.549	-0.303196561692216	0.7605047881166965
1.55	-0.310931191649586	0.7819628210941527
1.551	-0.3189139367515177	0.8040659975033942
1.552	-0.3271516436113619	0.8268327587573978
1.553	-0.3356505178551848	0.8502798919415837
1.554	-0.3444165154045094	0.8744235285465084
1.555	-0.353454467399254	0.8992768271145402
1.556	-0.3627679329868308	0.9248495556445396
1.557	-0.3723586073973016	0.9511464806993774
1.558	-0.3822253240840841	0.9781646496518016
1.559	-0.3923626938164845	1.005889643277285
1.56	-0.4027599098136591	1.034292270183259
1.561	-0.4133968006103645	1.063317690502722
1.562	-0.4242425476052243	1.092881849099578
1.563	-0.4352541066731436	1.122867191780966
1.564	-0.4463795870850971	1.153132178257107
1.565	-0.457566045535977	1.183532986069723
1.566	-0.4687652248630733	1.213939375676576
1.567	-0.4799354660367107	1.244239817362323
1.568	-0.491041050880654	1.274339456173856
1.569	-0.5020512025077806	1.304157147640071
1.57	-0.5129388694095475	1.333621955675767
1.571	-0.5236804396298774	1.362672270913286
1.572	-0.5342559372600288	1.391256219645794
1.573	-0.5446477409804077	1.419328195355456
1.574	-0.5548419449904184	1.446852427653791
1.575	-0.564826569367008	1.473798226237892
1.576	-0.5745933664047358	1.500144715655956
1.577	-0.5841353491195278	1.525874329681475
1.578	-0.5934483848665105	1.550976977478733
1.579	-0.602530212031907	1.575447459362197
1.58	-0.6113796837459562	1.59928348389393
1.581	-0.6199980271937942	1.62248893419056
1.582	-0.6283868078512245	1.645068569997184
1.583	-0.6365486559429425	1.667029907088321
1.584	-0.6444874631300924	1.688383706328797
1.585	-0.6522071988682702	1.70914092504482
1.586	-0.6597124353193996	1.729314055527214
1.587	-0.6670082044975941	1.748916738852614
1.588	-0.6740995553177981	1.767962654552585
1.589	-0.6809917552932579	1.786466007618548
1.59	-0.687690118207876	1.80444107968338
1.591	-0.6941999587612475	1.82190215106404
1.592	-0.7005265491010013	1.838863346466264
1.593	-0.7066749838939841	1.855338283751697
1.594	-0.7126503436441716	1.871340542085571
1.595	-0.7184576604216182	1.886883560321322
1.596	-0.7241016267959991	1.90197983597783
1.597	-0.7295868001616781	1.916641500828169
1.598	-0.7349177356892217	1.930880680414671
1.599	-0.7400987881029678	1.944708952949841
1.6	-0.7451339470015761	1.958136909356995
1.601	-0.7500271632342139	1.971175037031109
1.602	-0.7547823600761344	1.98383374873317
1.603	-0.7594031275527788	1.996122560761355
1.604	-0.7638928353702207	2.008050399735203
1.605	-0.76825484937838	2.019626182118297
1.606	-0.7724924675793255	2.030858642335025
1.607	-0.7766086052629747	2.041755493680619
1.608	-0.7806060517099711	2.052324114350697
1.609	-0.7844875961944768	2.062571882523854
1.61	-0.7882560093391964	2.072506126689851
1.611	-0.7919137717418917	2.082133404991881
1.612	-0.7954631410238606	2.091459684912215
1.613	-0.7989063696349765	2.100490920370448
1.614	-0.8022457099602339	2.109233065110988
1.615	-0.8054833137829346	2.117691806577273
1.616	-0.8086210314496082	2.125872036529206
1.617	-0.8116606572224343	2.133778499160589
1.618	-0.8146039853635962	2.141415938665229
1.619	-0.8174528076684923	2.148789092730181
1.62	-0.8202087673147401	2.155902308112468
1.621	-0.8228732871905113	2.162759353083843
1.622	-0.8254477735210627	2.169363952318234
1.623	-0.8279336325316479	2.175719830489561
1.624	-0.8303322633964184	2.181830693732709
1.625	-0.8326449077405363	2.187699835352132
1.626	-0.8348726542540984	2.193330148882259
1.627	-0.8370165855208745	2.198724511989654
1.628	-0.8390777841246372	2.203885802340887
1.629	-0.8410573257997841	2.208816879727194
1.63	-0.8429561479088298	2.213520243260815
1.631	-0.8447750631482854	2.217998067431394
1.632	-0.8465148801332789	2.222252516134836
1.633	-0.8481764074789366	2.226285753267034
1.634	-0.8497604481348514	2.230099927922244
1.635	-0.8512676884351764	2.233696885580942
1.636	-0.8526987076756319	2.237078193805714
1.637	-0.8540540814172439	2.24024541053764
1.638	-0.8553343852210401	2.243200093717807
1.639	-0.8565401899198855	2.245943789075791
1.64	-0.8576719655979175	2.248477781621713
1.641	-0.8587300871489796	2.250803109677821
1.642	-0.8597149258582564	2.252920802181122
1.643	-0.8606268530109321	2.254831888068624
1.644	-0.8614662341604097	2.256537381283927
1.645	-0.8622333390405379	2.258038046577933
1.646	-0.8629283643773086	2.259334460084033
1.647	-0.8635515057428004	2.260427195098364
1.648	-0.8641029587014254	2.261316824898803
1.649	-0.8645828870858163	2.262003841188019
1.65	-0.8649913512120021	2.262488467653161
1.651	-0.8653283903472914	2.262770873062944
1.652	-0.865594043758993	2.262851226186083
1.653	-0.8657883441546748	2.262729678709389
1.654	-0.8659112384644241	2.262406159596598
1.655	-0.8659626133939856	2.261880441756696
1.656	-0.8659423544012321	2.261152294881463
1.657	-0.8658503477353572	2.260221490731364
1.658	-0.8656864573874479	2.259087743625896
1.659	-0.8654504154570858	2.257750425077721
1.66	-0.8651419242255781	2.256208828963238
1.661	-0.8647606859742334	2.254462249158844
1.662	-0.8643064029843588	2.252509979540938
1.663	-0.8637787740935464	2.250351305008094
1.664	-0.8631773993477706	2.247985252784853
1.665	-0.8625017859888457	2.245410607895089
1.666	-0.8617514401885141	2.242626152542871
1.667	-0.8609258681185176	2.239630668932269
1.668	-0.860024558567989	2.236422894361823
1.669	-0.8590468803258584	2.233001252698856
1.67	-0.8579921522080202	2.229364036256459
1.671	-0.8568596928864521	2.2255095369585
1.672	-0.8556488228889004	2.221436051699426
1.673	-0.8543588010102989	2.217141715944741
1.674	-0.8529887266409496	2.212624245612628
1.675	-0.8515376804026474	2.207881307083513
1.676	-0.850004742917189	2.202910566737824
1.677	-0.8483889948063693	2.197709690955985
1.678	-0.8466894698892915	2.192276223929692
1.679	-0.8449050122159855	2.186607210192131
1.68	-0.8430344192981443	2.180699570260818
1.681	-0.8410764886700929	2.174550224708088
1.682	-0.8390300171665095	2.168156092305219
1.683	-0.8368937003714735	2.161513824296094
1.684	-0.8346660435640764	2.154619567487615
1.685	-0.8323455318118845	2.147469414959809
1.686	-0.8299306501824666	2.140059459792713
1.687	-0.8274198670326779	2.132385751493281
1.688	-0.8248114352705431	2.124443768524038
1.689	-0.822103465051567	2.116228608124681
1.69	-0.8192940642820284	2.107735361452748
1.691	-0.8163813408644521	2.098959119676641
1.692	-0.813363306512865	2.089894718679987
1.693	-0.8102376763896683	2.080536202270528
1.694	-0.8070021094904305	2.070877463446624
1.695	-0.8036542648107179	2.060912395206628
1.696	-0.8001917775821695	2.050634827907067
1.697	-0.7966119813296022	2.040037784668482
1.698	-0.7929120093392621	2.029113748923602
1.699	-0.7890889916322092	2.017855195191693
1.7	-0.7851400564690501	2.006254593515286
1.701	-0.781062130329494	1.994303873035126
1.702	-0.7768517652271185	1.981993949595831
1.703	-0.7725054731885455	1.969315629827485
1.704	-0.7680197662404001	1.956259720360183
1.705	-0.7633910667250481	1.942816787801336
1.706	-0.7586153492319382	1.928976179362123
1.707	-0.7536884493235215	1.914726857886703
1.708	-0.7486062025259244	1.900057786105981
1.709	-0.7433644155114364	1.884957850231184
1.71	-0.73795853552724	1.869414948777022
1.711	-0.7323837755453561	1.853416312729187
1.712	-0.7266353453726168	1.836949162201261
1.713	-0.7207084501867749	1.820000704990665
1.714	-0.7145980892742774	1.80255757174488
1.715	-0.7082991527871458	1.784606024075425
1.716	-0.7018065682241511	1.766132410358983
1.717	-0.6951152483869824	1.747123038235467
1.718	-0.6882201320785422	1.72756421837243
1.719	-0.6811164980682062	1.707443078924975
1.72	-0.6737996722355986	1.686746867570851
1.721	-0.666265116316013	1.665463151102179
1.722	-0.6585093528726593	1.643582177060902
1.723	-0.650529196886144	1.621094942805305
1.724	-0.6423217044471097	1.597993055650849
1.725	-0.6338857744554275	1.574272856710864
1.726	-0.6252211198823735	1.549932796886521
1.727	-0.6163281754503764	1.52497318961935
1.728	-0.6072103789343803	1.499402151857268
1.729	-0.5978719088011355	1.473229731953183
1.73	-0.5883188971595893	1.446471067498714
1.731	-0.5785612836181924	1.419151260472116
1.732	-0.5686095879042973	1.39129693109553
1.733	-0.5584779075032368	1.362944090704887
1.734	-0.5481839229490786	1.334138219304609
1.735	-0.5377461248620495	1.30492693497091
1.736	-0.5271877726617702	1.27537056869611
1.737	-0.5165343791524798	1.245535541839918
1.738	-0.5058153808402148	1.215498993169125
1.739	-0.4950643591526345	1.185349521201975
1.74	-0.4843209963810953	1.155192815240781
1.741	-0.4736310229419863	1.125151655614777
1.742	-0.4630463004305198	1.095366411458465
1.743	-0.4526188314436601	1.065978492899404
1.744	-0.4423936755447121	1.037110640469539
1.745	-0.4324045028953336	1.008854484297544
1.746	-0.422673225649316	0.9812694426140035
1.747	-0.4132127102277488	0.9543901913789349
1.748	-0.4040294189577454	0.9282339521033114
1.749	-0.3951253184449325	0.9028057478612953
1.75	-0.3864990484915577	0.878101631174616
1.751	-0.3781473928627064	0.8541126809590294
1.752	-0.3700654832438987	0.8308255737032622
1.753	-0.3622475181993254	0.8082245277359406
1.754	-0.3546870303055837	0.7862920232218381
1.755	-0.3473772423314169	0.7650097475753151
1.756	-0.340311093895768	0.744358689053284
1.757	-0.3334814889029267	0.724319759686783
1.758	-0.3268814106662968	0.7048741470872717
1.759	-0.3205039188329249	0.686003261054079
1.76	-0.3143421636671372	0.6676887747440684
1.761	-0.3083896688455112	0.6499134117660964
1.762	-0.3026400507569877	0.6326601513933318
1.763	-0.2970871451441793	0.6159125795678606
1.764	-0.29172433809812	0.5996530751520314
1.765	-0.286545094658074	0.5838643376902756
1.766	-0.2815446966318664	0.5685340119452471
1.767	-0.2767184013938732	0.5536496313125322
1.768	-0.2720615285194107	0.5391988851733317
1.769	-0.2675696008770024	0.5251700044653399
1.77	-0.263238246101973	0.5115515020319055
1.771	-0.2590633905452195	0.498332698089205
1.772	-0.2550411198516101	0.4855033440000895
1.773	-0.2511675530376363	0.4730532813019606
1.774	-0.2474391701593195	0.4609733289180505
1.775	-0.243852667277109	0.4492548911181861
1.776	-0.240404743034201	0.4378893791848048
1.777	-0.2370921525469105	0.4268683565026993
1.778	-0.2339120591131954	0.4161844910759779
1.779	-0.230861797707544	0.4058309168102276
1.78	-0.2279387037075247	0.395800768713353
1.781	-0.2251401125448245	0.386087181937893
1.782	-0.2224634978671854	0.3766836644520735
1.783	-0.2199067037092737	0.3675847267608061
1.784	-0.2174676293766219	0.3587850300017501
1.785	-0.2151441741747602	0.3502792353125578
1.786	-0.2129342373272471	0.3420620035639531
1.787	-0.2108358287281482	0.3341282939823577
1.788	-0.2088472770735513	0.3264739307721002
1.789	-0.2069669660337973	0.3190948880025732
1.79	-0.205193279279229	0.3119871397431758
1.791	-0.2035246004801873	0.3051466600633009
1.792	-0.2019593152498498	0.2985694282484909
1.793	-0.2004959965767674	0.2922519284612592
1.794	-0.1991334036056043	0.2861911500955177
1.795	-0.1978702733765283	0.2803840241976262
1.796	-0.1967053433479502	0.2748274829761618
1.797	-0.1956374196248472	0.2695186458563855
1.798	-0.1946654497082334	0.2644550152995681
1.799	-0.1937883982573388	0.2596341397842928
1.8	-0.1930052290594436	0.2550535654328138
1.801	-0.1923149425104566	0.2507109376018408
1.802	-0.191716704270631	0.2466043490425379
1.803	-0.1912097136604781	0.2427319835897776
1.804	-0.1907931700005081	0.2390920250784284
1.805	-0.1904662726112318	0.2356826573433624
1.806	-0.1902282311402259	0.232502092320398
1.807	-0.1900783879642589	0.2295489013333359
1.808	-0.1900161710932823	0.2268218861969204
1.809	-0.1900410093315472	0.2243198507356515
1.81	-0.1901523314833044	0.2220415987740266
1.811	-0.1903495666068346	0.2199859348416937
1.812	-0.1906322010040128	0.2181518178433297
1.813	-0.1909998476336964	0.2165385450430176
1.814	-0.1914521361801521	0.215145457781421
1.815	-0.1919886963276463	0.2139718973992046
1.816	-0.1926091577604457	0.2130172052370322
1.817	-0.1933131741830168	0.2122807880515566
1.818	-0.194100509885382	0.2117623488653234
1.819	-0.1949709491044364	0.2114616406832585
1.82	-0.1959242754952812	0.2113784148364725
1.821	-0.1969603061429435	0.2115125107769998
1.822	-0.1980789355099096	0.2118639719603672
1.823	-0.1992800689511337	0.2124328705662384
1.824	-0.2005635968996204	0.2132192401793416
1.825	-0.2019294336421654	0.2142231778962058
1.826	-0.2033776622944081	0.2154452199725479
1.827	-0.2049083808940783	0.2168859413996171
1.828	-0.2065216874789071	0.2185459171686638
1.829	-0.2082176800866241	0.220425722270937
1.83	-0.2099964567549604	0.2225259316976872
1.831	-0.2118581155216457	0.2248471204401631
1.832	-0.2138028533232303	0.2273901191942974
1.833	-0.215831010500853	0.2301561289839453
1.834	-0.2179428967959752	0.2331462714874132
1.835	-0.2201388220142758	0.2363616685681887
1.836	-0.2224191356863529	0.2398035446461604
1.837	-0.2247842880974631	0.243473382262772
1.838	-0.2272347450316399	0.2473727033956011
1.839	-0.2297709679031971	0.2515030188281234
1.84	-0.2323934580248558	0.2558659412266054
1.841	-0.2351028817454231	0.2604635054371669
1.842	-0.2378999271820699	0.265297802014118
1.843	-0.2407852824519646	0.2703709215117647
1.844	-0.2437596356722784	0.2756849544844169
1.845	-0.246823684973858	0.2812420168110087
1.846	-0.2499783013438037	0.2870446651775171
1.847	-0.2532244926163011	0.2930958063561672
1.848	-0.2565632699540373	0.2993983556718248
1.849	-0.2599956445196961	0.3059552284493501
1.85	-0.2635226274759648	0.3127693400136095
1.851	-0.2671453076827134	0.3198438044397052
1.852	-0.270864999634564	0.3271823133024514
1.853	-0.2746830430790307	0.3347886229638173
1.854	-0.2786007776522671	0.3426664894988936
1.855	-0.2826195984392852	0.3508198102782054
1.856	-0.2867411176000813	0.3592530400124643
1.857	-0.2909669997228979	0.3679707688307111
1.858	-0.295298908975017	0.3769775857515749
1.859	-0.2997385795554693	0.3862782588470823
1.86	-0.3042880295230809	0.3958782880805019
1.861	-0.3089493395380732	0.4057833354839052
1.862	-0.313724590260672	0.4159990630893721
1.863	-0.3186158934698529	0.4265312124617898
1.864	-0.3236256816617214	0.437386353340094
1.865	-0.3287565720100392	0.4485715351882097
1.866	-0.3340111837183238	0.4600938128096408
1.867	-0.3393921395627727	0.4719602501094886
1.868	-0.3449023015050756	0.4841785300219131
1.869	-0.3505449082534843	0.4967573143303207
1.87	-0.356323231050113	0.5097053497035536
1.871	-0.3622405411370709	0.5230313828104425
1.872	-0.3683002345977587	0.5367444875715447
1.873	-0.3745061921880484	0.5508549915234432
1.874	-0.3808624116053202	0.5653735199432495
1.875	-0.387372890545433	0.5803106981032143
1.876	-0.3940416871666636	0.5956773057342002
1.877	-0.4008731765953631	0.6114849106472238
1.878	-0.4078726552436134	0.6277475689293073
1.879	-0.4150461082028464	0.6444812339077718
1.88	-0.422398568075818	0.6616992324459171
1.881	-0.4299352955022488	0.6794155144615535
1.882	-0.4376618781743892	0.6976449099966223
1.883	-0.4455840345697942	0.716402597929194
1.884	-0.4537076928324491	0.7357043105756625
1.885	-0.4620388462166714	0.7555659510008395
1.886	-0.4705835969862054	0.7760037102272213
1.887	-0.4793478729100566	0.7970332995601809
1.888	-0.4883375145117586	0.8186701944354765
1.889	-0.4975583126030211	0.840929735587356
1.89	-0.5070152814121007	0.8638251648564196
1.891	-0.5167129776658113	0.8873684888763858
1.892	-0.5266549651268504	0.9115690291830016
1.893	-0.5368431035654077	0.9364314868516148
1.894	-0.5472776157604453	0.9619561137236746
1.895	-0.5579553439563684	0.9881339455671846
1.896	-0.5688690909585651	1.014944963788084
1.897	-0.5800058072098618	1.042353094928286
1.898	-0.5913431516304928	1.070296711893908
1.899	-0.6028490134357295	1.098687306431419
1.9	-0.6144800048619959	1.127405430829877
1.901	-0.6261865029368295	1.156314785119671
1.902	-0.6379189942328787	1.185279895128608
1.903	-0.6496329106486193	1.214179472249417
1.904	-0.6612901342460867	1.242910437707572
1.905	-0.6728581687264357	1.271385443894957
1.906	-0.6843091574262077	1.299530005685847
1.907	-0.6956188708156179	1.327279601761868
1.908	-0.7067666985969303	1.3545795495296
1.909	-0.7177347151417327	1.38138240540504
1.91	-0.7285082602299719	1.407649479367672
1.911	-0.7390747731749686	1.433347683596736
1.912	-0.7494247556376025	1.458452083108789
1.913	-0.7595503999506171	1.482942231807855
1.914	-0.7694468883382319	1.506805612739504
1.915	-0.7791101685429298	1.530031736409261
1.916	-0.7885387533699189	1.552616901707478
1.917	-0.7977322175064668	1.574560215853088
1.918	-0.8066911895062863	1.595863570365558
1.919	-0.8154177864757887	1.616532787904073
1.92	-0.8239143964310108	1.636574405931711
1.921	-0.8321844998666801	1.655997842774201
1.922	-0.8402320064884012	1.674813647718466
1.923	-0.8480609216086669	1.693032621732483
1.924	-0.855675816436576	1.71066705467894
1.925	-0.8630813924036213	1.727729578253249
1.926	-0.8702823664396631	1.744232864745062
1.927	-0.8772835658551327	1.760189875154724
1.928	-0.8840897696349864	1.775613442242516
1.929	-0.8907057477982434	1.790516375092058
1.93	-0.8971361722981767	1.804911224116007
1.931	-0.9033855327286666	1.81881005998686
1.932	-0.9094583042769766	1.832224915504828
1.933	-0.9153588196537968	1.845167449289284
1.934	-0.9210910794360584	1.85764844862068
1.935	-0.926659043953167	1.869678595257316
1.936	-0.9320666544415368	1.881268520960147
1.937	-0.937317528246463	1.892428009708427
1.938	-0.9424150124970032	1.903166138397602
1.939	-0.9473624460668604	1.913491962334988
1.94	-0.9521631178556588	1.923414406233269
1.941	-0.9568199423554543	1.932941416353516
1.942	-0.9613356656491207	1.942080498832722
1.943	-0.965713033089546	1.950839157899661
1.944	-0.9699546975990156	1.959224656912707
1.945	-0.9740629523744655	1.967243321840534
1.946	-0.9780400046812276	1.974901254739577
1.947	-0.9818880622412695	1.982204558862715
1.948	-0.9856092299556336	1.989159070253266
1.949	-0.9892052527974375	1.995769688187341
1.95	-0.9926778040284366	2.002041125142537
1.951	-0.9960285569103894	2.007978093596456
1.952	-0.9992591803259158	2.013585294701792
1.953	-1.002371134135816	2.018866887004498
1.954	-1.005365593468295	2.023826288123809
1.955	-1.008243714305253	2.028466865588669
1.956	-1.011006652628586	2.032791986928015
1.957	-1.013655553786995	2.036804992085963
1.958	-1.016191342669851	2.040508647588675
1.959	-1.018614747618216	2.0439052074841
1.96	-1.0209264912971	2.046996910873598
1.961	-1.023127296371512	2.04978599685854
1.962	-1.025217840672296	2.052274588298185
1.963	-1.027198553196704	2.054464158987268
1.964	-1.02906977834666	2.056355960467913
1.965	-1.030831860502543	2.057951244200572
1.966	-1.032485143595228	2.05925126053844
1.967	-1.034029866022875	2.060256984280448
1.968	-1.035466034922109	2.060968782240532
1.969	-1.036793627281728	2.061386941474074
1.97	-1.038012620090531	2.061511749036454
1.971	-1.039122989417496	2.061343489651541
1.972	-1.040124593695175	2.060882139625337
1.973	-1.041017059425177	2.060127061573771
1.974	-1.041799985974064	2.059077545508377
1.975	-1.042472972708397	2.057732881440683
1.976	-1.043035618521344	2.056092358192092
1.977	-1.043487412895394	2.054154975112161
1.978	-1.043827600070327	2.051919077756721
1.979	-1.044055391136824	2.04938292264303
1.98	-1.044169997185567	2.04654476628835
1.981	-1.044170628023564	2.043402861861117
1.982	-1.044056359207944	2.039955105634409
1.983	-1.04382602628393	2.036198750068417
1.984	-1.043478440977719	2.032130982691985
1.985	-1.043012415015509	2.027748991033956
1.986	-1.04242673002991	2.023049881998523
1.987	-1.041719909265767	2.01803006676288
1.988	-1.040890347359171	2.01268560913623
1.989	-1.03993643811912	2.007012570676305
1.99	-1.038856572752924	2.001007006181044
1.991	-1.037648958798898	1.994664475372065
1.992	-1.036311522957642	1.987979775873836
1.993	-1.034842169339176	1.980947643609387
1.994	-1.033238802053522	1.973562814501757
1.995	-1.031499271910405	1.965819880773191
1.996	-1.029621058935094	1.957712425868667
1.997	-1.027601490563369	1.949233615693074
1.998	-1.025437893886864	1.940376615193283
1.999	-1.023127600694721	1.931134602829363
2	-1.020667760649813	1.921500263618393
2.001	-1.018055025763969	1.911464912161592
2.002	-1.01528598390974	1.901019685173912
2.003	-1.01235722295968	1.89015571937032
2.004	-1.00926533078634	1.87886415146577
2.005	-1.006006790123147	1.867135836381622
2.006	-1.002577520712559	1.854960064837884
2.007	-0.9989732546990562	1.842325588043516
2.008	-0.9951897241000376	1.829221156704304
2.009	-0.9912226609329052	1.815635521526036
2.01	-0.9870677641474793	1.801557343107414
2.011	-0.9827202959821885	1.786974051466815
2.012	-0.9781753660088477	1.771872588608819
2.013	-0.9734281095581807	1.756239960286806
2.014	-0.9684736588608263	1.740063163724995
2.015	-0.9633070247353003	1.723328819032194
2.016	-0.9579232836579844	1.706023604768575
2.017	-0.9523175790681682	1.688134362757418
2.018	-0.9464850366614157	1.669647869651223
2.019	-0.940421256149671	1.650552018157981
2.02	-0.9341222082319309	1.630835621626219
2.021	-0.9275838931005668	1.610487562248152
2.022	-0.9208032011753551	1.589498944068905
2.023	-0.9137779983769716	1.567863350781094
2.024	-0.9065063334841054	1.5455748290842
2.025	-0.898988146013538	1.522632268998745
2.026	-0.8912246070837819	1.499037737630879
2.027	-0.8832174864913229	1.474794841703221
2.028	-0.8749718715757667	1.449915786806718
2.029	-0.866493954108858	1.424415654362198
2.03	-0.857791523082577	1.398313676227739
2.031	-0.848876701592859	1.371640423559493
2.032	-0.8397624127345843	1.344428567838568
2.033	-0.8304647198006928	1.316719037221056
2.034	-0.8210036116656044	1.288563180824216
2.035	-0.8114004704468926	1.26001606769277
2.036	-0.8016817166107844	1.231146371270335
2.037	-0.7918763285919007	1.202029770166235
2.038	-0.7820198239103144	1.172760084200801
2.039	-0.7721522591353245	1.143443864709125
2.04	-0.7623213382048569	1.114209310510257
2.041	-0.7525784886784415	1.085195506607666
2.042	-0.742973315682105	1.056537114343753
2.043	-0.7335470138795229	1.028346010273353
2.044	-0.7243294078523513	1.000702971415627
2.045	-0.7153400509471982	0.9736606521626545
2.046	-0.706590559509496	0.9472500313268893
2.047	-0.6980872399732486	0.9214876455099899
2.048	-0.6898322358192336	0.8963787701488891
2.049	-0.6818249194960615	0.8719212440065064
2.05	-0.6740629475908715	0.8481083272444714
2.051	-0.6665423826188365	0.8249290677114189
2.052	-0.6592585545552884	0.8023705946431887
2.053	-0.6522059606918649	0.7804178927611736
2.054	-0.6453788487505179	0.759055316163497
2.055	-0.6387711678921649	0.7382664901232204
2.056	-0.6323767444354627	0.7180347713808977
2.057	-0.6261893810958473	0.6983434808020577
2.058	-0.6202029898179541	0.6791763137685937
2.059	-0.6144115401474773	0.6605171362790446
2.06	-0.6088091061155489	0.6423501245583293
2.061	-0.6033899897442783	0.6246601180809921
2.062	-0.5981485846701794	0.6074322079449871
2.063	-0.5930786936312367	0.5906497792196196
2.064	-0.5881751409006106	0.5742992910294773
2.065	-0.5834334065112797	0.5583689419134699
2.066	-0.5788490326214732	0.5428470715658966
2.067	-0.5744176329833175	0.5277222116235519
2.068	-0.5701350212841367	0.5129834383029229
2.069	-0.5659970957150727	0.4986200921660684
2.07	-0.5620000202440312	0.4846221898232334
2.071	-0.5581400565837347	0.4709799427705977
2.072	-0.5544134892811854	0.4576836053129307
2.073	-0.5508168938260316	0.4447242230546109
2.074	-0.5473470447936415	0.4320934823183391
2.075	-0.5440007169685993	0.4197830757182802
2.076	-0.5407748357799187	0.4077851076838033
2.077	-0.53766668292889	0.3960926552441599
2.078	-0.5346735795426457	0.3846989029870366
2.079	-0.5317928467483173	0.3735970355001148
2.08	-0.5290218165075744	0.3627802669021017
2.081	-0.5263580803745396	0.3522425187016738
2.082	-0.5237994790938291	0.3419783913068803
2.083	-0.5213438616451612	0.3319825075428823
2.084	-0.5189890770082579	0.3222494902348547
2.085	-0.5167329825360253	0.3127739850079179
2.086	-0.5145736359334054	0.3035511828672771
2.087	-0.5125092883620123	0.2945768012791847
2.088	-0.51053819763428	0.2858465757902558
2.089	-0.5086586215626395	0.2773562419470936
2.09	-0.5068688246485334	0.2691015534357841
2.091	-0.5051672294521267	0.2610786929132298
2.092	-0.5035524104749698	0.2532842556963838
2.093	-0.5020229474414817	0.2457148513232342
2.094	-0.5005774200760813	0.2383670893317728
2.095	-0.4992144148277141	0.2312375976127322
2.096	-0.497932648287816	0.2243233578806352
2.097	-0.4967309389786168	0.2176216275849277
2.098	-0.4956081061616466	0.2111296659676964
2.099	-0.4945629691348124	0.2048447323688267
2.1	-0.4935943915114357	0.1987642056545689
2.101	-0.4927013576973209	0.1928857907904419
2.102	-0.4918828716854868	0.1872072456966948
2.103	-0.4911379374689521	0.181726328293574
2.104	-0.4904655701190618	0.1764408265582341
2.105	-0.489864880215983	0.1713487856669971
2.106	-0.4893350264673897	0.1664483793986127
2.107	-0.4888751679054496	0.1617377823566953
2.108	-0.4884844623340487	0.1572151659933067
2.109	-0.4881621031274449	0.1528787977045075
2.11	-0.48790739343697	0.1487272361259703
2.111	-0.4877196516103053	0.1447590799508515
2.112	-0.487598195995132	0.1409729278723129
2.113	-0.4875423449391313	0.137367378583511
2.114	-0.4875514175991987	0.1339410329421588
2.115	-0.4876247993853376	0.1306926677055991
2.116	-0.4877619469555193	0.1276212463980624
2.117	-0.4879623126412571	0.1247257203020411
2.118	-0.4882253487740638	0.1220050407000293
2.119	-0.4885505256704784	0.1194582059629426
2.12	-0.4889373787556086	0.1170843831225308
2.121	-0.4893854578861709	0.1148827760613114
2.122	-0.489894312918608	0.1128525886610282
2.123	-0.490463495351029	0.1109930296492489
2.124	-0.4910926155396384	0.1093034583004324
2.125	-0.4917813276858408	0.1077833442478074
2.126	-0.4925292865364834	0.106432158476558
2.127	-0.4933361468384134	0.1052493719718676
2.128	-0.4942015634194814	0.104234455952914
2.129	-0.4951252212016832	0.1033869585675824
2.13	-0.4961068797436996	0.1027066134150408
2.131	-0.497146309950587	0.1021931813125773
2.132	-0.4982432827274003	0.1018464230774807
2.133	-0.4993975689791962	0.1016660995270391
2.134	-0.5006089441221359	0.1016519826853411
2.135	-0.5018772424288734	0.1018039895128789
2.136	-0.5032023295060248	0.1021221127557674
2.137	-0.5045840699556089	0.1026063425086674
2.138	-0.5060223314107182	0.103256676343253
2.139	-0.5075170242711449	0.1040732155383582
2.14	-0.5090680905034272	0.1050561369296159
2.141	-0.5106754728055577	0.1062056190421933
2.142	-0.5123391110774611	0.1075218340433071
2.143	-0.5140589894899342	0.1090050602834132
2.144	-0.5158351501987557	0.1106557136004124
2.145	-0.5176676372623463	0.1124742143175946
2.146	-0.5195564947391264	0.1144609827582489
2.147	-0.5215017666875167	0.1166164392456655
2.148	-0.5235035138932139	0.118941044179031
2.149	-0.5255618799173513	0.1214354549073021
2.15	-0.5276770301716305	0.1241003800081247
2.151	-0.5298491298759352	0.1269365275844989
2.152	-0.532078344250147	0.129944605739421
2.153	-0.5343648527598568	0.1331253561323677
2.154	-0.5367089127348835	0.1364797046613651
2.155	-0.5391108074890397	0.1400086389101003
2.156	-0.5415708203464815	0.1437131464872169
2.157	-0.5440892346342227	0.1475942150091628
2.158	-0.5466663609691326	0.1516528973832348
2.159	-0.5493026005294935	0.1558904626329047
2.16	-0.5519983731746301	0.1603082242597735
2.161	-0.5547540987638697	0.1649074957654477
2.162	-0.55757019758572	0.1696895916329944
2.163	-0.5604471364296443	0.1746559366526468
2.164	-0.563385467898031	0.1798081621741224
2.165	-0.5663857536855825	0.1851479219319497
2.166	-0.5694485554854185	0.1906768696566707
2.167	-0.5725744613140955	0.1963967228673668
2.168	-0.5757641613228492	0.2023094470117233
2.169	-0.5790183702773785	0.2084170673769902
2.17	-0.5823378029433806	0.2147216092504151
2.171	-0.585723187421787	0.2212251301076904
2.172	-0.5891753651239584	0.2279299649143358
2.173	-0.5926952318695691	0.2348385829260157
2.174	-0.5962836837383011	0.2419534540515016
2.175	-0.599941619515116	0.2492770547574011
2.176	-0.6036700328834471	0.2568120961348639
2.177	-0.6074700326165845	0.2645615757120244
2.178	-0.6113427342423781	0.2725285079658276
2.179	-0.6152892531727634	0.2807159070717763
2.18	-0.6193107470238491	0.289126891963531
2.181	-0.6234085589830313	0.297765047785594
2.182	-0.6275840780391051	0.3066340754709732
2.183	-0.6318386931808645	0.3157376759526725
2.184	-0.6361737952835823	0.3250795547721078
2.185	-0.6405909043282347	0.3346637438593569
2.186	-0.6450917393749435	0.34449478194879
2.187	-0.6496780358707898	0.3545772497832087
2.188	-0.6543515292628567	0.3649157281054194
2.189	-0.6591139725870296	0.3755148421724674
2.19	-0.6639673583794067	0.3863798305750389
2.191	-0.6689138458627141	0.3975163611676872
2.192	-0.6739555973425986	0.4089301098189182
2.193	-0.6790947751230862	0.4206267523929591
2.194	-0.6843336144682193	0.4326121528013593
2.195	-0.6896747009799079	0.4448930821157356
2.196	-0.6951207215428145	0.4574765744914187
2.197	-0.700674363041594	0.4703696640837225
2.198	-0.7063383142552144	0.4835793899903513
2.199	-0.7121154690564817	0.4971133260978041
2.2	-0.7180090985629202	0.5109800298544349
2.201	-0.7240225138780207	0.5251881629484016
2.202	-0.730159026105282	0.5397463870678804
2.203	-0.7364220075987788	0.5546635249025659
2.204	-0.7428152143426099	0.5699494042612261
2.205	-0.7493424600610989	0.585614000241011
2.206	-0.7560076722882125	0.601667580581228
2.207	-0.7628149190208326	0.6181207811475222
2.208	-0.7697692674102852	0.6349871027939291
2.209	-0.7768752828110453	0.6522785378701091
2.21	-0.7841374436484898	0.6700067967571314
2.211	-0.7915604748788423	0.6881842726461623
2.212	-0.7991492264108007	0.7068237010761115
2.213	-0.8069086825590549	0.7259381861302464
2.214	-0.8148438692484332	0.7455409452743877
2.215	-0.8229598260945226	0.765645240260855
2.216	-0.8312614633820701	0.7862639932205455
2.217	-0.8397537073264082	0.8074101709704485
2.218	-0.8484411595409694	0.8290958842871289
2.219	-0.8573277494773314	0.8513314457424841
2.22	-0.8664173278435944	0.8741269585912824
2.221	-0.8757126522226039	0.8974895996645857
2.222	-0.8852152007265144	0.9214230956296111
2.223	-0.8949252240758946	0.9459278572073998
2.224	-0.9048401968960245	0.9709967613000763
2.225	-0.9149549221600797	0.9966154043901555
2.226	-0.925259472369382	1.022756451098773
2.227	-0.935737258865237	1.049374287824882
2.228	-0.946364036970083	1.076402255109558
2.229	-0.9571041084579585	1.103742221846323
2.23	-0.967913707295194	1.131273980107213
2.231	-0.9787436218904682	1.158862676406987
2.232	-0.9895462619927501	1.186378429164182
2.233	-1.000279509853047	1.21370691557709
2.234	-1.01090752635027	1.240751446780688
2.235	-1.021400115148705	1.267431050485116
2.236	-1.031731865784362	1.29367796369945
2.237	-1.041881283199664	1.319435126962028
2.238	-1.051829991437824	1.344653946041088
2.239	-1.061563173921902	1.369295404533985
2.24	-1.071068032168173	1.393325888751673
2.241	-1.080334964883029	1.416720312041117
2.242	-1.089355947668117	1.439457778620157
2.243	-1.098125935183635	1.461525291699341
2.244	-1.106640677022097	1.482911958506548
2.245	-1.114898289557532	1.503613142953626
2.246	-1.122898070731638	1.523627326588225
2.247	-1.130640190330113	1.542955290178321
2.248	-1.138126530920748	1.561602321331716
2.249	-1.145359182433946	1.579574251737011
2.25	-1.152340871982366	1.596878587335969
2.251	-1.159075293413722	1.613525364307698
2.252	-1.165566193614132	1.629524755139818
2.253	-1.171817581869538	1.644887617206086
2.254	-1.177833829241459	1.659625741378936
2.255	-1.183619302656867	1.67375090394128
2.256	-1.189178444448428	1.687275075485962
2.257	-1.194515656307705	1.700210098767693
2.258	-1.199635272937231	1.712567634480616
2.259	-1.204541630592062	1.724359347243648
2.26	-1.209238950676143	1.735596589158533
2.261	-1.213731146836797	1.746289886140603
2.262	-1.218022090210962	1.756449650789488
2.263	-1.222115656217126	1.766086306880308
2.264	-1.226015428839127	1.775209500684974
2.265	-1.229724559452906	1.783827726522164
2.266	-1.233246174246911	1.791949411718207
2.267	-1.236583399409589	1.799582983599426
2.268	-1.239739309228166	1.806736731816954
2.269	-1.24271645460028	1.813417557009504
2.27	-1.245517083963045	1.819631556801493
2.271	-1.248143442130123	1.825384819183402
2.272	-1.250597773915176	1.830683432145713
2.273	-1.252882241166872	1.835533263577061
2.274	-1.25499847485366	1.839938773182117
2.275	-1.256947899633277	1.843903873511935
2.276	-1.258731939842931	1.84743247626975
2.277	-1.260352019819772	1.850528493158654
2.278	-1.261809424413284	1.853195467127745
2.279	-1.263104932510354	1.855435599519847
2.28	-1.264239209347058	1.857250789225722
2.281	-1.265212920159474	1.858642935136128
2.282	-1.266026728008731	1.859613930361874
2.283	-1.266681063024591	1.860165049036006
2.284	-1.267175947182559	1.860296480726246
2.285	-1.26751136448325	1.860008314099497
2.286	-1.267687298927278	1.859300637822665
2.287	-1.267703652431276	1.858173323057189
2.288	-1.267559905158115	1.856625118624607
2.289	-1.267255402190661	1.854654412396135
2.29	-1.2667894885506	1.852259592071887
2.291	-1.26616148375034	1.849438977543155
2.292	-1.26537034835998	1.846189931055266
2.293	-1.26441477834009	1.842509107267054
2.294	-1.263293463520333	1.838393144363544
2.295	-1.262005107064889	1.833838716656992
2.296	-1.260548296252437	1.828842191669636
2.297	-1.258920967706707	1.823398188899764
2.298	-1.257120951390565	1.81750104053501
2.299	-1.255146077266878	1.811145078763007
2.3	-1.252994175298511	1.804324635771389
2.301	-1.250663075326635	1.797034043423928
2.302	-1.248150300615214	1.789266811352215
2.303	-1.245452784507317	1.781014855288357
2.304	-1.24256744763771	1.772270051496519
2.305	-1.239491210641163	1.763024276240876
2.306	-1.236220970205484	1.753269342401281
2.307	-1.232753246876584	1.742996042481719
2.308	-1.229084276228292	1.732194377070289
2.309	-1.225210288138384	1.720854329104868
2.31	-1.221127512484637	1.708965881523351
2.311	-1.216832027448362	1.696518600847209
2.312	-1.212319670551074	1.683501360081215
2.313	-1.207586313233968	1.669903108669889
2.314	-1.202627810785517	1.655712752883157
2.315	-1.197439970078727	1.640919032790395
2.316	-1.192018836340997	1.625511258767526
2.317	-1.186360498375163	1.609478851466669
2.318	-1.180461082970215	1.592811318365288
2.319	-1.174317325329474	1.575499697826718
2.32	-1.167926335325405	1.557535991652188
2.321	-1.161285341722939	1.538912502583095
2.322	-1.154392859433171	1.519624853068829
2.323	-1.147248057820617	1.499670365909187
2.324	-1.13985041872637	1.479047171402098
2.325	-1.132201714422488	1.457759371654596
2.326	-1.12430463462154	1.435813470847715
2.327	-1.116162504241017	1.413217629419217
2.328	-1.107782105150372	1.389989087519194
2.329	-1.099171320742342	1.36614799094071
2.33	-1.090339271857758	1.341717740867449
2.331	-1.081299255965308	1.31673281019761
2.332	-1.072065608687149	1.291230440728551
2.333	-1.062655981757277	1.2652567556403
2.334	-1.053091223306276	1.238866518752217
2.335	-1.043395354986595	1.212123165842161
2.336	-1.033597024561011	1.185102879811317
2.337	-1.023730254678353	1.157896837621431
2.338	-1.013834938369377	1.130612706536886
2.339	-1.003956780994169	1.103374687857676
2.34	-0.9941434060086141	1.076312787456689
2.341	-0.9844388840841323	1.049547625566111
2.342	-0.9748785530004807	1.023175979140584
2.343	-0.9654879921171107	0.9972678341101113
2.344	-0.9562844207863296	0.9718702167240297
2.345	-0.9472785595148411	0.9470123346301188
2.346	-0.9384762234839885	0.9227099935454921
2.347	-0.9298802267553088	0.8989708344859703
2.348	-0.9214908671918454	0.8757956803187317
2.349	-0.9133066536736232	0.8531805398677154
2.35	-0.9053250619072378	0.8311186523005722
2.351	-0.8975425550345425	0.8096005632680198
2.352	-0.8899550614347307	0.788615402743175
2.353	-0.882558051058314	0.7681511025814743
2.354	-0.8753467108473367	0.7481948628195918
2.355	-0.8683161427428786	0.7287336694204033
2.356	-0.8614613087163121	0.7097541734945138
2.357	-0.8547771829068321	0.6912430664576852
2.358	-0.8482587635862155	0.6731871256941291
2.359	-0.8419011997323357	0.6555735572792146
2.36	-0.8356996650008413	0.6383896349854189
2.361	-0.8296494595910089	0.6216229871400627
2.362	-0.8237459289576071	0.6052613459758132
2.363	-0.817983927699532	0.5892909828137798
2.364	-0.8123595401975605	0.5737017162644804
2.365	-0.8068689836995054	0.5584837293389956
2.366	-0.8015084969981733	0.5436272382960342
2.367	-0.7962744100734437	0.5291226963613078
2.368	-0.791163191654525	0.5149609227722128
2.369	-0.7861713791128652	0.5011329204123075
2.37	-0.7812957536169085	0.4876303425225947
2.371	-0.7765331547397367	0.4744449978305968
2.372	-0.7718804749694728	0.4615688378589377
2.373	-0.7673349059264701	0.4489946111843459
2.374	-0.7628937335654219	0.4367153161176543
2.375	-0.7585542438410166	0.4247239509696792
2.376	-0.7543138070833857	0.4130137399361352
2.377	-0.7501700863052984	0.4015786835654937
2.378	-0.7461208055240028	0.3904129419887404
2.379	-0.7421636887546583	0.3795106753309826
2.38	-0.7382965003633278	0.3688661520767983
2.381	-0.734517274664617	0.3584743518381138
2.382	-0.7308241469401934	0.3483305175713849
2.383	-0.7272152525154355	0.3384298923440465
2.384	-0.7236887267157247	0.3287677192235376
2.385	-0.7202427461825884	0.3193393508344418
2.386	-0.7168757349266476	0.310140788052076
2.387	-0.7135862020639017	0.3011682506253408
2.388	-0.710372656406013	0.2924179573753427
2.389	-0.7072336067646432	0.2838861271231841
2.39	-0.7041675833556484	0.2755690343714217
2.391	-0.7011732986035215	0.2674634256381205
2.392	-0.6982495334323383	0.2595662230758516
2.393	-0.6953950663009842	0.25187434229746
2.394	-0.6926086798072414	0.2443847097673673
2.395	-0.6898892530022842	0.2370945005222632
2.396	-0.6872357594709109	0.2300011299469645
2.397	-0.6846471764998699	0.2231020224824558
2.398	-0.6821224815395038	0.2163946030776031
2.399	-0.6796607051437425	0.2098764325066002
2.4	-0.6772609932870777	0.2035453623745423
2.401	-0.6749225065340083	0.1973992805876925
2.402	-0.6726444054490384	0.1914360750523222
2.403	-0.670425851713792	0.1856536365784108
2.404	-0.6682660721240778	0.1800500205090272
2.405	-0.6661643890893953	0.1746235196201085
2.406	-0.6641201321872443	0.1693724438174557
2.407	-0.6621326309951221	0.1642951030068626
2.408	-0.6602012159772994	0.1593898093512744
2.409	-0.6583252715325946	0.1546550089337927
2.41	-0.6565042623918048	0.1500893443093372
2.411	-0.6547376594200731	0.1456914725466376
2.412	-0.6530249334825425	0.1414600507144258
2.413	-0.6513655568271643	0.1373937393723269
2.414	-0.6497590536728324	0.1334913265230305
2.415	-0.6482050130772955	0.1297517561873676
2.416	-0.6467030280019729	0.1261739813903457
2.417	-0.6452526914082825	0.1227569551569709
2.418	-0.6438535981880715	0.1194996352278691
2.419	-0.6425053931654454	0.1164010991792696
2.42	-0.6412077737701098	0.1134605493534752
2.421	-0.6399604398828549	0.110677193753951
2.422	-0.638763091384473	0.1080502403841657
2.423	-0.6376154310860367	0.1055789043806382
2.424	-0.6365172128768921	0.1032625225230218
2.425	-0.6354682334682284	0.101100531804887
2.426	-0.6344682908464974	0.09909237205708941
2.427	-0.6335171829981486	0.09723748311048187
2.428	-0.632614711470223	0.0955353131317771
2.429	-0.6317607269249038	0.093985424958987
2.43	-0.630955115743528	0.09258746465431394
2.431	-0.6301977651082382	0.09134108013561548
2.432	-0.6294885622011778	0.09024591932074989
2.433	-0.6288274013386745	0.089301647057539
2.434	-0.6282142297848429	0.08850805229646601
2.435	-0.6276490159772183	0.08786497257378749
2.436	-0.6271317281970539	0.08737224500168432
2.437	-0.6266623353952249	0.08702970819494008
2.438	-0.6262408357267758	0.08683726821634592
2.439	-0.6258672671871204	0.08679492417461603
2.44	-0.625541670631422	0.0869026819600031
2.441	-0.6252640868656455	0.08716054734582711
2.442	-0.6250345670423909	0.08756855011690134
2.443	-0.6248532180506993	0.08812685061529948
2.444	-0.624720161951923	0.08883564485270601
2.445	-0.6246355208074141	0.08969512884080519
2.446	-0.6245994166785248	0.09070549859128181
2.447	-0.6246119801844644	0.0918669698439564
2.448	-0.624673399802765	0.09317989445103347
2.449	-0.6247838879095201	0.09464468140747498
2.45	-0.6249436569539013	0.09626173989518588
2.451	-0.6251529193850801	0.09803147909606894
2.452	-0.6254118928617949	0.09995432055328649
2.453	-0.6257208491783341	0.1020308151504321
2.454	-0.6260800895040987	0.1042615846139716
2.455	-0.6264899150453596	0.1066472508140018
2.456	-0.6269506270318508	0.1091884356508152
2.457	-0.6274625475784078	0.1118858106595067
2.458	-0.6280260547670351	0.1147401836812566
2.459	-0.6286415358281907	0.1177523853067114
2.46	-0.6293093779923339	0.1209232461265216
2.461	-0.6300299746451905	0.1242536115782747
2.462	-0.6308037764917831	0.1277444679709807
2.463	-0.631631265214688	0.1313968787202855
2.464	-0.6325129227899983	0.1352119079972563
2.465	-0.6334492297015042	0.139190616087598
2.466	-0.6344406873090551	0.1433341138751184
2.467	-0.6354878880586766	0.147643741583968
2.468	-0.6365914387162882	0.152120875830149
2.469	-0.637751946047808	0.1567668932296618
2.47	-0.638970016819156	0.1615831703985087
2.471	-0.6402462617166594	0.1665710937079902
2.472	-0.6415813700050113	0.1717322477179648
2.473	-0.6429760937105565	0.1770683780193204
2.474	-0.6444311853674829	0.1825812319221163
2.475	-0.6459473975099762	0.1882725567364045
2.476	-0.6475254988731225	0.194144140643853
2.477	-0.6491663547756941	0.200198020396618
2.478	-0.6508708649473116	0.206436322456121
2.479	-0.6526399291387849	0.2128611733416344
2.48	-0.6544744488744221	0.2194747039964682
2.481	-0.6563753987147397	0.2262792343903991
2.482	-0.6583438468875035	0.2332773294211797
2.483	-0.6603808675398199	0.240471569644677
2.484	-0.6624875348187983	0.247864535616767
2.485	-0.6646649330560171	0.2554588333798906
2.486	-0.666914301926805	0.2632574771304095
2.487	-0.6692369491862886	0.2712636612380352
2.488	-0.6716341825899377	0.2794805800733988
2.489	-0.6741073098932209	0.2879114280071282
2.49	-0.6766576436101264	0.2965594114426739
2.491	-0.6792866460445358	0.3054281318005292
2.492	-0.6819959378181338	0.3145216122493259
2.493	-0.6847871463163833	0.3238438941703804
2.494	-0.6876618989247482	0.3333990189450131
2.495	-0.6906218242139989	0.3431910310772021
2.496	-0.6936686782908889	0.3532243136319373
2.497	-0.6968044183678975	0.3635037868190261
2.498	-0.7000310140750212	0.3740344048303771
2.499	-0.7033504355679684	0.3848211232208277
2.5	-0.7067647576011941	0.395869177301073
2.501	-0.7102762731609861	0.4071843882276011
2.502	-0.7138873019305424	0.4187726490673577
2.503	-0.7176001617153667	0.4306398476756734
2.504	-0.7214173013141835	0.4427922236790524
2.505	-0.7253414663881183	0.4552368179952
2.506	-0.7293754359273303	0.4679807617538544
2.507	-0.733521988921974	0.4810311860847366
2.508	-0.7377839395971754	0.4943953168806332
2.509	-0.7421644524808024	0.5080813287697821
2.51	-0.7466668897098296	0.5220979338815013
2.511	-0.7512946155058912	0.536453850071909
2.512	-0.7560509960641232	0.5511578005765778
2.513	-0.7609396247091615	0.5662191275203379
2.514	-0.7659643446891496	0.5816478535760322
2.515	-0.7711290132869839	0.5974540392781218
2.516	-0.7764376021720437	0.6136480515496088
2.517	-0.7818949028678444	0.6302426234203673
2.518	-0.7875056432962908	0.6472502743483549
2.519	-0.7932742284332415	0.6646825702051599
2.52	-0.7992052316969246	0.6825515613692661
2.521	-0.8053034371291724	0.7008699085323403
2.522	-0.8115737079545887	0.7196505021983243
2.523	-0.8180209917641652	0.7389065086679316
2.524	-0.8246502476229373	0.7586511410155337
2.525	-0.8314664475425544	0.7788976780932035
2.526	-0.8384742902171022	0.7996587342542653
2.527	-0.8456784149555298	0.8209467738297559
2.528	-0.8530832168213434	0.8427736522223722
2.529	-0.8606922245653673	0.8651489720684968
2.53	-0.8685087376171421	0.8880817346298111
2.531	-0.8765346762397189	0.9115772976485792
2.532	-0.8847707616026854	0.9356378209814808
2.533	-0.8932157571255164	0.9602602120763901
2.534	-0.9018657449360566	0.9854341421431243
2.535	-0.9107128140451792	1.011138434856398
2.536	-0.9197442130357862	1.037338710866351
2.537	-0.9289388722256727	1.063977810628062
2.538	-0.9382670761507003	1.09097486180033
2.539	-0.9476887308205919	1.11822057199474
2.54	-0.9571567059499205	1.145586575515232
2.541	-0.9666225122072384	1.172941237191984
2.542	-0.9760414645150818	1.200163921205128
2.543	-0.9853750317180755	1.227151362150267
2.544	-0.9945907180010772	1.253817154340885
2.545	-1.003661249574383	1.280089330446286
2.546	-1.012563219320334	1.30590651604918
2.547	-1.021277094933877	1.331217843901539
2.548	-1.029786388245734	1.355980611504547
2.549	-1.038077347634943	1.380159412146476
2.55	-1.046138885257518	1.403725892120958
2.551	-1.053962115989277	1.426657508855751
2.552	-1.061540474737708	1.448937810420752
2.553	-1.068869445662367	1.470555708658954
2.554	-1.075945518441771	1.491502741380471
2.555	-1.082767647970261	1.511776862952694
2.556	-1.089335267451923	1.531377267927801
2.557	-1.095649265151141	1.550306914940807
2.558	-1.101711693783694	1.568571755088458
2.559	-1.107524703539958	1.586177989457872
2.56	-1.113091399893978	1.603134258894004
2.561	-1.118415504815025	1.619450752147577
2.562	-1.123500758262735	1.635137700319061
2.563	-1.128351281656623	1.650206278741982
2.564	-1.132971426003124	1.664668194680829
2.565	-1.137365534615814	1.678535130110648
2.566	-1.14153802858242	1.691818927788289
2.567	-1.145493285785272	1.704531251119145
2.568	-1.149235660501954	1.716683696151709
2.569	-1.152769484002079	1.7282877734175
2.57	-1.156098805082235	1.739354180920083
2.571	-1.159227600677194	1.749893416241214
2.572	-1.16215984753218	1.759915976121627
2.573	-1.164899363445783	1.769431907401826
2.574	-1.167449564071697	1.778450145238456
2.575	-1.169813804020956	1.786979459377209
2.576	-1.171995441778481	1.795028629869986
2.577	-1.173997735752308	1.802606157276838
2.578	-1.175823360799193	1.8097189550974
2.579	-1.177474863132978	1.816373589231442
2.58	-1.178954788967499	1.822576625578726
2.581	-1.180265684516597	1.828334630039022
2.582	-1.181410054950594	1.833654055863229
2.583	-1.182389898244918	1.838539982864424
2.584	-1.183206873456667	1.842996583856821
2.585	-1.1838626336867	1.847028016372298
2.586	-1.184358832035875	1.850638437942729
2.587	-1.18469712160194	1.853832006091547
2.588	-1.184878924118473	1.856612254699321
2.589	-1.184905195871344	1.858981470921084
2.59	-1.184776888251549	1.860941932601228
2.591	-1.184494952574355	1.862495917379325
2.592	-1.184060221517347	1.863645386547819
2.593	-1.183473169604752	1.864391347968142
2.594	-1.182734204066454	1.864734630679681
2.595	-1.181843733908248	1.864676068382746
2.596	-1.180802099664445	1.864216311322906
2.597	-1.179609187805956	1.863354807252853
2.598	-1.178264769779118	1.862090700155899
2.599	-1.176768617030268	1.86042313401535
2.6	-1.175120501005742	1.858351252814517
2.601	-1.173320197369965	1.855874210093387
2.602	-1.17136705074539	1.852990020334574
2.603	-1.169259984719125	1.849695591296475
2.604	-1.166997913413636	1.845987805952285
2.605	-1.164579750951392	1.841863547275198
2.606	-1.162004411454857	1.837319698238407
2.607	-1.159270809046499	1.832353141815106
2.608	-1.156377628130025	1.826960154943598
2.609	-1.153322940141589	1.821135400745583
2.61	-1.150104881007971	1.814873714950351
2.611	-1.146721589534887	1.808169940955534
2.612	-1.143171028353329	1.801018460003698
2.613	-1.139450824766885	1.793412772087386
2.614	-1.135558568502909	1.785346278235938
2.615	-1.131491835984773	1.77681234471354
2.616	-1.127247888312455	1.767803510098874
2.617	-1.122823712257838	1.758311592088649
2.618	-1.118216287161358	1.74832838882692
2.619	-1.113422592104696	1.737845697780637
2.62	-1.108439425831135	1.726854843784515
2.621	-1.103263261373931	1.715346296762009
2.622	-1.097890563168801	1.703310503559329
2.623	-1.092317795651464	1.690737911022677
2.624	-1.086541330153961	1.677618721852955
2.625	-1.080557445006317	1.663942896663349
2.626	-1.074362488184736	1.649700579729313
2.627	-1.067952792885961	1.634881876400749
2.628	-1.061324746597863	1.619477037378741
2.629	-1.054475151706263	1.603477410424412
2.63	-1.047400871066341	1.586874502967983
2.631	-1.040098850918978	1.569660043168374
2.632	-1.032566894839873	1.551828027278872
2.633	-1.024803245514544	1.533373612960729
2.634	-1.016806311012377	1.514292395052897
2.635	-1.00857603913391	1.494584044887799
2.636	-1.00011310593257	1.474250163041992
2.637	-0.9914185389062879	1.45329327962754
2.638	-0.9824958507777307	1.431722516032031
2.639	-0.973349546036931	1.409549627755287
2.64	-0.9639847377329881	1.38678798149387
2.641	-0.9544100341662324	1.363460249227276
2.642	-0.9446352360605209	1.339592288575002
2.643	-0.9346712380844989	1.315212872129356
2.644	-0.9245329881961952	1.290361657138774
2.645	-0.9142365662870703	1.265081363340303
2.646	-0.9038014625134119	1.239423982599986
2.647	-0.8932501412103906	1.213449659468642
2.648	-0.8826092185755957	1.187230039214931
2.649	-0.8719100660660714	1.16085002909045
2.65	-0.861189626185329	1.13441020055738
2.651	-0.8504902341089446	1.108026410755472
2.652	-0.8398569359367802	1.081822475066295
2.653	-0.8293319924509519	1.055914875588728
2.654	-0.8189505376498091	1.030400627105398
2.655	-0.8087386492353166	1.005351838585994
2.656	-0.798713906944012	0.9808172112182751
2.657	-0.7888874804654268	0.9568278025454895
2.658	-0.7792657942206541	0.9334016316813004
2.659	-0.7698518439313538	0.9105473176767594
2.66	-0.7606461358702276	0.8882666746078729
2.661	-0.7516475903782124	0.8665571892895161
2.662	-0.7428536170279491	0.8454122367923144
2.663	-0.7342610367819934	0.8248235925107981
2.664	-0.7258658272859193	0.8047807423224117
2.665	-0.717663678702399	0.7852723909487033
2.666	-0.7096499372797398	0.7662863072714517
2.667	-0.7018198111028244	0.7478098794208297
2.668	-0.6941684581812867	0.7298303580485362
2.669	-0.6866910177952239	0.7123349284074844
2.67	-0.6793826580223958	0.6953108485785585
2.671	-0.672238630466825	0.6787455914576322
2.672	-0.6652543368996615	0.6626270180599629
2.673	-0.6584252299560051	0.6469431219129246
2.674	-0.6517469609442762	0.6316824142323494
2.675	-0.6452153079402481	0.616833736173667
2.676	-0.6388258745516737	0.6023853708812784
2.677	-0.6325741770041011	0.5883252924018572
2.678	-0.6264568784421074	0.5746447661680159
2.679	-0.620470642400955	0.5613350126496639
2.68	-0.6146121681014922	0.5483873157311012
2.681	-0.6088782768124957	0.5357932603053958
2.682	-0.6032658933536462	0.5235446918933342
2.683	-0.5977720503586268	0.5116337324632425
2.684	-0.5923939965883467	0.500053057989118
2.685	-0.5871290053587369	0.4887954074623915
2.686	-0.5819744622280527	0.4778538099201213
2.687	-0.5769280188187366	0.4672219769647288
2.688	-0.5719873639336555	0.45689371502151
2.689	-0.5671501939650643	0.4468628502284784
2.69	-0.5624143964921298	0.4371237001053513
2.691	-0.557778054265014	0.4276710797557858
2.692	-0.5532392582574169	0.4184998247902013
2.693	-0.5487961154597227	0.4096048120126742
2.694	-0.5444469289215264	0.4009814183516445
2.695	-0.5401901296816495	0.3926253445720901
2.696	-0.5360241507005536	0.3845322961146554
2.697	-0.5319474433098157	0.3766980256661036
2.698	-0.527958648191162	0.3691187652153563
2.699	-0.524056514961656	0.361791019954077
2.7	-0.520239794428182	0.3547112979985392
2.701	-0.5165072376016797	0.3478761079934427
2.702	-0.5128576772886213	0.3412821654972151
2.703	-0.5092901334762241	0.3349266547754274
2.704	-0.5058036501972125	0.3288068191281041
2.705	-0.5023972714843151	0.3229199018552771
2.706	-0.4990700470079008	0.3172631604779415
2.707	-0.4958211480593879	0.3118341564954152
2.708	-0.4926498579618666	0.3066307291302839
2.709	-0.4895554636666857	0.3016507263370489
2.71	-0.48653725212519	0.2968919960702043
2.711	-0.4835945369753468	0.2923524528470196
2.712	-0.4807267695619449	0.2880303525723703
2.713	-0.4779334436769568	0.2839240554574669
2.714	-0.4752140530494374	0.2800319215423575
2.715	-0.4725680918216511	0.2763523119029226
2.716	-0.4699951119690688	0.2728837307781262
2.717	-0.4674947819041699	0.26962496981546
2.718	-0.4650667839841436	0.2665748549732441
2.719	-0.4627108005661805	0.2637322122098006
2.72	-0.4604265142616842	0.2610958681080273
2.721	-0.4582136601570121	0.2586647788720412
2.722	-0.4560720848765613	0.2564381767947643
2.723	-0.4540016488339576	0.254415328416442
2.724	-0.452002212442826	0.2525955002773195
2.725	-0.4500736361519028	0.2509779590026321
2.726	-0.4482158196178613	0.2495620681237314
2.727	-0.4464287635789925	0.2483474429170723
2.728	-0.4447124835889503	0.2473337360763371
2.729	-0.4430669952013911	0.2465206002952098
2.73	-0.4414923154315332	0.2459076918403907
2.731	-0.4399885206086719	0.245494815109869
2.732	-0.4385557650042333	0.2452819713224295
2.733	-0.4371942081344847	0.2452691751983704
2.734	-0.4359040095156921	0.2454564414579899
2.735	-0.4346853353537564	0.2458438014493591
2.736	-0.4335384319692809	0.246431489695854
2.737	-0.432463598488451	0.2472198765085983
2.738	-0.4314611349680497	0.2482093346743777
2.739	-0.4305313414648611	0.2494002369799776
2.74	-0.4296745397851576	0.2507930113524394
2.741	-0.4288911489860205	0.2523883368412266
2.742	-0.4281816152903719	0.2541869638777679
2.743	-0.4275463849223197	0.2561896428977339
2.744	-0.4269859043880564	0.2583971250031936
2.745	-0.4265006666827324	0.2608102818293161
2.746	-0.4260912603922593	0.2634302364514523
2.747	-0.4257582857274198	0.2662581429548583
2.748	-0.4255023428989962	0.2692951554247921
2.749	-0.4253240335570272	0.2725424313517967
2.75	-0.4252240396996021	0.2760013399760537
2.751	-0.4252031395681317	0.2796735076065562
2.752	-0.4252621161974302	0.2835605735066334
2.753	-0.4254017526223119	0.2876641769396091
2.754	-0.4256228321780197	0.2919859578544585
2.755	-0.425926205715382	0.2965277358232938
2.756	-0.4263128601819264	0.3012916968657433
2.757	-0.426783798168374	0.3062800695445015
2.758	-0.4273400222654469	0.3114950824222698
2.759	-0.4279825352455093	0.3169389645475728
2.76	-0.428712424576101	0.3226141724202363
2.761	-0.4295308942872321	0.3285234775533637
2.762	-0.4304391426270172	0.3346696368449728
2.763	-0.431438432846229	0.3410555832062607
2.764	-0.4325300897139807	0.3476844225962029
2.765	-0.4337156965442358	0.3545602691354608
2.766	-0.4349967983768182	0.3616869838046198
2.767	-0.4363748195365991	0.3690679219800013
2.768	-0.4378513906796644	0.3767070010700006
2.769	-0.4394282171996926	0.384608342067377
2.77	-0.4411070044903636	0.3927760659649002
2.771	-0.4428894579453572	0.4012142937553363
2.772	-0.4447773174479936	0.4099272396502126
2.773	-0.4467726045283003	0.4189198859926105
2.774	-0.4488774665784955	0.4281975598806064
2.775	-0.4510940513149201	0.437765589308393
2.776	-0.4534245064539161	0.4476293022701677
2.777	-0.4558709908274464	0.4577940566657899
2.778	-0.4584359397726783	0.4682659656140579
2.779	-0.461122056897574	0.479051878382953
2.78	-0.4639320558467001	0.4901586719350815
2.781	-0.4668686502646195	0.5015932232330347
2.782	-0.4699345618278811	0.5133624311961256
2.783	-0.4731327852332828	0.5254739427999782
2.784	-0.4764665932673648	0.5379361690280255
2.785	-0.4799392634319558	0.5507575342306219
2.786	-0.4835541029297692	0.5639465448381513
2.787	-0.4873146852403435	0.5775124384312635
2.788	-0.4912246907693373	0.5914647418671464
2.789	-0.4952878099792813	0.6058130079530281
2.79	-0.4995080771183224	0.6205677211978113
2.791	-0.5038910329601605	0.6357435478025445
2.792	-0.5084411297696778	0.6513521521714845
2.793	-0.513162835103688	0.6674052628229066
2.794	-0.5180608813858788	0.6839153661909364
2.795	-0.5231401641655976	0.7008954172799109
2.796	-0.5284057597351741	0.7183588988269334
2.797	-0.5338628068057202	0.7363194710920705
2.798	-0.539516569572504	0.7547911982581091
2.799	-0.5453723128020672	0.7737881784823231
2.8	-0.551435344347067	0.793324634700832
2.801	-0.5577108038152236	0.8134144278724446
2.802	-0.564203535774113	0.8340706771658343
2.803	-0.5709183502292909	0.8553064198015103
2.804	-0.5778593131970383	0.8771327891739599
2.805	-0.585029767211257	0.8995590215240135
2.806	-0.5924322491176617	0.9225922293844477
2.807	-0.600067392554415	0.9462344568208717
2.808	-0.6079342827439306	0.9704835928968714
2.809	-0.6160286054191847	0.9953283489418199
2.81	-0.6243421216970368	1.020746767126579
2.811	-0.6328609417228065	1.046701468863048
2.812	-0.6415625540236518	1.073131461938184
2.813	-0.6504155726682228	1.099951429601385
2.814	-0.6593789189205783	1.127049572769331
2.815	-0.6684062303300183	1.154299913189168
2.816	-0.6774514919144289	1.181577948239814
2.817	-0.6864731723572775	1.208772049328733
2.818	-0.6954356859500506	1.235787364543619
2.819	-0.7043088130345235	1.262544035578947
2.82	-0.7130668302547473	1.288974636402095
2.821	-0.7216874137467807	1.315021048810952
2.822	-0.7301517015569315	1.340634521003834
2.823	-0.7384432755657392	1.365772844276657
2.824	-0.7465486565847318	1.39040161835291
2.825	-0.7544562141457849	1.414491321263754
2.826	-0.762157039109521	1.438019583667069
2.827	-0.7696436381836513	1.460967740381604
2.828	-0.776911246153154	1.483324238764669
2.829	-0.7839557098526847	1.505079117645911
2.83	-0.790775049853317	1.526228051282636
2.831	-0.7973685084614663	1.546769868335602
2.832	-0.8037359132472629	1.566704907165357
2.833	-0.8098788271688221	1.586037950449328
2.834	-0.8157991383598835	1.604774606084832
2.835	-0.8214990958073574	1.622921401460849
2.836	-0.8269820361635916	1.64048760073645
2.837	-0.8322514445193497	1.657482826376754
2.838	-0.8373109325958337	1.67391701579691
2.839	-0.8421645849957443	1.689801244359722
2.84	-0.8468165413433356	1.705146694409146
2.841	-0.8512709710679165	1.719964616802064
2.842	-0.8555321416098334	1.734266437230143
2.843	-0.8596042786402096	1.748063430722001
2.844	-0.8634916152031108	1.761366889024841
2.845	-0.8671983048968608	1.774187835834096
2.846	-0.8707283064848353	1.7865367248547
2.847	-0.8740855656028537	1.798423973053514
2.848	-0.8772740211377149	1.809859975812003
2.849	-0.8802973868346015	1.82085447935318
2.85	-0.883159117551699	1.831416507558173
2.851	-0.8858626546209755	1.841555048020942
2.852	-0.8884114479432933	1.85127911071973
2.853	-0.8908087673255414	1.860597200695673
2.854	-0.8930574354811407	1.869516596485826
2.855	-0.8951602296212109	1.878044452888051
2.856	-0.8971199269568704	1.886187924700208
2.857	-0.8989393046992388	1.89395416672016
2.858	-0.900621057638273	1.901350107740239
2.859	-0.9021674247410792	1.908381432860503
2.86	-0.9035805458715881	1.915053561758574
2.861	-0.9048625656263937	1.921371927265038
2.862	-0.9060156213320929	1.927341942253329
2.863	-0.9070416336970946	1.932968432465843
2.864	-0.9079422783931691	1.938255564863333
2.865	-0.9087192182264809	1.943207472411288
2.866	-0.9093741158415551	1.947828287631227
2.867	-0.9099085297379712	1.952121863014331
2.868	-0.9103237406030432	1.956091307580827
2.869	-0.9106209836924133	1.959739609502799
2.87	-0.910801494261724	1.963069756952329
2.871	-0.9108664974005076	1.966084709897828
2.872	-0.9108169655529277	1.968786755432982
2.873	-0.9106536893692213	1.971177699696878
2.874	-0.9103774572133433	1.973259342821813
2.875	-0.9099890574492479	1.975033484940092
2.876	-0.9094892779753331	1.976501924946449
2.877	-0.9088787565437907	1.977666064253329
2.878	-0.9081578791512475	1.978526640579382
2.879	-0.9073270252562026	1.979084375419228
2.88	-0.9063865743171556	1.979339990267491
2.881	-0.9053368693222579	1.979294110165757
2.882	-0.9041780342406187	1.978946785326582
2.883	-0.902910111718781	1.978297854132342
2.884	-0.9015331442707972	1.977347154641491
2.885	-0.9000471776090572	1.976094532872115
2.886	-0.8984520917674209	1.9745394018
2.887	-0.8967475429270043	1.972680592018579
2.888	-0.8949331767861313	1.970516906925684
2.889	-0.893008639043125	1.968047149919144
2.89	-0.8909735753963113	1.965270124396795
2.891	-0.8888275488414339	1.962184417979354
2.892	-0.8865698147749788	1.958787818464781
2.893	-0.8841995598742105	1.955077935874108
2.894	-0.8817159708334087	1.951052380273709
2.895	-0.8791182343468504	1.946708761729952
2.896	-0.8764054900370477	1.942044568350394
2.897	-0.8735765714835597	1.937056494469487
2.898	-0.8706301917111678	1.931740921502028
2.899	-0.8675650635026564	1.926094230232856
2.9	-0.8643798996408113	1.920112801446819
2.901	-0.8610733707340259	1.913792906372615
2.902	-0.857643810830743	1.90712994143279
2.903	-0.8540893941548238	1.90011888744531
2.904	-0.8504082940159783	1.892754722847838
2.905	-0.846598683723916	1.885032426078031
2.906	-0.8426586863783714	1.876946846010791
2.907	-0.8385860781122135	1.868491930662247
2.908	-0.8343784971683387	1.859661266890381
2.909	-0.8300335820100605	1.850448441995413
2.91	-0.8255489586735016	1.840847010811394
2.911	-0.8209220012688641	1.830849870340144
2.912	-0.8161498510613653	1.820449309784229
2.913	-0.8112296407053516	1.809637595886997
2.914	-0.8061584999582524	1.798406987870623
2.915	-0.8009333862245261	1.786749295006855
2.916	-0.7955510120518499	1.774655684802292
2.917	-0.7900080739429618	1.762117282244725
2.918	-0.7843012683764449	1.749125212258585
2.919	-0.7784271826875346	1.735670313118316
2.92	-0.7723822818867574	1.721743100774868
2.921	-0.7661630710719736	1.707334195963318
2.922	-0.7597660553410513	1.692434219418766
2.923	-0.7531877099127172	1.677033712601424
2.924	-0.7464246423272142	1.66112356187829
2.925	-0.7394736728283905	1.644695212521637
2.926	-0.7323316177094431	1.627740099245008
2.927	-0.7249955012078761	1.610250200981943
2.928	-0.7174631117805267	1.59221950756666
2.929	-0.7097323562830311	1.573642320922097
2.93	-0.7018013024812738	1.554513364937375
2.931	-0.6936693260283583	1.534830808697354
2.932	-0.6853363978590742	1.514594393031988
2.933	-0.6768027070024218	1.49380443204694
2.934	-0.6680704188536372	1.472466457806206
2.935	-0.659142669731042	1.450588571143622
2.936	-0.6500229339472611	1.4281797626082
2.937	-0.6407174676574182	1.405256388952204
2.938	-0.6312338520416423	1.381838327583484
2.939	-0.6215802101785449	1.357946889001165
2.94	-0.6117680117219899	1.33361229646523
2.941	-0.6018100242173432	1.30886825370097
2.942	-0.5917206970195238	1.283752972479579
2.943	-0.5815179109581744	1.258313959017296
2.944	-0.5712208122949332	1.2326021724952
2.945	-0.5608529279345166	1.206680628420272
2.946	-0.5504404406019847	1.180619720247952
2.947	-0.5400156731221812	1.154507029591893
2.948	-0.5296150855852853	1.128441802105845
2.949	-0.519280675274072	1.10253903710642
2.95	-0.5090553769620666	1.076916735412089
2.951	-0.498978648993646	1.051683611941218
2.952	-0.4890821171481222	1.026926944855076
2.953	-0.4793883951380978	1.002709218670358
2.954	-0.4699126169212427	0.9790723274691938
2.955	-0.4606638103135029	0.9560413700710316
2.956	-0.4516465345996746	0.9336291780625227
2.957	-0.4428623350693078	0.911840328113236
2.958	-0.4343105711971237	0.8906734221150591
2.959	-0.4259889932637786	0.8701226736171392
2.96	-0.4178943452244951	0.8501795557633088
2.961	-0.4100224905581261	0.8308331471308021
2.962	-0.4023688861666706	0.8120714207555985
2.963	-0.3949286512094611	0.7938814302916655
2.964	-0.3876966746136529	0.776249599485817
2.965	-0.3806677929736006	0.7591622075291758
2.966	-0.373836840850852	0.7426055145550092
2.967	-0.3671986800461791	0.7265658508118497
2.968	-0.3607482409205804	0.7110297239931989
2.969	-0.3544806714399949	0.695984211248428
2.97	-0.3483911577040594	0.6814164901084151
2.971	-0.3424750356094134	0.6673141316982119
2.972	-0.3367279772018346	0.6536655913539625
2.973	-0.3311456962582018	0.6404594342649582
2.974	-0.3257240016161344	0.6276844755227988
2.975	-0.3204590386236872	0.6153304150053995
2.976	-0.3153463409560737	0.6033852758722432
2.977	-0.310381284855348	0.5918367236910188
2.978	-0.3055610772195048	0.5806774107162669
2.979	-0.3008828446625081	0.5698997050705011
2.98	-0.2963437302855522	0.5594959937176106
2.981	-0.2919409766345173	0.5494589007430501
2.982	-0.2876718912947644	0.5397812154229613
2.983	-0.283533983727551	0.5304562466398844
2.984	-0.2795248117588098	0.5214774284611627
2.985	-0.2756420151397265	0.5128384075915202
2.986	-0.2718834973330791	0.5045335164564264
2.987	-0.2682472119870719	0.4965572181368733
2.988	-0.264731115090533	0.4889039817507492
2.989	-0.2613333260207981	0.4815687013119502
2.99	-0.2580522145583482	0.4745469230464145
2.991	-0.2548861707627762	0.4678342460820339
2.992	-0.2518335846936704	0.4614262695466904
2.993	-0.2488928875845605	0.4553186994232097
2.994	-0.2460627784331365	0.4495079378283373
2.995	-0.2433420584732931	0.443990653315732
2.996	-0.2407295288578913	0.4387635142501658
2.997	-0.2382239914655298	0.4338231908822852
2.998	-0.2358243704870174	0.4291666714150128
2.999	-0.2335297633149725	0.4247913944955717
3	-0.2313392661500782	0.4206947957457953
