DataType=double
version=3
OpenSimVersion=4.5
endheader
time	foot_tibia_rz	tibia_femur_rz
0	0	0
0.001	-0.0001587558701265411	0.0003645242871270971
0.002	-0.0005414593979652876	0.001243017516682837
0.003	-0.001065053982414544	0.00244453620563445
0.004	-0.001690142734875369	0.003878555611805505
0.005	-0.002398046531290387	0.005502210537257238
0.006	-0.003179970517993438	0.007295384477689543
0.007	-0.00403181110709043	0.009248767863803213
0.008	-0.004951698280624126	0.01135820479515971
0.009000000000000001	-0.005938848253993745	0.01362205332085895
0.01	-0.00699298343804659	0.01603984971779608
0.011	-0.008114083776753865	0.01861173578867148
0.012	-0.00930226390826939	0.02133817656753737
0.013	-0.01055769994221463	0.02421979011240599
0.014	-0.0118806119091594	0.02725730703397729
0.015	-0.01327125013518869	0.03045154151108196
0.016	-0.01472989268250394	0.03380338581180745
0.017	-0.01625682022178667	0.03731374022537378
0.018	-0.01785234719859669	0.04098360490480821
0.019	-0.01951681317500342	0.04481405291161023
0.02	-0.02125055727603541	0.0488061560679247
0.021	-0.02305391030112353	0.05296096405487771
0.022	-0.02492728723425457	0.05727976970399355
0.023	-0.02687113177528955	0.06176394806881925
0.024	-0.02888588762408949	0.06641487420290178
0.025	-0.03097199848051541	0.07123392315978816
0.026	-0.03312990804442831	0.07622246999302534
0.027	-0.03536008134496698	0.08138195025831914
0.028	-0.0376630800890585	0.08671407324425341
0.029	-0.04003946628284256	0.09222054856226268
0.03	-0.04248980569143205	0.09790309620002313
0.031	-0.04501470726417111	0.1037635562910013
0.032	-0.04761497510706383	0.1098045174960913
0.033	-0.05029185753045366	0.1160303117471887
0.034	-0.05304605183854504	0.1224430696283098
0.035	-0.05587832415586343	0.1290450409585225
0.036	-0.05878947679413889	0.1358385727449472
0.037	-0.06178031206510153	0.142826011994704
0.038	-0.06485163228048145	0.1500097057149133
0.039	-0.06800425424160399	0.1573920407942394
0.04	-0.07123912077437199	0.1649757457520947
0.041	-0.07455722987642169	0.1727636945419375
0.042	-0.07795957884875224	0.1807587589160499
0.043	-0.08144717721054028	0.1889638429319564
0.044	-0.08502115286088158	0.1973821656472348
0.045	-0.0886826996103285	0.2060171222467021
0.046	-0.09243301195469825	0.2148721097658624
0.047	-0.09627329521444045	0.2239505538423081
0.048	-0.100204917156933	0.2332563106417666
0.049	-0.1042293358047117	0.2427934756902252
0.05	-0.1083480095580469	0.2525661455162866
0.051	-0.1125623969543003	0.2625784169582322
0.052	-0.1168740538594457	0.2728346427909943
0.053	-0.1212847665362743	0.2833397847998879
0.054	-0.1257963533335965	0.2940988899353528
0.055	-0.1304106326002225	0.3051170051478284
0.056	-0.1351294367047818	0.316399214001483
0.057	-0.1399548327306616	0.3279512180731732
0.058	-0.1448890792677132	0.3397792252417136
0.059	-0.1499344403317282	0.3518894578284271
0.06	-0.1550931798552318	0.3642881378900031
0.061	-0.160367683746326	0.376981807237465
0.062	-0.1657607019657105	0.3899779688405162
0.063	-0.1712750499188873	0.4032842993725319
0.064	-0.1769135430113587	0.4169084755068878
0.065	-0.182679028322813	0.4308582565680267
0.066	-0.1885747440323278	0.4451424329350671
0.067	-0.1946041857555176	0.4597704773772723
0.068	-0.2007708533322692	0.4747518739758214
0.06900000000000001	-0.207078248459227	0.4900961116335939
0.07000000000000001	-0.2135301230823144	0.5058133388410666
0.07100000000000001	-0.2201307268518621	0.5219150201487733
0.07200000000000001	-0.2268843680761102	0.5384127757606353
0.073	-0.2337953550632992	0.5553182258805728
0.074	-0.2408681405056384	0.5726433715192388
0.075	-0.2481076328738787	0.5904014090348991
0.076	-0.2555187361603234	0.6086055123135377
0.077	-0.2631070061594076	0.6272705372795671
0.078	-0.2708789010900734	0.6464137719047977
0.079	-0.2788400358048711	0.6660503217918615
0.08	-0.2869962840666849	0.6861959973957964
0.081	-0.2953536975596249	0.7068670908889498
0.082	-0.3039184989101584	0.7280803583214911
0.083	-0.3126969990887636	0.7498527976157663
0.08400000000000001	-0.3216954574928567	0.7722012831158717
0.08500000000000001	-0.3309201290622349	0.7951426790561771
0.08600000000000001	-0.3403771297413987	0.8186934897259028
0.08700000000000001	-0.3500719528250892	0.8428685701870989
0.08799999999999999	-0.3600099527906946	0.8676824079001554
0.089	-0.3701953324547574	0.8931464168497064
0.09	-0.3806311953495595	0.9192690641402155
0.091	-0.3913191853264609	0.9460548900723166
0.092	-0.4022582236449058	0.9735010788628964
0.093	-0.4134442613962746	1.001596748757283
0.094	-0.4248684628163086	1.030317972709332
0.095	-0.4365147958149578	1.059621122277585
0.096	-0.4483593192029601	1.089440874213953
0.097	-0.4603673631943985	1.119682503263262
0.098	-0.4724971475683498	1.150231989793898
0.099	-0.484704692169207	1.180969720842562
0.1	-0.4969487587963065	1.211784210922908
0.101	-0.5091927236458895	1.242577153587965
0.102	-0.5214039944978036	1.273261632668745
0.103	-0.5335533799761384	1.303760238491468
0.104	-0.5456146093431329	1.334003608238022
0.105	-0.5575640921419882	1.363929654939034
0.106	-0.5693805910044786	1.393482624449822
0.107	-0.5810458348676594	1.422614680759089
0.108	-0.592543639420963	1.45128353681808
0.109	-0.6038612581647551	1.479456016106102
0.11	-0.6149874878518673	1.507103025038206
0.111	-0.6259143958449099	1.534204109582047
0.112	-0.6366356744316625	1.560743103907761
0.113	-0.6471473475007776	1.586709986722346
0.114	-0.6574471479171782	1.612099237310656
0.115	-0.66753417900572	1.636908938600479
0.116	-0.6774094112159066	1.661142077473276
0.117	-0.6870741183002718	1.684802436312852
0.118	-0.6965310211628893	1.707897587276734
0.119	-0.7057835241045709	1.730436887546611
0.12	-0.7148352557751222	1.752430278957463
0.121	-0.7236906297646267	1.773889742384409
0.122	-0.7323541886831002	1.794827590111539
0.123	-0.7408306553184684	1.815256597309606
0.124	-0.7491249633655724	1.835190070475133
0.125	-0.7572420458342575	1.854641310744676
0.126	-0.7651868578818092	1.873623662301958
0.127	-0.772964287978483	1.892150278725786
0.128	-0.7805792114578731	1.910234276922199
0.129	-0.7880363480165516	1.927888348894103
0.13	-0.795340256335728	1.945124753953551
0.131	-0.80249548710633	1.961955729918405
0.132	-0.8095064097975359	1.978393028441847
0.133	-0.8163771194656188	1.994447670288034
0.134	-0.82311168842421	2.010130616177998
0.135	-0.8297140897071724	2.025452562637852
0.136	-0.836187959626398	2.040423313719445
0.137	-0.8425368633136721	2.05505248564941
0.138	-0.8487643330421483	2.069349607673653
0.139	-0.8548736087786203	2.083323437357703
0.14	-0.8608677783385101	2.096982331632518
0.141	-0.866749922908118	2.110334629989865
0.142	-0.8725229382694661	2.123388184217471
0.143	-0.8781894952560465	2.136150255365565
0.144	-0.8837522513996127	2.148628069667367
0.145	-0.8892137810600883	2.160828635304969
0.146	-0.8945764117738085	2.17275831413076
0.147	-0.8998424263474183	2.184423351055896
0.148	-0.905014091228951	2.195829948230902
0.149	-0.9100934686350201	2.20698377459289
0.15	-0.9150824867901283	2.21789014945831
0.151	-0.9199830718014077	2.228554386624753
0.152	-0.9247971322233244	2.238981754274973
0.153	-0.9295263817637853	2.249177013855459
0.154	-0.9341724169614699	2.259144621844078
0.155	-0.938736833111622	2.268889031465274
0.156	-0.9432212172507604	2.27841467468149
0.157	-0.9476270129006482	2.287725611674499
0.158	-0.9519555464284906	2.296825597402892
0.159	-0.9562081412153434	2.305718378876111
0.16	-0.960386117424354	2.314407694735336
0.161	-0.9644906941723196	2.322897021475357
0.162	-0.9685229754633857	2.331189537459548
0.163	-0.9724840594304061	2.339288405909333
0.164	-0.9763750439774966	2.347196789498289
0.165	-0.9801969679476051	2.354917698972594
0.166	-0.9839507407774238	2.362453809858326
0.167	-0.987637255146513	2.369807754003269
0.168	-0.9912574037344321	2.376982163255207
0.169	-0.9948120779658818	2.383979666281928
0.17	-0.9983020962179942	2.39080270407787
0.171	-1.001728172874405	2.397453447921377
0.172	-1.005091015319669	2.403934050487665
0.173	-1.008391330938338	2.410246664451948
0.174	-1.011629825650137	2.416393438717944
0.175	-1.014807140618464	2.422376354597932
0.176	-1.017923845145592	2.428197206298886
0.177	-1.020980507307114	2.433857784577275
0.178	-1.023977695139576	2.439359880093874
0.179	-1.026915949425634	2.444705213335704
0.18	-1.029795741503171	2.449895323146594
0.181	-1.032617532306897	2.454931720468252
0.182	-1.035381782771519	2.459815916242385
0.183	-1.038088944945784	2.464549398860832
0.184	-1.04073940556564	2.469133484711048
0.185	-1.043333523968897	2.473569416578317
0.186	-1.045871659438426	2.477858437092955
0.187	-1.048354171257101	2.482001788885276
0.188	-1.050781410888053	2.486000694445821
0.189	-1.053153668354923	2.489856213586366
0.19	-1.055471206098481	2.493569330464733
0.191	-1.057734286532041	2.497141029032693
0.192	-1.059943172068916	2.500572293242013
0.193	-1.06209812265265	2.503864100619734
0.194	-1.064199355560218	2.507017313503432
0.195	-1.06624705323816	2.510032697098444
0.196	-1.068241397230472	2.512911013796828
0.197	-1.070182569081152	2.515653025990641
0.198	-1.072070748551274	2.518259491347335
0.199	-1.073906074802409	2.520731058153014
0.2	-1.075688673554775	2.523068334962737
0.201	-1.077418664649916	2.525271912636073
0.202	-1.079096154198989	2.527342343481471
0.203	-1.080721250553087	2.529280192524481
0.204	-1.082294786992263	2.531088408699489
0.205	-1.083817143905406	2.532768455938537
0.206	-1.085288277135637	2.534320410535273
0.207	-1.086708168501297	2.535744440426877
0.208	-1.088076806564709	2.53704073927178
0.209	-1.089394179186458	2.53820950350108
0.21	-1.090660271233843	2.539250922867134
0.211	-1.091875064251367	2.540165178387245
0.212	-1.093038526271676	2.540952412815616
0.213	-1.094150622672275	2.54161276118555
0.214	-1.095211319083292	2.542146359672534
0.215	-1.096220564270888	2.542553295075277
0.216	-1.097178290478541	2.542833604373782
0.217	-1.098084429591645	2.542987323446955
0.218	-1.098938913495596	2.543014488173697
0.219	-1.099741674588744	2.54291513615745
0.22	-1.100492626584861	2.54268924915817
0.221	-1.101191655328789	2.542336724177217
0.222	-1.101838645169285	2.541857453622151
0.223	-1.102433480455106	2.541251329900533
0.224	-1.102976045535007	2.540518245419925
0.225	-1.103466224757745	2.53965809258789
0.226	-1.10390389321852	2.538670734685812
0.227	-1.104288895174768	2.537555939638363
0.228	-1.104621078143117	2.53631348716135
0.229	-1.10490029005595	2.53494315832761
0.23	-1.105126372233135	2.533444714876941
0.231	-1.105299161598164	2.531817905815733
0.232	-1.105418500194772	2.530062497507463
0.233	-1.105484142017262	2.528177968180933
0.234	-1.10549499647286	2.526161032480867
0.235	-1.105450646032457	2.52401062637026
0.236	-1.105350850378252	2.521726267918067
0.237	-1.105195348323309	2.519307407743496
0.238	-1.104983853041344	2.516753414974569
0.239	-1.104716067579236	2.514063627279144
0.24	-1.104391669966646	2.511237305692846
0.241	-1.104010333954834	2.508273698204846
0.242	-1.103571721256752	2.505172016331985
0.243	-1.103075460657139	2.501931372884965
0.244	-1.102521176486173	2.49855086738951
0.245	-1.101908496445848	2.495029609044735
0.246	-1.101237034491	2.491366665006973
0.247	-1.100506338302621	2.487560908198774
0.248	-1.099715948425316	2.483611190769587
0.249	-1.098865405403688	2.479516364868862
0.25	-1.097954249782342	2.475275282646051
0.251	-1.096982022203822	2.470886796480456
0.252	-1.095948239076449	2.46634968616264
0.253	-1.094852333819891	2.46166249176318
0.254	-1.09369372358398	2.456823707374912
0.255	-1.092471825518547	2.451831827090671
0.256	-1.091186056773424	2.446685345003292
0.257	-1.089835834498443	2.44138275520561
0.258	-1.088420545118582	2.435922464801433
0.259	-1.086939482734844	2.430302619022332
0.26	-1.085391941196213	2.424521362029537
0.261	-1.083777214845312	2.418576839363318
0.262	-1.082094577297656	2.412467137350145
0.263	-1.080343229794588	2.406190139864286
0.264	-1.078522358451159	2.39974368908382
0.265	-1.076631152287044	2.393125635115088
0.266	-1.074668772347489	2.386333749477439
0.267	-1.07263426143364	2.379365476746063
0.268	-1.070526646172528	2.372218216937225
0.269	-1.068344953191184	2.364889370067186
0.27	-1.066088209117999	2.357376336155824
0.271	-1.063755414651479	2.349676442887581
0.272	-1.061345415012569	2.341786591368472
0.273	-1.058857004401722	2.333703543844336
0.274	-1.05628897701939	2.325424062561011
0.275	-1.053640127066025	2.316944909764334
0.276	-1.050909232701342	2.308262803758832
0.277	-1.048094911029781	2.299374023524285
0.278	-1.045195691916575	2.290274611350523
0.279	-1.042210104864781	2.280960608637087
0.28	-1.039136678468028	2.271428054304683
0.281	-1.03597384112889	2.261672715612907
0.282	-1.032719849469024	2.251689894376616
0.283	-1.029372944082159	2.241474849009919
0.284	-1.025931365878239	2.23102283878513
0.285	-1.022393294139014	2.220328956545062
0.286	-1.018756654930484	2.209387610424057
0.287	-1.015019317201234	2.198193054008214
0.288	-1.011179149899852	2.186739540883629
0.289	-1.007234012696635	2.175021299844779
0.29	-1.003181534233667	2.16303193638322
0.291	-0.9990191160458098	2.150764441337646
0.292	-0.9947441508280274	2.138211781529876
0.293	-0.9903540313027046	2.125366923858434
0.294	-0.9858460635393351	2.11222260242984
0.295	-0.9812171606412425	2.098770487627013
0.296	-0.976464129436322	2.085001960748195
0.297	-0.9715837767524691	2.070908403091624
0.298	-0.966572900123248	2.056481171550184
0.299	-0.9614279926450463	2.04171079975469
0.3	-0.9561451896301874	2.026586843898284
0.301	-0.9507206064190359	2.011098804909579
0.302	-0.9451503583519565	1.995236183717188
0.303	-0.9394304564022821	1.978988200399872
0.304	-0.9335564214309792	1.962342728451308
0.305	-0.9275236306687492	1.945287238288368
0.306	-0.9213274613298535	1.927809200254335
0.307	-0.9149632738099504	1.909896039791309
0.308	-0.9084260978459637	1.891534269076557
0.309	-0.9017107384679309	1.872709741577529
0.31	-0.8948120078376611	1.853408323807831
0.311	-0.8877247059019627	1.833615849302279
0.312	-0.880443468208624	1.813317667541024
0.313	-0.8729630174262105	1.792499276759846
0.314	-0.8652781249561349	1.771146296419445
0.315	-0.8573835520336865	1.749244304115614
0.316	-0.849274500632377	1.726779938772526
0.317	-0.8409465516017076	1.703740796980632
0.318	-0.8323953123846966	1.680114535403623
0.319	-0.8236174883246573	1.655891602201853
0.32	-0.8146107746551408	1.631064994567636
0.321	-0.8053729991421421	1.605628048499513
0.322	-0.7959039775102533	1.579579237078359
0.323	-0.7862051931736612	1.552921369130087
0.324	-0.7762786942670576	1.525658719481554
0.325	-0.7661301100721389	1.497804902924572
0.326	-0.7557665161294377	1.469377318287778
0.327	-0.7451967626878658	1.440398003005756
0.328	-0.7344343317678067	1.410901146321907
0.329	-0.7234936017206495	1.380923293798024
0.33	-0.7123924823181547	1.350510283872917
0.331	-0.7011522995717924	1.319716992582101
0.332	-0.6897959141650428	1.28860236603662
0.333	-0.6783503043451306	1.257236393843371
0.334	-0.6668440348585175	1.225693379109139
0.335	-0.6553099126717974	1.194059328004535
0.336	-0.643783815404206	1.162428864690339
0.337	-0.6323070429118198	1.130911982916133
0.338	-0.6209249500591582	1.099630410694602
0.339	-0.6096837131233896	1.06870876586832
0.34	-0.5986240497665399	1.038257122308262
0.341	-0.5877765814578196	1.008358048590929
0.342	-0.5771619732320032	0.9790669054884332
0.343	-0.5667928691765706	0.9504171735942006
0.344	-0.5566760016961773	0.9224262743872059
0.345	-0.5468138055856534	0.8951000274262489
0.346	-0.5372060618808087	0.8684371316554657
0.347	-0.5278503189386277	0.8424303294339771
0.348	-0.5187426097656049	0.8170683577004385
0.349	-0.5098780604182467	0.7923375707243007
0.35	-0.5012509972989735	0.7682222463200171
0.351	-0.4928553228723001	0.7447055746872502
0.352	-0.4846846502040487	0.7217700270973157
0.353	-0.4767324546552388	0.6993977571343286
0.354	-0.4689921884611251	0.677570877602955
0.355	-0.4614573769704091	0.6562717597450257
0.356	-0.4541216154776604	0.6354829763036288
0.357	-0.4469786608711197	0.6151875649828671
0.358	-0.4400219332330286	0.5953676926318937
0.359	-0.4332451274051409	0.5760063759961996
0.36	-0.4266430112996339	0.5570895177472903
0.361	-0.4202104064790287	0.5386031441812428
0.362	-0.4139422515588208	0.5205335933474947
0.363	-0.4078336868641457	0.5028677494259882
0.364	-0.4018800137809769	0.4855929334849275
0.365	-0.3960767528935903	0.4686970615706958
0.366	-0.390419716568779	0.4521688413544421
0.367	-0.3849047361914301	0.4359970320814581
0.368	-0.3795278617515766	0.4201709851180268
0.369	-0.3742854920761687	0.4046809965438173
0.37	-0.3691740565267195	0.3895174451079267
0.371	-0.3641900578076392	0.3746709074738047
0.372	-0.3593303756022261	0.3601329794403661
0.373	-0.3545920075946694	0.3458955762365138
0.374	-0.3499719514810239	0.3319506131234976
0.375	-0.3454673028800038	0.3182902689057947
0.376	-0.3410755033781144	0.3049076567319033
0.377	-0.33679406620796	0.2917960843539662
0.378	-0.3326205045806893	0.2789488594673281
0.379	-0.3285524454639853	0.2663596035685383
0.38	-0.3245874230705289	0.2540212525516744
0.381	-0.3207230727986994	0.2419271574801189
0.382	-0.3169573751728892	0.2300718574486564
0.383	-0.3132884730170622	0.2184503304196475
0.384	-0.3097145100312181	0.2070575567220531
0.385	-0.3062336299153571	0.1958885166848339
0.386	-0.3028440240812151	0.184938319446762
0.387	-0.2995441224567535	0.1742027201526506
0.388	-0.2963324067065606	0.1636776155209664
0.389	-0.2932073569966275	0.1533588982624346
0.39	-0.290167462751962	0.1432424859073884
0.391	-0.287211347712708	0.1333246604208271
0.392	-0.284337732322586	0.1236019693990078
0.393	-0.2815453387180845	0.1140709653826488
0.394	-0.2788328891148836	0.1047282009774327
0.395	-0.276199168114372	0.09557039848301915
0.396	-0.2736430965990036	0.08659465721760132
0.397	-0.2711636123845817	0.07779812394543678
0.398	-0.2687596532869099	0.06917794543078315
0.399	-0.2664301571217919	0.06073126843789807
0.4	-0.2641741009379334	0.05245534706601739
0.401	-0.2619905901519674	0.04434779323497071
0.402	-0.2598787536429498	0.03640628664668748
0.403	-0.2578377202825484	0.02862850698418945
0.404	-0.2558666189424312	0.02101213393049837
0.405	-0.253964589886742	0.01355487927594506
0.406	-0.2521308641281299	0.006254712858662418
0.407	-0.2503647083013714	-0.0008902923749784684
0.408	-0.2486653883873134	-0.007882065210578671
0.409	-0.2470321704079165	-0.01472253431871914
0.41	-0.2454643568069464	-0.02141352497064389
0.411	-0.243961298815752	-0.02795672044010674
0.412	-0.2425222567596833	-0.03435411145028319
0.413	-0.2411460432413371	-0.04060923373563058
0.414	-0.2398319527512284	-0.04672400128946728
0.415	-0.2385794136257201	-0.0526998877028697
0.416	-0.2373878591703961	-0.05853835152941035
0.417	-0.2362567247146108	-0.06424084543114406
0.418	-0.2351854784525912	-0.06980872279941384
0.419	-0.2341736152128766	-0.07524325452827954
0.42	-0.2332206305866177	-0.08054570900960129
0.421	-0.2323260202020764	-0.08571735505294761
0.422	-0.23148931016068	-0.0907593663819997
0.423	-0.2307100588678985	-0.09567281329730357
0.424	-0.2299878257409273	-0.1004587627996205
0.425	-0.2293221701969616	-0.1051182818897116
0.426	-0.2287126517451993	-0.1096524372865462
0.427	-0.2281588491694865	-0.1140622338846718
0.428	-0.2276603764613507	-0.1183485599769805
0.429	-0.2272168503339584	-0.1225122938249771
0.43	-0.2268278875004756	-0.1265543136901664
0.431	-0.2264931048338555	-0.1304754973504051
0.432	-0.2262121350811774	-0.1342766700321528
0.433	-0.2259846386028771	-0.1379585614268386
0.434	-0.2258102783581444	-0.14152189146794
0.435	-0.2256887173061692	-0.1449673800889346
0.436	-0.2256196185873691	-0.1482957465833553
0.437	-0.2256026583143613	-0.1515076634831734
0.438	-0.2256375340066882	-0.1546037255836834
0.439	-0.2257239451853324	-0.1575845203397575
0.44	-0.2258615913712766	-0.1604506352062681
0.441	-0.2260501734980621	-0.1632026527353383
0.442	-0.2262894128942577	-0.1658410827159379
0.443	-0.2265790365060784	-0.1683664116798753
0.444	-0.2269187711853538	-0.1707791256314117
0.445	-0.2273083540246545	-0.1730796719477671
0.446	-0.2277475261182798	-0.1752684828154856
0.447	-0.2282360350100963	-0.1773459656610211
0.448	-0.2287736349656635	-0.1793125019887434
0.449	-0.2293600784359172	-0.1811684804364874
0.45	-0.2299951349654459	-0.1829142230305925
0.451	-0.2306785814094985	-0.18455002327721
0.452	-0.231410194623324	-0.1860761746824912
0.453	-0.2321897514621715	-0.1874929707525876
0.454	-0.2330170290795473	-0.1888007038379677
0.455	-0.2338918166061988	-0.1899996193723932
0.456	-0.2348139187321614	-0.1910899014663477
0.457	-0.2357831411653586	-0.1920717301716489
0.458	-0.236799289613714	-0.1929452855401142
0.459	-0.2378621697851514	-0.1937107476235613
0.46	-0.2389715884178652	-0.1943682922699894
0.461	-0.2401273679073098	-0.1949180350069941
0.462	-0.2413293428265404	-0.195360046284047
0.463	-0.2425773480691434	-0.1956943954720224
0.464	-0.243871218528705	-0.1959211519417947
0.465	-0.2452107890988118	-0.1960403850642383
0.466	-0.2465958979770324	-0.1960521499930069
0.467	-0.2480263987508848	-0.1959564427807028
0.468	-0.2495021488817039	-0.1957532483208696
0.469	-0.2510230058041591	-0.1954425516793042
0.47	-0.252588830564657	-0.1950243256172185
0.471	-0.2541994974973404	-0.1944984962669005
0.472	-0.2558548837966717	-0.1938649792336856
0.473	-0.2575548666328996	-0.1931236902020301
0.474	-0.2592993227216796	-0.1922745460985343
0.475	-0.2610881479890136	-0.1913173996563172
0.476	-0.2629212465965072	-0.1902520762771261
0.477	-0.264798522705766	-0.189078401362708
0.478	-0.2667198804783957	-0.1877962003148103
0.479	-0.2686852240760021	-0.1864052985351801
0.48	-0.270694462317183	-0.1849055072861414
0.481	-0.2727475301991492	-0.1832965578229161
0.482	-0.2748443648516377	-0.1815781743129256
0.483	-0.2769849026762411	-0.1797500831100478
0.484	-0.2791690804052474	-0.1778120092726179
0.485	-0.2813968465938838	-0.1757636419676746
0.486	-0.2836681634307844	-0.1736046320242132
0.487	-0.2859829938023615	-0.1713346284771064
0.488	-0.2883413005519521	-0.1689532804256526
0.489	-0.2907430578846925	-0.1664602053055382
0.49	-0.2931882609504555	-0.1638549632250126
0.491	-0.2956769068197483	-0.1611371090987039
0.492	-0.2982089925630789	-0.1583061978412401
0.493	-0.3007845152407346	-0.155361784332644
0.494	-0.3034034842139863	-0.1523033903016494
0.495	-0.3060659378023619	-0.1491304624250254
0.496	-0.3087719182090227	-0.1458424376017672
0.497	-0.3115214676371297	-0.1424387527308701
0.498	-0.3143146282898444	-0.1389188447113292
0.499	-0.3171514442960005	-0.1352821453374537
0.5	-0.3200319903532577	-0.1315280091582159
0.501	-0.3229563653271109	-0.1276557312203002
0.502	-0.3259246687250978	-0.1236646050624571
0.503	-0.3289370000547566	-0.1195539242234372
0.504	-0.3319934588236251	-0.1153229822419911
0.505	-0.3350941576815059	-0.1109710407896367
0.506	-0.3382392462795194	-0.1064972718234116
0.507	-0.3414288789421199	-0.1019008359717061
0.508	-0.344663209990702	-0.09718089387032966
0.509	-0.3479424024129844	-0.09233658517492159
0.51	-0.3512666550100218	-0.08736696389638673
0.511	-0.354636175807506	-0.08227106228674549
0.512	-0.3580511728309508	-0.07704791259866405
0.513	-0.3615118592469981	-0.07169653503840895
0.514	-0.3650184924432402	-0.06621584507281464
0.515	-0.3685713478423858	-0.06060471529533532
0.516	-0.3721707008726003	-0.05486201828636376
0.517	-0.3758168272524099	-0.04898662594351667
0.518	-0.3795100347108387	-0.04297733474387049
0.519	-0.3832506655094981	-0.03683285950865554
0.52	-0.3870390675057166	-0.03055189680662793
0.521	-0.3908760502343054	-0.02413159984890735
0.522	-0.3947622853522754	-0.0175696150998764
0.523	-0.3986981731205471	-0.01086453421136268
0.524	-0.4026841582288098	-0.004014841668708984
0.525	-0.406720689354463	0.002980987622911543
0.526	-0.4108082181442871	0.01012448553351593
0.527	-0.4149472467804643	0.01741730314537458
0.528	-0.419138319471477	0.02486119243776585
0.529	-0.4233819816874467	0.03245790851296083
0.53	-0.427678779429137	0.04020920753877165
0.531	-0.4320293196668162	0.04811699157820631
0.532	-0.4364342743194102	0.05618331922112591
0.533	-0.4408943175134795	0.06441025440734564
0.534	-0.4454101233755849	0.07279986107668074
0.535	-0.4499823738483026	0.08135422163626822
0.536	-0.4546118498169087	0.09007565779946909
0.537	-0.4592993990290192	0.09896665509498409
0.538	-0.4640458704367461	0.1080297020761712
0.539	-0.4688521129922014	0.1172672872963882
0.54	-0.4737189953244567	0.1266819473281717
0.541	-0.4786475088363434	0.1362765199714751
0.542	-0.4836386840529287	0.1460539401133347
0.543	-0.4886935506996958	0.1560171407130509
0.544	-0.4938131654701807	0.1661691209643893
0.545	-0.4989987247707843	0.1765132276869113
0.546	-0.504251460954437	0.1870528975814444
0.547	-0.5095726063740682	0.1977915673488159
0.548	-0.5149634084179774	0.208732710990271
0.549	-0.520425273307873	0.2198802008879033
0.55	-0.5259597012080746	0.2312381466043159
0.551	-0.5315681934385789	0.242810660662276
0.552	-0.5372522528335264	0.2546018593016278
0.553	-0.543013499582998	0.2666161553742754
0.554	-0.5488537464706695	0.2788584515507291
0.555	-0.5547748237642517	0.291333695254609
0.556	-0.5607785617314546	0.3040468339095354
0.5570000000000001	-0.5668668453818699	0.3170029544006673
0.5580000000000001	-0.5730418284229982	0.3302078318819737
0.5590000000000001	-0.5793057449885837	0.3436674483339313
0.5600000000000001	-0.5856608292139495	0.3573877857411708
0.5610000000000001	-0.592109336640791	0.3713748811715314
0.5620000000000001	-0.5986537845489366	0.3856354468992747
0.5630000000000001	-0.6052968630704354	0.4001766421172478
0.5640000000000001	-0.6120412652197214	0.4150056335349245
0.5650000000000001	-0.6188897180650251	0.430129676198765
0.5660000000000001	-0.6258452559319356	0.4455568232516496
0.5670000000000001	-0.6329110750496987	0.4612955487689316
0.5680000000000001	-0.6400903730525481	0.4773543304881979
0.5690000000000001	-0.6473864224146659	0.4937418419756632
0.5700000000000001	-0.6548028695075676	0.5104677330846802
0.5710000000000001	-0.6623434771925765	0.5275419572298955
0.5720000000000001	-0.6700120091223474	0.5449744699062491
0.5730000000000001	-0.6778124124770701	0.5627757083584846
0.5740000000000001	-0.6857488867060867	0.5809567693861998
0.5750000000000001	-0.6938257048928409	0.5995289399438377
0.5760000000000001	-0.7020472828207014	0.6185038782298042
0.577	-0.7104185836697914	0.6378947990719219
0.578	-0.7189443794401345	0.6577143216180089
0.579	-0.7276294716279009	0.6779751221114506
0.58	-0.7364787657764064	0.6986901623801443
0.581	-0.7454972491144688	0.7198726282513814
0.582	-0.7546899480182273	0.7415358125309368
0.583	-0.7640617636366749	0.7636926784461503
0.584	-0.7736174764563268	0.7863558688009789
0.585	-0.7833618378041273	0.8095379531191942
0.586	-0.7932988485566677	0.8332495004573921
0.587	-0.8034321702382436	0.8575001710637405
0.588	-0.8137650514607663	0.8822985261109703
0.589	-0.8242989973909429	0.9076484451068767
0.59	-0.8350348810319731	0.9335521054038268
0.591	-0.8459709945313865	0.9600047113001404
0.592	-0.8571035666563495	0.9869958696444826
0.593	-0.8684245248150618	1.014503468918361
0.594	-0.8799214984949487	1.042493647243519
0.595	-0.8915738579906668	1.070909895672272
0.596	-0.9033534611516341	1.099675088768925
0.597	-0.9152228898932918	1.128686713638027
0.598	-0.9271396980130356	1.1578287354084
0.599	-0.939061688122007	1.18698625154809
0.6	-0.9509502862607239	1.21605479302399
0.601	-0.9627719075552179	1.244943977253175
0.602	-0.9744972353640804	1.273575342551863
0.603	-0.9861005022036752	1.301880246015086
0.604	-0.9975590660865195	1.329798602682072
0.605	-1.008853398853903	1.357278757618268
0.606	-1.019966150123745	1.384274915939797
0.607	-1.030883109163851	1.410749686460283
0.608	-1.041591982797886	1.436670790675908
0.609	-1.05208360356432	1.462014265113518
0.61	-1.062350038023543	1.486759423896394
0.611	-1.072386380923789	1.510893615481354
0.612	-1.082188762385753	1.534406931732579
0.613	-1.091755495053268	1.557295245024147
0.614	-1.101085994701087	1.579557346950335
0.615	-1.110180927982391	1.601195337786713
0.616	-1.119042342187505	1.622214965631751
0.617	-1.127672453612593	1.642622425047221
0.618	-1.136074558737531	1.662426762867953
0.619	-1.144252544559258	1.681638581369691
0.62	-1.15221036796384	1.700268666934589
0.621	-1.159952501450757	1.718329163214081
0.622	-1.167483580371109	1.735832639359832
0.623	-1.1748082700954	1.752791743240621
0.624	-1.181931352360343	1.76921942486382
0.625	-1.188857579111551	1.785128552122516
0.626	-1.195591709023649	1.800532010489416
0.627	-1.2021383602133	1.815442309686481
0.628	-1.208502012169118	1.829871590047461
0.629	-1.21468714247872	1.843831986861584
0.63	-1.220698120252623	1.857335348698347
0.631	-1.226538971683023	1.870392614792238
0.632	-1.232213656652452	1.883014548086228
0.633	-1.23772612606781	1.895211887921331
0.634	-1.243080071590464	1.90699468873934
0.635	-1.248278892661602	1.918372231028566
0.636	-1.253325973128682	1.929353753795511
0.637	-1.258224668170972	1.939948420875239
0.638	-1.26297798258222	1.950164470383513
0.639	-1.267588698762833	1.960009550806832
0.64	-1.272059596062673	1.969491302495366
0.641	-1.276393449818142	1.978617355323971
0.642	-1.28059280901479	1.987394742682716
0.643	-1.284659892253657	1.995829622442194
0.644	-1.288596893317043	2.00392808594413
0.645	-1.292406005987246	2.011696224530252
0.646	-1.296089376457561	2.01914000446321
0.647	-1.299648820270592	2.026264516215527
0.648	-1.303086012628723	2.033074476000264
0.649	-1.306402628224348	2.039574598624055
0.65	-1.309600341749862	2.045769598893531
0.651	-1.312680761953771	2.051664017811264
0.652	-1.315645190953702	2.057261581571964
0.653	-1.318494846625895	2.062565789673452
0.654	-1.321230947005182	2.067580142001833
0.655	-1.323854710126397	2.072308138443218
0.656	-1.326367288828332	2.076753105608701
0.657	-1.328769581800634	2.080917689923778
0.658	-1.331062429911511	2.08480438125807
0.659	-1.333246674091969	2.088415669641786
0.66	-1.335323155046343	2.091754044522427
0.661	-1.337292626535261	2.094821763565054
0.662	-1.339155634528435	2.097620523988543
0.663	-1.340912695532121	2.100151942128693
0.664	-1.342564326052575	2.102417634321301
0.665	-1.344111041286953	2.104419213453606
0.666	-1.345553253259925	2.106158013587165
0.667	-1.346891198194403	2.107634889976701
0.668	-1.348125095180875	2.108850650769904
0.669	-1.349255163309829	2.10980610411446
0.67	-1.35028162013649	2.110502054061632
0.671	-1.351204576820536	2.110939016577514
0.672	-1.352023989401123	2.111117082945924
0.673	-1.352739804034592	2.111036316442697
0.674	-1.353351966877281	2.110696780343669
0.675	-1.353860404132029	2.110098482978122
0.676	-1.354264885818512	2.109241003565075
0.677	-1.354565108497124	2.108123719861688
0.678	-1.354760768305475	2.10674600847336
0.679	-1.354851561101991	2.105107245295141
0.68	-1.35483709417977	2.103206563383901
0.681	-1.354716804565187	2.101042627376204
0.6820000000000001	-1.354490111403011	2.098614052586885
0.6830000000000001	-1.354156433838007	2.095919454330782
0.6840000000000001	-1.35371518847973	2.092957440845754
0.6850000000000001	-1.353165666502767	2.089726274497276
0.6860000000000001	-1.352506983183324	2.086223734328015
0.6870000000000001	-1.351738240937132	2.082447564184437
0.6880000000000001	-1.35085854217992	2.078395507913001
0.6890000000000001	-1.349866985083077	2.074065297674044
0.6900000000000001	-1.348762511260173	2.069454236011842
0.6910000000000001	-1.347543870206874	2.064559098820431
0.6920000000000001	-1.346209800051125	2.059376630869879
0.6930000000000001	-1.344759038920867	2.053903576930253
0.6940000000000001	-1.343190318597608	2.048136664062453
0.6950000000000001	-1.341502175861844	2.042072083831682
0.6960000000000001	-1.339692932918605	2.035705441422698
0.6970000000000001	-1.33776090162902	2.029032313914445
0.6980000000000001	-1.335704393854218	2.022048278385864
0.6990000000000001	-1.333521709666644	2.014748879808423
0.7000000000000001	-1.331210892031951	2.00712896154482
0.7010000000000001	-1.328769745330917	1.999182715423692
0.7020000000000001	-1.326196065501324	1.990904310195236
0.7030000000000001	-1.323487648480952	1.982287914609647
0.704	-1.320642270839291	1.973327644417044
0.705	-1.317657382832148	1.964016723497392
0.706	-1.314530175316805	1.954347667106449
0.707	-1.311257832577556	1.944312972557173
0.708	-1.307837538898689	1.933905137162525
0.709	-1.304266440913872	1.923116557032123
0.71	-1.300541270744223	1.911938496928144
0.711	-1.29665850626014	1.900361521126526
0.712	-1.292614621779988	1.888376183912317
0.713	-1.288406091622132	1.875973039570566
0.714	-1.284029302244346	1.863142401601973
0.715	-1.279480194697539	1.849873353861242
0.716	-1.274754597491327	1.836154663932766
0.717	-1.26984834082537	1.821975103899438
0.718	-1.264757173574086	1.807323224313981
0.719	-1.259476541917762	1.792186717297358
0.72	-1.254001840016175	1.776553109678021
0.721	-1.248328462512111	1.76040992945855
0.722	-1.242451701746711	1.743744421113488
0.723	-1.236366835333492	1.726543709433561
0.724	-1.230069252049853	1.708795184751598
0.725	-1.223554340299498	1.690486236378661
0.726	-1.216817534731376	1.671604342611581
0.727	-1.20985481676667	1.652138336640767
0.728	-1.202662360890477	1.632077547317272
0.729	-1.195236467235692	1.611411615007857
0.73	-1.187574667919565	1.590133339947579
0.731	-1.179674999554646	1.568236827947912
0.732	-1.171535730003577	1.545716777396118
0.733	-1.163157323752247	1.522573590204277
0.734	-1.15454128276007	1.498810375496067
0.735	-1.145689437328365	1.474431094344601
0.736	-1.136606883387006	1.449448246587025
0.737	-1.127300477742816	1.423878953499184
0.738	-1.117777558398427	1.397741595563441
0.739	-1.1080494494746	1.371065036763367
0.74	-1.098129486800079	1.343883457135184
0.741	-1.088032341587929	1.316234562036925
0.742	-1.077776910225581	1.288167302580044
0.743	-1.067383266889201	1.259733787950898
0.744	-1.056875212559856	1.23099621313192
0.745	-1.046279145741775	1.202023891877811
0.746	-1.035625659649051	1.172897791910875
0.747	-1.024949455675187	1.143710411533938
0.748	-1.014290455645626	1.114569085901225
0.749	-1.00369114982591	1.085588725246535
0.75	-0.9931926136015756	1.056880808335999
0.751	-0.9828291066470255	1.028538353605936
0.752	-0.9726261028022403	1.000630340002096
0.753	-0.9626010851809481	0.9732038624068906
0.754	-0.95276523489799	0.9462887909336184
0.755	-0.9431251247482341	0.9199024526864792
0.756	-0.9336839193276196	0.8940529509767072
0.757	-0.9244427042188389	0.8687427909392323
0.758	-0.9154004997584728	0.8439689529452067
0.759	-0.9065552769636619	0.8197256310989101
0.76	-0.8979038553211771	0.7960039802974584
0.761	-0.8894426083360497	0.7727939893733827
0.762	-0.8811672143391829	0.7500838437586993
0.763	-0.873073180563456	0.7278612918657537
0.764	-0.8651556961323007	0.7061132884686989
0.765	-0.8574098949785396	0.6848266592250961
0.766	-0.8498308524788138	0.663988103382822
0.767	-0.8424136645457189	0.6435844176892063
0.768	-0.8351534568065525	0.6236024852071375
0.769	-0.8280453809961345	0.6040292724661616
0.77	-0.8210844176120954	0.584851235315605
0.771	-0.8142662020481679	0.5660567197094122
0.772	-0.807586470821132	0.5476343544997979
0.773	-0.8010410562700435	0.529573024834278
0.774	-0.7946258756418553	0.5118618462079765
0.775	-0.788337036278057	0.4944904514707545
0.776	-0.7821707551464777	0.4774487710721633
0.777	-0.77612333497694	0.460726969834172
0.778	-0.770191363486285	0.4443159845107623
0.779	-0.7643714850688497	0.4282069044531103
0.78	-0.7586603939257082	0.4123909545737606
0.781	-0.7530550702601244	0.3968601324267188
0.782	-0.7475525951151308	0.3816067056519603
0.783	-0.7421500568214512	0.3666229618553691
0.784	-0.7368447400533037	0.3519017175905935
0.785	-0.7316341376251854	0.3374363462803679
0.786	-0.7265157519793113	0.323220246876478
0.787	-0.7214870995841499	0.3092468562966243
0.788	-0.7165459096578803	0.2955101822165612
0.789	-0.7116900719419992	0.282004659397703
0.79	-0.706917479691432	0.2687247316455621
0.791	-0.7022260375341912	0.2556648733466858
0.792	-0.6976138253697364	0.2428200267880192
0.793	-0.6930790567623599	0.2301854887160565
0.794	-0.6886199482840037	0.2177565636491303
0.795	-0.6842347257102718	0.2055285807405376
0.796	-0.6799217588668606	0.1934972521053219
0.797	-0.6756795285596842	0.1816585830702748
0.798	-0.6715065181563121	0.1700085855706608
0.799	-0.6674012145002648	0.1585432809461637
0.8	-0.6633622139648102	0.1472589807251413
0.801	-0.6593882364313162	0.1361523214712189
0.802	-0.6554780080678645	0.1252199561599754
0.803	-0.6516302550425368	0.1144585377669899
0.804	-0.6478437142550469	0.1038647477594638
0.805	-0.644117249765561	0.09343560287597114
0.806	-0.6404498042707207	0.08316832551919373
0.8070000000000001	-0.6368403212152528	0.07306013991253898
0.8080000000000001	-0.6332877440438837	0.06310827027941433
0.8090000000000001	-0.6297910296052756	0.05330997605130496
0.8100000000000001	-0.6263492425478002	0.04366279906752921
0.8110000000000001	-0.6229614897341421	0.03416439115378146
0.8120000000000001	-0.6196268771811324	0.02481240187624605
0.8130000000000001	-0.616344513086033	0.01560448652923691
0.8140000000000001	-0.6131135636582027	0.006538451916378247
0.8150000000000001	-0.609933255989988	-0.002387736852839201
0.8160000000000001	-0.6068028198659637	-0.01117610775089372
0.8170000000000001	-0.6037214858288383	-0.01982868678008122
0.8180000000000001	-0.6006885274307785	-0.02834738802270278
0.8190000000000001	-0.5977031058373616	-0.03673453849008236
0.8200000000000001	-0.5947639887941827	-0.04499382767646203
0.8210000000000001	-0.5918704797909757	-0.05312715542346366
0.8220000000000001	-0.5890219406076691	-0.06113623129727459
0.8230000000000001	-0.5862177607321014	-0.06902269306394733
0.8240000000000001	-0.5834573627309952	-0.07678809272988425
0.8250000000000001	-0.5807401707130676	-0.08443397830216623
0.8260000000000001	-0.5780656151798738	-0.09196188156566733
0.8270000000000001	-0.575433173949782	-0.09937321269776579
0.8280000000000001	-0.5728423439645214	-0.1066693324309272
0.8290000000000001	-0.5702926221847169	-0.1138516014480795
0.8300000000000001	-0.5677835055402211	-0.1209213805417985
0.8310000000000001	-0.5653145122874279	-0.1278799762307232
0.8320000000000001	-0.5628852100760785	-0.1347285679778589
0.833	-0.5604951729906986	-0.1414683185703308
0.834	-0.5581439751158136	-0.1481003907952663
0.835	-0.5558311905359492	-0.1546259474397907
0.836	-0.5535563961813368	-0.1610461440871458
0.837	-0.5513192085711871	-0.167362035293952
0.838	-0.5491192718497668	-0.1735746045251088
0.839	-0.5469562305928719	-0.1796848340818108
0.84	-0.544829729376298	-0.1856937062652528
0.841	-0.542739412775841	-0.1916022033766293
0.842	-0.5406849342149789	-0.1974112849647008
0.843	-0.538665985904129	-0.2031218106838716
0.844	-0.5366822660348485	-0.2087346246755838
0.845	-0.5347334725340355	-0.2142505717596108
0.846	-0.532819303432382	-0.2196704965184559
0.847	-0.5309394693596956	-0.2249952118919481
0.848	-0.5290937051199933	-0.2302254681018081
0.849	-0.5272817482246316	-0.2353620080175934
0.85	-0.5255033361849667	-0.2404055745088612
0.851	-0.5237582080111403	-0.2453569066545236
0.852	-0.5220461231478598	-0.2502166904376734
0.853	-0.5203668557127726	-0.2549855731168245
0.854	-0.5187201801388764	-0.2596642010924208
0.855	-0.5171058708591694	-0.2642532207649065
0.856	-0.5155237033442202	-0.2687532759805277
0.857	-0.513973470427975	-0.2731649658176026
0.858	-0.5124549790806175	-0.2774888515573711
0.859	-0.510968036662334	-0.2817254933253913
0.86	-0.5095124505333114	-0.2858754512472212
0.861	-0.5080880287891288	-0.2899392834491586
0.862	-0.5066945946434932	-0.2939175071618033
0.863	-0.5053319828751459	-0.2978106085635427
0.864	-0.5040000281999246	-0.3016190740424478
0.865	-0.5026985653337074	-0.3053433899866885
0.866	-0.5014274328339842	-0.3089840330314751
0.867	-0.5001864835736396	-0.312541440849327
0.868	-0.4989755737583196	-0.3160160414084912
0.869	-0.4977945595936704	-0.3194082626772151
0.87	-0.496643297591815	-0.3227185319379533
0.871	-0.4955216549645339	-0.3259472468568551
0.872	-0.4944295096352366	-0.3290947744340167
0.873	-0.4933667399058707	-0.3321614805508931
0.874	-0.4923332240783843	-0.3351477310889391
0.875	-0.4913288404630561	-0.3380538919088524
0.876	-0.4903534732984242	-0.3408803128053317
0.877	-0.4894070189772238	-0.3436273087128655
0.878	-0.4884893748275685	-0.3462951912285129
0.879	-0.4876004381775717	-0.3488842719493335
0.88	-0.4867401071849428	-0.3513948600019925
0.881	-0.4859082891967235	-0.353827237150823
0.882	-0.485104897084489	-0.3561816687114338
0.883	-0.4843298437791348	-0.3584584198228968
0.884	-0.4835830422222042	-0.3606577556039069
0.885	-0.482864408947469	-0.3627799308093532
0.886	-0.4821738692856869	-0.3648251732043731
0.887	-0.4815113498893451	-0.3667937062278626
0.888	-0.4808767774109306	-0.3686857533187176
0.889	-0.4802700786018531	-0.3705015378051892
0.89	-0.479691187713937	-0.3722412596381693
0.891	-0.479140046157607	-0.3739050955934903
0.892	-0.4786165955296804	-0.3754932218251261
0.893	-0.4781207774269743	-0.3770058144870501
0.894	-0.4776525334463056	-0.3784430497332362
0.895	-0.4772118071868768	-0.3798050975824336
0.896	-0.476798551543431	-0.3810920984487779
0.897	-0.4764127211319708	-0.3823041864757451
0.898	-0.4760542705095918	-0.3834414959693431
0.899	-0.4757231545414553	-0.3845041601919107
0.9	-0.4754193335964954	-0.3854922939390814
0.901	-0.4751427726504933	-0.3864059966798959
0.902	-0.474893436807893	-0.3872453674678056
0.903	-0.4746712911397645	-0.3880105054760177
0.904	-0.4744763025515307	-0.3887015038616634
0.905	-0.4743084457166998	-0.3893184294005302
0.906	-0.4741676968816824	-0.3898613434586831
0.907	-0.4740540322928884	-0.3903303074021865
0.908	-0.473967428196728	-0.3907253825971057
0.909	-0.4739078618388444	-0.3910466269663719
0.91	-0.473875318206595	-0.3912940717622044
0.911	-0.4738697856176068	-0.391467736767341
0.912	-0.4738912523805593	-0.3915676417955372
0.913	-0.4739397068041321	-0.3915938066605483
0.914	-0.4740151377487288	-0.3915462493374995
0.915	-0.4741175402431979	-0.3914249668465455
0.916	-0.4742469131439961	-0.39122994305199
0.917	-0.4744032553628938	-0.3909611616231287
0.918	-0.4745865658116613	-0.3906186062292567
0.919	-0.4747968443292633	-0.3902022572107144
0.92	-0.4750340980937005	-0.3897120695242592
0.921	-0.4752983377490254	-0.3891479865930319
0.922	-0.4755895739584459	-0.3885099517914551
0.923	-0.4759078173851704	-0.3877979084939512
0.924	-0.4762530794745458	-0.387011797666743
0.925	-0.4766253780225129	-0.3861515394749698
0.926	-0.4770247339099621	-0.3852170434831865
0.927	-0.4774511680382048	-0.3842082191735289
0.928	-0.4779047017408813	-0.3831249744795782
0.929	-0.4783853621667665	-0.3819671978465877
0.93	-0.4788931805741599	-0.3807347647692473
0.931	-0.4794281883034645	-0.3794275505400346
0.9320000000000001	-0.4799904165881168	-0.3780454307608399
0.9330000000000001	-0.4805798997506852	-0.3765882710294333
0.9340000000000001	-0.4811966805098509	-0.3750559106230882
0.9350000000000001	-0.4818408026024302	-0.3734481856707774
0.9360000000000001	-0.4825123097652396	-0.3717649323014738
0.9370000000000001	-0.4832112457350953	-0.3700059866441506
0.9380000000000001	-0.4839376563973175	-0.3681711778374858
0.9390000000000001	-0.4846915981514316	-0.3662603025892236
0.9400000000000001	-0.4854731305552246	-0.36427314827354
0.9410000000000001	-0.48628231316664	-0.3622095022642797
0.9420000000000001	-0.4871192055436212	-0.3600691519352875
0.9430000000000001	-0.4879838678941144	-0.3578518828149177
0.9440000000000001	-0.4888763689024938	-0.3555574558115535
0.9450000000000001	-0.4897967829798737	-0.3531856148186305
0.9460000000000001	-0.490745184626061	-0.3507361034357244
0.9470000000000001	-0.4917216483880046	-0.3482086650920796
0.9480000000000001	-0.4927262537840618	-0.3456030282065629
0.9490000000000001	-0.4937590896069106	-0.3429188949448372
0.9500000000000001	-0.494820245662655	-0.3401559648521314
0.9510000000000001	-0.4959098117573986	-0.3373139374736741
0.9520000000000001	-0.4970278785178124	-0.3343925099786779
0.9530000000000001	-0.4981745483691529	-0.3313913468264562
0.9540000000000001	-0.4993499295590443	-0.32831009647584
0.9550000000000001	-0.5005541303424287	-0.3251484073657843
0.9560000000000001	-0.5017872589742478	-0.3219059279352438
0.9570000000000001	-0.5030494249842329	-0.3185823029703486
0.9580000000000001	-0.5043407512739746	-0.315177140471586
0.9590000000000001	-0.5056613687233664	-0.3116900272336936
0.96	-0.5070114083184633	-0.308120549801307
0.961	-0.5083910010453201	-0.3044682947190606
0.962	-0.5098002791363868	-0.3007328452963136
0.963	-0.5112393890461321	-0.2969137475121348
0.964	-0.512708485946909	-0.2930105243319587
0.965	-0.5142077251229369	-0.2890226984227731
0.966	-0.5157372618584348	-0.2849497924515661
0.967	-0.5172972537771784	-0.2807913226872265
0.968	-0.5188878765828169	-0.2765467577992379
0.969	-0.5205093143168418	-0.2722155451117868
0.97	-0.5221617510621575	-0.2677971318524724
0.971	-0.5238453709016686	-0.2632909652488937
0.972	-0.5255603607252425	-0.2586964856752473
0.973	-0.527306927814247	-0.2540130817802188
0.974	-0.5290852880129086	-0.2492401200207196
0.975	-0.5308956571843946	-0.2443769668017947
0.976	-0.5327382511918736	-0.239422988528489
0.977	-0.5346132928931534	-0.2343775330135981
0.978	-0.5365210288563994	-0.2292398872843039
0.979	-0.5384617102471396	-0.2240093273718255
0.98	-0.5404355882294264	-0.2186851293118472
0.981	-0.5424429154366059	-0.2132665657020059
0.982	-0.5444839649419974	-0.2077528580637633
0.983	-0.5465590242445255	-0.2021431907887539
0.984	-0.5486683811194425	-0.196436747523001
0.985	-0.5508123230458423	-0.190632712675952
0.986	-0.5529911517955446	-0.1847302345681594
0.987	-0.5552051996084408	-0.1787283843046802
0.988	-0.5574548017353083	-0.1726262253455247
0.989	-0.5597402934269239	-0.1664228211507028
0.99	-0.5620620099355856	-0.1601172352004825
0.991	-0.5644203019443647	-0.153708492685989
0.992	-0.5668155592145661	-0.1471955200824582
0.993	-0.5692481773438202	-0.1405772289227546
0.994	-0.571718551929757	-0.1338525307397426
0.995	-0.5742270785755799	-0.1270203370517387
0.996	-0.576774168799264	-0.1200795186830531
0.997	-0.5793602774565697	-0.1130288364774849
0.998	-0.5819858660481554	-0.1058670346609116
0.999	-0.5846513960746795	-0.0985928574592107
1	-0.5873573325718213	-0.09120504050304283
1.001	-0.590104181017065	-0.08370221734318911
1.002	-0.5928924718596775	-0.07608295727574545
1.003	-0.5957227358816637	-0.06834582870957191
1.004	-0.5985955060419837	-0.0604893945063437
1.005	-0.6015113535104366	-0.05251212009251816
1.006	-0.6044708787541595	-0.04441239612484613
1.007	-0.6074746832720714	-0.03618861061981504
1.008	-0.6105234379934504	-0.02783893597917347
1.009	-0.6136183317602064	-0.01935981416228156
1.01	-0.6167601804837826	-0.0107489784611518
1.011	-0.6199496892059353	-0.002004573994531681
1.012	-0.6231875894816732	0.00687532343841426
1.013	-0.6264746129106673	0.01589263812820683
1.014	-0.6298115168668239	0.02504936027498904
1.015	-0.6331991252824528	0.03434765275627263
1.016	-0.6366382724493047	0.04378970564633416
1.017	-0.6401297911448653	0.0533777050443304
1.018	-0.6436745536732494	0.06311393961814364
1.019	-0.6472735260493886	0.07300094198743609
1.02	-0.6509276837813186	0.08304126951851426
1.021	-0.654638002377079	0.09323747957769346
1.022	-0.658405459713335	0.1035921356239869
1.023	-0.6622311196428324	0.1141080255086062
1.024	-0.6661161476712996	0.1247882034251266
1.025	-0.6700617148166566	0.1356357380716793
1.026	-0.6740689920968236	0.1466536981463957
1.027	-0.6781391606042866	0.1578451787357709
1.028	-0.6822735272280894	0.1692136053493227
1.029	-0.6864734821770738	0.1807626229445746
1.03	-0.6907404169672824	0.1924958799646094
1.031	-0.6950757215187422	0.2044170205853618
1.032	-0.6994808789577908	0.2165299349963544
1.033	-0.7039575405515694	0.2288389579105777
1.034	-0.7085073709628348	0.2413484594883916
1.035	-0.7131320348543404	0.2540628098901451
1.036	-0.7178332028645853	0.2669863950839318
1.037	-0.7226127191934236	0.2801240619266314
1.038	-0.7274726121818074	0.293481146818527
1.039	-0.732414918414968	0.3070630081067504
1.04	-0.7374416744781414	0.3208750041384456
1.041	-0.7425549377458028	0.3349225486011767
1.042	-0.747757013011041	0.3492117154661817
1.043	-0.7530503665952019	0.3637490106837949
1.044	-0.7584374675358208	0.3785409475189653
1.045	-0.7639207862329039	0.3935940428752673
1.046	-0.7695029524132464	0.4089152413864976
1.047	-0.775186891449671	0.4245122821060284
1.048	-0.7809755601911983	0.4403929887415475
1.049	-0.7868719154865963	0.4565651850000397
1.05	-0.7928790018320825	0.4730369311222773
1.051	-0.7990002360053381	0.4898172945021809
1.052	-0.8052391330498532	0.5069156089399316
1.053	-0.811599208009112	0.5243412082356955
1.054	-0.8180840246562103	0.5421035592098901
1.055	-0.824697490541511	0.5602130670617874
1.056	-0.8314436409848297	0.5786804857164525
1.057	-0.8383265098932549	0.5975165652408534
1.058	-0.8453502212528994	0.6167323057154261
1.059	-0.8525195054097101	0.636340441875389
1.06	-0.8598388997781602	0.6563531404733861
1.061	-0.8673129040646131	0.676782461902518
1.062	-0.8749460946610716	0.6976406954941956
1.063	-0.8827431019324701	0.7189403154852201
1.064	-0.8907085768895388	0.7406938681182603
1.065	-0.8988469996529364	0.7629134952950537
1.066	-0.9071627245621938	0.785611025254443
1.067	-0.9156600448317859	0.8087981452646938
1.068	-0.9243424570215945	0.8324844860234191
1.069	-0.9332131617480273	0.8566789022375739
1.07	-0.9422748659829712	0.8813889649402683
1.071	-0.9515285676104611	0.9066177245789983
1.072	-0.9609746727987915	0.9323666568618226
1.073	-0.9706109887763411	0.9586302817817176
1.074	-0.9804333983736715	0.9853979362700779
1.075	-0.990433541219317	1.012647462101347
1.076	-1.000598960721271	1.040345549414051
1.077	-1.010909228147684	1.068437096159936
1.078	-1.021336559514361	1.096846863082043
1.079	-1.031844036865809	1.125474657308976
1.08	-1.042389382788146	1.154205874530409
1.081	-1.052930218387984	1.182926082296343
1.082	-1.063427615545174	1.211530808204658
1.083	-1.0738477840684	1.239930072426102
1.084	-1.084161361465866	1.268046237369294
1.085	-1.094342735141171	1.295812013719992
1.086	-1.104369637331793	1.323169234992231
1.087	-1.114222904912682	1.35006809907695
1.088	-1.123885682402278	1.376464979454105
1.089	-1.133344225121155	1.402324518728855
1.09	-1.142586623774759	1.427616217404791
1.091	-1.151604157322955	1.452317983223727
1.092	-1.160389290372169	1.476410843336913
1.093	-1.168937234107129	1.499883036494845
1.094	-1.177244578857892	1.522726413981884
1.095	-1.185309469537987	1.544936892675574
1.096	-1.193131995514438	1.566515458082752
1.097	-1.20071250442381	1.587463767961487
1.098	-1.20805288351349	1.607787478288847
1.099	-1.215155921827104	1.627494570686817
1.1	-1.22202455735256	1.646593410314131
1.101	-1.228662640245169	1.665094698037285
1.102	-1.235074316718116	1.683009877921627
1.103	-1.24126383884571	1.700350663328069
1.104	-1.247235836647283	1.717129693018089
1.105	-1.252994983146116	1.733359687802327
1.106	-1.258545961877892	1.749053394216813
1.107	-1.263893514092726	1.764223663017274
1.108	-1.269042276573984	1.778883019485572
1.109	-1.273996864475692	1.793043929588763
1.11	-1.278761890592569	1.806718842044091
1.111	-1.283341660193388	1.819919332299096
1.112	-1.287740332716532	1.832656571468793
1.113	-1.291962067600379	1.844941730668185
1.114	-1.296011006227915	1.856785929993595
1.115	-1.299890951987749	1.86819935277844
1.116	-1.303605409362764	1.879191362658038
1.117	-1.307157872602801	1.889771295731947
1.118	-1.310551835987959	1.899948488160331
1.119	-1.313790650643138	1.909731883121887
1.12	-1.316877211090041	1.919129176379486
1.121	-1.319814322558495	1.928147820703602
1.122	-1.322604790278332	1.93679526886472
1.123	-1.32525141810187	1.945078969883894
1.124	-1.3277568090529	1.953005825919046
1.125	-1.330123172928484	1.960581668161834
1.126	-1.332352675611805	1.967812208165578
1.127	-1.334447482986043	1.974703157483594
1.128	-1.336409758692812	1.981260221567119
1.129	-1.338241477350876	1.987488591032507
1.13	-1.33994429363103	1.993392584843915
1.131	-1.341519832264963	1.998976440364093
1.132	-1.342969717984366	2.004244394955796
1.133	-1.344295573456977	2.009200680398508
1.134	-1.345498857270034	2.01384908241179
1.135	-1.346580757268668	2.018192648820363
1.136	-1.347542437029064	2.022234360991178
1.137	-1.348385060127407	2.025977200291182
1.138	-1.349109788544797	2.029424143709714
1.139	-1.349717647515785	2.032577794353454
1.14	-1.350209427453944	2.03544011438609
1.141	-1.350585896126422	2.038013004331247
1.142	-1.350847821300367	2.040298364712549
1.143	-1.350995968386595	2.042298089691181
1.144	-1.351030965486594	2.044013700515586
1.145	-1.350953253086929	2.045446206502102
1.146	-1.350763261117781	2.046596587688686
1.147	-1.350461419509333	2.047465824113292
1.148	-1.350048127234838	2.048054810580251
1.149	-1.349523591134017	2.048363917619175
1.15	-1.348887944448299	2.048393316638863
1.151	-1.34814132026971	2.048143178667266
1.152	-1.34728384714235	2.04761366237368
1.153	-1.346315521203844	2.046804567011506
1.154	-1.345236188605124	2.045715284918991
1.155	-1.344045687416017	2.04434518652998
1.156	-1.342743855816504	2.042693642573177
1.157	-1.341330510855537	2.040759965509748
1.158	-1.339805227670199	2.038542814128662
1.159	-1.338167493055729	2.036040609373946
1.16	-1.336416793807368	2.033251772189627
1.161	-1.334552616720355	2.03017472351973
1.162	-1.332574443358134	2.026807870168852
1.163	-1.330481575359727	2.023149134892792
1.164	-1.328273108095386	2.019195887612223
1.165	-1.32594812732295	2.014945472800486
1.166	-1.323505718800254	2.010395234930922
1.167	-1.320944960468827	2.005542497167254
1.168	-1.318264733928187	2.00038405607832
1.169	-1.31546371973959	1.994916172514209
1.17	-1.312540589651745	1.98913508404772
1.171	-1.309494015413359	1.983037028251645
1.172	-1.306322641548617	1.976618170449296
1.173	-1.30302482711815	1.969873917198237
1.174	-1.299598763648279	1.962799229328706
1.175	-1.296042640668045	1.955389062346196
1.176	-1.292354647706495	1.947638371756205
1.177	-1.288532907112003	1.939541934225362
1.178	-1.284575175466632	1.931093555250228
1.179	-1.280479088154274	1.92228671913038
1.18	-1.276242280519484	1.913114910062079
1.181	-1.271862387626918	1.903571611536228
1.182	-1.267336891415904	1.893649903207151
1.183	-1.262662869940365	1.883341794010033
1.184	-1.257837335579305	1.872639117875021
1.185	-1.252857300711722	1.861533708732253
1.186	-1.24771976698057	1.850017372106869
1.187	-1.242421449481975	1.838081154190936
1.188	-1.236958792436004	1.825715382085522
1.189	-1.231328234565114	1.812910368082706
1.19	-1.225526206897306	1.799656404296868
1.191	-1.219548934323047	1.785943237543148
1.192	-1.213392456413559	1.77176011886694
1.193	-1.207052811475406	1.757096294887373
1.194	-1.200526026490814	1.741940982410935
1.195	-1.193807985260292	1.726283017858237
1.196	-1.186894658363487	1.710111458786513
1.197	-1.179782059955149	1.693415476608005
1.198	-1.172466197712167	1.676184225576986
1.199	-1.164943187766122	1.658407142516895
1.2	-1.157209629916766	1.640074935099485
1.201	-1.149262203296839	1.621178519879564
1.202	-1.141097761508717	1.601709272222203
1.203	-1.132714283874841	1.58166153695597
1.204	-1.124110066536838	1.561030495378955
1.205	-1.115283599307993	1.539811839390056
1.206	-1.106235287092904	1.518006323135749
1.207	-1.096966446629346	1.49561711328901
1.208	-1.087478551305405	1.472647789699118
1.209	-1.077775631671267	1.44910870428646
1.21	-1.067863658026897	1.425015353733079
1.211	-1.05774878742779	1.40038372917051
1.212	-1.047439973623089	1.375237247886611
1.213	-1.036948659864814	1.349605957647787
1.214	-1.026286948183263	1.323521657251981
1.215	-1.015470614090045	1.297025988877378
1.216	-1.004516895013818	1.270164539905244
1.217	-0.9934451008181376	1.242988512013342
1.218	-0.9822780390837482	1.215558682729706
1.219	-0.9710408533662906	1.187942310215839
1.22	-0.9597630669634959	1.160218888740745
1.221	-0.9484782449964841	1.132479329749596
1.222	-0.9372240712062156	1.104826288069503
1.223	-0.9260396046626121	1.077366659494381
1.224	-0.9149608360165182	1.05019918215702
1.225	-0.9040170923755804	1.02340441153334
1.226	-0.8932296872888612	0.9970408940260157
1.227	-0.882613044558589	0.9711482438607268
1.228	-0.8721763951530874	0.9457518300700843
1.229	-0.8619251252676481	0.9208665029269978
1.23	-0.8518616561704969	0.8964990312342769
1.231	-0.8419865507800339	0.8726511386440781
1.232	-0.8322988023705198	0.8493202981886702
1.233	-0.8227962331386316	0.8265008258771088
1.234	-0.8134759643333407	0.8041851511875298
1.235	-0.8043344769742758	0.7823639875373819
1.236	-0.7953678371910801	0.761026936726016
1.237	-0.7865718550815122	0.7401629181054771
1.238	-0.777942114069136	0.7197602455577546
1.239	-0.7694741598493844	0.6998071333494603
1.24	-0.7611634655045302	0.6802916037798717
1.241	-0.7530055253856885	0.6612017343267093
1.242	-0.7449958691847668	0.6425256976029327
1.243	-0.7371301488454445	0.6242519892824497
1.244	-0.7294040146452493	0.6063690885085525
1.245	-0.7218129321293473	0.5888648962979316
1.246	-0.7143529997340038	0.5717291177458697
1.247	-0.7070204591389013	0.5549518459366202
1.248	-0.6998116302986555	0.5385233617789857
1.249	-0.6927229163276745	0.5224341567641674
1.25	-0.6857508749501269	0.5066751235976779
1.251	-0.6788921867001493	0.491237474071694
1.252	-0.6721436026099201	0.4761126046312583
1.253	-0.6655021016138	0.4612925060689976
1.254	-0.6589647106288743	0.4467692938137364
1.255	-0.6525285750174354	0.4325353928570232
1.256	-0.6461910696743211	0.4185838239521201
1.257	-0.6399495936152986	0.4049076701311841
1.258	-0.6338015849154449	0.3915001167278527
1.259	-0.627744728311644	0.3783549891136241
1.26	-0.6217768021982855	0.3654663528609075
1.261	-0.6158955861339872	0.3528282765371942
1.262	-0.6100989700172141	0.3404351146864619
1.263	-0.6043850395632379	0.3282817248079181
1.264	-0.5987518998869965	0.3163630134325648
1.265	-0.5931976726556599	0.3046739299648904
1.266	-0.587720646460632	0.2932098519521235
1.267	-0.5823192042626757	0.2819663964828839
1.268	-0.5769917299800371	0.2709391829393866
1.269	-0.5717366656975644	0.260123979613726
1.27	-0.5665526080784125	0.2495169467650265
1.271	-0.5614381782838695	0.2391143058603913
1.272	-0.5563920034938434	0.2289122937702975
1.273	-0.5514128166090037	0.2189074147452859
1.274	-0.5464994385812626	0.209096393474162
1.275	-0.5416506928465915	0.1994759606590024
1.276	-0.5368654310773301	0.1900429182214775
1.277	-0.53214262090955	0.1807943577585172
1.278	-0.5274812587574853	0.1717274417516053
1.279	-0.5228803417337354	0.1628393345313986
1.28	-0.5183389244589564	0.1541273438908347
1.281	-0.5138561571525105	0.1455890129260758
1.282	-0.509431198865908	0.1372219061692264
1.283	-0.5050632086506616	0.1290235881523965
1.284	-0.5007513783545443	0.1209917048185498
1.285	-0.4964950012405792	0.1131241503450046
1.286	-0.4922933884470537	0.1054188615215628
1.287	-0.4881458511122536	0.09787377513802069
1.288	-0.4840517082128307	0.0904868472965905
1.289	-0.4800103561761465	0.08325622251786374
1.29	-0.4760212336180278	0.07618014640645322
1.291	-0.472083779417439	0.06925686509731897
1.292	-0.4681974332203234	0.06248462661336841
1.293	-0.4643616774972051	0.0558617825441616
1.294	-0.4605760555859279	0.04938682993849226
1.295	-0.4568401150343119	0.04305827561279631
1.296	-0.4531534033901739	0.0368746263835039
1.297	-0.4495154793537739	0.03083441602831758
1.298	-0.4459259675474588	0.02493633535347882
1.299	-0.4423845164249221	0.01917913129079341
1.3	-0.4388907744655068	0.01356155082936361
1.301	-0.4354443901485597	0.008082340958296724
1.302	-0.4320450187364083	0.002740264865215194
1.303	-0.4286923752403204	-0.002465772412352194
1.304	-0.4253862033398511	-0.007536798342980443
1.305	-0.4221262466943676	-0.01247384048099235
1.306	-0.4189122489632342	-0.01727792638071513
1.307	-0.4157439567676824	-0.02195007658411147
1.308	-0.4126211599697956	-0.02649120925483946
1.309	-0.4095436638936309	-0.03090220422021584
1.31	-0.4065109587581698	-0.03518502365460395
1.311	-0.4035224463055222	-0.03934194834972401
1.312	-0.400577954137494	-0.04337381739691002
1.313	-0.3976773404833426	-0.04728139205828006
1.314	-0.394820477993619	-0.05106539799018563
1.315	-0.3920072393188766	-0.05472656084897486
1.316	-0.3892374982233138	-0.05826560378533381
1.317	-0.3865111542408126	-0.06168318871469084
1.318	-0.3838281315921501	-0.06497991620510611
1.319	-0.3811883553664094	-0.06815638434795036
1.32	-0.378591750652671	-0.0712131912345972
1.321	-0.3760382482026635	-0.07415092103329846
1.322	-0.3735278095983741	-0.07697008084025446
1.323	-0.3710604063142552	-0.07967115241501575
1.324	-0.3686360098033143	-0.08225461755763373
1.325	-0.3662545916666551	-0.08472095774698865
1.326	-0.3639161378348414	-0.0870706193542464
1.327	-0.3616206588866039	-0.08930398461796452
1.328	-0.3593681676739913	-0.09142142916123519
1.329	-0.3571586770490545	-0.09342332860714873
1.33	-0.3549922008198584	-0.09531005656065382
1.331	-0.3528687733592168	-0.0970819329256916
1.332	-0.3507884479387642	-0.09873922474004213
1.333	-0.3487512784843384	-0.1002821970496207
1.334	-0.3467573189217756	-0.101711114900344
1.335	-0.3448066231769135	-0.1030262433381274
1.336	-0.34289925651001	-0.1042278181176608
1.337	-0.3410353093515001	-0.1053160055731287
1.338	-0.3392148719687961	-0.1062909700044673
1.339	-0.3374380346193318	-0.107152875735582
1.34	-0.3357048907485708	-0.1079018778173591
1.341	-0.3340155520922223	-0.1085380777690342
1.342	-0.3323701368813196	-0.1090615579777525
1.343	-0.3307687633541056	-0.1094724008079086
1.344	-0.3292115507506333	-0.1097706863565178
1.345	-0.3276986356358871	-0.1099564431513765
1.346	-0.3262301668464704	-0.1100296607593649
1.347	-0.3248062934057254	-0.109990328108863
1.348	-0.323427164336993	-0.109838434128251
1.349	-0.3220929291789663	-0.1095739664363835
1.35	-0.3208037531237112	-0.109196864830292
1.351	-0.3195598193536311	-0.1087070102878503
1.352	-0.3183613120350969	-0.1081042802713582
1.353	-0.3172084153344797	-0.1073885522431158
1.354	-0.3161013134181504	-0.1065597036654225
1.355	-0.3150401954951731	-0.1056175963737934
1.356	-0.3140252735892863	-0.1045620186282094
1.357	-0.3130567651214073	-0.1033927397408168
1.358	-0.3121348874666787	-0.1021095291424962
1.359	-0.3112598580130236	-0.1007121562215681
1.36	-0.3104319018032653	-0.09920036479666408
1.361	-0.3096512644509756	-0.09757382994705863
1.362	-0.3089181949884776	-0.0958322153232645
1.363	-0.3082329424480958	-0.09397518457579614
1.364	-0.3075957562448222	-0.09200240016062558
1.365	-0.3070069000136958	-0.08991347767702369
1.366	-0.3064666553038939	-0.08770797255907638
1.367	-0.3059753047941161	-0.08538543635421325
1.368	-0.3055331311630615	-0.08294542060986182
1.369	-0.3051404192970085	-0.08038746917796789
1.37	-0.3047974762656019	-0.07771105142423633
1.371	-0.3045046218037438	-0.07491559521918287
1.372	-0.3042621757873007	-0.07200052799865964
1.373	-0.3040704580891323	-0.06896527720742557
1.374	-0.3039297953694023	-0.06580924776849663
1.375	-0.3038405422005942	-0.0625317533086525
1.376	-0.3038030601007262	-0.0591320849676543
1.377	-0.3038177105878164	-0.0556095338852661
1.378	-0.3038848553561828	-0.05196339049023081
1.379	-0.3040048727570328	-0.04819289008843854
1.38	-0.304178169623449	-0.04429717732567862
1.381	-0.304405155488204	-0.04027538858275486
1.382	-0.3046862398840707	-0.03612666024046762
1.383	-0.3050218380998693	-0.03185011051544499
1.384	-0.3054126773079812	-0.02744380516842298
1.385	-0.3058596577365343	-0.02290523415828837
1.386	-0.3063632529321371	-0.01823334877286515
1.387	-0.3069239346586639	-0.01342710729157309
1.388	-0.307542187314469	-0.008485428635478059
1.389	-0.3082185329015274	-0.003407117263735537
1.39	-0.3089534970786931	0.001809033422774567
1.391	-0.3097476055048193	0.007164230023167765
1.392	-0.3106013808845288	0.01265967183744011
1.393	-0.3115153997574205	0.01829671996467267
1.394	-0.3124902793454282	0.02407685501164582
1.395	-0.3135266370609655	0.03000155813597811
1.396	-0.3146250903164474	0.03607231049529331
1.397	-0.3157862565242877	0.04229059324720984
1.398	-0.3170107636191211	0.04865791934503726
1.399	-0.3182993149545899	0.05517602447171894
1.4	-0.3196526427902002	0.06184672618394847
1.401	-0.321071479126021	0.06867184108544595
1.402	-0.3225565559553341	0.07565318576181607
1.403	-0.3241086220012868	0.08279262570299968
1.404	-0.3257285079191269	0.09009226087308771
1.405	-0.3274170676398459	0.09755425702175771
1.406	-0.3291751550944374	0.1051807798986938
1.407	-0.3310036246633641	0.1129739967323714
1.408	-0.3329033828303219	0.1209362237862976
1.409	-0.3348754260166277	0.1290700297113318
1.41	-0.336920759086836	0.1373780064481721
1.411	-0.3390403869055023	0.1458627459375237
1.412	-0.3412353216948538	0.1545268610561018
1.413	-0.3435066806604192	0.1633732578189644
1.414	-0.3458556543896407	0.1724050455125213
1.415	-0.3482834347668046	0.181625336971616
1.416	-0.3507912135916522	0.1910372448032374
1.417	-0.3533802097974512	0.2006439577880417
1.418	-0.3560518111119297	0.210449130254635
1.419	-0.3588074562425988	0.2204565562347265
1.42	-0.361648583896967	0.2306700297600169
1.421	-0.3645766327824042	0.2410933448618348
1.422	-0.3675930789052079	0.2517303983292078
1.423	-0.3706996169886865	0.2625856857138156
1.424	-0.3738980135192224	0.2736638983901508
1.425	-0.3771900349832009	0.2849697277327156
1.426	-0.3805774478670048	0.2965078651160026
1.427	-0.3840621056088497	0.3082832219837875
1.428	-0.3876462567228032	0.3203020932136912
1.429	-0.3913321377285504	0.3325707150279977
1.43	-0.3951218532903959	0.3450946838738976
1.431	-0.3990177959621703	0.3578803739760686
1.432	-0.4030223869214426	0.370934237662321
1.433	-0.4071380473457856	0.3842627272604766
1.434	-0.4113672045949256	0.3978723118338216
1.435	-0.4157125247349286	0.4117701100753549
1.436	-0.4201769760267598	0.4259640657793539
1.437	-0.424763545442846	0.4404621741788286
1.438	-0.4294752199556102	0.4552724305067766
1.439	-0.4343150789297768	0.4704030810793532
1.44	-0.4392866174315058	0.4858635081784252
1.441	-0.4443934459849745	0.5016634109844242
1.442	-0.4496391751143565	0.5178124886777687
1.443	-0.4550274569461092	0.5343205545888515
1.444	-0.4605623315106357	0.5511984843268284
1.445	-0.4662480384008084	0.5684576986574824
1.446	-0.4720888179019762	0.5861096201516297
1.447	-0.4780889198558008	0.6041656974076911
1.448	-0.4842529657688076	0.6226383759628936
1.449	-0.4905867042163707	0.6415431732745347
1.45	-0.497095201657564	0.6608938109733163
1.451	-0.5037835741634499	0.6807041813293538
1.452	-0.5106570697449383	0.7009885614052577
1.453	-0.5177210610948194	0.7217616036002344
1.454	-0.524980974588361	0.7430381297469602
1.455	-0.5324421657481444	0.7648328392953636
1.456	-0.5401099772687985	0.7871604085630103
1.457	-0.5479896060987829	0.8100351780821649
1.458	-0.5560856515284962	0.8334699694189932
1.459	-0.564402617358009	0.8574773596114901
1.46	-0.5729441602739455	0.8820677328967156
1.461	-0.5817127441052712	0.9072483358813195
1.462	-0.5907100239856719	0.9330242779964866
1.463	-0.599935041536383	0.95939369724582
1.464	-0.6093850651856864	0.986349969060596
1.465	-0.6190529789423072	1.013874620506826
1.466	-0.6289270668556484	1.041936665415139
1.467	-0.6389882995701115	1.070485150414145
1.468	-0.6492089068134527	1.099445215402552
1.469	-0.6595526114082518	1.128718790756911
1.47	-0.6699775217809862	1.158192739143284
1.471	-0.6804418152351623	1.187754629250944
1.472	-0.6909071961703284	1.217302250891394
1.473	-0.7013398716289424	1.246746171226371
1.474	-0.7117101388853446	1.276008426587375
1.475	-0.7219915905732119	1.305020176266137
1.476	-0.7321607231057354	1.333720503015795
1.477	-0.7421965006759474	1.362055145774435
1.478	-0.75208066654977	1.389977256730822
1.479	-0.7617970035989202	1.417445396633429
1.48	-0.7713324487011404	1.444426441384751
1.481	-0.7806754091897716	1.470891132279281
1.482	-0.7898173874111936	1.49681832468365
1.483	-0.7987512890446258	1.522190545519666
1.484	-0.8074724915256789	1.546996772220212
1.485	-0.8159780765126574	1.571230419381132
1.486	-0.8242659771813436	1.594887115733293
1.487	-0.8323364428486798	1.617968491819761
1.488	-0.8401901510126532	1.640477281793081
1.489	-0.8478288735223414	1.662419037986114
1.49	-0.8552554237987118	1.683801977220983
1.491	-0.8624727820582659	1.70463474191179
1.492	-0.8694847655145481	1.724928087619406
1.493	-0.8762954973259675	1.744693523624043
1.494	-0.8829091440743104	1.763942667707203
1.495	-0.8893302383571864	1.782688023053857
1.496	-0.8955634067699323	1.800942281403863
1.497	-0.9016132696085845	1.818718115393214
1.498	-0.907484490339741	1.836028262851991
1.499	-0.9131816501865735	1.8528851813418
1.5	-0.9187093070355218	1.869301262793222
1.501	-0.924071989355519	1.885288800469701
1.502	-0.929273965388917	1.900859334606304
1.503	-0.9343194258072743	1.916024187869035
1.504	-0.939212560686766	1.930794681078406
1.505	-0.94395741483618	1.945181723460433
1.506	-0.9485577016871216	1.959195299651888
1.507	-0.9530170888505567	1.972845268469293
1.508	-0.9573392409337563	1.986141480253875
1.509	-0.9615276302262598	1.999093252060869
1.51	-0.9655854248549633	2.011709063652831
1.511	-0.9695157661589301	2.023997321854376
1.512	-0.9733217935179288	2.035966428051413
1.513	-0.9770064594544544	2.047624271266063
1.514	-0.9805724086667051	2.058977897980384
1.515	-0.9840222586451698	2.070034280328623
1.516	-0.9873586268803349	2.080800390445021
1.517	-0.9905840995764857	2.091283115186669
1.518	-0.9937009677826529	2.101488535932693
1.519	-0.996711365690143	2.111422305413412
1.52	-0.9996174264497251	2.121090073482421
1.521	-1.002421283212169	2.130497489993325
1.522	-1.005125002635521	2.139650023671388
1.523	-1.007730387192191	2.148552422201139
1.524	-1.010239177948503	2.157209265133741
1.525	-1.012653116043354	2.165625132215875
1.526	-1.01497394102556	2.173804598899912
1.527	-1.017203277040416	2.181751926304555
1.528	-1.019342565244204	2.189470874752856
1.529	-1.021393231489509	2.19696516228112
1.53	-1.023356701628913	2.204238506925648
1.531	-1.025234392627983	2.211294602585558
1.532	-1.027027580144532	2.218136756367869
1.533	-1.028737426672089	2.2247679640081
1.534	-1.03036509153116	2.231191212408761
1.535	-1.031911734042253	2.237409488472367
1.536	-1.033378507610009	2.243425763002562
1.537	-1.034766450205331	2.249242690061931
1.538	-1.036076498712559	2.25486264432299
1.539	-1.037309586993539	2.260287991892911
1.54	-1.038466648910118	2.265521098878874
1.541	-1.039548615973133	2.270564324935946
1.542	-1.040556338720932	2.275419805879127
1.543	-1.041490571640395	2.28008941065395
1.544	-1.04235206401212	2.284574993561673
1.545	-1.043141565116707	2.28887840890355
1.546	-1.043859823111263	2.293001507911002
1.547	-1.044507525058821	2.29694597302118
1.548	-1.045085278495911	2.300713264787959
1.549	-1.045593687194665	2.304304832819301
1.55	-1.046033354927214	2.307722126723165
1.551	-1.046404875689516	2.31096656859992
1.552	-1.046708769076528	2.314039372020386
1.553	-1.04694552091179	2.316941656297423
1.554	-1.047115616875497	2.319674540357252
1.555	-1.047219542285989	2.322239142132649
1.556	-1.04725774749128	2.324636482023478
1.557	-1.047230619842263	2.326867403665848
1.558	-1.047138540152969	2.328932732190915
1.559	-1.04698188923743	2.330833292729832
1.56	-1.046761044943947	2.332569902000361
1.561	-1.046476326621528	2.334143212339459
1.562	-1.046128009129146	2.335553751374376
1.563	-1.045716366501354	2.336802044428024
1.564	-1.045241672772707	2.337888616823325
1.565	-1.044704201623996	2.338813992897508
1.566	-1.044104188351935	2.339578589913711
1.567	-1.04344181008441	2.340182662699194
1.568	-1.042717241141234	2.340626458193855
1.569	-1.041930655842219	2.340910223337588
1.57	-1.04108222396955	2.341034192148213
1.571	-1.040172064918975	2.340998457810852
1.572	-1.039200266688273	2.340803027055028
1.573	-1.038166916800956	2.34044790536388
1.574	-1.037072102716116	2.339933098039763
1.575	-1.035915889264232	2.33925854796067
1.576	-1.034698285486184	2.338424044543697
1.577	-1.033419291980009	2.337429354053873
1.578	-1.032078909343742	2.336274242756226
1.579	-1.030677138342203	2.334958477099435
1.58	-1.029213931789453	2.333481692168695
1.581	-1.027689188525821	2.33184337665277
1.582	-1.026102805497587	2.330043014139405
1.583	-1.024454679651032	2.328080088216346
1.584	-1.022744707932438	2.32595408247134
1.585	-1.02097276556907	2.323664422026437
1.586	-1.019138650957252	2.32121032546346
1.587	-1.01724215097755	2.318590980558626
1.588	-1.015283052639243	2.315805575435721
1.589	-1.013261140761517	2.31285329216287
1.59	-1.011176150037689	2.309733178266626
1.591	-1.009027765501138	2.306444149882603
1.592	-1.006815670084826	2.30298511771427
1.593	-1.004539546665267	2.299354992314958
1.594	-1.002199048775485	2.295552606750404
1.595	-0.9997937545706191	2.2915765951697
1.596	-0.9973232303632052	2.287425560489814
1.597	-0.9947870424657829	2.283098105627715
1.598	-0.9921847512733017	2.278592817769426
1.599	-0.9895158314706539	2.273908059059463
1.6	-0.9867797056648433	2.269042055381056
1.601	-0.9839757960319339	2.263993031495044
1.602	-0.9811035247479865	2.258759212162265
1.603	-0.9781623017916435	2.253338790323481
1.604	-0.975151425551753	2.247729667824863
1.605	-0.9720701360888274	2.241929594361499
1.606	-0.9689176730135572	2.23593631845519
1.607	-0.9656932759366361	2.229747588627748
1.608	-0.9623961651399695	2.223361102996499
1.609	-0.9590254312773426	2.216774222060075
1.61	-0.9555801132526773	2.209984171741889
1.611	-0.9520592499226228	2.202988177849103
1.612	-0.9484618768934611	2.195783457806916
1.613	-0.9447869316456877	2.188366973660039
1.614	-0.9410332406203095	2.180735397479999
1.615	-0.937199624425218	2.172885386037801
1.616	-0.9332849038987707	2.164813596724681
1.617	-0.9292878367130792	2.156516522914417
1.618	-0.9252070007388665	2.147990189437477
1.619	-0.9210409445280652	2.139230544548619
1.62	-0.9167882166326041	2.130233536502594
1.621	-0.912447354835869	2.120995085767651
1.622	-0.908016717592768	2.111510645772571
1.623	-0.9034945187384428	2.101775291655966
1.624	-0.8988789681754972	2.091784088198212
1.625	-0.8941682758205818	2.081532100218183
1.626	-0.8893605861330895	2.071014222248237
1.627	-0.8844537734533393	2.060224641912956
1.628	-0.879445643970066	2.049157367694218
1.629	-0.8743340038720098	2.037806408073906
1.63	-0.8691166537607452	2.026165757107832
1.631	-0.8637911944898444	2.014228885882523
1.632	-0.8583549792659451	2.001988613718899
1.633	-0.8528053460377315	1.989437719503925
1.634	-0.8471396327538835	1.976568982124552
1.635	-0.8413551225647239	1.963375037015885
1.636	-0.8354487697132346	1.949847652531378
1.637	-0.8294174063793759	1.935978273028869
1.638	-0.8232578645449207	1.921758342311084
1.639	-0.816966971798225	1.90717929265029
1.64	-0.8105413566714615	1.892232029991874
1.641	-0.8039774226840016	1.876906860273344
1.642	-0.797271568752743	1.86119407602044
1.643	-0.7904201897872881	1.845083959185378
1.644	-0.7834195445751541	1.828566428019094
1.645	-0.7762658089744624	1.811631170795475
1.646	-0.7689551741601045	1.794267914597756
1.647	-0.7614838044910327	1.776466314941716
1.648	-0.753847885917649	1.758216070481695
1.649	-0.746043792607018	1.739507365296107
1.65	-0.7380679105418129	1.720330414337676
1.651	-0.7299166367929337	1.700675455329117
1.652	-0.7215870261879259	1.680534438801706
1.653	-0.7130764178164094	1.659900060358139
1.654	-0.7043821587660952	1.638765035658244
1.655	-0.6955023335020489	1.617124007155696
1.656	-0.6864361808487117	1.594974649317897
1.657	-0.6771830337883816	1.572314884454934
1.658	-0.6677432220483527	1.549145251930339
1.659	-0.6581190494929863	1.525471490674142
1.66	-0.6483130361240435	1.501299909640505
1.661	-0.6383290463472115	1.476640357054002
1.662	-0.62817381100164	1.451510251080475
1.663	-0.6178544306961773	1.425927988464639
1.664	-0.6073797011744133	1.399916442265051
1.665	-0.5967614730999443	1.37350658223334
1.666	-0.5860121344689727	1.346730803254347
1.667	-0.5751468609299765	1.319628922558969
1.668	-0.5641827115281665	1.292245810294328
1.669	-0.553137957785139	1.264629595771837
1.67	-0.5420340263418286	1.236836996790892
1.671	-0.5308937766095683	1.208928685785242
1.672	-0.5197438428801024	1.180975847993471
1.673	-0.5086138071174892	1.153057963705458
1.674	-0.4975378794098433	1.125267626375698
1.675	-0.486553375437643	1.097706403385862
1.676	-0.4756977890207495	1.070476752000681
1.677	-0.4650042630028136	1.043669428770503
1.678	-0.4544982503945315	1.017354148225314
1.679	-0.4441976012029976	0.9915797566980101
1.68	-0.4341136852360358	0.9663773205568439
1.681	-0.4242528482299618	0.9417641510180201
1.682	-0.4146178922486057	0.9177478902844082
1.683	-0.4052093210282263	0.8943299275887439
1.684	-0.3960255662381885	0.8715060346063095
1.685	-0.3870639623286519	0.8492690192840692
1.686	-0.3783207546214164	0.8276087556361701
1.687	-0.3697917292666836	0.8065138845638616
1.688	-0.3614720714507125	0.785971436689857
1.689	-0.3533568046323034	0.765968011064083
1.69	-0.3454407148958273	0.7464895754459796
1.691	-0.3377185629860978	0.7275220311733013
1.692	-0.3301850980714972	0.7090512509975467
1.693	-0.3228351423706589	0.6910633051669455
1.694	-0.3156635518108933	0.6735443543062579
1.695	-0.3086653791833717	0.6564810854439279
1.696	-0.3018357766551189	0.6398604509169236
1.697	-0.2951700326524018	0.6236697659235652
1.698	-0.2886635406557511	0.607896625556111
1.699	-0.2823108642175296	0.592526481880487
1.7	-0.2761079823681186	0.5775486119228772
1.701	-0.2700512169830356	0.5629531515090163
1.702	-0.2641369337258219	0.5487303240505629
1.703	-0.2583615710599263	0.5348705378414376
1.704	-0.2527217327412291	0.5213646302478854
1.705	-0.2472140908289395	0.5082036175438356
1.706	-0.2418355677053416	0.4953791750170765
1.707	-0.2365831644320588	0.4828831855703168
1.708	-0.2314539236406498	0.4707076414503827
1.709	-0.2264451616818097	0.4588452567352256
1.71	-0.2215543037041585	0.4472890332708981
1.711	-0.2167787795433758	0.4360319851032533
1.712	-0.2121161989899965	0.4250676003999374
1.713	-0.2075643923842335	0.4143899505362078
1.714	-0.2031212026965303	0.4039931404165119
1.715	-0.1987844762084409	0.3938712835729298
1.716	-0.1945522201103558	0.3840189165223398
1.717	-0.1904226582032469	0.3744311486673955
1.718	-0.1863940280290683	0.365103126316734
1.719	-0.1824645671652752	0.3560299958643461
1.72	-0.1786325857786686	0.3472070941156442
1.721	-0.1748966189950514	0.3386303528886624
1.722	-0.1712552453814941	0.3302958199047737
1.723	-0.1677070435050636	0.3221995428853437
1.724	-0.1642505946495507	0.3143375765984376
1.725	-0.1608846037070602	0.3067063009381994
1.726	-0.1576079347080216	0.2993025188373078
1.727	-0.1544194606505269	0.2921230578180872
1.728	-0.1513180545326708	0.2851647454028685
1.729	-0.1483025978370242	0.2784244313795173
1.73	-0.1453721014489289	0.2718993086359036
1.731	-0.1425256710756024	0.2655868242497987
1.732	-0.1397624139876691	0.2594844297699453
1.733	-0.137081437455751	0.2535895767450807
1.734	-0.1344818714436171	0.2478997764467249
1.735	-0.1319629733583783	0.2424128805405257
1.736	-0.1295240423605896	0.2371268547195375
1.737	-0.1271643774957938	0.2320396644322455
1.738	-0.1248832778679644	0.227149275272333
1.739	-0.122680082119877	0.2224537584273361
1.74	-0.1205542342240022	0.2179514709873486
1.741	-0.1185051952794332	0.2136408175221705
1.742	-0.116532426385265	0.209520202601605
1.743	-0.1146353888504748	0.2055880313324829
1.744	-0.1128135869650775	0.2018428243501284
1.745	-0.1110666138311974	0.1982833461798542
1.746	-0.1093940728630271	0.1949083907820005
1.747	-0.1077955674747576	0.1917167521169042
1.748	-0.1062707013157601	0.1887072247583835
1.749	-0.1048191149440274	0.1858787047114112
1.75	-0.1034405247497241	0.1832302998797346
1.751	-0.1021346563621709	0.1807611445796069
1.752	-0.1009012354106894	0.1784703731272836
1.753	-0.09973998758101155	0.1763571199818394
1.754	-0.09865066792990314	0.1744206002625543
1.755	-0.09763310496738729	0.1726602356820861
1.756	-0.09668713815176992	0.1710754798484372
1.757	-0.09581260694135597	0.1696657863696083
1.758	-0.09500935079476673	0.1684306088545641
1.759	-0.09427723110606676	0.1673694649313811
1.76	-0.09361616962233715	0.1664820448997863
1.761	-0.09302609660388336	0.1657680622061871
1.762	-0.09250694231101135	0.1652272302969915
1.763	-0.09205865044650383	0.1648593001698141
1.764	-0.09168121745503388	0.164664173953441
1.765	-0.09137465253111626	0.1646417914761038
1.766	-0.09113896486807785	0.1647920925637011
1.767	-0.09097416469128351	0.1651150199963175
1.768	-0.09088032064646169	0.1656106851347748
1.769	-0.09085753548225899	0.1662792977846509
1.77	-0.09090591201870891	0.1671210679576674
1.771	-0.09102555307584502	0.168136205665547
1.772	-0.09121656200940628	0.169324922460801
1.773	-0.09147908245881634	0.1706875457121957
1.774	-0.09181331891633668	0.172224577689867
1.775	-0.09221948007347278	0.1739365327228015
1.776	-0.09269777462172976	0.1758239251399846
1.777	-0.09324841185952275	0.1778872711418575
1.778	-0.09387163936662569	0.1801271979018508
1.779	-0.09456776371079374	0.1825445008135953
1.78	-0.09533709639945184	0.1851399891026183
1.781	-0.09617994894002553	0.1879144719944497
1.782	-0.09709663159886839	0.1908687555279762
1.783	-0.09808750187366531	0.1940037803937104
1.784	-0.09915299735099094	0.1973207120419933
1.785	-0.1002935610424194	0.2008207310184715
1.786	-0.1015096359595238	0.2045050178687884
1.787	-0.1028016651138784	0.2083747531385906
1.788	-0.1041701027437015	0.2124311499764214
1.789	-0.1056154933473521	0.2166756779121996
1.79	-0.1071384157721922	0.2211098992559515
1.791	-0.1087394480187712	0.225735373556382
1.792	-0.1104191738205721	0.2305536760674837
1.793	-0.1121782492691037	0.2355665819795538
1.794	-0.1140173798724689	0.2407760037836403
1.795	-0.115937272086576	0.2461838566366266
1.796	-0.1179386216486711	0.2517920266383867
1.797	-0.1200221990566078	0.2576026057014445
1.798	-0.1221889019924124	0.2636180337844912
1.799	-0.124439632925901	0.2698407639208743
1.8	-0.1267752943268916	0.2762732491439467
1.801	-0.1291967886652002	0.2829179424870555
1.802	-0.1317050302553451	0.2897773291099714
1.803	-0.1343010896221349	0.2968543179720096
1.804	-0.1369861223608134	0.3041520489458873
1.805	-0.1397612816552277	0.311673655377248
1.806	-0.1426277206282079	0.3194222704846935
1.807	-0.1455866497246489	0.3274011835534379
1.808	-0.1486394450223412	0.3356141303559486
1.809	-0.1517875111056452	0.3440649229495708
1.81	-0.1550322525589238	0.3527573733916566
1.811	-0.1583751043437647	0.3616953750079293
1.812	-0.1618177010131838	0.3708833569798481
1.813	-0.1653617557155464	0.3803259600018208
1.814	-0.1690089817398563	0.3900278251498007
1.815	-0.1727611000149727	0.399993613917689
1.816	-0.1766200203224879	0.4102284935855739
1.817	-0.1805878344662874	0.4207381192442554
1.818	-0.1846666409475081	0.4315281639468277
1.819	-0.1888585382193342	0.4426043006035167
1.82	-0.1931657255362343	0.4539724707702041
1.821	-0.1975907208101974	0.4656394685765349
1.822	-0.2021361032766333	0.4776122527173152
1.823	-0.2068044521709478	0.4898977818873407
1.824	-0.2115983710361158	0.5025030795234212
1.825	-0.2165207809954947	0.5154360169832142
1.826	-0.2215748244660685	0.5287050573251199
1.827	-0.2267636482762504	0.5423186754380649
1.828	-0.2320904037394873	0.5562853581660486
1.829	-0.2375584880160912	0.5706142466730991
1.83	-0.2431715018925018	0.5853150221673639
1.831	-0.2489330839645109	0.6003974615389649
1.832	-0.2548469717814785	0.6158715806068019
1.833	-0.2609181730042627	0.6317507419309846
1.834	-0.2671513157128957	0.6480473697054178
1.835	-0.273550741272893	0.6647731604306603
1.836	-0.2801209765697775	0.6819403171790912
1.837	-0.2868667562831637	0.6995616101635092
1.838	-0.2937929226721022	0.7176501026346368
1.839	-0.3009044633162128	0.7362192611966557
1.84	-0.3082064144624501	0.7552826926915004
1.841	-0.3157038532877117	0.7748541153584042
1.842	-0.3234018257008881	0.794947186350042
1.843	-0.3313052032410001	0.815575110647472
1.844	-0.3394188530824904	0.8367510845545059
1.845	-0.3477471688862029	0.8584870600326381
1.846	-0.3562939795871293	0.8807934872723454
1.847	-0.3650628272455344	0.9036800543122542
1.848	-0.3740556714166693	0.9271522057727596
1.849	-0.3832737403524512	0.9512134174666723
1.85	-0.3927158005311411	0.9758605048211468
1.851	-0.4023785516136912	1.001084668636907
1.852	-0.4122543227102534	1.026865181604091
1.853	-0.4223311601273766	1.053169588187386
1.854	-0.4325893408256521	1.079944112397817
1.855	-0.4430021516639468	1.107115799035404
1.856	-0.4535355570636513	1.134591686451166
1.857	-0.464152078397856	1.162269659258687
1.858	-0.4748152841250304	1.190050908525829
1.859	-0.4854920545896474	1.217846163867565
1.86	-0.4961534255751467	1.245577936442511
1.861	-0.5067738480328733	1.273178328000168
1.862	-0.5173305125566792	1.30058706301288
1.863	-0.5278029957635436	1.327750430820887
1.864	-0.5381732061878499	1.354621047163288
1.865	-0.5484246632284696	1.381155863888418
1.866	-0.5585433138033586	1.407318316598949
1.867	-0.5685165052219944	1.433075561970381
1.868	-0.5783341862219854	1.458401644537807
1.869	-0.5879872821771984	1.483273188633482
1.87	-0.5974692073764916	1.507673380779208
1.871	-0.6067744866767648	1.531588331638575
1.872	-0.615899351712384	1.55500863789984
1.873	-0.6248414069008098	1.577928501121727
1.874	-0.6335991385176115	1.600344434566888
1.875	-0.6421726843027831	1.622257273793569
1.876	-0.6505624110205956	1.643668452844417
1.877	-0.6587696427935751	1.664581903110096
1.878	-0.6667966213646557	1.685003943162082
1.879	-0.6746456632227564	1.704941084997501
1.88	-0.6823197019040127	1.724401436651323
1.881	-0.6898220499753819	1.743394079681177
1.882	-0.6971560606622472	1.761928199182931
1.883	-0.7043253865353354	1.780013738915363
1.884	-0.711333774156369	1.797660872542043
1.885	-0.7181849886716432	1.81487981856727
1.886	-0.7248828533173738	1.831680921481172
1.887	-0.7314311660651812	1.848074448135385
1.888	-0.7378337270430219	1.864070667176321
1.889	-0.7440942274860896	1.879679536734685
1.89	-0.7502162762114558	1.894910788923346
1.891	-0.7562034807946623	1.909774152249898
1.892	-0.7620593404562421	1.924279056875409
1.893	-0.7677871429782445	1.93843436053644
1.894	-0.7733901522597405	1.952248857350718
1.895	-0.7788716069449694	1.96573127292115
1.896	-0.7842345115072048	1.978889702909925
1.897	-0.7894817434895931	1.991731903903252
1.898	-0.794616178850254	2.004265628319327
1.899	-0.7996405921326524	2.016498357158324
1.9	-0.8045575168764509	2.028436928980488
1.901	-0.8093694518346699	2.04008809009521
1.902	-0.8140788827328325	2.051458552077764
1.903	-0.8186881069633972	2.062554525911082
1.904	-0.8231992816423338	2.073381850662248
1.905	-0.8276145606525864	2.083946356893022
1.906	-0.8319360563670302	2.094253765027573
1.907	-0.8361656567198424	2.104309201628004
1.908	-0.8403051784291529	2.114117605132931
1.909	-0.844356438212591	2.123683913979658
1.91	-0.848321238855305	2.133013029811248
1.911	-0.8522012027208401	2.142109378217645
1.912	-0.8559978305704145	2.150977064220592
1.913	-0.8597126212631242	2.159620187849802
1.914	-0.8633470734093338	2.16804284848005
1.915	-0.8669026119458099	2.176248951581663
1.916	-0.8703804881775912	2.184241945691634
1.917	-0.8737819286150345	2.192025214107025
1.918	-0.8771081597684998	2.199602140124902
1.919	-0.8803604030128169	2.206976093587972
1.92	-0.8835397644946273	2.214150141871489
1.921	-0.8866472414929896	2.221127066104982
1.922	-0.8896838275220986	2.227909637464288
1.923	-0.892650516096152	2.234500627125254
1.924	-0.8955482846874293	2.240902764244584
1.925	-0.898377988458133	2.247118456886702
1.926	-0.9011404282992062	2.253149970243154
1.927	-0.9038364049931941	2.25899956920287
1.928	-0.9064667193226394	2.264669518654778
1.929	-0.9090321388528301	2.270161996587542
1.93	-0.9115333232730015	2.27547889742522
1.931	-0.9139709116098139	2.28062206085897
1.932	-0.9163455428899391	2.285593326579981
1.933	-0.9186578555155136	2.290394532664779
1.934	-0.920908439004852	2.295027388855769
1.935	-0.9230978002603	2.299493386675979
1.936	-0.9252264382643836	2.303793996539715
1.937	-0.9272948519996311	2.307930688861282
1.938	-0.9293035396979051	2.31190493211196
1.939	-0.9312529527663334	2.315718071624617
1.94	-0.9331434718896328	2.319371265060128
1.941	-0.9349754721966769	2.322865655063393
1.942	-0.936749328816338	2.326202384279311
1.943	-0.9384654162911901	2.329382593822224
1.944	-0.940124069885495	2.332407320663913
1.945	-0.9417255633912548	2.335277437459542
1.946	-0.9432701654414426	2.337993802864349
1.947	-0.9447581446690326	2.340557275533578
1.948	-0.9461897690265845	2.342968712372319
1.949	-0.9475652694737186	2.345228872148289
1.95	-0.9488848231769971	2.347338368504868
1.951	-0.9501486032169471	2.349297803706293
1.952	-0.9513567826740944	2.351107780016799
1.953	-0.9525095340145647	2.352768898040051
1.954	-0.9536069968676151	2.354281669310083
1.955	-0.9546492623640546	2.355646473596392
1.956	-0.9556364177501178	2.356863680087836
1.957	-0.9565685502720404	2.357933657973278
1.958	-0.9574457463472211	2.358856774275304
1.959	-0.9582680581742543	2.359633303870512
1.96	-0.9590354927244741	2.360263397931529
1.961	-0.9597480539067429	2.360747199022637
1.962	-0.9604057456299239	2.361084849708118
1.963	-0.9610085706033218	2.361276489176559
1.964	-0.9615564974142138	2.361322162025403
1.965	-0.9620494581435751	2.361221812867011
1.966	-0.962487383269044	2.360975382079713
1.967	-0.9628702032475043	2.360582809991274
1.968	-0.9631978321660903	2.360043992537086
1.969	-0.9634701386913107	2.359358700320866
1.97	-0.963686983696595	2.35852668201027
1.971	-0.9638482280553727	2.357547686272951
1.972	-0.9639537306632829	2.356421456279646
1.973	-0.9640033043910055	2.355147607729357
1.974	-0.9639967305913564	2.353725669078005
1.975	-0.9639337902923628	2.352155167883018
1.976	-0.9638142645220525	2.350435631701822
1.977	-0.9636379329793014	2.348566584422785
1.978	-0.9634045328984635	2.346547432677119
1.979	-0.9631137517990166	2.344377445802536
1.98	-0.9627652744181637	2.34205588545198
1.981	-0.9623587854931073	2.339582013278387
1.982	-0.9618939696235758	2.336955090538969
1.983	-0.961370482304248	2.334174296920843
1.984	-0.9607879211878074	2.331238652404017
1.985	-0.9601458779260915	2.328147160975891
1.986	-0.9594439441709389	2.32489882662387
1.987	-0.9586817008694017	2.321492624113779
1.988	-0.9578586678307215	2.317927360056546
1.989	-0.956974343314935	2.314201781428024
1.99	-0.9560282255607514	2.310314635143059
1.991	-0.9550198144690487	2.306264672551973
1.992	-0.953948555275287	2.302050494621083
1.993	-0.9528138258806376	2.297670517773235
1.994	-0.9516150018060408	2.293123151922098
1.995	-0.9503514585724356	2.288406806981336
1.996	-0.9490225717889096	2.283519893094846
1.997	-0.9476276841173082	2.278460729862972
1.998	-0.9461660273950506	2.273227334276518
1.999	-0.9446368116499619	2.267817664017825
2	-0.9430392469098676	2.262229676769238
2.001	-0.9413725432025931	2.256461330213097
2.002	-0.9396358969248136	2.250510544466585
2.003	-0.9378283939884666	2.244374937509405
2.004	-0.9359490757942085	2.23805200743999
2.005	-0.9339969844830782	2.231539254512233
2.006	-0.9319711519174653	2.224834151213057
2.007	-0.9298705105572831	2.217933900360373
2.008	-0.9276939380120149	2.210835555574854
2.009	-0.9254403113547172	2.203536169008946
2.01	-0.9231085084590283	2.196032795012376
2.011	-0.9206972665911386	2.188322106833979
2.012	-0.9182052300534052	2.180400525707761
2.013	-0.9156310427859384	2.172264471885562
2.014	-0.9129733487288483	2.16391036561922
2.015	-0.910230783876825	2.155334605820198
2.016	-0.9074018159492754	2.146533136312618
2.017	-0.9044847646475463	2.137501499720044
2.018	-0.901477945202971	2.128235226516296
2.019	-0.8983796728468864	2.118729847175205
2.02	-0.8951882560184452	2.108980873808607
2.021	-0.8919018284486367	2.098983345474305
2.022	-0.8885183526400078	2.088731836896232
2.023	-0.8850357856032295	2.078220907806463
2.024	-0.8814520835424261	2.067445115832299
2.025	-0.8777650859803513	2.056398702984158
2.026	-0.8739724039250755	2.045075289784418
2.027	-0.8700716223861482	2.033468425681193
2.028	-0.866060326669614	2.021571661009144
2.029	-0.861936002165715	2.009378275673003
2.03	-0.8576958403110606	1.996880746152274
2.031	-0.8533369823834338	1.984071410963979
2.032	-0.8488565696606122	1.970942608625126
2.033	-0.8442517089078659	1.957486584852181
2.034	-0.839519205781321	1.943694758946943
2.035	-0.8346557105941526	1.929558116689561
2.036	-0.8296578723667701	1.915067640034331
2.037	-0.8245223361884301	1.900214300695849
2.038	-0.819245564868052	1.884988569153798
2.039	-0.8138237908548596	1.869380254297561
2.04	-0.8082532350005722	1.853379126586682
2.041	-0.802530118156912	1.836974956480712
2.042	-0.7966505936741547	1.820157327539218
2.043	-0.7906106746703377	1.802915385756929
2.044	-0.7844064384813347	1.785238415468994
2.045	-0.7780339649188514	1.767115707386139
2.046	-0.7714893066009338	1.74853646736222
2.047	-0.7647687283795753	1.729490379813916
2.048	-0.7578687205598412	1.709967692839589
2.049	-0.7507857642174888	1.689958629283083
2.05	-0.7435166352316291	1.669454136231428
2.051	-0.7360589994954655	1.64844742577751
2.052	-0.7284106395037855	1.626932010584357
2.053	-0.7205695610720806	1.604901969010911
2.054	-0.7125353346889045	1.582355405172698
2.055	-0.7043081664777716	1.55929207335668
2.056	-0.6958885867953227	1.535712562991288
2.057	-0.6872794845879371	1.511623591088284
2.058	-0.6784847155245134	1.487034397517669
2.059	-0.6695086789206816	1.461955634368877
2.06	-0.6603590256266167	1.436406452471971
2.061	-0.6510445777122726	1.410409076747854
2.062	-0.6415750252574702	1.383988002508015
2.063	-0.6319636421850716	1.357177151583683
2.064	-0.6222246496168948	1.330012951707525
2.065	-0.6123742738919219	1.302537136212592
2.066	-0.6024316937351989	1.274799345335636
2.067	-0.5924168469592214	1.246851265774856
2.068	-0.5823531492231662	1.218754069500964
2.069	-0.5722660164556296	1.190574477818562
2.07	-0.5621850072605841	1.162390816697107
2.071	-0.5521432288468771	1.134291451564401
2.072	-0.5421781155156137	1.106377133269951
2.073	-0.5323282309391705	1.078752192133023
2.074	-0.5226293180348951	1.051513556668502
2.075	-0.5131100391181609	1.024738906335053
2.076	-0.5037908402440302	0.9984834404471536
2.077	-0.4946853857113362	0.9727838066781014
2.078	-0.4858016770259179	0.9476611997485219
2.079	-0.47714374144851	0.9231260194280152
2.08	-0.4687129045631527	0.8991813628971873
2.081	-0.4605083230244274	0.8758244975833536
2.082	-0.4525277880833511	0.8530490464668787
2.083	-0.4447680170971748	0.8308457806661494
2.084	-0.4372249362064419	0.8092033926449886
2.085	-0.4298940010727362	0.7881093492240168
2.086	-0.4227703532435778	0.7675503109536184
2.087	-0.4158488591203395	0.747512248556748
2.088	-0.4091243260315993	0.7279809918202056
2.089	-0.4025915185069125	0.708942309690667
2.09	-0.3962452236874155	0.6903820447201715
2.091	-0.3900802732854403	0.6722861811041342
2.092	-0.3840916832557066	0.6546412381023999
2.093	-0.3782745133623494	0.6374338575315402
2.094	-0.3726239860005152	0.6206511388153819
2.095	-0.3671352949666843	0.6042801272703305
2.096	-0.3618030497125623	0.5883063934410815
2.097	-0.3566232743381486	0.5727193362626772
2.098	-0.351592134327665	0.5575087007311125
2.099	-0.3467058609227476	0.5426643989851692
2.1	-0.3419607582661403	0.5281765393142921
2.101	-0.3373533207811492	0.5140357462332263
2.102	-0.3328800940376153	0.500232783447165
2.103	-0.3285378251256947	0.4867589634095336
2.104	-0.3243234368331741	0.4736060775162873
2.105	-0.3202338584863956	0.4607659349259981
2.106	-0.3162661774544967	0.4482307746686043
2.107	-0.3124177529773414	0.4359935771537228
2.108	-0.308685970163631	0.4240473935049615
2.109	-0.3050682175049061	0.4123852839708917
2.11	-0.3015620548814337	0.4010007744529098
2.111	-0.2981652808518547	0.3898880422566743
2.112	-0.2948757105212036	0.3790413102985948
2.113	-0.2916911583210203	0.3684547995635039
2.114	-0.2886095250180629	0.3581229646488552
2.115	-0.2856289857513351	0.3480410110378688
2.116	-0.2827477634694711	0.338204275851316
2.117	-0.2799640811211013	0.3286080962099544
2.118	-0.2772761616548573	0.3192478092345466
2.119	-0.2746822693687347	0.3101188642975156
2.12	-0.2721809155708835	0.3012173853635229
2.121	-0.269770669365367	0.292539657636822
2.122	-0.2674500968156421	0.2840819582074641
2.123	-0.2652177642140382	0.2758405647885861
2.124	-0.263072306122117	0.267811942972834
2.125	-0.2610125103761143	0.2599929819479231
2.126	-0.2590371846858436	0.2523806262193087
2.127	-0.2571451367611179	0.2449718202924431
2.128	-0.2553351901312072	0.237763552054033
2.129	-0.253606288426612	0.2307531408019782
2.13	-0.2519573977088659	0.2239379701772778
2.131	-0.2503875108057017	0.2173154986799321
2.132	-0.2488955736779361	0.2108829319239673
2.133	-0.2474802322729939	0.2046361947007934
2.134	-0.246140515445155	0.1985727612138983
2.135	-0.2448755756296287	0.1926905188582597
2.136	-0.2436846095607835	0.1869874794880019
2.137	-0.2425668139729862	0.1814616549572413
2.138	-0.2415213858104365	0.1761110577090083
2.139	-0.240547561450493	0.1709338122910108
2.14	-0.2396446601656785	0.1659282800354584
2.141	-0.2388120114337222	0.161092851640043
2.142	-0.2380489447323543	0.1564259178024588
2.143	-0.237354790677098	0.1519258723593652
2.144	-0.2367289278210618	0.1475912451682087
2.145	-0.2361707962862741	0.1434207441239085
2.146	-0.2356798399127434	0.1394130883699815
2.147	-0.2352555025404779	0.135566997049943
2.148	-0.2348972299450656	0.1318811950449886
2.149	-0.2346045126334242	0.1283545385536662
2.15	-0.2343768857683868	0.1249860140602557
2.151	-0.2342138864316744	0.121774613575031
2.152	-0.2341150517050078	0.1187193291082704
2.153	-0.2340799235472159	0.1158191665051903
2.154	-0.2341080949892868	0.1130732796222965
2.155	-0.2341991884358303	0.1104809094377658
2.156	-0.2343528265543116	0.1080412978390192
2.157	-0.2345686320121958	0.1057536867134746
2.158	-0.2348462329481977	0.1036173348337786
2.159	-0.2351853019064764	0.1016316336553224
2.16	-0.2355855329866796	0.09979603733654327
2.161	-0.2360466204303679	0.09811000040795929
2.162	-0.2365682584791022	0.09657297740008969
2.163	-0.2371501560070333	0.09518446444601011
2.164	-0.2377920678477311	0.09394409171080582
2.165	-0.2384937552431619	0.09285150960675675
2.166	-0.2392549794109181	0.09190636848075331
2.167	-0.240075503287539	0.09110832418728534
2.168	-0.2409551196246925	0.09045712137149976
2.169	-0.2418936460640009	0.08995257601498535
2.17	-0.242890900988791	0.08959450608807804
2.171	-0.2439467031105249	0.08938273049717979
2.172	-0.2450608923078934	0.0893171289826598
2.173	-0.2462333417844286	0.08939767738352873
2.174	-0.2474639276365449	0.08962435992651437
2.175	-0.2487525259606573	0.08999716083834476
2.176	-0.2500990142507056	0.0905160689119936
2.177	-0.2515033143603992	0.09118119896755285
2.178	-0.2529653706254369	0.09199272899123251
2.179	-0.2544851273897916	0.0929508369922058
2.18	-0.2560625289974373	0.09405570097964652
2.181	-0.2576975197923452	0.09530749896272693
2.182	-0.2593900646867149	0.09670646594616998
2.183	-0.2611401800911922	0.09825297923455799
2.184	-0.2629478843477466	0.09994742124727406
2.185	-0.2648131957658265	0.1017901743132627
2.186	-0.2667361344113278	0.1037816258790442
2.187	-0.268716753350577	0.1059222539862441
2.188	-0.2707551343070198	0.1082126131952173
2.189	-0.2728513599167142	0.1106532603994471
2.19	-0.2750055130754333	0.1132447531950016
2.191	-0.2772177006682409	0.1159877131239213
2.192	-0.279488072620366	0.1188828759120277
2.193	-0.281816783339566	0.1219309891043087
2.194	-0.2842039872336014	0.1251328002457563
2.195	-0.286649845729772	0.1284890756454153
2.196	-0.2891545749441854	0.1320007247404035
2.197	-0.2917184135344106	0.1356687154091747
2.198	-0.2943416001797605	0.1394940155854061
2.199	-0.2970243735582312	0.143477593199896
2.2	-0.299766990359666	0.1476204628977315
2.201	-0.3025697763595324	0.1519238173112114
2.202	-0.3054330737845189	0.1563888912148964
2.203	-0.308357224861313	0.1610169193833459
2.204	-0.3113425719171713	0.1658091368532054
2.205	-0.3143894878448051	0.1707668570264717
2.206	-0.3174984177108571	0.1758915775068354
2.207	-0.3206698168910695	0.1811848220474432
2.208	-0.3239041407611855	0.1866481144014443
2.209	-0.32720185218721	0.1922829973160378
2.21	-0.3305634892374606	0.1980912044907917
2.211	-0.3339896331399488	0.2040745793131032
2.212	-0.3374808656225718	0.210234966443657
2.213	-0.3410377684416672	0.2165742105944674
2.214	-0.3446609697133763	0.2230942737492247
2.215	-0.3483511952007674	0.2297973656135443
2.216	-0.352109182090253	0.23668572493473
2.217	-0.3559356675682408	0.2437615904600766
2.218	-0.3598313927023526	0.2510272106476625
2.219	-0.3637971920924988	0.2584850706590996
2.22	-0.3678339946305897	0.2661378954108581
2.221	-0.3719427332620557	0.2739884201949746
2.222	-0.3761243409323328	0.2820393803034963
2.223	-0.3803797749896152	0.2902935728373952
2.224	-0.3847101314633901	0.2987541471911003
2.225	-0.3891165474558318	0.3074243577465936
2.226	-0.3936001657856733	0.3163074810233251
2.227	-0.3981624222462734	0.3254079057619804
2.228	-0.4028047311893294	0.3347298135302696
2.229	-0.4075284324437224	0.3442769531449843
2.23	-0.4123348851174463	0.3540531261934771
2.231	-0.4172255471772369	0.3640623870405125
2.232	-0.4222019944487519	0.3743090921366117
2.233	-0.4272658071499723	0.384797609207955
2.234	-0.4324185876082543	0.3955323624883234
2.235	-0.437662128028331	0.406518263819779
2.236	-0.4429983167070212	0.4177604726469087
2.237	-0.4484290426599874	0.4292641502848973
2.238	-0.45395623559431	0.441034562713721
2.239	-0.4595820613542027	0.4530775850212764
2.24	-0.4653087702976437	0.4653993108026628
2.241	-0.4711386128780616	0.4780058339029068
2.242	-0.4770739109470287	0.4909034329802064
2.243	-0.4831172606787807	0.5040990961504301
2.244	-0.4892713240646649	0.5175999816054794
2.245	-0.4955387635855764	0.5314132488821527
2.246	-0.5019223626371984	0.5455463734597629
2.247	-0.508425169525395	0.5600075093242024
2.248	-0.5150502662896852	0.5748048939851422
2.249	-0.5218007401273812	0.5899467781176839
2.25	-0.5286798198094171	0.6054417650638318
2.251	-0.5356909377296339	0.6212989664323139
2.252	-0.5428385592163764	0.6375303108945053
2.253	-0.5501265044524729	0.6541459816159116
2.254	-0.5575585864130772	0.6711561415362862
2.255	-0.5651387847618027	0.6885714013151006
2.256	-0.5728711630046701	0.7064025946149765
2.257	-0.5807598855368561	0.7246608188284677
2.258	-0.5888091421811611	0.7433572366202993
2.259	-0.5970231539095625	0.7625030902337941
2.26	-0.6054060551851879	0.7821093826621281
2.261	-0.6139619577952035	0.8021870553255027
2.262	-0.6226947750482134	0.8227465127986338
2.263	-0.6316080298368588	0.8437971057802833
2.264	-0.6407051793543862	0.8653480092556608
2.265	-0.6499887432497691	0.8874058671411306
2.266	-0.6594605721518693	0.9099755129712163
2.267	-0.6691219146518882	0.9330601533646284
2.268	-0.678971860280642	0.9566571317170869
2.269	-0.6890084216659287	0.9807608596365183
2.27	-0.6992261066786667	1.005356176134133
2.271	-0.7096167631856326	1.030420633654549
2.272	-0.7201660627644957	1.055914822884085
2.273	-0.7308544968434606	1.081785088858424
2.274	-0.7416545882924926	1.107955878720327
2.275	-0.7525329063046691	1.134335384094246
2.276	-0.7634532681675724	1.16082446658702
2.277	-0.7743804356930831	1.187326965893944
2.278	-0.7852827723775558	1.213757001335525
2.279	-0.7961325607731734	1.240039746683601
2.28	-0.8069056345694406	1.266110314981377
2.281	-0.8175808481221606	1.291912200791247
2.282	-0.8281397061599755	1.317396174842304
2.283	-0.8385656311148685	1.342518233536785
2.284	-0.8488444770903067	1.367240946052215
2.285	-0.8589636606523946	1.391531078607115
2.286	-0.8689129589765424	1.415361712833137
2.287	-0.8786832676082219	1.438708913483577
2.288	-0.8882678568204673	1.461555068272066
2.289	-0.8976608443101005	1.483884817287932
2.29	-0.9068585165194615	1.50568855948387
2.291	-0.9158579528274924	1.526958797435468
2.292	-0.9246573881783757	1.547691097871645
2.293	-0.9332565308720313	1.567884932188666
2.294	-0.9416553697458673	1.587540514882391
2.295	-0.9498551120490422	1.606661286589579
2.296	-0.9578574271652716	1.625251910358014
2.297	-0.9656643614648893	1.64331804604632
2.298	-0.9732787054993487	1.660867321355916
2.299	-0.9807033353134008	1.677907590064922
2.3	-0.9879413318676913	1.694447248144168
2.301	-0.994996152398245	1.710495686734465
2.302	-1.00187127110281	1.726062341681805
2.303	-1.008570215885541	1.741156791131468
2.304	-1.015096598020511	1.755788834580658
2.305	-1.021454004922477	1.769968208574207
2.306	-1.027646023164819	1.783704647798988
2.307	-1.03367615056668	1.797007654273333
2.308	-1.039547816592868	1.809886549931902
2.309	-1.045264445456745	1.822350643106174
2.31	-1.050829293172057	1.834408800309335
2.311	-1.056245461693916	1.846069482427292
2.312	-1.061516048900276	1.857341139587671
2.313	-1.066644105378588	1.868232098126438
2.314	-1.071632401447444	1.878749948111947
2.315	-1.076483604609052	1.888902008580689
2.316	-1.081200382206238	1.898695598137983
2.317	-1.085785317410358	1.90813781478741
2.318	-1.090240707511225	1.917235005183558
2.319	-1.094568789739968	1.925993357596858
2.32	-1.098771801411569	1.93441906054671
2.321	-1.102851881530667	1.942518045117101
2.322	-1.106810882307072	1.950295487715222
2.323	-1.110650605869677	1.957756432490612
2.324	-1.114372854347373	1.964905923592805
2.325	-1.117979411713216	1.971748957779811
2.326	-1.121471823862337	1.978289906537153
2.327	-1.124851474362998	1.98453271244455
2.328	-1.128119744110141	1.990481310818409
2.329	-1.131278013998709	1.996139636975138
2.33	-1.134327605609228	2.001511470676634
2.331	-1.137269591441724	2.006599934151857
2.332	-1.140104978988251	2.01140797671852
2.333	-1.142834775744613	2.015938547702295
2.334	-1.145459989090332	2.020194596131349
2.335	-1.147981541846137	2.024178848622346
2.336	-1.150400138834959	2.027893453482294
2.337	-1.152716451618829	2.03134046959619
2.338	-1.154931151759776	2.034521955849024
2.339	-1.157044910100285	2.037439969258633
2.34	-1.15905830374298	2.040096318285492
2.341	-1.160971727071897	2.042492323055458
2.342	-1.162785553670993	2.04462924745378
2.343	-1.164500157124224	2.046508355365713
2.344	-1.166115909421689	2.048130906525972
2.345	-1.167633080252681	2.04949788816772
2.346	-1.169051778693425	2.050609855262618
2.347	-1.170372099946183	2.051467324816889
2.348	-1.171594139213214	2.052070813836754
2.349	-1.172717989336738	2.052420833050773
2.35	-1.173743637430281	2.052517608233146
2.351	-1.174670924591969	2.052360969422575
2.352	-1.175499681239067	2.051950717472341
2.353	-1.176229737788841	2.051286653235723
2.354	-1.176860916969119	2.050368556961974
2.355	-1.177392906617165	2.049195844344085
2.356	-1.177825291711156	2.047767650187078
2.357	-1.178157656053719	2.046083105709142
2.358	-1.1783895817074	2.044141337379627
2.359	-1.178520560947349	2.041941226704302
2.36	-1.178549955667898	2.039481299511356
2.361	-1.17847711758695	2.036760053871191
2.362	-1.178301400345292	2.033775993146758
2.363	-1.178022099179146	2.030527461474597
2.364	-1.177638307547731	2.027012250959252
2.365	-1.177149087562329	2.023228067832527
2.366	-1.176553501334223	2.01917261832623
2.367	-1.175850611016105	2.014843608786737
2.368	-1.175039417659928	2.010238578402879
2.369	-1.174118675682231	2.005354390568121
2.37	-1.17308707961076	2.000187744402232
2.371	-1.171943323973263	1.994735339024978
2.372	-1.170686103297484	1.988993873556123
2.373	-1.169314074913513	1.982959945462457
2.374	-1.167825631519207	1.976629426850312
2.375	-1.166219051239496	1.969997874996335
2.376	-1.164492611745113	1.963060845915879
2.377	-1.162644590706791	1.955813895624293
2.378	-1.160673219953078	1.94825245460001
2.379	-1.15857642856118	1.940371121005423
2.38	-1.156352026990615	1.932164166087731
2.381	-1.153997825517554	1.923625860584814
2.382	-1.151511634418174	1.914750475234566
2.383	-1.148891186760832	1.90553207017037
2.384	-1.14613386107343	1.895963726481994
2.385	-1.143236935476242	1.886038245304856
2.386	-1.140197688089245	1.875748427773483
2.387	-1.137013396957537	1.865087074851653
2.388	-1.1336812210075	1.854046661176256
2.389	-1.130197961273494	1.842618658165471
2.39	-1.126560352008567	1.830794345204769
2.391	-1.122765127465765	1.81856500167961
2.392	-1.118809020085341	1.805921902327269
2.393	-1.114688584419014	1.792855832409762
2.394	-1.110400139088345	1.779356875209572
2.395	-1.10594000086507	1.765415092103445
2.396	-1.101304486520927	1.751020544468134
2.397	-1.09648990724224	1.736163278032149
2.398	-1.091492457510481	1.720832977043861
2.399	-1.0863084071286	1.705019451095792
2.4	-1.080934076797388	1.688712639925492
2.401	-1.075365766433214	1.671902421703785
2.402	-1.06960004969659	1.65457931703805
2.403	-1.063633855960456	1.636734734046553
2.404	-1.057464123522732	1.618360103273926
2.405	-1.051088089424012	1.599447596420325
2.406	-1.04450396452304	1.579991862526307
2.407	-1.037710135504489	1.559988003962902
2.408	-1.030705429664028	1.539432247545274
2.409	-1.023490355532296	1.518325159361839
2.41	-1.016065775306096	1.496668223477537
2.411	-1.008433219541574	1.474464651031314
2.412	-1.000596765904361	1.45172428221414
2.413	-0.9925610588257796	1.428458438587217
2.414	-0.9843316156397623	1.404680713358884
2.415	-0.9759173078324872	1.380413491173389
2.416	-0.9673277899773153	1.355681219705646
2.417	-0.9585738668822685	1.330511366888645
2.418	-0.9496698467952451	1.304940674464798
2.419	-0.9406308401473841	1.27900802523115
2.42	-0.9314746691779858	1.252759577416174
2.421	-0.9222214784620139	1.226247792731358
2.422	-0.9128938870473436	1.199531932663916
2.423	-0.903518126191826	1.172681282887991
2.424	-0.8941242267258763	1.145775805631202
2.425	-0.8847463483771328	1.118907159229446
2.426	-0.8754216723778807	1.092175775586213
2.427	-0.8661865927860496	1.065680300238275
2.428	-0.857073070640559	1.03950744448305
2.429	-0.8481056842890664	1.013723749577807
2.43	-0.8393019621498531	0.9883764444104234
2.431	-0.8306737255798661	0.9634971419858275
2.432	-0.8222282511579613	0.939105058226457
2.433	-0.8139695769159346	0.9152106189906937
2.434	-0.8058994557434674	0.8918180814770181
2.435	-0.7980178575392504	0.868926916710587
2.436	-0.7903235421262911	0.8465333722002634
2.437	-0.7828142955312332	0.8246311141129663
2.438	-0.7754872058823277	0.8032119791012511
2.439	-0.7683388457676797	0.7822664622276129
2.44	-0.7613655248268814	0.7617843840371561
2.441	-0.7545631941324222	0.7417546595408402
2.442	-0.7479277456182666	0.7221660595092637
2.443	-0.7414549394556992	0.7030070555164895
2.444	-0.7351405299594689	0.6842661257154607
2.445	-0.7289802677840648	0.6659317519186235
2.446	-0.7229699835442053	0.6479926787910885
2.447	-0.7171055605005108	0.6304378021596565
2.448	-0.7113829441745425	0.6132561996449281
2.449	-0.7057979291495151	0.5964365031531638
2.45	-0.7003466082296738	0.5799681970374047
2.451	-0.6950254828980088	0.5638419444130852
2.452	-0.6898310827622693	0.5480484788917037
2.453	-0.6847600130208775	0.5325787386430797
2.454	-0.6798089898317653	0.5174239662576451
2.455	-0.6749748604186092	0.5025757634807255
2.456	-0.6702545070430933	0.488025828622649
2.457	-0.6656450281716937	0.4737664523647727
2.458	-0.6611436170473715	0.4597901839854385
2.459	-0.6567474732524889	0.4460895903724399
2.46	-0.65245397848149	0.4326577362894547
2.461	-0.6482607077857279	0.4194882125748325
2.462	-0.6441652447631426	0.4065746331932467
2.463	-0.6401651786140888	0.3939106274558071
2.464	-0.6362582686928265	0.3814902882434058
2.465	-0.632442465003944	0.3693082258108423
2.466	-0.6287157269927307	0.357359075777911
2.467	-0.6250760136220553	0.3456374724740908
2.468	-0.6215213545680066	0.33413824250631
2.469	-0.6180500209708054	0.3228568668512612
2.47	-0.6146603295215394	0.311788949707721
2.471	-0.6113505969113008	0.3009300952744802
2.472	-0.6081191398311775	0.2902759077503153
2.473	-0.6049643046484272	0.2798220717410363
2.474	-0.601884649548085	0.2695648455380251
2.475	-0.5988787903106793	0.2595006432054708
2.476	-0.5959453389717765	0.24962586864839
2.477	-0.5930829084715059	0.2399369282141468
2.478	-0.590290185259972	0.2304304271099728
2.479	-0.5875659777545069	0.221103300816312
2.48	-0.5849091053633872	0.2119525146311895
2.481	-0.5823183874948901	0.2029750338526348
2.482	-0.5797926665470645	0.1941678859009093
2.483	-0.5773308991775126	0.1855284075727985
2.484	-0.5749320759403888	0.1770540277179293
2.485	-0.5725951873374111	0.1687421750478467
2.486	-0.5703192249787322	0.160590281207607
2.487	-0.5681032432842172	0.1525959478466584
2.488	-0.5659463828202256	0.1447570107533918
2.489	-0.5638477899439613	0.1370713215180726
2.49	-0.5618066110126276	0.1295367317309632
2.491	-0.5598219923838942	0.1221510929835825
2.492	-0.557893116754774	0.1149123552201696
2.493	-0.5560192553062304	0.1078187088474606
2.494	-0.5541996876001773	0.1008683674368651
2.495	-0.5524336931985309	0.09405954455980219
2.496	-0.5507205519479429	0.08739045455828694
2.497	-0.549059576787767	0.080859401893648
2.498	-0.5474501418221599	0.07446485806530129
2.499	-0.5458916275195884	0.06820531203912183
2.5	-0.5443834143485176	0.06207925278097619
2.501	-0.5429248842438952	0.05608517320002289
2.502	-0.5415154589148552	0.05022167437178564
2.503	-0.5401546020825699	0.04448747259910538
2.504	-0.53884177933019	0.03888128940905575
2.505	-0.5375764562408658	0.03340184632871302
2.506	-0.5363581016645136	0.02804787385837167
2.507	-0.5351862247131187	0.02281821314856515
2.508	-0.5340603611953516	0.01771177875377955
2.509	-0.53298004736607	0.01272748645757562
2.51	-0.5319448194801312	0.007864252043511964
2.511	-0.5309542204672456	0.003121009409442806
2.512	-0.5300078333865273	-0.00150319755814153
2.513	-0.5291052557711013	-0.006009284793090208
2.514	-0.5282460851510259	-0.01039816822495099
2.515	-0.5274299190565839	-0.01467076378263813
2.516	-0.5266563699607145	-0.01882794570578852
2.517	-0.5259250754847934	-0.02287051890383107
2.518	-0.5252356750276209	-0.02679928383049995
2.519	-0.524587820109831	-0.03061500742267051
2.52	-0.523980925017614	-0.03431927093665822
2.521	-0.5234141714651399	-0.0379144609953312
2.522	-0.5228872306358852	-0.04140131152160195
2.523	-0.522399793231017	-0.04478049386528328
2.524	-0.5219515510120135	-0.04805267649903286
2.525	-0.5215422149345237	-0.05121847444154997
2.526	-0.5211715081263901	-0.05427846863309865
2.527	-0.5208391538163256	-0.05723323972979991
2.528	-0.5205448736596439	-0.06008337275614074
2.529	-0.5202883942802559	-0.06282943887511702
2.53	-0.5200694798343029	-0.06547190492832471
2.531	-0.5198878995815852	-0.06801122357727329
2.532	-0.5197434227819039	-0.07044784748347593
2.533	-0.5196358186950593	-0.07278222930844443
2.534	-0.5195648565808518	-0.07501482171369167
2.535	-0.5195303056990821	-0.07714607736072757
2.536	-0.5195319432008085	-0.07917642696651354
2.537	-0.5195695817666336	-0.08110620270001573
2.538	-0.5196430335807475	-0.0829357383801535
2.539	-0.5197521099557847	-0.08466537025780881
2.54	-0.5198966222043788	-0.08629543458386607
2.541	-0.5200763841133489	-0.0878262606554308
2.542	-0.5202912311776668	-0.08925811817617781
2.543	-0.5205410083748817	-0.09059125105313315
2.544	-0.5208255606945525	-0.09182590316121035
2.545	-0.5211447331262381	-0.09296231837532223
2.546	-0.5214983707967497	-0.09400074019688298
2.547	-0.5218863299552556	-0.09494138196616972
2.548	-0.522308482750753	-0.09578441404400888
2.549	-0.5227647020953399	-0.09653000476175966
2.55	-0.5232548609449635	-0.0971783223265234
2.551	-0.523778839550149	-0.09772951513146458
2.552	-0.5243365326904014	-0.09818369287888729
2.553	-0.5249278367750128	-0.09854096108875154
2.554	-0.525552648141497	-0.09880142546395783
2.555	-0.5262108644497623	-0.09896518787411632
2.556	-0.5269024038918383	-0.0990322964369012
2.557	-0.5276271910839435	-0.09900278262877193
2.558	-0.5283851506422965	-0.09887667792618786
2.559	-0.5291762071831154	-0.09865401380560858
2.56	-0.5300002854064231	-0.09833482151715689
2.561	-0.5308573218068208	-0.09791910127688905
2.562	-0.531747272168611	-0.09740680366561723
2.563	-0.5326700934134813	-0.0967978766438653
2.564	-0.5336257424631172	-0.09609226817215798
2.565	-0.5346141762549512	-0.09528992616557094
2.566	-0.5356353591330663	-0.09439077974582986
2.567	-0.5366892735556772	-0.09339471254829905
2.568	-0.5377759046505797	-0.0923016015661972
2.569	-0.5388952375455713	-0.09111132379274174
2.57	-0.5400472575401212	-0.08982375574901412
2.571	-0.5412319615823106	-0.08843874412759005
2.572	-0.5424493653353121	-0.08695608924476732
2.573	-0.5436994861366761	-0.08537558748405369
2.574	-0.5449823413239526	-0.08369703522895744
2.575	-0.5462979484410534	-0.08192022841073385
2.576	-0.5476463362692556	-0.0800449361101047
2.577	-0.5490275503592331	-0.07807088615367624
2.578	-0.5504416376293416	-0.07599780287656659
2.579	-0.5518886449989376	-0.07382541061078815
2.58	-0.5533686258875736	-0.0715534172574359
2.581	-0.5548816545577537	-0.06918148000779147
2.582	-0.5564278093799289	-0.06670924656238676
2.583	-0.5580071687245507	-0.06413636462175244
2.584	-0.5596198109043421	-0.06146248195537753
2.585	-0.5612658325622705	-0.05868720222004268
2.586	-0.5629453493518068	-0.05581008363582358
2.587	-0.5646584774659688	-0.05283068313963311
2.588	-0.5664053330977726	-0.04974855766838814
2.589	-0.56818603260388	-0.04656326375212882
2.59	-0.5700007129126664	-0.04327430735958689
2.591	-0.571849528063228	-0.03988115377449082
2.592	-0.5737326301267713	-0.03638327372194265
2.593	-0.5756501831716588	-0.03278010900092428
2.594	-0.5776024741264195	-0.0290706919463997
2.595	-0.5795902361223633	-0.02525254943787556
2.596	-0.5816137344791105	-0.02132481622393095
2.597	-0.5836731658489526	-0.01728686460156668
2.598	-0.5857687387250839	-0.01313803844655516
2.599	-0.5879006881956522	-0.008877617792311773
2.6	-0.5900692510533835	-0.004504878580178109
2.601	-0.5922746640910073	-1.909675149013143e-05
2.602	-0.5945171694571728	0.004580464471364598
2.603	-0.5967970454922016	0.009294628533384634
2.604	-0.5991145853487712	0.01412425456789815
2.605	-0.6014700822188012	0.01907020180490399
2.606	-0.6038638292526295	0.02413332937322262
2.607	-0.6062961317597799	0.02931452583254752
2.608	-0.6087673406842083	0.03461479031046084
2.609	-0.611277816779679	0.04003514571647831
2.61	-0.6138279207999556	0.04557661496011335
2.611	-0.6164180134976708	0.05124022094795148
2.612	-0.6190484678828617	0.0570270162434857
2.613	-0.6217197114878554	0.0629381866506858
2.614	-0.6244321866000041	0.06897495428941713
2.615	-0.627186335506661	0.07513854127954782
2.616	-0.6299826004951758	0.08143016974093778
2.617	-0.6328214368822875	0.08785109403341684
2.618	-0.6357033602975037	0.09440271778155793
2.619	-0.6386289034961978	0.1010864870034811
2.62	-0.6415985992270307	0.1079038477007599
2.621	-0.6446129807548421	0.1148562471132011
2.622	-0.6476726176085452	0.1219452225617828
2.623	-0.6507781370418688	0.1291724559029172
2.624	-0.6539301713447284	0.1365396417086772
2.625	-0.6571293528070431	0.1440484745511452
2.626	-0.6603763224220875	0.1517006709174581
2.627	-0.6636717959870735	0.1594981361171453
2.628	-0.6670165256571066	0.1674428673604261
2.629	-0.6704112637738756	0.1755368623305914
2.63	-0.6738567626621024	0.183782118661119
2.631	-0.6773538059342162	0.1921807133609936
2.632	-0.6809032734838603	0.2007349689334986
2.633	-0.6845060631658063	0.2094472538542664
2.634	-0.6881630728348244	0.2183199365989255
2.635	-0.6918752025184809	0.2273553912083582
2.636	-0.6956434266146102	0.2365561828780201
2.637	-0.6994688098557195	0.2459251093038144
2.638	-0.7033524223621146	0.2554649820735959
2.639	-0.7072953342541032	0.265178612775224
2.64	-0.7112986369915465	0.2750688681922234
2.641	-0.7153635549318741	0.285138959660888
2.642	-0.7194913620318389	0.2953922273114394
2.643	-0.7236833323025395	0.3058320114160069
2.644	-0.7279407410216173	0.3164616555571882
2.645	-0.7322649534804225	0.3272847385262349
2.646	-0.736657477556723	0.3383052116737162
2.647	-0.7411198334169048	0.3495270584566381
2.648	-0.7456535412273485	0.3609542623319915
2.649	-0.750260145154611	0.3725908699470505
2.65	-0.7549413756257547	0.3844414180624209
2.651	-0.7596990480935695	0.3965106670834459
2.652	-0.764534978378174	0.4088033783806283
2.653	-0.769450983270534	0.4213243159191505
2.654	-0.774448993303255	0.4340785452853028
2.655	-0.7795311517066001	0.4470716952854723
2.656	-0.784699624660224	0.4603094554079449
2.657	-0.7899565783437882	0.4737975151410233
2.658	-0.795304207239218	0.4875416397409729
2.659	-0.8007449502292452	0.5015482466151543
2.66	-0.8062813708399258	0.5158240849548767
2.661	-0.8119160335743266	0.5303759065324812
2.662	-0.8176515057628408	0.5452104708483576
2.663	-0.8234905131940352	0.5603349652861701
2.664	-0.8294359785854908	0.5757571022104365
2.665	-0.8354908308175838	0.5914846088423545
2.666	-0.841658004780369	0.6075252284964854
2.667	-0.8479407007649076	0.6238874486890612
2.668	-0.8543425022927302	0.6405808504294213
2.669	-0.860866649328184	0.657614004149696
2.67	-0.8675164549182778	0.6749956870938015
2.671	-0.87429533719205	0.6927349782100714
2.672	-0.8812067581459878	0.7108410827011785
2.673	-0.8882541959334138	0.7293232696860864
2.674	-0.895441121661644	0.7481907964077965
2.675	-0.9027709822883304	0.7674528695697012
2.676	-0.9102470380776022	0.7871182216438525
2.677	-0.9178725153532	0.8071954986093312
2.678	-0.925650350053382	0.8276925948336016
2.679	-0.9335830145105299	0.848616183297354
2.68	-0.9416729037906902	0.869972737697904
2.681	-0.9499213919635113	0.8917660209665986
2.682	-0.9583291183525551	0.913997826905069
2.683	-0.9668961627800732	0.9366684547595576
2.684	-0.9756203773484541	0.9597721984835335
2.685	-0.9844985531038918	0.983300477386528
2.686	-0.9935240434660922	1.007235360353171
2.687	-1.002687635253788	1.031551906921743
2.688	-1.011974143251744	1.056208814748106
2.689	-1.021363615474697	1.081151698566362
2.69	-1.030828515068061	1.106305370044627
2.691	-1.040335939887021	1.131580020912224
2.692	-1.049850282562602	1.156878635401338
2.693	-1.059336972791613	1.182107416301883
2.694	-1.068764877190881	1.207182340815674
2.695	-1.078106783317997	1.232030414284178
2.696	-1.087339564793698	1.256590026153301
2.697	-1.096443122597613	1.280807921729666
2.698	-1.105400044768471	1.304638208653492
2.699	-1.114195600560464	1.328042262418188
2.7	-1.122816731312551	1.350985960672319
2.701	-1.131252789845645	1.373441634654809
2.702	-1.139494482707347	1.395385219159511
2.703	-1.147534808996619	1.41679872855069
2.704	-1.155367542111976	1.437666225199547
2.705	-1.162988603227015	1.457977440010751
2.706	-1.17039468295724	1.477724129234731
2.707	-1.17758383413832	1.49690163016449
2.708	-1.184555397936515	1.515508657781474
2.709	-1.191308921110583	1.533544465866265
2.71	-1.197845251776013	1.551011710687321
2.711	-1.204165847391947	1.567914633822863
2.712	-1.210272306135103	1.584257844257671
2.713	-1.216167061677094	1.600048115611127
2.714	-1.221852844944529	1.615292982346994
2.715	-1.227332399621314	1.63000001192631
2.716	-1.232608798756512	1.644177615321378
2.717	-1.23768535202551	1.657834788754919
2.718	-1.242565356009332	1.670980490597069
2.719	-1.247252147328019	1.683623778287966
2.72	-1.251749111972596	1.69577380091642
2.721	-1.256059580415077	1.707439547116983
2.722	-1.260186887940326	1.718630018280038
2.723	-1.264134335396633	1.729354108033061
2.724	-1.267904985278833	1.739620045176555
2.725	-1.271501861179833	1.749435951825471
2.726	-1.274927986692546	1.758809950094777
2.727	-1.27818635583374	1.767750079537807
2.728	-1.281279652518888	1.776263528838554
2.729	-1.284210379393543	1.784356994344614
2.73	-1.286981036998096	1.792037166811169
2.731	-1.289594126298962	1.79931073811816
2.732	-1.292052039591636	1.806184103665665
2.733	-1.294356761320468	1.812662553347566
2.734	-1.29651018894697	1.818751142144061
2.735	-1.298514219932649	1.824454925035342
2.736	-1.300370751739017	1.829778957001604
2.737	-1.302081620227721	1.834728126326731
2.738	-1.303648260495141	1.839306239011462
2.739	-1.305071948807716	1.84351667309627
2.74	-1.306353961104842	1.847362805762542
2.741	-1.307495573325911	1.850848014191662
2.742	-1.308498039954028	1.853975617263599
2.743	-1.309362311744774	1.856748111853614
2.744	-1.31008916817573	1.859167534928027
2.745	-1.310679394021715	1.861235938290663
2.746	-1.311133757404098	1.86295532905118
2.747	-1.311452808063343	1.864327126506425
2.748	-1.311636942571269	1.865352336727398
2.749	-1.311686554367643	1.866031957280101
2.75	-1.31160206530378	1.866367061974683
2.751	-1.311383669319602	1.866358110879077
2.752	-1.311031254700478	1.866004741880137
2.753	-1.310544702243756	1.865306572731979
2.754	-1.309923892746788	1.864263221188719
2.755	-1.309168707006921	1.862874305004473
2.756	-1.308279020716935	1.861139428198556
2.757	-1.307254433599059	1.85905745269884
2.758	-1.306094262089607	1.856626479406248
2.759	-1.304797831498429	1.853844633286395
2.76	-1.303364467135372	1.850710039304898
2.761	-1.301793477396741	1.847220776843529
2.762	-1.300083913922013	1.843374235386873
2.763	-1.298234629436845	1.839167270903136
2.764	-1.296244471517664	1.834596725598423
2.765	-1.294112287768	1.829659441751696
2.766	-1.2918368954488	1.824352180621208
2.767	-1.28941672020615	1.81867065284134
2.768	-1.286850030073051	1.812610145862557
2.769	-1.28413509308251	1.806165947135331
2.77	-1.28127017726753	1.799333344110123
2.771	-1.278253549832507	1.792107622018605
2.772	-1.275083258370301	1.784483476934886
2.773	-1.271757004269229	1.776454674256411
2.774	-1.268272485366762	1.768014969126721
2.775	-1.26462739950037	1.75915811668936
2.776	-1.26081939100454	1.749877729367199
2.777	-1.256845820081204	1.740166653617417
2.778	-1.252703958750024	1.730017494288058
2.779	-1.248391079274594	1.71942285680304
2.78	-1.24390443082309	1.708375285191425
2.781	-1.239241075450871	1.69686681515045
2.782	-1.234398036606129	1.684889364377132
2.783	-1.229372344830549	1.672434868516708
2.784	-1.224161025042167	1.659495248197142
2.785	-1.218761048074563	1.646062269134086
2.786	-1.213169542706362	1.632128094254416
2.787	-1.207383687362559	1.617685015753005
2.788	-1.201400646755565	1.602725287821474
2.789	-1.195217929036142	1.587242051767285
2.79	-1.188833446839801	1.571229504821288
2.791	-1.182245123804684	1.554681873040306
2.792	-1.17545117093555	1.53759413196036
2.793	-1.168450824857475	1.519963947342288
2.794	-1.161243532372091	1.501789538078468
2.795	-1.153829066276266	1.483069978457758
2.796	-1.14620883472598	1.463808651105879
2.797	-1.138384699919218	1.44401013719105
2.798	-1.130358919744525	1.423680059602328
2.799	-1.122136068278111	1.402830166474134
2.8	-1.113721508117152	1.381474296672542
2.801	-1.105121095434617	1.359627594147025
2.802	-1.096343451694827	1.337312555209139
2.803	-1.08739816444521	1.314554258139318
2.804	-1.078296006844448	1.291380948036327
2.805	-1.069050644506549	1.267828662745939
2.806	-1.059676534139992	1.243935584724356
2.807	-1.050191271729594	1.219748476202049
2.808	-1.040614382452918	1.195319421257705
2.809	-1.030969023495082	1.170710610956414
2.81	-1.021281537120949	1.145993162531705
2.811	-1.011582502548687	1.121250174621781
2.812	-1.001904934955988	1.096571763398369
2.813	-0.9922820666277864	1.07204896215993
2.814	-0.9827436403344952	1.047763394422949
2.815	-0.9733138686348217	1.023781541101372
2.816	-0.9640108055129115	1.000152953812256
2.817	-0.9548469816419102	0.9769119940659741
2.818	-0.94583085992349	0.9540818532920463
2.819	-0.9369678103255333	0.9316772477706918
2.82	-0.9282606839950335	0.9097060153675619
2.821	-0.9197108378986454	0.8881719305999285
2.822	-0.9113181990806727	0.867074889601363
2.823	-0.9030817639745915	0.8464122776106487
2.824	-0.8949997861361194	0.8261794792836981
2.825	-0.8870700545462802	0.8063706354054896
2.826	-0.8792898430827596	0.7869785090920927
2.827	-0.8716562542375437	0.767995408432289
2.828	-0.864166072235433	0.749412797710315
2.829	-0.8568160347700458	0.7312220183554815
2.83	-0.8496027694337718	0.7134141257778921
2.831	-0.8425228583399896	0.6959800585051084
2.832	-0.8355728849039423	0.6789107598883165
2.833	-0.8287494629440694	0.6621972612062523
2.834	-0.8220492494279557	0.6458307096047009
2.835	-0.8154689406237845	0.6298023591320263
2.836	-0.8090053280453053	0.614103720382028
2.837	-0.8026550320378644	0.5987257883056707
2.838	-0.796414834362582	0.583660001606635
2.839	-0.7902819768717047	0.5688991181476379
2.84	-0.7842537076407089	0.5544358907752701
2.841	-0.7783273125761225	0.5402631628074792
2.842	-0.772500169952496	0.5263740163776287
2.843	-0.7667697314349241	0.5127617245558242
2.844	-0.7611335074248204	0.4994197152481543
2.845	-0.7555891725438633	0.4863418465246819
2.846	-0.7501344284689108	0.4735220470329956
2.847	-0.7447670296082314	0.4609543848617353
2.848	-0.7394849099270766	0.4486333984221531
2.849	-0.734286041152335	0.4365537238618529
2.85	-0.7291684119894593	0.4247100425408414
2.851	-0.7241301764504247	0.4130974676229838
2.852	-0.719169577450344	0.4017113421225993
2.853	-0.7142848586076386	0.39054701083403
2.854	-0.709474293833564	0.3795998984184795
2.855	-0.704736330686785	0.3688658809253221
2.856	-0.7000694764013181	0.3583409865579431
2.857	-0.6954722381667959	0.3480212433382736
2.858	-0.6909431496718398	0.3379027485540354
2.859	-0.6864808931293934	0.3279819826893309
2.86	-0.6820842007646859	0.3182555529819071
2.861	-0.6777518047636479	0.3087200665213221
2.862	-0.6734824605925501	0.2993721908283498
2.863	-0.6692750505194833	0.2902089180724432
2.864	-0.6651284982944713	0.2812273446146044
2.865	-0.6610417276268257	0.2724245666736096
2.866	-0.6570136825615185	0.2637977328284531
2.867	-0.6530434153666295	0.2553442664191861
2.868	-0.6491300129542945	0.2470616770334653
2.869	-0.6452725622018082	0.2389474741410328
2.87	-0.6414701627379386	0.2309992002022368
2.871	-0.6377220102234467	0.2232146392585841
2.872	-0.6340273432006031	0.2155916811816627
2.873	-0.63038540038198	0.2081282162394144
2.874	-0.6267954204970573	0.200822134745151
2.875	-0.6232566765905356	0.1936714139901055
2.876	-0.6197685339774105	0.1866742602192732
2.877	-0.6163303720517707	0.1798289132096577
2.878	-0.6129415702077086	0.1731336127382715
2.879	-0.6096015086717832	0.1665866006761176
2.88	-0.6063096148846193	0.1601862359754245
2.881	-0.6030653766539558	0.1539310251933632
2.882	-0.5998682841427089	0.147819480181447
2.883	-0.5967178275044612	0.141850112773428
2.884	-0.5936135134078356	0.1360214760296669
2.885	-0.5905549135199565	0.1303322807451318
2.886	-0.587541615010656	0.124781274570504
2.887	-0.5845732050497618	0.119367205156457
2.888	-0.5816492708092172	0.1140888201591872
2.889	-0.5787694202780438	0.1089449183889105
2.89	-0.5759333223137028	0.1039344453026608
2.891	-0.5731406559946728	0.09905637009985764
2.892	-0.570391100399434	0.0943096619799229
2.893	-0.5676843346064648	0.08969329014227645
2.894	-0.5650200557170306	0.08520626723694676
2.895	-0.5623980101036308	0.08084772372900818
2.896	-0.5598179495998314	0.07661680272075341
2.897	-0.5572796260333346	0.07251264730012941
2.898	-0.5547827936150869	0.0685344064753078
2.899	-0.552327243555797	0.06468131767097916
2.9	-0.5499127933709305	0.06095268029488311
2.901	-0.5475392610297727	0.05734779480333181
2.902	-0.5452064645016115	0.05386596165264227
2.903	-0.5429142224199355	0.05050648290528782
2.904	-0.5406623812062721	0.04726872710125422
2.905	-0.5384508229069548	0.04415214737280188
2.906	-0.5362794317188696	0.04115620186504239
2.907	-0.5341480918388993	0.03828034872308317
2.908	-0.532056687463928	0.03552404609203305
2.909	-0.5300051138102431	0.03288677829184335
2.91	-0.5279933029534262	0.03036811754142029
2.911	-0.5260211923550876	0.02796764907610623
2.912	-0.5240887194395321	0.02568495804342019
2.913	-0.5221958223605112	0.02351963135282048
2.914	-0.5203424599804696	0.02147130588976572
2.915	-0.518528613612028	0.01953967268278729
2.916	-0.5167542656182643	0.01772442528948858
2.917	-0.5150193983622567	0.01602525726747229
2.918	-0.5133239982086839	0.01444187172504959
2.919	-0.5116680796977811	0.0129740404617851
2.92	-0.5100516690719463	0.0116215641852022
2.921	-0.5084747926012227	0.01038424367375698
2.922	-0.5069374765556551	0.009261879705907155
2.923	-0.5054397505383662	0.008254281154638877
2.924	-0.5039816723025161	0.007361326673308529
2.925	-0.5025633135153512	0.006582930146697043
2.926	-0.5011847459284261	0.005919005704107218
2.927	-0.4998460412932936	0.005369467474840791
2.928	-0.498547272518578	0.004934232371660762
2.929	-0.4972885336615033	0.004613270488856566
2.93	-0.4960699372471444	0.004406599691837701
2.931	-0.4948915964190578	0.004314239543618835
2.932	-0.4937536243208007	0.004336209607214809
2.933	-0.4926561350776343	0.004472531943897732
2.934	-0.4915992650190401	0.004723285873438994
2.935	-0.4905831670435171	0.005088594402839532
2.936	-0.4896079936359212	0.005568579653036073
2.937	-0.4886738972800225	0.006163363736042581
2.938	-0.4877810380620552	0.006873088760155435
2.939	-0.4869295982154505	0.007697955992603774
2.94	-0.4861197638857692	0.008638177276754493
2.941	-0.4853517212185721	0.009693964455974976
2.942	-0.4846256590641358	0.01086553628872855
2.943	-0.483941792692985	0.01215318320312737
2.944	-0.4833003484498322	0.0135572261555187
2.945	-0.4827015526817252	0.01507798610885958
2.946	-0.4821456317357115	0.01671578402610777
2.947	-0.4816328140219219	0.01847094637337251
2.948	-0.4811633538116546	0.02034387073910274
2.949	-0.4807375229074286	0.02233500382833067
2.95	-0.4803555934392156	0.02444479329984398
2.951	-0.4800178375369873	0.02667368681242745
2.952	-0.4797245282648887	0.02902213455539429
2.953	-0.4794759620461609	0.03149065139816783
2.954	-0.4792724587875651	0.03407981838053962
2.955	-0.4791143393250677	0.03679021929785319
2.956	-0.4790019244946348	0.0396224379454555
2.957	-0.478935537035598	0.04257706354665453
2.958	-0.4789155267999727	0.04565476208596589
2.959	-0.4789422628613893	0.04885625379260751
2.96	-0.4790161146572496	0.05218225991713999
2.961	-0.479137451624946	0.05563350171009269
2.962	-0.479306652001224	0.05921072504919091
2.963	-0.4795241318887485	0.06291478287892875
2.964	-0.4797903175084982	0.06674655700136006
2.965	-0.480105635081451	0.07070692921853713
2.966	-0.4804705108632086	0.07479678145398061
2.967	-0.4808853892468577	0.07901704740992854
2.968	-0.4813507542864375	0.08336877300239146
2.969	-0.4818670950122713	0.08785301812727507
2.97	-0.482434900454682	0.09247084268048723
2.971	-0.4830546615661783	0.09722331197497831
2.972	-0.4837269071356016	0.1021115980609951
2.973	-0.4844521999183138	0.1071369688531849
2.974	-0.485231103837362	0.1123006955640754
2.975	-0.486064182815792	0.1176040494061878
2.976	-0.4869520077232199	0.1230483214315117
2.977	-0.4878952042638388	0.1286349571485753
2.978	-0.4888944225987056	0.1343654704397463
2.979	-0.4899503129622751	0.1402413753889374
2.98	-0.4910635255785337	0.1462641860558791
2.981	-0.4922347344672266	0.1524354832374206
2.982	-0.4934646825094371	0.1587570401746133
2.983	-0.494754124587893	0.1652306635581861
2.984	-0.4961038155853238	0.1718581600788765
2.985	-0.4975145113161348	0.1786413391096366
2.986	-0.4989870178658492	0.1855821504406531
2.987	-0.5005222099454769	0.1926827343584686
2.988	-0.5021209668842596	0.1999452438903006
2.989	-0.5037841680114387	0.2073718320633637
2.99	-0.5055126919366559	0.2149646501444927
2.991	-0.5073075059279426	0.2227260949992952
2.992	-0.5091696601537549	0.2306587923441529
2.993	-0.5111002064308378	0.2387653724341991
2.994	-0.5131001965759379	0.2470484655245708
2.995	-0.5151706824495427	0.2555107019921845
2.996	-0.517312769321203	0.2641548598367203
2.997	-0.5195276934547151	0.2729840779013181
2.998	-0.52181670805828	0.2820015413402461
2.999	-0.5241810663400961	0.2912104353077605
3	-0.5266220525481083	0.3006140302495541
