DataType=double
version=3
OpenSimVersion=4.5
endheader
time	first_dorsal_posterior_cervical_rx	first_dorsal_posterior_cervical_rz	posterior_cervical_middle_cervical_rx	middle_cervical_anterior_cervical_rx	anterior_cervical_atlas_axis_rx	anterior_cervical_atlas_axis_rz	atlas_axis_skull_rx	posterior_cervical_float1_ty
0	0	0	0	0	0	0	0	0
0.001	0	-3.885987059722525e-09	0	0	0	6.204170099767004e-09	0	-0.00981311865584353
0.002	0	-2.410154833047398e-08	0	0	0	1.63831260638258e-08	0	-0.01738817564843713
0.003	0	-7.900291468051084e-08	0	0	0	3.131581045005073e-08	0	-0.02287845126046355
0.004	0	-1.837499236187022e-07	0	0	0	5.051018058652815e-08	0	-0.02677416589615327
0.005	0	-3.530022914878238e-07	0	0	0	8.158700530435365e-08	0	-0.02950075731142759
0.006	0	-6.00124141371818e-07	0	0	0	1.375300243621802e-07	0	-0.03141017953867954
0.007	0	-9.350078995870329e-07	0	0	0	2.283068139070763e-07	0	-0.03275306594030179
0.008	0	-1.364453405275466e-06	0	0	0	3.600027785635998e-07	0	-0.03369985095570087
0.009000000000000001	0	-1.893086586208285e-06	0	0	0	5.361436036582046e-07	0	-0.03437011121859982
0.01	0	-2.524087764595868e-06	0	0	0	7.588072864879255e-07	0	-0.0348482743101287
0.011	0	-3.259679042115666e-06	0	0	0	1.029269758633031e-06	0	-0.03519316449611547
0.012	0	-4.10144002314941e-06	0	0	0	1.348349845783032e-06	0	-0.03544480881785891
0.013	0	-5.050511311025188e-06	0	0	0	1.716593759070581e-06	0	-0.03562990694273185
0.014	0	-6.107725640837143e-06	0	0	0	2.134376682695215e-06	0	-0.03576633580639053
0.015	0	-7.273693594207528e-06	0	0	0	2.601961091988027e-06	0	-0.03586644176849898
0.016	0	-8.548861584463618e-06	0	0	0	3.119531973651231e-06	0	-0.0359390913982344
0.017	0	-9.933552776635315e-06	0	0	0	3.687219284965076e-06	0	-0.03599085355945113
0.018	0	-1.142799699649763e-05	0	0	0	4.30511299342822e-06	0	-0.03602668830615737
0.019	0	-1.303235310060568e-05	0	0	0	4.973273544345833e-06	0	-0.03605037903993789
0.02	0	-1.474672592751284e-05	0	0	0	5.691739353576159e-06	0	-0.03606482464104113
0.021	0	-1.657117922922612e-05	0	0	0	6.460532278850481e-06	0	-0.03607224970418828
0.022	0	-1.850574556592091e-05	0	0	0	7.279661671172267e-06	0	-0.03607436181215588
0.023	0	-2.055043388414778e-05	0	0	0	8.149127403765383e-06	0	-0.03607247074052621
0.024	0	-2.27052353195583e-05	0	0	0	9.068922151442876e-06	0	-0.03606757862655988
0.025	0	-2.497012763661527e-05	0	0	0	1.003903311500981e-05	0	-0.03606045191313189
0.026	0	-2.7345078621003e-05	0	0	0	1.105944332868458e-05	0	-0.03605167593243148
0.027	0	-2.983004866845294e-05	0	0	0	1.213013265330914e-05	0	-0.03604169613228279
0.028	0	-3.24249927575731e-05	0	0	0	1.325107853255744e-05	0	-0.036030851451003
0.029	0	-3.51298619501621e-05	0	0	0	1.442225656807871e-05	0	-0.0360193993054089
0.03	0	-3.794460452985459e-05	0	0	0	1.564364095698531e-05	0	-0.03600753477897822
0.031	0	-4.086916686410374e-05	0	0	0	1.691520482399743e-05	0	-0.03599540441977432
0.032	0	-4.390349405533904e-05	0	0	0	1.823692047422274e-05	0	-0.03598311839451067
0.033	0	-4.704753043133872e-05	0	0	0	1.960875958516937e-05	0	-0.03597076081577621
0.034	0	-5.030121991218672e-05	0	0	0	2.103069334968349e-05	0	-0.03595839182659791
0.035	0	-5.366450628588204e-05	0	0	0	2.250269258781195e-05	0	-0.03594605916961876
0.036	0	-5.713733341122852e-05	0	0	0	2.402472782608144e-05	0	-0.03593379469865749
0.037	0	-6.071964536951878e-05	0	0	0	2.55967693620759e-05	0	-0.03592162458778423
0.038	0	-6.441138657375027e-05	0	0	0	2.721878730804815e-05	0	-0.03590956549640179
0.039	0	-6.821250184905114e-05	0	0	0	2.889075162712246e-05	0	-0.0358976312818391
0.04	0	-7.212293648869074e-05	0	0	0	3.061263215674967e-05	0	-0.03588582990674952
0.041	0	-7.614263629388068e-05	0	0	0	3.238439862809979e-05	0	-0.03587416685474951
0.042	0	-8.027154760032112e-05	0	0	0	3.420602067950028e-05	0	-0.03586264626610675
0.043	0	-8.450961729490268e-05	0	0	0	3.607746786555405e-05	0	-0.03585127078120572
0.044	0	-8.885679282496953e-05	0	0	0	3.799870966273817e-05	0	-0.03584003974815257
0.045	0	-9.331302220323307e-05	0	0	0	3.996971547541179e-05	0	-0.03582895381782187
0.046	0	-9.787825400767229e-05	0	0	0	4.199045463741285e-05	0	-0.03581801256355058
0.047	0	-0.0001025524373789663	0	0	0	4.406089641355079e-05	0	-0.03580721485402646
0.048	0	-0.0001073355220157205	0	0	0	4.61810099999319e-05	0	-0.03579655856304926
0.049	0	-0.0001122274581685043	0	0	0	4.835076452447037e-05	0	-0.03578604241358155
0.05	0	-0.0001172281966322406	0	0	0	5.057012904541679e-05	0	-0.03577566411743668
0.051	0	-0.0001223376887382882	0	0	0	5.283907255066957e-05	0	-0.03576542137903492
0.052	0	-0.0001275558863459758	0	0	0	5.515756395670755e-05	0	-0.03575531262290342
0.053	0	-0.0001328827418335346	0	0	0	5.752557210660702e-05	0	-0.03574533592359269
0.054	0	-0.0001383182080888986	0	0	0	5.994306576807418e-05	0	-0.03573548832146804
0.055	0	-0.000143862238500856	0	0	0	6.241001363252936e-05	0	-0.03572576800618742
0.056	0	-0.0001495147869496453	0	0	0	6.49263843127353e-05	0	-0.03571617303821
0.057	0	-0.0001552758077977165	0	0	0	6.74921463407267e-05	0	-0.0357067009338824
0.058	0	-0.0001611452558807728	0	0	0	7.01072681662597e-05	0	-0.0356973496149632
0.059	0	-0.0001671230864986731	0	0	0	7.277171815463259e-05	0	-0.03568811682800373
0.06	0	-0.0001732092554067223	0	0	0	7.54854645852133e-05	0	-0.03567900133940529
0.061	0	-0.0001794037188065457	0	0	0	7.824847564854505e-05	0	-0.03567000058405135
0.062	0	-0.0001857064333377162	0	0	0	8.106071944506879e-05	0	-0.03566111232610196
0.063	0	-0.0001921173560692083	0	0	0	8.392216398302902e-05	0	-0.03565233425944516
0.064	0	-0.0001986364444912774	0	0	0	8.68327771771244e-05	0	-0.03564366543014517
0.065	0	-0.0002052636565068685	0	0	0	8.979252684556674e-05	0	-0.03563510365914235
0.066	0	-0.0002119989504237638	0	0	0	9.280138070870074e-05	0	-0.03562664680327512
0.067	0	-0.0002188422849466749	0	0	0	9.585930638711469e-05	0	-0.0356182927145368
0.068	0	-0.0002257936191697494	0	0	0	9.896627140047412e-05	0	-0.03561004094783155
0.06900000000000001	0	-0.0002328529125682455	0	0	0	0.0001021222431638428	0	-0.03560188816452244
0.07000000000000001	0	-0.0002400201249918342	0	0	0	0.0001053271889878904	0	-0.03559383316596668
0.07100000000000001	0	-0.0002472952166569756	0	0	0	0.0001085810760763549	0	-0.03558587504298098
0.07200000000000001	0	-0.0002546781481394063	0	0	0	0.0001118838715234631	0	-0.03557801117111067
0.073	0	-0.0002621688803675543	0	0	0	0.0001152355423134416	0	-0.03557024036073848
0.074	0	-0.0002697673746152893	0	0	0	0.0001186360553179773	0	-0.03556256085195402
0.075	0	-0.0002774735924952446	0	0	0	0.0001220853772948618	0	-0.03555497120863964
0.076	0	-0.0002852874959520383	0	0	0	0.0001255834748860648	0	-0.0355474697395096
0.077	0	-0.0002932090472558054	0	0	0	0.0001291303146163236	0	-0.03554005515494425
0.078	0	-0.0003012382089955992	0	0	0	0.0001327258628911009	0	-0.03553272560192738
0.079	0	-0.0003093749440733149	0	0	0	0.000136370085995621	0	-0.03552548033338884
0.08	0	-0.0003176192156969963	0	0	0	0.000140062950092022	0	-0.03551831663992092
0.081	0	-0.0003259709873754727	0	0	0	0.0001438044212196961	0	-0.03551123466687346
0.082	0	-0.000334430222911522	0	0	0	0.00014759446529154	0	-0.03550423200430151
0.083	0	-0.0003429968863965764	0	0	0	0.0001514330480939488	0	-0.03549730754396156
0.08400000000000001	0	-0.0003516709422047583	0	0	0	0.0001553201352848229	0	-0.03549046034390967
0.08500000000000001	0	-0.0003604523549869807	0	0	0	0.0001592556923914935	0	-0.03548368824479016
0.08600000000000001	0	-0.0003693410896657337	0	0	0	0.0001632396848101885	0	-0.03547699026679228
0.08700000000000001	0	-0.0003783371114295425	0	0	0	0.0001672720778044123	0	-0.03547036625994368
0.08799999999999999	0	-0.0003874403857270396	0	0	0	0.0001713528365020911	0	-0.03546381343872913
0.089	0	-0.0003966508782624102	0	0	0	0.0001754819258960562	0	-0.03545733116718442
0.09	0	-0.0004059685549898582	0	0	0	0.0001796593108417697	0	-0.0354509188432292
0.091	0	-0.0004153933821082447	0	0	0	0.0001838849560552787	0	-0.03544457430514626
0.092	0	-0.0004249253260565188	0	0	0	0.0001881588261130129	0	-0.03543829677377262
0.093	0	-0.0004345643535084794	0	0	0	0.0001924808854496457	0	-0.0354320849353555
0.094	0	-0.0004443104313682085	0	0	0	0.0001968510983574897	0	-0.03542593879502089
0.095	0	-0.0004541635267647731	0	0	0	0.0002012694289837983	0	-0.03541985627941967
0.096	0	-0.0004641236070479738	0	0	0	0.0002057358413305944	0	-0.03541383607519893
0.097	0	-0.000474190639783674	0	0	0	0.0002102502992532151	0	-0.03540787723307007
0.098	0	-0.0004843645927492418	0	0	0	0.0002148127664589667	0	-0.0354019790032382
0.099	0	-0.0004946454339290302	0	0	0	0.0002194232065056967	0	-0.03539614041797987
0.1	0	-0.0005050331315100447	0	0	0	0.000224081582800677	0	-0.03539036060647971
0.101	0	-0.0005155276538775332	0	0	0	0.0002287878585991047	0	-0.03538463811640892
0.102	0	-0.0005261289696109587	0	0	0	0.0002335419970034362	0	-0.03537897226222209
0.103	0	-0.000536837047479686	0	0	0	0.000238343960961801	0	-0.03537336214517713
0.104	0	-0.0005476518564388874	0	0	0	0.0002431937132668299	0	-0.03536780666263972
0.105	0	-0.0005585733656255689	0	0	0	0.0002480912165546264	0	-0.03536230482770905
0.106	0	-0.0005696015443546041	0	0	0	0.0002530364333036128	0	-0.03535685573955228
0.107	0	-0.000580736362114914	0	0	0	0.000258029325833589	0	-0.03535145903846704
0.108	0	-0.0005919777885652884	0	0	0	0.0002630698563037201	0	-0.03534611266507656
0.109	0	-0.0006033257935312643	0	0	0	0.0002681579867131138	0	-0.03534081700118551
0.11	0	-0.0006147803470007798	0	0	0	0.0002732936788980778	0	-0.03533557073708434
0.111	0	-0.0006263414191208201	0	0	0	0.000278476894531809	0	-0.0353303727286489
0.112	0	-0.0006380089801939154	0	0	0	0.0002837075951235608	0	-0.03532522252508082
0.113	0	-0.0006497830006744286	0	0	0	0.0002889857420171265	0	-0.03532011915846029
0.114	0	-0.0006616634511652078	0	0	0	0.0002943112963901392	0	-0.03531506191776393
0.115	0	-0.0006736503024141623	0	0	0	0.0002996842192530396	0	-0.03531005026261622
0.116	0	-0.0006857435253107676	0	0	0	0.0003051044714477308	0	-0.03530508292741073
0.117	0	-0.0006979430908829453	0	0	0	0.000310572013647081	0	-0.03530015908233471
0.118	0	-0.0007102489702938105	0	0	0	0.0003160868063539633	0	-0.03529527831506118
0.119	0	-0.0007226611348383524	0	0	0	0.0003216488098999927	0	-0.03529043982122328
0.12	0	-0.0007351795559406818	0	0	0	0.0003272579844456223	0	-0.03528564493194986
0.121	0	-0.0007478042055065643	0	0	0	0.0003329142903461932	0	-0.03528150361917838
0.122	0	-0.0007605350580702218	0	0	0	0.0003386176888430247	0	-0.03527828246632916
0.123	0	-0.0007733720919672213	0	0	0	0.0003443681425480093	0	-0.03527570011442564
0.124	0	-0.0007863152883756491	0	0	0	0.0003501656152069129	0	-0.03527355965806794
0.125	0	-0.0007993646304238511	0	0	0	0.0003560100712750658	0	-0.03527172409671053
0.126	0	-0.0008125201025689061	0	0	0	0.0003619014756210702	0	-0.03527009811593534
0.127	0	-0.0008257816901639215	0	0	0	0.0003678397933205838	0	-0.03526861602950125
0.128	0	-0.0008391493791562811	0	0	0	0.0003738249895115245	0	-0.03526723051365802
0.129	0	-0.000852623155878371	0	0	0	0.0003798570292954187	0	-0.03526591010864855
0.13	0	-0.00086620300690111	0	0	0	0.0003859358776667757	0	-0.03526463259150391
0.131	0	-0.0008798889189322172	0	0	0	0.0003920614994645982	0	-0.03526338192572245
0.132	0	-0.0008936808787456056	0	0	0	0.0003982338593392318	0	-0.03526214750219703
0.133	0	-0.0009075788731320374	0	0	0	0.0004044529217288296	0	-0.03526092232145386
0.134	0	-0.000921582888864581	0	0	0	0.000410718650842512	0	-0.03525970043182684
0.135	0	-0.000935692912675094	0	0	0	0.000417031010650042	0	-0.03525847843870386
0.136	0	-0.0009499089312374095	0	0	0	0.0004233899648735203	0	-0.03525725360927912
0.137	0	-0.0009642309311558902	0	0	0	0.0004297954769822954	0	-0.0352560240864283
0.138	0	-0.0009786588989574086	0	0	0	0.0004362475101893058	0	-0.03525478856638264
0.139	0	-0.0009931928210858518	0	0	0	0.0004427460274487827	0	-0.03525354650595711
0.14	0	-0.001007832683898144	0	0	0	0.000449290991454278	0	-0.03525229715499788
0.141	0	-0.001022578473661687	0	0	0	0.0004558823646378417	0	-0.03525104005434397
0.142	0	-0.001037430176552512	0	0	0	0.0004625201091693047	0	-0.03524977483097581
0.143	0	-0.001052387778654176	0	0	0	0.0004692041869562674	0	-0.03524850207158441
0.144	0	-0.001067451265956498	0	0	0	0.0004759345596428218	0	-0.03524722058785452
0.145	0	-0.001082620624355542	0	0	0	0.0004827111886109224	0	-0.03524593091482246
0.146	0	-0.001097895839652862	0	0	0	0.0004895340349794153	0	-0.03524463278065576
0.147	0	-0.00111327689755543	0	0	0	0.0004964030596045729	0	-0.0352433261407071
0.148	0	-0.001128763783675519	0	0	0	0.0005033182230803026	0	-0.03524201129533466
0.149	0	-0.001144356483530412	0	0	0	0.0005102794857377616	0	-0.03524068745421219
0.15	0	-0.001160054982542763	0	0	0	0.0005172868076465648	0	-0.03523935518362398
0.151	0	-0.001175859266040237	0	0	0	0.0005243401486140772	0	-0.03523801407873138
0.152	0	-0.001191769319255818	0	0	0	0.0005314394681863629	0	-0.03523666450014579
0.153	0	-0.001207785127327635	0	0	0	0.0005385847256478572	0	-0.03523530612925131
0.154	0	-0.001223906675299264	0	0	0	0.0005457758800222768	0	-0.03523393957378853
0.155	0	-0.001240133948119504	0	0	0	0.0005530128900721252	0	-0.03523256448074524
0.156	0	-0.001256466930642672	0	0	0	0.000560295714299528	0	-0.03523118092863732
0.157	0	-0.001272905607628592	0	0	0	0.0005676243109462935	0	-0.03522978890184818
0.158	0	-0.001289449963742619	0	0	0	0.000574998637994037	0	-0.03522838790515964
0.159	0	-0.001306099983555934	0	0	0	0.000582418653165012	0	-0.03522697832824986
0.16	0	-0.001322855651545439	0	0	0	0.0005898843139219126	0	-0.03522556025600318
0.161	0	-0.001339716952093875	0	0	0	0.0005973955774682245	0	-0.03522413363498412
0.162	0	-0.001356683869489863	0	0	0	0.0006049524007483999	0	-0.03522269799317702
0.163	0	-0.001373756387928298	0	0	0	0.000612554740448951	0	-0.03522125442649218
0.164	0	-0.001390934491509924	0	0	0	0.0006202025529973966	0	-0.03521980228446541
0.165	0	-0.001408218164241794	0	0	0	0.0006278957945635112	0	-0.03521834152881867
0.166	0	-0.001425607390037294	0	0	0	0.0006356344210594663	0	-0.03521687235518579
0.167	0	-0.001443102152716139	0	0	0	0.0006434183881398672	0	-0.03521539455386066
0.168	0	-0.001460702436004537	0	0	0	0.0006512476512022358	0	-0.03521390797124049
0.169	0	-0.001478408223535338	0	0	0	0.0006591221653874751	0	-0.03521241290800495
0.17	0	-0.001496219498848006	0	0	0	0.0006670418855798414	0	-0.03521090931497196
0.171	0	-0.001514136245388778	0	0	0	0.0006750067664074297	0	-0.03520939724052523
0.172	0	-0.001532158446510635	0	0	0	0.0006830167622421538	0	-0.03520787603117592
0.173	0	-0.001550286085473805	0	0	0	0.0006910718272011145	0	-0.03520634694988403
0.174	0	-0.001568519145445255	0	0	0	0.0006991719151453505	0	-0.03520480933781717
0.175	0	-0.001586857609499213	0	0	0	0.0007073169796812501	0	-0.0352032633324843
0.176	0	-0.0016053014606171	0	0	0	0.0007155069741604402	0	-0.03520170882181686
0.177	0	-0.001623850681687695	0	0	0	0.0007237418516802735	0	-0.03520014587982326
0.178	0	-0.001642505255507098	0	0	0	0.0007320215650838015	0	-0.03519857392218934
0.179	0	-0.001661265164779152	0	0	0	0.0007403460669609424	0	-0.03519699380718864
0.18	0	-0.001680130392115107	0	0	0	0.0007487153096476519	0	-0.03519540500340107
0.181	0	-0.001699100920034037	0	0	0	0.0007571292452270918	0	-0.03519380768970626
0.182	0	-0.001718176730962802	0	0	0	0.0007655878255295844	0	-0.03519220184366628
0.183	0	-0.001737357807236211	0	0	0	0.0007740910021331079	0	-0.03519058767197285
0.184	0	-0.001756644131097033	0	0	0	0.0007826387263633817	0	-0.03518896502046173
0.185	0	-0.001776035684696172	0	0	0	0.0007912309492944018	0	-0.0351873338885663
0.186	0	-0.001795532450092737	0	0	0	0.0007998676217486817	0	-0.03518569421283227
0.187	0	-0.001815134409254219	0	0	0	0.0008085486942977629	0	-0.03518404631934634
0.188	0	-0.001834841544056427	0	0	0	0.0008172741172621478	0	-0.03518238993718131
0.189	0	-0.001854653836283715	0	0	0	0.0008260438407119333	0	-0.03518072494267544
0.19	0	-0.001874571267629083	0	0	0	0.0008348578144671494	0	-0.03517905136847951
0.191	0	-0.001894593819694245	0	0	0	0.0008437159880979987	0	-0.03517736916601796
0.192	0	-0.00191472147398979	0	0	0	0.0008526183109253549	0	-0.0351756786035767
0.193	0	-0.001934954211935214	0	0	0	0.0008615647320208972	0	-0.03517397975890936
0.194	0	-0.001955292014858964	0	0	0	0.0008705552002073122	0	-0.0351722721812119
0.195	0	-0.001975734863998795	0	0	0	0.0008795896640592711	0	-0.03517055644965881
0.196	0	-0.00199628274050159	0	0	0	0.000888668071903055	0	-0.03516883240815168
0.197	0	-0.002016935625423604	0	0	0	0.0008977903718172416	0	-0.0351671000006538
0.198	0	-0.002037693499730521	0	0	0	0.0009069565116329219	0	-0.03516535895442912
0.199	0	-0.002058556344297643	0	0	0	0.0009161664389342762	0	-0.03516360933556169
0.2	0	-0.002079524139909971	0	0	0	0.0009254201010588521	0	-0.03516185137151306
0.201	0	-0.002100596867262237	0	0	0	0.0009347174450977015	0	-0.03516008492391474
0.202	0	-0.002121774506959085	0	0	0	0.0009440584178959489	0	-0.03515831001334432
0.203	0	-0.002143057039515182	0	0	0	0.000953442966053134	0	-0.03515652679002505
0.204	0	-0.002164444445355267	0	0	0	0.0009628710359234188	0	-0.03515473516668637
0.205	0	-0.002185936704814317	0	0	0	0.0009723425736160804	0	-0.03515293514653803
0.206	0	-0.002207533798137582	0	0	0	0.0009818575249957052	0	-0.03515112641970693
0.207	0	-0.002229235705480969	0	0	0	0.0009914158356832126	0	-0.03514930998386838
0.208	0	-0.002251042406910627	0	0	0	0.001001017451054893	0	-0.03514748489747332
0.209	0	-0.002272953882403562	0	0	0	0.001010662316244061	0	-0.03514565143565602
0.21	0	-0.002294970111847498	0	0	0	0.001020350376140764	0	-0.0351438094806391
0.211	0	-0.00231709107504108	0	0	0	0.001030081575392396	0	-0.03514195912663581
0.212	0	-0.00233931675169391	0	0	0	0.001039855858403865	0	-0.03514010017680799
0.213	0	-0.002361647121426775	0	0	0	0.00104967316933825	0	-0.03513823285616545
0.214	0	-0.002384082163771685	0	0	0	0.001059533452116987	0	-0.03513635734347273
0.215	0	-0.002406621858171937	0	0	0	0.0010694366504201	0	-0.03513447342682011
0.216	0	-0.002429266183982368	0	0	0	0.001079382707686947	0	-0.03513258140850048
0.217	0	-0.002452015120469297	0	0	0	0.001089371567116136	0	-0.03513068098002275
0.218	0	-0.002474868646810776	0	0	0	0.00109940317166626	0	-0.03512877208170686
0.219	0	-0.002497826742096689	0	0	0	0.00110947746405623	0	-0.03512685480665691
0.22	0	-0.002520889385328848	0	0	0	0.001119594386765594	0	-0.03512492923335891
0.221	0	-0.002544056555421073	0	0	0	0.001129753882034835	0	-0.03512299521760171
0.222	0	-0.00256732823119938	0	0	0	0.001139955891865939	0	-0.03512105284635849
0.223	0	-0.002590704391402054	0	0	0	0.001150200358022642	0	-0.03511910209749169
0.224	0	-0.00261418501467981	0	0	0	0.001160487222030948	0	-0.03511714314699789
0.225	0	-0.002637770079595835	0	0	0	0.001170816425179315	0	-0.03511517588618718
0.226	0	-0.002661459564625978	0	0	0	0.001181187908519214	0	-0.0351132003181791
0.227	0	-0.002685253448158848	0	0	0	0.001191601612865481	0	-0.03511121647505974
0.228	0	-0.002709151708495925	0	0	0	0.001202057478796676	0	-0.03510922432217724
0.229	0	-0.002733154323851726	0	0	0	0.001212555446655586	0	-0.03510722401715807
0.23	0	-0.002757261272353795	0	0	0	0.001223095456549308	0	-0.03510521515244812
0.231	0	-0.002781472532043049	0	0	0	0.00123367744835019	0	-0.03510319808174835
0.232	0	-0.002805788080873702	0	0	0	0.001244301361695749	0	-0.03510117273010607
0.233	0	-0.002830207896713457	0	0	0	0.001254967135989231	0	-0.03509913899701061
0.234	0	-0.002854731957343641	0	0	0	0.001265674710400051	0	-0.03509709683270524
0.235	0	-0.002879360240459367	0	0	0	0.001276424023864298	0	-0.03509504649905112
0.236	0	-0.002904092723669578	0	0	0	0.001287215015084921	0	-0.03509298801276169
0.237	0	-0.002928929384497205	0	0	0	0.001298047622532239	0	-0.0350909214193941
0.238	0	-0.00295387020037923	0	0	0	0.001308921784444175	0	-0.03508884634859626
0.239	0	-0.002978915148667001	0	0	0	0.001319837438827159	0	-0.03508676322523051
0.24	0	-0.003004064206626106	0	0	0	0.001330794523455891	0	-0.03508467168360086
0.241	0	-0.003029317351436701	0	0	0	0.001341792975874267	0	-0.03508257181581187
0.242	0	-0.003054674560193557	0	0	0	0.001352832733395597	0	-0.03508046370012674
0.243	0	-0.00308013580990619	0	0	0	0.001363913733103017	0	-0.03507834738439631
0.244	0	-0.003105701077498978	0	0	0	0.001375035911849887	0	-0.0350762228451551
0.245	0	-0.00313137033981131	0	0	0	0.001386199206260256	0	-0.03507409008455539
0.246	0	-0.003157143573597709	0	0	0	0.001397403552729264	0	-0.03507194910522234
0.247	0	-0.003183020755527959	0	0	0	0.001408648887423572	0	-0.03506979991742214
0.248	0	-0.003209001862187246	0	0	0	0.001419935146281804	0	-0.0350676425870978
0.249	0	-0.003235086870076281	0	0	0	0.001431262265014951	0	-0.03506547718170027
0.25	0	-0.003261275755611335	0	0	0	0.001442630179106553	0	-0.03506330319059985
0.251	0	-0.00328756849512468	0	0	0	0.001454038823813936	0	-0.03506112147437346
0.252	0	-0.003313965064864243	0	0	0	0.001465488134167384	0	-0.03505893122566246
0.253	0	-0.00334046544099414	0	0	0	0.001476978044971635	0	-0.03505673254160946
0.254	0	-0.003367069599594672	0	0	0	0.001488508490805943	0	-0.03505452554222111
0.255	0	-0.003393777516662516	0	0	0	0.001500079406024676	0	-0.03505231076424756
0.256	0	-0.003420589168110677	0	0	0	0.001511690724757259	0	-0.03505008795897591
0.257	0	-0.00344750452976874	0	0	0	0.001523342380908935	0	-0.0350478568894967
0.258	0	-0.003474523577383065	0	0	0	0.001535034308161354	0	-0.03504561770580437
0.259	0	-0.003501646286616884	0	0	0	0.001546766439972925	0	-0.03504337071367
0.26	0	-0.003528872633050214	0	0	0	0.001558538709578654	0	-0.03504111492857025
0.261	0	-0.003556202592180444	0	0	0	0.00157035104999179	0	-0.03503885099991911
0.262	0	-0.003583636139422143	0	0	0	0.001582203394003391	0	-0.03503657907308994
0.263	0	-0.003611173250107193	0	0	0	0.001594095674182772	0	-0.03503429880344811
0.264	0	-0.003638813899485117	0	0	0	0.001606027822878451	0	-0.03503201056889051
0.265	0	-0.003666558062723022	0	0	0	0.001617999772218078	0	-0.03502971421336164
0.266	0	-0.003694405714905839	0	0	0	0.00163001145410917	0	-0.03502740973989624
0.267	0	-0.003722356831036425	0	0	0	0.001642062800239443	0	-0.03502509703184144
0.268	0	-0.003750411386035751	0	0	0	0.001654153742077419	0	-0.03502277621852546
0.269	0	-0.003778569354743059	0	0	0	0.001666284210872901	0	-0.03502044774310787
0.27	0	-0.003806830711915773	0	0	0	0.001678454137656849	0	-0.03501811094929431
0.271	0	-0.003835195432229972	0	0	0	0.001690663453242708	0	-0.03501576620263587
0.272	0	-0.003863663490280225	0	0	0	0.001702912088226045	0	-0.03501341290621307
0.273	0	-0.003892234860580049	0	0	0	0.001715199972985862	0	-0.03501105156620953
0.274	0	-0.003920909517561818	0	0	0	0.001727527037684436	0	-0.03500868230107848
0.275	0	-0.003949687435576899	0	0	0	0.001739893212267764	0	-0.03500630479205251
0.276	0	-0.00397856858889594	0	0	0	0.001752298426466426	0	-0.03500391926839438
0.277	0	-0.004007552951708913	0	0	0	0.001764742609795773	0	-0.035001525821211
0.278	0	-0.004036640498125209	0	0	0	0.001777225691556261	0	-0.03499912410719986
0.279	0	-0.004065831202174016	0	0	0	0.001789747600834552	0	-0.03499671487718205
0.28	0	-0.004095125037804019	0	0	0	0.00180230826650281	0	-0.03499429713337389
0.281	0	-0.00412452197888405	0	0	0	0.001814907617220491	0	-0.03499187134418104
0.282	0	-0.004154021999202933	0	0	0	0.001827545581434039	0	-0.03498943756522359
0.283	0	-0.004183625072469659	0	0	0	0.001840222087377447	0	-0.03498699564169507
0.284	0	-0.004213331172313625	0	0	0	0.001852937063072934	0	-0.03498454573049133
0.285	0	-0.004243140272284676	0	0	0	0.001865690436331203	0	-0.03498208775878259
0.286	0	-0.00427305234585335	0	0	0	0.001878482134752138	0	-0.03497962196478656
0.287	0	-0.00430306736641088	0	0	0	0.001891312085724921	0	-0.03497714802882958
0.288	0	-0.004333185307269525	0	0	0	0.001904180216428981	0	-0.03497466621958281
0.289	0	-0.004363406141662543	0	0	0	0.001917086453834039	0	-0.03497217634103191
0.29	0	-0.004393729842744475	0	0	0	0.001930030724700923	0	-0.03496967853295904
0.291	0	-0.004424156383591183	0	0	0	0.00194301295558177	0	-0.03496717260902787
0.292	0	-0.004454685737200099	0	0	0	0.001956033072820769	0	-0.03496465868573145
0.293	0	-0.004485317876490303	0	0	0	0.00196909100255448	0	-0.03496213677350089
0.294	0	-0.004516052774302729	0	0	0	0.001982186670712453	0	-0.03495960710671383
0.295	0	-0.004546890403400109	0	0	0	0.001995320003017176	0	-0.0349570688403705
0.296	0	-0.004577830736467579	0	0	0	0.002008490924985773	0	-0.03495452298101639
0.297	0	-0.004608873746112323	0	0	0	0.002021699361929141	0	-0.03495196911201354
0.298	0	-0.004640019404864029	0	0	0	0.002034945238953272	0	-0.03494940740275009
0.299	0	-0.004671267685174915	0	0	0	0.002048228480959395	0	-0.03494683777714509
0.3	0	-0.004702618559419937	0	0	0	0.002061549012644639	0	-0.03494426031081063
0.301	0	-0.004734071999896912	0	0	0	0.002074906758502422	0	-0.03494167498298201
0.302	0	-0.004765627978826621	0	0	0	0.002088301642822858	0	-0.03493908147160998
0.303	0	-0.004797286468353126	0	0	0	0.002101733589693643	0	-0.03493648007743864
0.304	0	-0.004829047440543719	0	0	0	0.002115202523000067	0	-0.03493387057141221
0.305	0	-0.004860910867389239	0	0	0	0.002128708366425891	0	-0.03493125309276475
0.306	0	-0.004892876720804178	0	0	0	0.002142251043453767	0	-0.03492862796298778
0.307	0	-0.004924944972626732	0	0	0	0.002155830477365436	0	-0.03492599496032452
0.308	0	-0.004957115594619053	0	0	0	0.002169446591242527	0	-0.03492335401585005
0.309	0	-0.004989388558467424	0	0	0	0.002183099307967071	0	-0.03492070526566048
0.31	0	-0.005021763835782335	0	0	0	0.002196788550221828	0	-0.03491804859293512
0.311	0	-0.005054241398098716	0	0	0	0.002210514240490985	0	-0.03491538412283689
0.312	0	-0.005086821216875996	0	0	0	0.002224276301060423	0	-0.03491271162370109
0.313	0	-0.005119503263498384	0	0	0	0.002238074654018534	0	-0.0349100312467011
0.314	0	-0.005152287509274928	0	0	0	0.002251909221256506	0	-0.03490734300230642
0.315	0	-0.005185173925439707	0	0	0	0.002265779924468896	0	-0.0349046469039575
0.316	0	-0.005218162483151979	0	0	0	0.002279686685154129	0	-0.03490194293301353
0.317	0	-0.005251253153496328	0	0	0	0.002293629424614993	0	-0.03489923100466896
0.318	0	-0.005284445907482883	0	0	0	0.002307608063959295	0	-0.03489651129280322
0.319	0	-0.005317740716047402	0	0	0	0.002321622524100217	0	-0.03489378387182782
0.32	0	-0.005351137550051432	0	0	0	0.002335672725756788	0	-0.03489104858870665
0.321	0	-0.005384636380282517	0	0	0	0.002349758589454587	0	-0.03488830552270684
0.322	0	-0.005418237177454367	0	0	0	0.002363880035526237	0	-0.03488555491242194
0.323	0	-0.005451939912206905	0	0	0	0.002378036984111668	0	-0.03488279655869082
0.324	0	-0.00548574455510643	0	0	0	0.002392229355158628	0	-0.03488002978504485
0.325	0	-0.005519651076646074	0	0	0	0.002406457068423979	0	-0.03487725530005615
0.326	0	-0.005553659447245601	0	0	0	0.0024207200434733	0	-0.03487447299622191
0.327	0	-0.005587769637251762	0	0	0	0.002435018199681887	0	-0.03487168308149808
0.328	0	-0.005621981616938341	0	0	0	0.002449351456234993	0	-0.03486888539787752
0.329	0	-0.005656295356506392	0	0	0	0.002463719732128572	0	-0.03486607994999803
0.33	0	-0.005690710826084325	0	0	0	0.002478122946169569	0	-0.03486326632932033
0.331	0	-0.005725227995728372	0	0	0	0.002492561016977262	0	-0.03486044566208792
0.332	0	-0.005759846835422211	0	0	0	0.00250703386298241	0	-0.03485761730380336
0.333	0	-0.005794567315077488	0	0	0	0.002521541402428674	0	-0.03485478097177383
0.334	0	-0.005829389404533949	0	0	0	0.00253608355337312	0	-0.03485193667577723
0.335	0	-0.005864313073559646	0	0	0	0.002550660233686819	0	-0.03484908487328255
0.336	0	-0.005899338291850832	0	0	0	0.002565271361054707	0	-0.03484622486486109
0.337	0	-0.005934465029032537	0	0	0	0.002579916852977178	0	-0.03484335731961902
0.338	0	-0.005969693254658367	0	0	0	0.002594596626769697	0	-0.03484048206807692
0.339	0	-0.006005022938210852	0	0	0	0.002609310599563775	0	-0.03483759914773318
0.34	0	-0.00604045404910161	0	0	0	0.00262405868830753	0	-0.03483470886472569
0.341	0	-0.006075986556671334	0	0	0	0.002638840809765764	0	-0.03483181068596394
0.342	0	-0.006111620430190222	0	0	0	0.002653656880521183	0	-0.03482890485397205
0.343	0	-0.006147355638857951	0	0	0	0.00266850681697444	0	-0.03482599121084703
0.344	0	-0.006183192151803981	0	0	0	0.00268339053534504	0	-0.03482307005305608
0.345	0	-0.006219129938087554	0	0	0	0.002698307951671449	0	-0.03482014110331467
0.346	0	-0.006255168966697998	0	0	0	0.002713258981811989	0	-0.03481720434048915
0.347	0	-0.006291309206554891	0	0	0	0.002728243541445374	0	-0.03481425997820582
0.348	0	-0.00632755062650815	0	0	0	0.002743261546071062	0	-0.03481130800656253
0.349	0	-0.006363893195338232	0	0	0	0.002758312911009892	0	-0.034808348397706
0.35	0	-0.006400336881756311	0	0	0	0.00277339755140465	0	-0.03480538115607967
0.351	0	-0.006436881654404426	0	0	0	0.002788515382220555	0	-0.03480240615082728
0.352	0	-0.006473527481855749	0	0	0	0.002803666318246086	0	-0.03479942380530541
0.353	0	-0.006510274332614554	0	0	0	0.002818850274092987	0	-0.03479643375542966
0.354	0	-0.006547122175116556	0	0	0	0.002834067164197301	0	-0.03479343603191212
0.355	0	-0.006584070977729103	0	0	0	0.002849316902819964	0	-0.03479043114062984
0.356	0	-0.006621120708751024	0	0	0	0.002864599404046501	0	-0.03478741801144791
0.357	0	-0.006658271336413319	0	0	0	0.002879914581788965	0	-0.0347843973128067
0.358	0	-0.00669552282887895	0	0	0	0.002895262349785504	0	-0.03478136907985659
0.359	0	-0.006732875154243126	0	0	0	0.002910642621601184	0	-0.03477833334950022
0.36	0	-0.006770328280533411	0	0	0	0.002926055310628405	0	-0.03477528983071912
0.361	0	-0.006807882175710028	0	0	0	0.002941500330087836	0	-0.03477223878513791
0.362	0	-0.006845536807665992	0	0	0	0.002956977593028817	0	-0.03476918065977358
0.363	0	-0.00688329214422707	0	0	0	0.002972487012329414	0	-0.03476611488665272
0.364	0	-0.006921148153152251	0	0	0	0.002988028500697722	0	-0.0347630416298231
0.365	0	-0.006959104802133733	0	0	0	0.003003601970671981	0	-0.03475996074060232
0.366	0	-0.006997162058797147	0	0	0	0.003019207334621249	0	-0.03475687200227813
0.367	0	-0.007035319890701836	0	0	0	0.003034844504746257	0	-0.03475377582517526
0.368	0	-0.007073578265340856	0	0	0	0.003050513393079502	0	-0.03475067212787857
0.369	0	-0.007111937150141228	0	0	0	0.003066213911486062	0	-0.03474756091847402
0.37	0	-0.007150396512464152	0	0	0	0.003081945971664213	0	-0.03474444241725042
0.371	0	-0.007188956319604931	0	0	0	0.003097709485145406	0	-0.03474131565264479
0.372	0	-0.00722761653879375	0	0	0	0.003113504363296357	0	-0.0347381820597407
0.373	0	-0.007266377137195103	0	0	0	0.003129330517317701	0	-0.03473504095524328
0.374	0	-0.007305238081908404	0	0	0	0.003145187858245706	0	-0.03473189222360141
0.375	0	-0.007344199339968139	0	0	0	0.003161076296952762	0	-0.03472873613635007
0.376	0	-0.007383260878344003	0	0	0	0.003176995744147854	0	-0.03472557310942179
0.377	0	-0.007422422663940794	0	0	0	0.003192946110376424	0	-0.0347224020133519
0.378	0	-0.007461684663599127	0	0	0	0.003208927306022343	0	-0.03471922348491409
0.379	0	-0.007501046844095198	0	0	0	0.003224939241307385	0	-0.03471603732036843
0.38	0	-0.007540509172141174	0	0	0	0.00324098182629239	0	-0.03471284386553278
0.381	0	-0.007580071614385187	0	0	0	0.003257054970877368	0	-0.03470964289548332
0.382	0	-0.007619734137411616	0	0	0	0.003273158584802317	0	-0.03470643416705155
0.383	0	-0.007659496707741441	0	0	0	0.003289292577648299	0	-0.03470321861945957
0.384	0	-0.007699359291831991	0	0	0	0.003305456858836878	0	-0.03469999565020981
0.385	0	-0.00773932185607744	0	0	0	0.003321651337631548	0	-0.0346967651368319
0.386	0	-0.007779384366809002	0	0	0	0.00333787592313835	0	-0.03469352749845171
0.387	0	-0.007819546790294923	0	0	0	0.003354130524305941	0	-0.03469028251151
0.388	0	-0.007859809092740694	0	0	0	0.003370415049926343	0	-0.0346870296724778
0.389	0	-0.007900171240289492	0	0	0	0.003386729408636116	0	-0.03468376961272488
0.39	0	-0.007940633199021978	0	0	0	0.003403073508916043	0	-0.03468050195707671
0.391	0	-0.007981194934956795	0	0	0	0.003419447259092437	0	-0.0346772270326353
0.392	0	-0.008021856414050524	0	0	0	0.003435850567337275	0	-0.03467394480116585
0.393	0	-0.008062617602197971	0	0	0	0.00345228334166896	0	-0.03467065526882613
0.394	0	-0.008103478465232319	0	0	0	0.003468745489952873	0	-0.03466735840085649
0.395	0	-0.008144438968925308	0	0	0	0.003485236919901996	0	-0.03466405420484091
0.396	0	-0.008185499078987439	0	0	0	0.003501757539077472	0	-0.0346607426621147
0.397	0	-0.008226658761068135	0	0	0	0.003518307254889284	0	-0.03465742392333079
0.398	0	-0.008267917980755922	0	0	0	0.003534885974596687	0	-0.03465409795094197
0.399	0	-0.008309276703578583	0	0	0	0.003551493605308841	0	-0.03465076460265946
0.4	0	-0.008350734895003382	0	0	0	0.003568130053985491	0	-0.03464742384222468
0.401	0	-0.008392292520437269	0	0	0	0.003584795227437602	0	-0.03464407584071768
0.402	0	-0.008433949545226917	0	0	0	0.00360148903232758	0	-0.03464072008282848
0.403	0	-0.00847570593465922	0	0	0	0.0036182113751707	0	-0.03463735734962002
0.404	0	-0.008517561653961085	0	0	0	0.003634962162334681	0	-0.03463398728562281
0.405	0	-0.008559516668299868	0	0	0	0.003651741300040967	0	-0.03463061004081292
0.406	0	-0.008601570942783472	0	0	0	0.003668548694365021	0	-0.03462722553911023
0.407	0	-0.008643724442460567	0	0	0	0.003685384251237146	0	-0.03462383400790243
0.408	0	-0.008685977132320674	0	0	0	0.00370224787644272	0	-0.03462043511184514
0.409	0	-0.008728328977294498	0	0	0	0.003719139475623231	0	-0.03461702900141143
0.41	0	-0.008770779942254028	0	0	0	0.003736058954276655	0	-0.03461361575702966
0.411	0	-0.008813329992012661	0	0	0	0.0037530062177579	0	-0.0346101950474463
0.412	0	-0.008855979091325537	0	0	0	0.003769981171279799	0	-0.03460676703568653
0.413	0	-0.008898727204889607	0	0	0	0.003786983719913397	0	-0.03460333164467883
0.414	0	-0.008941574297343982	0	0	0	0.003804013768589014	0	-0.03459988962845003
0.415	0	-0.008984520333269724	0	0	0	0.003821071222095789	0	-0.0345964400893772
0.416	0	-0.009027565277190445	0	0	0	0.00383815598508341	0	-0.03459298312449588
0.417	0	-0.009070709093572483	0	0	0	0.003855267962062623	0	-0.03458951959661619
0.418	0	-0.009113951746824661	0	0	0	0.003872407057404805	0	-0.0345860486950233
0.419	0	-0.009157293201298993	0	0	0	0.003889573175343841	0	-0.0345825709426987
0.42	0	-0.009200733421290373	0	0	0	0.003906766219975552	0	-0.03457908541327947
0.421	0	-0.009244272371037317	0	0	0	0.00392398609525964	0	-0.03457559286299156
0.422	0	-0.009287910014721699	0	0	0	0.003941232705019194	0	-0.03457209317896445
0.423	0	-0.009331646316469124	0	0	0	0.003958505952941748	0	-0.03456858636751244
0.424	0	-0.009375481240349072	0	0	0	0.003975805742579812	0	-0.03456507243637645
0.425	0	-0.009419414750375069	0	0	0	0.003993131977351408	0	-0.03456155117532896
0.426	0	-0.009463446810505002	0	0	0	0.004010484560541042	0	-0.0345580230222079
0.427	0	-0.009507577384641126	0	0	0	0.00402786339529982	0	-0.03455448788663298
0.428	0	-0.009551806436630304	0	0	0	0.004045268384646231	0	-0.03455094557982196
0.429	0	-0.009596133930264265	0	0	0	0.004062699431466909	0	-0.03454739611525418
0.43	0	-0.009640559829279778	0	0	0	0.004080156438517265	0	-0.03454383980113045
0.431	0	-0.009685084097358722	0	0	0	0.004097639308421715	0	-0.03454027629633329
0.432	0	-0.009729706698128397	0	0	0	0.004115147943674684	0	-0.03453670554058054
0.433	0	-0.009774427595161726	0	0	0	0.004132682246641228	0	-0.0345331277797219
0.434	0	-0.009819246751977317	0	0	0	0.004150242119557317	0	-0.03452954275178532
0.435	0	-0.009864164132039837	0	0	0	0.004167827464530939	0	-0.0345259508647577
0.436	0	-0.009909179698759981	0	0	0	0.00418543818354219	0	-0.0345223519408744
0.437	0	-0.009954293415494867	0	0	0	0.004203074178444327	0	-0.03451874623278275
0.438	0	-0.009999505245548016	0	0	0	0.00422073535096395	0	-0.03451513341022528
0.439	0	-0.01004481515216973	0	0	0	0.004238421602702042	0	-0.03451151355321177
0.44	0	-0.01009022309855717	0	0	0	0.004256132835134307	0	-0.03450788647912641
0.441	0	-0.01013572904785464	0	0	0	0.004273868949612119	0	-0.03450425250192217
0.442	0	-0.01018133296315366	0	0	0	0.004291629847362676	0	-0.03450061137398792
0.443	0	-0.01022703480749329	0	0	0	0.00430941542949016	0	-0.03449696350489789
0.444	0	-0.0102728345438601	0	0	0	0.004327225596975601	0	-0.0344933082346988
0.445	0	-0.01031873213518875	0	0	0	0.004345060250678665	0	-0.03448964650438748
0.446	0	-0.0103647275443617	0	0	0	0.004362919291336947	0	-0.03448597780339833
0.447	0	-0.01041082073420972	0	0	0	0.004380802619567455	0	-0.03448230213129211
0.448	0	-0.01045701166751201	0	0	0	0.004398710135867013	0	-0.03447861951365733
0.449	0	-0.01050330030699634	0	0	0	0.004416641740612805	0	-0.03447492980278542
0.45	0	-0.01054968661533933	0	0	0	0.004434597334063229	0	-0.03447123321068162
0.451	0	-0.01059617055516656	0	0	0	0.004452576816358214	0	-0.03446752959097687
0.452	0	-0.01064275208905281	0	0	0	0.004470580087520111	0	-0.0344638190570459
0.453	0	-0.01068943117952223	0	0	0	0.00448860704745417	0	-0.03446010161723666
0.454	0	-0.01073620778904852	0	0	0	0.00450665759594921	0	-0.03445637729714134
0.455	0	-0.01078308188005504	0	0	0	0.004524731632677954	0	-0.03445264547324937
0.456	0	-0.01083005341491544	0	0	0	0.004542829057198815	0	-0.03444890749923989
0.457	0	-0.01087712235595314	0	0	0	0.004560949768954723	0	-0.03444516258813664
0.458	0	-0.01092428866544205	0	0	0	0.00457909366727511	0	-0.03444141092685746
0.459	0	-0.01097155230560658	0	0	0	0.004597260651375988	0	-0.03443765241424171
0.46	0	-0.01101891323862182	0	0	0	0.004615450620360667	0	-0.03443388682972479
0.461	0	-0.01106637142661385	0	0	0	0.004633663473220645	0	-0.03443011447828394
0.462	0	-0.01111392683165983	0	0	0	0.004651899108835874	0	-0.03442633532563596
0.463	0	-0.01116157941578816	0	0	0	0.004670157425975488	0	-0.0344225492063792
0.464	0	-0.01120932914097877	0	0	0	0.004688438323298548	0	-0.03441875610626909
0.465	0	-0.01125717596916332	0	0	0	0.004706741699354694	0	-0.03441495620342101
0.466	0	-0.01130511986222529	0	0	0	0.004725067452584619	0	-0.0344111494913163
0.467	0	-0.01135316078200032	0	0	0	0.004743415481320963	0	-0.03440733640094795
0.468	0	-0.01140129869027614	0	0	0	0.004761785683788333	0	-0.03440351635518259
0.469	0	-0.01144953354879304	0	0	0	0.004780177958104624	0	-0.03439968937120328
0.47	0	-0.01149786531924401	0	0	0	0.004798592202281573	0	-0.03439585588299247
0.471	0	-0.01154629396327477	0	0	0	0.004817028314224825	0	-0.03439201540756902
0.472	0	-0.01159481944248416	0	0	0	0.004835486191735288	0	-0.03438816821631889
0.473	0	-0.01164344171842422	0	0	0	0.004853965732509214	0	-0.03438431405419037
0.474	0	-0.01169216075260048	0	0	0	0.004872466834139327	0	-0.03438045327371429
0.475	0	-0.01174097650647201	0	0	0	0.004890989394114997	0	-0.0343765857642262
0.476	0	-0.01178988894145176	0	0	0	0.004909533309823126	0	-0.03437271153120618
0.477	0	-0.01183889801890664	0	0	0	0.004928098478548731	0	-0.03436883056696966
0.478	0	-0.01188800370015778	0	0	0	0.00494668479747556	0	-0.03436494280017614
0.479	0	-0.01193720594648078	0	0	0	0.004965292163686886	0	-0.03436104845225526
0.48	0	-0.01198650471910574	0	0	0	0.0049839204741659	0	-0.03435714749393345
0.481	0	-0.0120358999792176	0	0	0	0.005002569625796436	0	-0.03435323978291581
0.482	0	-0.01208539168795635	0	0	0	0.005021239515363898	0	-0.034349325811373
0.483	0	-0.0121349798064169	0	0	0	0.00503993003955498	0	-0.03434540451681367
0.484	0	-0.01218466429564984	0	0	0	0.005058641094959684	0	-0.03434147649188917
0.485	0	-0.01223444511666123	0	0	0	0.005077372578071004	0	-0.03433754177784436
0.486	0	-0.01228432223041295	0	0	0	0.005096124385285953	0	-0.0343336007202194
0.487	0	-0.01233429559782271	0	0	0	0.005114896412905699	0	-0.03432965287055417
0.488	0	-0.01238436517976454	0	0	0	0.005133688557136977	0	-0.03432569869591589
0.489	0	-0.01243453093706867	0	0	0	0.005152500714091925	0	-0.03432173776328014
0.49	0	-0.01248479283052204	0	0	0	0.005171332779789486	0	-0.03431777047779715
0.491	0	-0.01253515082086812	0	0	0	0.005190184650155184	0	-0.03431379607689552
0.492	0	-0.01258560486880757	0	0	0	0.005209056221022846	0	-0.0343098151214587
0.493	0	-0.01263615493499809	0	0	0	0.005227947388134463	0	-0.03430582771207862
0.494	0	-0.01268680098005471	0	0	0	0.005246858047140915	0	-0.03430183365598423
0.495	0	-0.01273754296454995	0	0	0	0.005265788093602777	0	-0.03429783285450478
0.496	0	-0.01278838084901419	0	0	0	0.005284737422991118	0	-0.03429382564114342
0.497	0	-0.01283931459393565	0	0	0	0.005303705930687744	0	-0.03428981187217802
0.498	0	-0.01289034415976066	0	0	0	0.005322693511986114	0	-0.03428579155374801
0.499	0	-0.01294146950689391	0	0	0	0.005341700062091875	0	-0.03428176457625384
0.5	0	-0.01299269059569861	0	0	0	0.005360725476123652	0	-0.03427773106612605
0.501	0	-0.01304400738649675	0	0	0	0.005379769649113736	0	-0.03427369146249452
0.502	0	-0.01309541983956906	0	0	0	0.005398832476008116	0	-0.03426964512352851
0.503	0	-0.01314692791515553	0	0	0	0.005417913851668044	0	-0.03426559242076075
0.504	0	-0.01319853157345531	0	0	0	0.005437013670869809	0	-0.03426153276248871
0.505	0	-0.01325023077462725	0	0	0	0.005456131828306302	0	-0.03425746666760981
0.506	0	-0.01330202547878983	0	0	0	0.005475268218586969	0	-0.03425339420949344
0.507	0	-0.01335391564602134	0	0	0	0.005494422736238518	0	-0.03424931512218452
0.508	0	-0.01340590123636029	0	0	0	0.005513595275705917	0	-0.03424522962320541
0.509	0	-0.01345798220980539	0	0	0	0.005532785731352626	0	-0.03424113746103856
0.51	0	-0.01351015852631598	0	0	0	0.005551993997461836	0	-0.03423703926374688
0.511	0	-0.01356243014581193	0	0	0	0.005571219968236303	0	-0.03423293466624259
0.512	0	-0.01361479702817408	0	0	0	0.005590463537799553	0	-0.03422882361234278
0.513	0	-0.01366725913324432	0	0	0	0.0056097246001964	0	-0.03422470604008914
0.514	0	-0.01371981642082584	0	0	0	0.005629003049393648	0	-0.03422058198835221
0.515	0	-0.01377246885068331	0	0	0	0.0056482987792806	0	-0.03421645131010043
0.516	0	-0.01382521638254309	0	0	0	0.00566761168366987	0	-0.03421231401091756
0.517	0	-0.01387805897609353	0	0	0	0.005686941656298228	0	-0.03420817072306168
0.518	0	-0.01393099659098487	0	0	0	0.005706288590826509	0	-0.03420402099679151
0.519	0	-0.01398402918682968	0	0	0	0.005725652380840872	0	-0.03419986472348532
0.52	0	-0.01403715672320309	0	0	0	0.005745032919853543	0	-0.03419570228923962
0.521	0	-0.01409037915964281	0	0	0	0.005764430101302987	0	-0.03419153354443205
0.522	0	-0.01414369645564945	0	0	0	0.005783843818554814	0	-0.03418735836366423
0.523	0	-0.01419710857068668	0	0	0	0.00580327396490251	0	-0.03418317682064242
0.524	0	-0.01425061546418145	0	0	0	0.005822720433567967	0	-0.03417898892535528
0.525	0	-0.01430421709552419	0	0	0	0.005842183117702171	0	-0.0341747947028128
0.526	0	-0.01435791342406898	0	0	0	0.005861661910385888	0	-0.03417059428230876
0.527	0	-0.01441170440913373	0	0	0	0.005881156704630112	0	-0.03416638743760789
0.528	0	-0.01446559001000044	0	0	0	0.005900667393376939	0	-0.03416217407520331
0.529	0	-0.0145195701859154	0	0	0	0.005920193869500327	0	-0.03415795449927226
0.53	0	-0.01457364489608924	0	0	0	0.005939736025806199	0	-0.03415372817133017
0.531	0	-0.01462781409969754	0	0	0	0.005959293755034214	0	-0.03414949621215208
0.532	0	-0.01468207775588045	0	0	0	0.005978866949856938	0	-0.03414525810411467
0.533	0	-0.01473643582374322	0	0	0	0.005998455502881375	0	-0.03414101364395006
0.534	0	-0.01479088826235638	0	0	0	0.006018059306649525	0	-0.03413676273669267
0.535	0	-0.014845435030756	0	0	0	0.006037678253639201	0	-0.03413250577649159
0.536	0	-0.01490007608794363	0	0	0	0.006057312236264047	0	-0.03412824220009513
0.537	0	-0.01495481139288688	0	0	0	0.006076961146875095	0	-0.03412397255724957
0.538	0	-0.01500964090451919	0	0	0	0.00609662487776047	0	-0.03411969634314601
0.539	0	-0.01506456458174052	0	0	0	0.006116303321147072	0	-0.0341154143420061
0.54	0	-0.01511958238341702	0	0	0	0.006135996369200111	0	-0.03411112609892114
0.541	0	-0.01517469426838159	0	0	0	0.006155703914024463	0	-0.03410683149328187
0.542	0	-0.01522990019543401	0	0	0	0.006175425847665354	0	-0.0341025308508534
0.543	0	-0.01528520012334106	0	0	0	0.006195162062108669	0	-0.03409822412097315
0.544	0	-0.01534059401083675	0	0	0	0.006214912449281693	0	-0.03409391110448881
0.545	0	-0.01539608181662257	0	0	0	0.006234676901053966	0	-0.03408959190952426
0.546	0	-0.01545166349936763	0	0	0	0.00625445530923776	0	-0.03408526654631015
0.547	0	-0.0155073390177089	0	0	0	0.006274247565588785	0	-0.03408093503771707
0.548	0	-0.0155631083302514	0	0	0	0.006294053561806858	0	-0.03407659748015921
0.549	0	-0.01561897139556833	0	0	0	0.006313873189536394	0	-0.03407225366423602
0.55	0	-0.01567492817220137	0	0	0	0.006333706340367293	0	-0.03406790360932806
0.551	0	-0.01573097861866083	0	0	0	0.00635355290583549	0	-0.03406354732680282
0.552	0	-0.01578712269342592	0	0	0	0.006373412777423693	0	-0.03405918499687193
0.553	0	-0.0158433603549448	0	0	0	0.006393285846561851	0	-0.034054816595788
0.554	0	-0.015899691561635	0	0	0	0.006413172004628153	0	-0.03405044262226975
0.555	0	-0.01595611627188324	0	0	0	0.006433071142948866	0	-0.03404606229810038
0.556	0	-0.01601263444404606	0	0	0	0.006452983152800033	0	-0.03404167591335546
0.5570000000000001	0	-0.01606924603644978	0	0	0	0.006472907925407479	0	-0.0340372833573143
0.5580000000000001	0	-0.01612595100739076	0	0	0	0.00649284535194772	0	-0.03403288470736108
0.5590000000000001	0	-0.01618274931513558	0	0	0	0.006512795323548493	0	-0.03402847995409564
0.5600000000000001	0	-0.0162396409179213	0	0	0	0.006532757731289485	0	-0.0340240691677884
0.5610000000000001	0	-0.01629662577395552	0	0	0	0.006552732466202867	0	-0.03401965222763363
0.5620000000000001	0	-0.0163537038414168	0	0	0	0.006572719419274207	0	-0.03401522940762754
0.5630000000000001	0	-0.01641087507845455	0	0	0	0.00659271848144269	0	-0.03401080041034888
0.5640000000000001	0	-0.01646813944318961	0	0	0	0.006612729543602332	0	-0.03400636562140097
0.5650000000000001	0	-0.01652549689371408	0	0	0	0.006632752496602065	0	-0.03400192483431744
0.5660000000000001	0	-0.01658294738809177	0	0	0	0.006652787231246795	0	-0.0339974781656192
0.5670000000000001	0	-0.01664049088435831	0	0	0	0.00667283363829793	0	-0.03399302576199005
0.5680000000000001	0	-0.01669812734052119	0	0	0	0.006692891608473577	0	-0.03398856681128381
0.5690000000000001	0	-0.01675585671456039	0	0	0	0.006712961032450328	0	-0.03398410203157503
0.5700000000000001	0	-0.01681367896442811	0	0	0	0.00673304180086274	0	-0.03397963109121888
0.5710000000000001	0	-0.01687159404804932	0	0	0	0.006753133804304747	0	-0.03397515428483597
0.5720000000000001	0	-0.01692960192332168	0	0	0	0.006773236933329805	0	-0.03397067139894599
0.5730000000000001	0	-0.01698770254811603	0	0	0	0.006793351078452177	0	-0.03396618314324603
0.5740000000000001	0	-0.01704589588027621	0	0	0	0.00681347613014657	0	-0.0339616888529298
0.5750000000000001	0	-0.01710418187761959	0	0	0	0.006833611978849686	0	-0.03395718853334188
0.5760000000000001	0	-0.01716256049793714	0	0	0	0.00685375851496062	0	-0.03395268225119653
0.577	0	-0.01722103169899369	0	0	0	0.006873915628841566	0	-0.03394817030147692
0.578	0	-0.017279595438528	0	0	0	0.006894083210818063	0	-0.03394365226002714
0.579	0	-0.01733825167425308	0	0	0	0.006914261151180242	0	-0.03393912833146444
0.58	0	-0.01739700036385638	0	0	0	0.006934449340183104	0	-0.03393459852426737
0.581	0	-0.01745584146499993	0	0	0	0.006954647668047357	0	-0.0339300630314483
0.582	0	-0.01751477493532045	0	0	0	0.006974856024959572	0	-0.03392552116982701
0.583	0	-0.01757380073242992	0	0	0	0.006995074301073888	0	-0.03392097369177861
0.584	0	-0.01763291881391531	0	0	0	0.007015302386511551	0	-0.03391642032061985
0.585	0	-0.01769212913733909	0	0	0	0.007035540171362172	0	-0.03391186111377353
0.586	0	-0.01775143166023937	0	0	0	0.007055787545684452	0	-0.03390729661630205
0.587	0	-0.01781082634012986	0	0	0	0.007076044399505976	0	-0.03390272595048083
0.588	0	-0.01787031313450048	0	0	0	0.007096310622825123	0	-0.03389814961776434
0.589	0	-0.0179298920008172	0	0	0	0.007116586105610771	0	-0.03389356740726494
0.59	0	-0.01798956289652251	0	0	0	0.007136870737803452	0	-0.03388897950829185
0.591	0	-0.01804932577903538	0	0	0	0.007157164409315686	0	-0.03388438581149689
0.592	0	-0.01810918060575158	0	0	0	0.007177467010032673	0	-0.0338797860066227
0.593	0	-0.01816912733404398	0	0	0	0.00719777842981341	0	-0.03387518060375146
0.594	0	-0.01822916592126252	0	0	0	0.007218098558490624	0	-0.03387056936305318
0.595	0	-0.01828929632473453	0	0	0	0.00723842728587177	0	-0.03386595205642606
0.596	0	-0.01834951850176509	0	0	0	0.007258764501740195	0	-0.03386132959566671
0.597	0	-0.01840983240963684	0	0	0	0.007279110095854583	0	-0.03385670139929018
0.598	0	-0.01847023800561045	0	0	0	0.007299463957950503	0	-0.03385206735271846
0.599	0	-0.01853073524692487	0	0	0	0.007319825977741055	0	-0.03384742781682919
0.6	0	-0.01859132409079726	0	0	0	0.007340196044916977	0	-0.03384278241548365
0.601	0	-0.01865200449442348	0	0	0	0.007360574049147858	0	-0.03383813131377514
0.602	0	-0.01871277641497813	0	0	0	0.007380959880082491	0	-0.03383347452192515
0.603	0	-0.0187736398096148	0	0	0	0.007401353427349752	0	-0.03382881245762619
0.604	0	-0.01883459463546606	0	0	0	0.007421754580558496	0	-0.03382414423349582
0.605	0	-0.01889564084964401	0	0	0	0.007442163229299268	0	-0.03381947005237349
0.606	0	-0.01895677840924041	0	0	0	0.007462579263144651	0	-0.03381479050931128
0.607	0	-0.01901800727132653	0	0	0	0.007483002571649305	0	-0.03381010527063777
0.608	0	-0.01907932739295375	0	0	0	0.007503433044351175	0	-0.033805414312369
0.609	0	-0.0191407387311536	0	0	0	0.007523870570772211	0	-0.03380071806378976
0.61	0	-0.0192022412429379	0	0	0	0.007544315040418555	0	-0.03379601642184754
0.611	0	-0.01926383488529893	0	0	0	0.007564766342781273	0	-0.0337913089121682
0.612	0	-0.01932551961520985	0	0	0	0.007585224367337504	0	-0.03378659583239812
0.613	0	-0.01938729538962471	0	0	0	0.007605689003550705	0	-0.03378187733095814
0.614	0	-0.0194491621654786	0	0	0	0.007626160140870976	0	-0.03377715272948281
0.615	0	-0.01951111989968813	0	0	0	0.007646637668736755	0	-0.03377242282485217
0.616	0	-0.01957316854915128	0	0	0	0.007667121476574281	0	-0.03376768728878737
0.617	0	-0.01963530807074779	0	0	0	0.007687611453798871	0	-0.03376294606314234
0.618	0	-0.01969753842133942	0	0	0	0.007708107489815715	0	-0.03375819967263172
0.619	0	-0.01975985955776981	0	0	0	0.007728609474019652	0	-0.03375344736705105
0.62	0	-0.01982227143686518	0	0	0	0.007749117295797063	0	-0.03374868979306364
0.621	0	-0.01988477401543405	0	0	0	0.007769630844525435	0	-0.03374392669518873
0.622	0	-0.01994736725026776	0	0	0	0.007790150009574595	0	-0.03373915816211469
0.623	0	-0.02001005109814044	0	0	0	0.007810674680307039	0	-0.03373438395870645
0.624	0	-0.02007282551580947	0	0	0	0.007831204746079028	0	-0.03372960453222591
0.625	0	-0.02013569046001533	0	0	0	0.007851740096240525	0	-0.03372481944896513
0.626	0	-0.02019864588748214	0	0	0	0.007872280620136573	0	-0.03372002899694614
0.627	0	-0.02026169175491759	0	0	0	0.00789282620710733	0	-0.03371523291000493
0.628	0	-0.0203248280190133	0	0	0	0.007913376746489139	0	-0.03371043121838299
0.629	0	-0.0203880546364449	0	0	0	0.007933932127614805	0	-0.03370562356999483
0.63	0	-0.02045137156387258	0	0	0	0.007954492239815257	0	-0.0337008113526309
0.631	0	-0.02051477875794055	0	0	0	0.007975056972418295	0	-0.03369599359436512
0.632	0	-0.02057827617527795	0	0	0	0.007995626214750856	0	-0.03369117056781981
0.633	0	-0.02064186377249864	0	0	0	0.008016199856138868	0	-0.03368634199974545
0.634	0	-0.02070554150620163	0	0	0	0.008036777785908389	0	-0.03368150820269035
0.635	0	-0.02076930933297105	0	0	0	0.008057359893385655	0	-0.03367666879313838
0.636	0	-0.02083316720937649	0	0	0	0.008077946067898162	0	-0.03367182361465852
0.637	0	-0.02089711509197333	0	0	0	0.008098536198775536	0	-0.03366697330915516
0.638	0	-0.0209611529373026	0	0	0	0.008119130175349406	0	-0.03366211758465603
0.639	0	-0.0210252807018914	0	0	0	0.008139727886954598	0	-0.0336572564805151
0.64	0	-0.02108949834225306	0	0	0	0.008160329222929703	0	-0.03365239017619586
0.641	0	-0.02115380581488726	0	0	0	0.008180934072617477	0	-0.03364751851122949
0.642	0	-0.02121820307628031	0	0	0	0.008201542325365734	0	-0.03364264151622529
0.643	0	-0.02128269008290525	0	0	0	0.008222153870527705	0	-0.03363775883338336
0.644	0	-0.02134726679122236	0	0	0	0.008242768597463552	0	-0.03363287160622589
0.645	0	-0.02141193315767871	0	0	0	0.008263386395539297	0	-0.03362797881070856
0.646	0	-0.02147668913870901	0	0	0	0.008284007154129133	0	-0.03362308084058983
0.647	0	-0.02154153469073536	0	0	0	0.008304630762614998	0	-0.03361817725485259
0.648	0	-0.02160646977016775	0	0	0	0.00832525711038788	0	-0.03361326818588965
0.649	0	-0.02167149433340414	0	0	0	0.008345886086848275	0	-0.0336083540427574
0.65	0	-0.02173660833683057	0	0	0	0.008366517581406503	0	-0.03360343471063654
0.651	0	-0.02180181173682134	0	0	0	0.008387151483483435	0	-0.03359850984150484
0.652	0	-0.02186710448973945	0	0	0	0.008407787682511606	0	-0.03359357987372974
0.653	0	-0.02193248655193652	0	0	0	0.008428426067935309	0	-0.03358864486852092
0.654	0	-0.02199795787975304	0	0	0	0.008449066529211242	0	-0.03358370450966748
0.655	0	-0.0220635184295187	0	0	0	0.008469708955809554	0	-0.03357875906907638
0.656	0	-0.0221291681575524	0	0	0	0.008490353237213991	0	-0.03357380830069193
0.657	0	-0.02219490702016265	0	0	0	0.008510999262923091	0	-0.03356885270372877
0.658	0	-0.02226073497364733	0	0	0	0.008531646922449688	0	-0.03356389106027675
0.659	0	-0.02232665197429468	0	0	0	0.008552296105323523	0	-0.03355892472406094
0.66	0	-0.02239265797838263	0	0	0	0.008572946701089764	0	-0.03355395308257661
0.661	0	-0.02245875294217948	0	0	0	0.008593598599310914	0	-0.03354897630483184
0.662	0	-0.02252493682194397	0	0	0	0.008614251689566975	0	-0.03354399434289013
0.663	0	-0.02259120957392549	0	0	0	0.008634905861456233	0	-0.03353900729743369
0.664	0	-0.02265757115436423	0	0	0	0.008655561004595766	0	-0.03353401511333662
0.665	0	-0.02272402151949142	0	0	0	0.008676217008622145	0	-0.03352901779875939
0.666	0	-0.02279056062552944	0	0	0	0.008696873763192002	0	-0.03352401524568165
0.667	0	-0.02285718842869219	0	0	0	0.008717531157982919	0	-0.03351900785421304
0.668	0	-0.02292390488518503	0	0	0	0.008738189082693531	0	-0.03351399533653123
0.669	0	-0.02299070995120516	0	0	0	0.008758847427044573	0	-0.03350897771345238
0.67	0	-0.0230576035829417	0	0	0	0.008779506080779308	0	-0.03350395483709597
0.671	0	-0.02312458573657599	0	0	0	0.008800164933664367	0	-0.03349892688007042
0.672	0	-0.02319165636828165	0	0	0	0.008820823875490094	0	-0.03349389371253801
0.673	0	-0.02325881543422494	0	0	0	0.008841482796071456	0	-0.03348885555373389
0.674	0	-0.02332606289056469	0	0	0	0.008862141585248257	0	-0.03348381208268059
0.675	0	-0.02339339869345288	0	0	0	0.008882800132886498	0	-0.03347876402224525
0.676	0	-0.02346082279903437	0	0	0	0.008903458328877954	0	-0.03347371091114278
0.677	0	-0.02352833516344736	0	0	0	0.008924116063141573	0	-0.03346865274408557
0.678	0	-0.02359593574282364	0	0	0	0.008944773225623972	0	-0.03346358975930808
0.679	0	-0.02366362449328843	0	0	0	0.008965429706299535	0	-0.03345852126731224
0.68	0	-0.02373140137096116	0	0	0	0.008986085395172271	0	-0.0334534483602727
0.681	0	-0.02379926633195487	0	0	0	0.009006740182274453	0	-0.03344836963705797
0.6820000000000001	0	-0.02386721933237729	0	0	0	0.009027393957669621	0	-0.03344328631196669
0.6830000000000001	0	-0.02393526032833026	0	0	0	0.009048046611451177	0	-0.03343819790553985
0.6840000000000001	0	-0.02400338927591033	0	0	0	0.00906869803374403	0	-0.03343310444061488
0.6850000000000001	0	-0.02407160613120889	0	0	0	0.009089348114705156	0	-0.03342800631851545
0.6860000000000001	0	-0.02413991085031223	0	0	0	0.009109996744523714	0	-0.03342290325255474
0.6870000000000001	0	-0.02420830338930182	0	0	0	0.009130643813422093	0	-0.03341779521490416
0.6880000000000001	0	-0.02427678370425451	0	0	0	0.009151289211656456	0	-0.03341268223507583
0.6890000000000001	0	-0.02434535175124272	0	0	0	0.009171932829517351	0	-0.0334075644477936
0.6900000000000001	0	-0.02441400748633453	0	0	0	0.009192574557330167	0	-0.03340244175357855
0.6910000000000001	0	-0.02448275086559395	0	0	0	0.009213214285455818	0	-0.0333973139261077
0.6920000000000001	0	-0.02455158184508117	0	0	0	0.009233851904291669	0	-0.03339218134404665
0.6930000000000001	0	-0.02462050038085259	0	0	0	0.009254487304271622	0	-0.03338704383313276
0.6940000000000001	0	-0.02468950642896106	0	0	0	0.009275120375866943	0	-0.03338190115331571
0.6950000000000001	0	-0.02475859994545615	0	0	0	0.009295751009587138	0	-0.03337675353935071
0.6960000000000001	0	-0.02482778088638439	0	0	0	0.009316379095980487	0	-0.03337160154033871
0.6970000000000001	0	-0.02489704920778905	0	0	0	0.009337004525633843	0	-0.03336644434625143
0.6980000000000001	0	-0.02496640486571088	0	0	0	0.009357627189174501	0	-0.03336128242699268
0.6990000000000001	0	-0.0250358478161879	0	0	0	0.009378246977270039	0	-0.03335611587548725
0.7000000000000001	0	-0.02510537801525573	0	0	0	0.00939886378062894	0	-0.03335094453128194
0.7010000000000001	0	-0.02517499541894769	0	0	0	0.009419477490001254	0	-0.03334576800255699
0.7020000000000001	0	-0.02524469998329525	0	0	0	0.009440087996179786	0	-0.03334058698042625
0.7030000000000001	0	-0.02531449166432784	0	0	0	0.00946069518999978	0	-0.03333540123044786
0.704	0	-0.02538437041807317	0	0	0	0.009481298962339776	0	-0.03333021017724365
0.705	0	-0.02545433620055771	0	0	0	0.009501899204123067	0	-0.03332501464444308
0.706	0	-0.02552438896780636	0	0	0	0.009522495806317031	0	-0.03331981424344224
0.707	0	-0.02559452867584302	0	0	0	0.00954308865993456	0	-0.03331460908038181
0.708	0	-0.02566475528069062	0	0	0	0.009563677656034377	0	-0.0333093991628832
0.709	0	-0.02573506873837129	0	0	0	0.009584262685721674	0	-0.03330418448437134
0.71	0	-0.02580546900490659	0	0	0	0.009604843640148653	0	-0.03329896487612184
0.711	0	-0.02587595603631777	0	0	0	0.009625420410515475	0	-0.033293740763574
0.712	0	-0.02594652978862574	0	0	0	0.009645992888070262	0	-0.03328851191940033
0.713	0	-0.02601719021785148	0	0	0	0.009666560964110239	0	-0.03328327860286522
0.714	0	-0.02608793728001595	0	0	0	0.00968712452998171	0	-0.03327804020922179
0.715	0	-0.02615877093114069	0	0	0	0.009707683477081641	0	-0.03327279744057565
0.716	0	-0.02622969112724754	0	0	0	0.009728237696857187	0	-0.03326754994456215
0.717	0	-0.02630069782435903	0	0	0	0.009748787080806736	0	-0.03326229735574476
0.718	0	-0.02637179097849878	0	0	0	0.009769331520481048	0	-0.0332570403613066
0.719	0	-0.02644297054569122	0	0	0	0.009789870907482836	0	-0.03325177863033802
0.72	0	-0.02651423648196218	0	0	0	0.009810405133468031	0	-0.03324651219233027
0.721	0	-0.02658558874333879	0	0	0	0.00983093409014618	0	-0.03324124104262553
0.722	0	-0.02665702728584986	0	0	0	0.009851457669281126	0	-0.03323596533741247
0.723	0	-0.02672855206552598	0	0	0	0.009871975762691523	0	-0.03323068521523333
0.724	0	-0.02680016303839957	0	0	0	0.009892488262251229	0	-0.03322540036884177
0.725	0	-0.02687186016050528	0	0	0	0.009912995059890255	0	-0.03322011085498432
0.726	0	-0.02694364338788011	0	0	0	0.009933496047595325	0	-0.0332148169715926
0.727	0	-0.02701551267656342	0	0	0	0.009953991117409976	0	-0.03320951827901299
0.728	0	-0.02708746798259732	0	0	0	0.009974480161435784	0	-0.03320421487976075
0.729	0	-0.02715950926202683	0	0	0	0.009994963071832714	0	-0.03319890703731602
0.73	0	-0.0272316364708999	0	0	0	0.01001543974081948	0	-0.03319359456242046
0.731	0	-0.02730384956526768	0	0	0	0.01003591006067436	0	-0.03318827741347015
0.732	0	-0.02737614850118482	0	0	0	0.0100563739237359	0	-0.03318295582990213
0.733	0	-0.02744853323470941	0	0	0	0.01007683122240313	0	-0.03317762970663978
0.734	0	-0.02752100372190327	0	0	0	0.01009728184913624	0	-0.03317229867159559
0.735	0	-0.02759355991883235	0	0	0	0.01011772569645797	0	-0.03316696377418614
0.736	0	-0.0276662017815664	0	0	0	0.01013816265695254	0	-0.03316162414657818
0.737	0	-0.0277389292661796	0	0	0	0.01015859262326782	0	-0.03315628016275395
0.738	0	-0.0278117423287505	0	0	0	0.01017901548811491	0	-0.03315093154476133
0.739	0	-0.02788464092536231	0	0	0	0.01019943114426924	0	-0.03314557828048236
0.74	0	-0.02795762501210312	0	0	0	0.01021983948457126	0	-0.03314022087042046
0.741	0	-0.02803069454506578	0	0	0	0.01024024040192603	0	-0.03313485843963387
0.742	0	-0.02810384948034851	0	0	0	0.01026063378930527	0	-0.03312949156460323
0.743	0	-0.02817708977405475	0	0	0	0.01028101953974684	0	-0.03312412019295338
0.744	0	-0.0282504153822935	0	0	0	0.01030139754635579	0	-0.03311874451348202
0.745	0	-0.02832382626117938	0	0	0	0.01032176770230467	0	-0.03311336446192713
0.746	0	-0.02839732236683292	0	0	0	0.01034212990083443	0	-0.03310798034903909
0.747	0	-0.02847090365538052	0	0	0	0.0103624840352544	0	-0.03310259169650528
0.748	0	-0.02854457008295491	0	0	0	0.01038282999894356	0	-0.03309719861113215
0.749	0	-0.02861832160569509	0	0	0	0.01040316768535059	0	-0.03309180080537009
0.75	0	-0.02869215817974682	0	0	0	0.01042349698799517	0	-0.03308639894367404
0.751	0	-0.0287660797612623	0	0	0	0.01044381780046737	0	-0.03308099243456187
0.752	0	-0.02884008630640082	0	0	0	0.01046413001642936	0	-0.0330755815446364
0.753	0	-0.02891417777132865	0	0	0	0.01048443352961535	0	-0.03307016628292064
0.754	0	-0.02898835411221933	0	0	0	0.01050472823383238	0	-0.03306474674948157
0.755	0	-0.02906261528525373	0	0	0	0.01052501402296059	0	-0.03305932261075119
0.756	0	-0.02913696124662044	0	0	0	0.01054529079095435	0	-0.033053894194947
0.757	0	-0.02921139195251569	0	0	0	0.01056555843184234	0	-0.03304846150990416
0.758	0	-0.02928590735914366	0	0	0	0.01058581683972811	0	-0.03304302430350009
0.759	0	-0.0293605074227167	0	0	0	0.01060606590879122	0	-0.03303758309574888
0.76	0	-0.02943519209945533	0	0	0	0.01062630553328699	0	-0.03303213769356263
0.761	0	-0.02950996134558858	0	0	0	0.01064653560754764	0	-0.03302668826361888
0.762	0	-0.02958481511735388	0	0	0	0.01066675602598217	0	-0.03302123395593907
0.763	0	-0.02965975337099772	0	0	0	0.01068696668307815	0	-0.03301577541163964
0.764	0	-0.02973477606277539	0	0	0	0.0107071674734011	0	-0.03301031242139477
0.765	0	-0.02980988314895138	0	0	0	0.01072735829159576	0	-0.03300484530013956
0.766	0	-0.02988507458579941	0	0	0	0.01074753903238615	0	-0.03299937395198276
0.767	0	-0.02996035032960261	0	0	0	0.01076770959057632	0	-0.03299389812756089
0.768	0	-0.03003571033665382	0	0	0	0.01078786986105108	0	-0.03298841796531791
0.769	0	-0.03011115456325577	0	0	0	0.01080801973877672	0	-0.03298293416422728
0.77	0	-0.03018668296572091	0	0	0	0.01082815911880055	0	-0.03297744604812092
0.771	0	-0.03026229550037197	0	0	0	0.01084828789625257	0	-0.03297195375078924
0.772	0	-0.03033799212354187	0	0	0	0.01086840596634536	0	-0.03296645688463139
0.773	0	-0.03041377279157423	0	0	0	0.01088851322437548	0	-0.03296095634876185
0.774	0	-0.03048963746082296	0	0	0	0.01090860956572243	0	-0.03295545095105651
0.775	0	-0.03056558608765305	0	0	0	0.0109286948858511	0	-0.0329499413941791
0.776	0	-0.03064161862844045	0	0	0	0.01094876908031115	0	-0.03294442787488758
0.777	0	-0.03071773503957207	0	0	0	0.01096883204473754	0	-0.03293891000660011
0.778	0	-0.03079393527744629	0	0	0	0.0109888836748517	0	-0.03293338814608441
0.779	0	-0.03087021929847284	0	0	0	0.0110089238664615	0	-0.0329278621338997
0.78	0	-0.03094658705907313	0	0	0	0.01102895251546206	0	-0.03292233197721693
0.781	0	-0.0310230385156803	0	0	0	0.01104896951783611	0	-0.03291679731013766
0.782	0	-0.03109957362473972	0	0	0	0.01106897476965535	0	-0.03291125918343955
0.783	0	-0.03117619234270854	0	0	0	0.01108896816707942	0	-0.03290571682046264
0.784	0	-0.03125289462605636	0	0	0	0.01110894960635775	0	-0.03290017026770085
0.785	0	-0.03132968043126524	0	0	0	0.01112891898382969	0	-0.03289461958026653
0.786	0	-0.03140654971482985	0	0	0	0.01114887619592507	0	-0.03288906485159958
0.787	0	-0.03148350243325757	0	0	0	0.01116882113916444	0	-0.03288350562138642
0.788	0	-0.0315605385430689	0	0	0	0.0111887537101604	0	-0.03287794248688718
0.789	0	-0.03163765800079735	0	0	0	0.01120867380561725	0	-0.03287237529300226
0.79	0	-0.03171486076298966	0	0	0	0.01122858132233193	0	-0.03286680393142919
0.791	0	-0.03179214678620618	0	0	0	0.0112484761571948	0	-0.03286122890270833
0.792	0	-0.03186951602702057	0	0	0	0.01126835820718929	0	-0.03285564946677872
0.793	0	-0.03194696844202056	0	0	0	0.01128822736939368	0	-0.03285006619405757
0.794	0	-0.0320245039878076	0	0	0	0.0113080835409806	0	-0.03284447888168267
0.795	0	-0.03210212262099729	0	0	0	0.01132792661921804	0	-0.03283888748539145
0.796	0	-0.03217982429821951	0	0	0	0.0113477565014699	0	-0.032833292248415
0.797	0	-0.03225760897611847	0	0	0	0.0113675730851962	0	-0.03282769294493085
0.798	0	-0.032335476611353	0	0	0	0.0113873762679539	0	-0.03282208955620407
0.799	0	-0.03241342716059671	0	0	0	0.01140716594739749	0	-0.03281648233675215
0.8	0	-0.03249146058053792	0	0	0	0.01142694202127897	0	-0.03281087079390332
0.801	0	-0.0325695768278802	0	0	0	0.01144670438744923	0	-0.03280525534376124
0.802	0	-0.03264777585934225	0	0	0	0.0114664529438579	0	-0.03279963596103499
0.803	0	-0.03272605763165807	0	0	0	0.01148618758855393	0	-0.03279401231390762
0.804	0	-0.03280442210157741	0	0	0	0.01150590821968689	0	-0.03278838530524591
0.805	0	-0.03288286922586545	0	0	0	0.01152561473550622	0	-0.03278275460009632
0.806	0	-0.03296139896130326	0	0	0	0.01154530703436232	0	-0.03277711959840799
0.8070000000000001	0	-0.03304001126468799	0	0	0	0.0115649850147076	0	-0.03277148071981192
0.8080000000000001	0	-0.03311870609283292	0	0	0	0.01158464857509637	0	-0.03276583795193139
0.8090000000000001	0	-0.03319748340256755	0	0	0	0.01160429761418529	0	-0.03276019083828102
0.8100000000000001	0	-0.03327634315073804	0	0	0	0.01162393203073465	0	-0.03275453996879128
0.8110000000000001	0	-0.03335528529420706	0	0	0	0.01164355172360796	0	-0.03274888510997567
0.8120000000000001	0	-0.03343430978985413	0	0	0	0.01166315659177305	0	-0.03274322643203954
0.8130000000000001	0	-0.03351341659457568	0	0	0	0.01168274653430242	0	-0.03273756410634545
0.8140000000000001	0	-0.03359260566528516	0	0	0	0.01170232145037351	0	-0.03273189788673075
0.8150000000000001	0	-0.03367187695891338	0	0	0	0.01172188123926958	0	-0.03272622780681168
0.8160000000000001	0	-0.0337512304324085	0	0	0	0.01174142580038005	0	-0.03272055387389884
0.8170000000000001	0	-0.03383066604273628	0	0	0	0.01176095503320099	0	-0.03271487602026364
0.8180000000000001	0	-0.03391018374688015	0	0	0	0.01178046883733573	0	-0.0327091943064509
0.8190000000000001	0	-0.03398978350184154	0	0	0	0.01179996711249547	0	-0.03270350909033308
0.8200000000000001	0	-0.03406946526463973	0	0	0	0.01181944975849918	0	-0.03269781988908326
0.8210000000000001	0	-0.03414922899231231	0	0	0	0.01183891667527504	0	-0.0326921271860433
0.8220000000000001	0	-0.03422907464191501	0	0	0	0.01185836776285972	0	-0.03268643002359634
0.8230000000000001	0	-0.03430900217052237	0	0	0	0.01187780292140061	0	-0.03268072944298594
0.8240000000000001	0	-0.03438901153522725	0	0	0	0.01189722205115443	0	-0.03267502467848903
0.8250000000000001	0	-0.03446910269314152	0	0	0	0.01191662505248925	0	-0.03266931626647172
0.8260000000000001	0	-0.03454927560139595	0	0	0	0.0119360118258841	0	-0.03266360419408538
0.8270000000000001	0	-0.03462953021714037	0	0	0	0.01195538227192973	0	-0.03265788844179925
0.8280000000000001	0	-0.0347098664975438	0	0	0	0.01197473629132907	0	-0.03265216892673746
0.8290000000000001	0	-0.03479028439979475	0	0	0	0.01199407378489783	0	-0.03264644567586493
0.8300000000000001	0	-0.03487078388110123	0	0	0	0.01201339465356489	0	-0.03264071867768988
0.8310000000000001	0	-0.03495136489869096	0	0	0	0.01203269879837285	0	-0.03263498794194088
0.8320000000000001	0	-0.03503202740981156	0	0	0	0.01205198612047853	0	-0.03262925349355283
0.833	0	-0.03511277137173059	0	0	0	0.01207125652115346	0	-0.03262351546988686
0.834	0	-0.03519359674173578	0	0	0	0.01209050990178421	0	-0.03261777364671162
0.835	0	-0.03527450347713511	0	0	0	0.01210974616387309	0	-0.03261202800577705
0.836	0	-0.03535549153525704	0	0	0	0.01212896520903859	0	-0.03260627856564451
0.837	0	-0.03543656087345071	0	0	0	0.01214816693901596	0	-0.03260052554693632
0.838	0	-0.03551771144908588	0	0	0	0.0121673512556574	0	-0.03259476885349759
0.839	0	-0.03559894321955324	0	0	0	0.01218651806093272	0	-0.03258900834185052
0.84	0	-0.03568025614226458	0	0	0	0.01220566725693004	0	-0.0325832442668296
0.841	0	-0.03576165017465287	0	0	0	0.012224798745856	0	-0.03257747678884691
0.842	0	-0.03584312527417231	0	0	0	0.01224391243003611	0	-0.03257170566232865
0.843	0	-0.03592468139829866	0	0	0	0.01226300821191549	0	-0.03256593078410282
0.844	0	-0.03600631850452927	0	0	0	0.01228208599405941	0	-0.0325601522716947
0.845	0	-0.0360880365503833	0	0	0	0.0123011456791536	0	-0.03255437013428998
0.846	0	-0.0361698354934018	0	0	0	0.01232018717000474	0	-0.03254858434773558
0.847	0	-0.03625171529114806	0	0	0	0.01233921036954131	0	-0.03254279554076111
0.848	0	-0.03633367590120708	0	0	0	0.01235821518081268	0	-0.03253700226262494
0.849	0	-0.03641571728118677	0	0	0	0.01237720150699187	0	-0.03253120552885855
0.85	0	-0.03649783938871731	0	0	0	0.01239616925137426	0	-0.0325254052946654
0.851	0	-0.03658004218145153	0	0	0	0.01241511831737864	0	-0.03251960165804942
0.852	0	-0.03666232561706487	0	0	0	0.01243404860854716	0	-0.03251379372284664
0.853	0	-0.0367446896532562	0	0	0	0.01245296002854754	0	-0.03250798316148848
0.854	0	-0.03682713424774695	0	0	0	0.01247185248117087	0	-0.03250216888348481
0.855	0	-0.03690965935828198	0	0	0	0.01249072587033423	0	-0.03249635122877086
0.856	0	-0.03699226494262946	0	0	0	0.01250958010008017	0	-0.03249053014569613
0.857	0	-0.03707495095858098	0	0	0	0.01252841507457713	0	-0.03248470501429171
0.858	0	-0.03715771736395195	0	0	0	0.01254723069812079	0	-0.03247887641869785
0.859	0	-0.0372405641165815	0	0	0	0.0125660268751337	0	-0.03247304446440739
0.86	0	-0.03732349117433257	0	0	0	0.01258480351016572	0	-0.03246720878643474
0.861	0	-0.03740649849509234	0	0	0	0.01260356050789509	0	-0.03246136973629628
0.862	0	-0.03748958603677208	0	0	0	0.01262229777312832	0	-0.03245552725400055
0.863	0	-0.0375727537573074	0	0	0	0.01264101521080078	0	-0.03244968116196145
0.864	0	-0.03765600161465844	0	0	0	0.01265971272597748	0	-0.03244383166536531
0.865	0	-0.03773932956681001	0	0	0	0.01267839022385329	0	-0.03243797906776885
0.866	0	-0.03782273757177149	0	0	0	0.01269704760975298	0	-0.03243212286473486
0.867	0	-0.03790622558757728	0	0	0	0.01271568478913231	0	-0.03242626298873864
0.868	0	-0.03798979357228692	0	0	0	0.01273430166757853	0	-0.03242039990108312
0.869	0	-0.03807344148398493	0	0	0	0.0127528981508102	0	-0.03241453337784088
0.87	0	-0.03815716928078119	0	0	0	0.01277147414467789	0	-0.03240866300080276
0.871	0	-0.03824097692081115	0	0	0	0.0127900295551652	0	-0.03240278920830934
0.872	0	-0.0383248643622358	0	0	0	0.0128085642883887	0	-0.03239691241629815
0.873	0	-0.03840883156324173	0	0	0	0.01282707825059782	0	-0.03239103182687809
0.874	0	-0.03849287848204156	0	0	0	0.01284557134817664	0	-0.03238514809729579
0.875	0	-0.03857700507687378	0	0	0	0.01286404348764312	0	-0.03237926098179426
0.876	0	-0.0386612113060031	0	0	0	0.01288249457565016	0	-0.03237337048811299
0.877	0	-0.03874549712772033	0	0	0	0.01290092451898573	0	-0.03236747628796849
0.878	0	-0.03882986250034302	0	0	0	0.01291933322457414	0	-0.03236157938335419
0.879	0	-0.03891430738221487	0	0	0	0.0129377205994749	0	-0.03235567893417753
0.88	0	-0.03899883173170639	0	0	0	0.01295608655088458	0	-0.03234977510632636
0.881	0	-0.03908343550721498	0	0	0	0.01297443098613666	0	-0.03234386788562253
0.882	0	-0.03916811866716485	0	0	0	0.01299275381270212	0	-0.03233795737597629
0.883	0	-0.03925288117000731	0	0	0	0.01301105493818952	0	-0.03233204315765502
0.884	0	-0.03933772297422097	0	0	0	0.01302933427034625	0	-0.03232612579067585
0.885	0	-0.03942264403831162	0	0	0	0.01304759171705796	0	-0.03232020495794754
0.886	0	-0.03950764432081273	0	0	0	0.01306582718634995	0	-0.03231428123722452
0.887	0	-0.039592723780285	0	0	0	0.01308404058638631	0	-0.03230835364597043
0.888	0	-0.03967788237531734	0	0	0	0.01310223182547235	0	-0.03230242353456252
0.889	0	-0.03976312006452606	0	0	0	0.01312040081205255	0	-0.03229648972137161
0.89	0	-0.03984843680655571	0	0	0	0.01313854745471313	0	-0.03229055274504219
0.891	0	-0.03993383256007892	0	0	0	0.01315667166218136	0	-0.03228461257988771
0.892	0	-0.04001930728379654	0	0	0	0.01317477334332621	0	-0.03227866916423912
0.893	0	-0.04010486093643782	0	0	0	0.01319285240715886	0	-0.032272722551719
0.894	0	-0.04019049347676037	0	0	0	0.01321090876283282	0	-0.03226677229574023
0.895	0	-0.04027620486355071	0	0	0	0.01322894231964514	0	-0.03226081901763456
0.896	0	-0.04036199505562394	0	0	0	0.01324695298703585	0	-0.0322548624407723
0.897	0	-0.04044786401182406	0	0	0	0.01326494067458897	0	-0.03224890264671157
0.898	0	-0.04053381169102412	0	0	0	0.01328290529203275	0	-0.03224293964195579
0.899	0	-0.04061983805212633	0	0	0	0.01330084674924014	0	-0.03223697344561807
0.9	0	-0.04070594305406207	0	0	0	0.01331876495622901	0	-0.03223100385111703
0.901	0	-0.04079212665579228	0	0	0	0.01333665982316303	0	-0.03222503111615475
0.902	0	-0.04087838881630733	0	0	0	0.01335453126035165	0	-0.03221905536280542
0.903	0	-0.04096472949462721	0	0	0	0.01337237917825051	0	-0.03221307636759909
0.904	0	-0.04105114864980181	0	0	0	0.01339020348746228	0	-0.03220709452709328
0.905	0	-0.04113764624091074	0	0	0	0.01340800409873644	0	-0.03220110956714661
0.906	0	-0.04122422222706366	0	0	0	0.01342578092296997	0	-0.03219512115870962
0.907	0	-0.04131087656740053	0	0	0	0.01344353387120814	0	-0.03218912956883253
0.908	0	-0.04139760922109142	0	0	0	0.01346126285464433	0	-0.03218313464033887
0.909	0	-0.04148442014733694	0	0	0	0.01347896778462093	0	-0.03217713663093556
0.91	0	-0.04157130930536813	0	0	0	0.01349664857262936	0	-0.03217113560335898
0.911	0	-0.04165827665444666	0	0	0	0.01351430513031055	0	-0.03216513146600496
0.912	0	-0.041745322153865	0	0	0	0.01353193736945544	0	-0.03215912421813848
0.913	0	-0.04183244576294647	0	0	0	0.01354954520200527	0	-0.03215311373432598
0.914	0	-0.04191964744104543	0	0	0	0.01356712854005224	0	-0.03214710026264713
0.915	0	-0.04200692714754737	0	0	0	0.01358468729583958	0	-0.03214108382367548
0.916	0	-0.04209428484186897	0	0	0	0.01360222138176195	0	-0.03213506416849364
0.917	0	-0.04218172048345831	0	0	0	0.01361973071036613	0	-0.03212904140800849
0.918	0	-0.04226923403179503	0	0	0	0.0136372151943513	0	-0.0321230157698852
0.919	0	-0.04235682544639031	0	0	0	0.01365467474656921	0	-0.03211698716846037
0.92	0	-0.04244449468678697	0	0	0	0.01367210928002463	0	-0.03211095526777615
0.921	0	-0.04253224171255979	0	0	0	0.01368951870787603	0	-0.03210492020594121
0.922	0	-0.04262006648331552	0	0	0	0.01370690294343586	0	-0.03209888220147556
0.923	0	-0.04270796895869296	0	0	0	0.01372426190017065	0	-0.03209284110355503
0.924	0	-0.0427959490983631	0	0	0	0.0137415954917017	0	-0.03208679696155101
0.925	0	-0.04288400686202928	0	0	0	0.01375890363180538	0	-0.0320807498701271
0.926	0	-0.04297214220942724	0	0	0	0.01377618623441342	0	-0.03207469976678179
0.927	0	-0.04306035510032529	0	0	0	0.0137934432136134	0	-0.032068646657669
0.928	0	-0.04314864549452437	0	0	0	0.01381067448364899	0	-0.03206259039904105
0.929	0	-0.04323701335185829	0	0	0	0.01382787995892075	0	-0.03205653140723737
0.93	0	-0.04332545863219366	0	0	0	0.01384505955398579	0	-0.03205046930812246
0.931	0	-0.04341398129543014	0	0	0	0.01386221318355875	0	-0.03204440421345644
0.9320000000000001	0	-0.04350258130150062	0	0	0	0.01387934076251218	0	-0.03203833654630964
0.9330000000000001	0	-0.04359125861037098	0	0	0	0.013896442205876	0	-0.03203226544382633
0.9340000000000001	0	-0.04368001318204067	0	0	0	0.01391351742883929	0	-0.03202619141830381
0.9350000000000001	0	-0.0437688449765426	0	0	0	0.01393056634674977	0	-0.03202011460160927
0.9360000000000001	0	-0.04385775395394314	0	0	0	0.01394758887511415	0	-0.0320140347611936
0.9370000000000001	0	-0.04394674007434243	0	0	0	0.01396458492959869	0	-0.0320079517112534
0.9380000000000001	0	-0.04403580329787443	0	0	0	0.01398155442602982	0	-0.03200186570207735
0.9390000000000001	0	-0.04412494358470711	0	0	0	0.01399849728039433	0	-0.03199577712888214
0.9400000000000001	0	-0.04421416089504223	0	0	0	0.01401541340883913	0	-0.03198968543047701
0.9410000000000001	0	-0.04430345518911593	0	0	0	0.01403230272767272	0	-0.03198359108767602
0.9420000000000001	0	-0.04439282642719841	0	0	0	0.01404916515336448	0	-0.03197749365388776
0.9430000000000001	0	-0.04448227456959441	0	0	0	0.01406600060254592	0	-0.03197139348387438
0.9440000000000001	0	-0.04457179957664299	0	0	0	0.01408280899201035	0	-0.03196529031283004
0.9450000000000001	0	-0.04466140140871787	0	0	0	0.01409959023871369	0	-0.03195918425184163
0.9460000000000001	0	-0.04475108002622746	0	0	0	0.01411634425977462	0	-0.03195307530872763
0.9470000000000001	0	-0.04484083538961504	0	0	0	0.01413307097247518	0	-0.03194696381187798
0.9480000000000001	0	-0.04493066745935854	0	0	0	0.01414977029426029	0	-0.03194084893796115
0.9490000000000001	0	-0.04502057619597125	0	0	0	0.01416644214273952	0	-0.03193473140411783
0.9500000000000001	0	-0.04511056156000133	0	0	0	0.01418308643568615	0	-0.03192861084293186
0.9510000000000001	0	-0.04520062351203234	0	0	0	0.01419970309103832	0	-0.03192248751697443
0.9520000000000001	0	-0.04529076201268308	0	0	0	0.01421629202689895	0	-0.03191636147253359
0.9530000000000001	0	-0.0453809770226078	0	0	0	0.01423285316153608	0	-0.03191023240767318
0.9540000000000001	0	-0.04547126850249639	0	0	0	0.01424938641338367	0	-0.03190410065421087
0.9550000000000001	0	-0.04556163641307429	0	0	0	0.01426589170104147	0	-0.03189796623918888
0.9560000000000001	0	-0.04565208071510274	0	0	0	0.01428236894327539	0	-0.03189182888916819
0.9570000000000001	0	-0.04574260136937885	0	0	0	0.01429881805901819	0	-0.03188568883288066
0.9580000000000001	0	-0.04583319833673571	0	0	0	0.01431523896736944	0	-0.03187954588296339
0.9590000000000001	0	-0.04592387157804249	0	0	0	0.01433163158759627	0	-0.03187340037282824
0.96	0	-0.0460146210542044	0	0	0	0.0143479958391329	0	-0.0318672515705514
0.961	0	-0.04610544672616325	0	0	0	0.01436433164158242	0	-0.03186110036851821
0.962	0	-0.04619634855489691	0	0	0	0.01438063891471543	0	-0.03185494612800791
0.963	0	-0.04628732650141996	0	0	0	0.01439691757847174	0	-0.03184878931494962
0.964	0	-0.04637838052678338	0	0	0	0.01441316755295965	0	-0.03184262937397715
0.965	0	-0.04646951059207511	0	0	0	0.01442938875845746	0	-0.03183646706485693
0.966	0	-0.04656071665841958	0	0	0	0.01444558111541249	0	-0.03183030196726245
0.967	0	-0.04665199868697831	0	0	0	0.0144617445444423	0	-0.03182413413120555
0.968	0	-0.04674335663894975	0	0	0	0.01447787896633473	0	-0.031817963563025
0.969	0	-0.04683479047556944	0	0	0	0.01449398430204829	0	-0.03181179034856245
0.97	0	-0.0469263001581101	0	0	0	0.01451006047271224	0	-0.03180561417068235
0.971	0	-0.04701788564788184	0	0	0	0.01452610739962759	0	-0.03179943559477448
0.972	0	-0.04710954690623205	0	0	0	0.01454212500426643	0	-0.03179325425891545
0.973	0	-0.04720128389454566	0	0	0	0.01455811320827307	0	-0.0317870703035684
0.974	0	-0.04729309657424514	0	0	0	0.01457407193346379	0	-0.03178088339439718
0.975	0	-0.0473849849067907	0	0	0	0.01459000110182778	0	-0.03177469383569362
0.976	0	-0.04747694885368035	0	0	0	0.01460590063552693	0	-0.03176850164320708
0.977	0	-0.04756898837644991	0	0	0	0.01462177045689621	0	-0.03176230657587811
0.978	0	-0.04766110343667323	0	0	0	0.01463761048844433	0	-0.03175610892185022
0.979	0	-0.04775329399596225	0	0	0	0.01465342065285366	0	-0.03174990862214159
0.98	0	-0.04784556001596705	0	0	0	0.01466920087298083	0	-0.03174370585665799
0.981	0	-0.04793790145837593	0	0	0	0.0146849510718566	0	-0.03173750031485914
0.982	0	-0.04803031828491567	0	0	0	0.01470067117268684	0	-0.0317312922870734
0.983	0	-0.04812281045735135	0	0	0	0.01471636109885219	0	-0.03172508159506544
0.984	0	-0.0482153779374867	0	0	0	0.01473202077390879	0	-0.03171886834217162
0.985	0	-0.04830802068716394	0	0	0	0.01474765012158807	0	-0.03171265194781593
0.986	0	-0.04840073866826435	0	0	0	0.01476324906579826	0	-0.03170643335367943
0.987	0	-0.04849353184270769	0	0	0	0.014778817530623	0	-0.03170021198646616
0.988	0	-0.04858640017245284	0	0	0	0.01479435544032292	0	-0.03169398801005865
0.989	0	-0.04867934361949759	0	0	0	0.0148098627193354	0	-0.03168776140192948
0.99	0	-0.04877236214587893	0	0	0	0.01482533929227506	0	-0.03168153233350975
0.991	0	-0.04886545571367294	0	0	0	0.01484078508393382	0	-0.03167530067586886
0.992	0	-0.04895862428499505	0	0	0	0.01485620001928141	0	-0.03166906643515514
0.993	0	-0.049051867822	0	0	0	0.01487158402346555	0	-0.03166282947934652
0.994	0	-0.04914518628688213	0	0	0	0.01488693702181258	0	-0.03165659025252777
0.995	0	-0.04923857964187518	0	0	0	0.01490225893982701	0	-0.03165034836795873
0.996	0	-0.04933204784925261	0	0	0	0.01491754970319256	0	-0.0316441040217882
0.997	0	-0.04942559087132753	0	0	0	0.01493280923777194	0	-0.03163785696621078
0.998	0	-0.04951920867045299	0	0	0	0.01494803746960747	0	-0.0316316072404951
0.999	0	-0.04961290120902192	0	0	0	0.01496323432492135	0	-0.03162535509050421
1	0	-0.04970666844946719	0	0	0	0.01497839973011564	0	-0.03161910040385538
1.001	0	-0.04980051035426176	0	0	0	0.0149935336117727	0	-0.03161284303816567
1.002	0	-0.04989442688591874	0	0	0	0.01500863589665559	0	-0.03160658295822821
1.003	0	-0.04998841800699175	0	0	0	0.01502370651170871	0	-0.0316003210289026
1.004	0	-0.05008248368007429	0	0	0	0.01503874538405663	0	-0.03159405622453827
1.005	0	-0.05017662386780067	0	0	0	0.01505375244100615	0	-0.03158778900213314
1.006	0	-0.05027083853284553	0	0	0	0.01506872761004559	0	-0.03158151942058272
1.007	0	-0.05036512763792406	0	0	0	0.01508367081884497	0	-0.03157524703724632
1.008	0	-0.05045949114579239	0	0	0	0.0150985819952572	0	-0.0315689725473348
1.009	0	-0.05055392901924708	0	0	0	0.01511346106731699	0	-0.0315626953004768
1.01	0	-0.05064844122112575	0	0	0	0.01512830796324238	0	-0.03155641558427634
1.011	0	-0.05074302771430694	0	0	0	0.01514312261143434	0	-0.03155013349348752
1.012	0	-0.05083768846171011	0	0	0	0.01515790494047719	0	-0.03154384908344218
1.013	0	-0.05093242342629579	0	0	0	0.01517265487913847	0	-0.03153756172087407
1.014	0	-0.05102723257106584	0	0	0	0.0151873723563703	0	-0.03153127209311503
1.015	0	-0.05112211585906324	0	0	0	0.01520205730130825	0	-0.03152497966507624
1.016	0	-0.05121707325337244	0	0	0	0.01521670964327295	0	-0.03151868510785236
1.017	0	-0.05131210471711933	0	0	0	0.01523132931176943	0	-0.03151238861687411
1.018	0	-0.05140721021347098	0	0	0	0.01524591623648714	0	-0.0315060895349615
1.019	0	-0.05150238970563636	0	0	0	0.01526047034730116	0	-0.03149978802303773
1.02	0	-0.05159764315686594	0	0	0	0.01527499157427185	0	-0.03149348404721107
1.021	0	-0.05169297053045195	0	0	0	0.01528947984764523	0	-0.03148717749677327
1.022	0	-0.05178837178972849	0	0	0	0.01530393509785339	0	-0.03148086855750069
1.023	0	-0.05188384689807152	0	0	0	0.01531835725551444	0	-0.03147455708649269
1.024	0	-0.05197939581889897	0	0	0	0.01533274625143308	0	-0.03146824330952645
1.025	0	-0.05207501851567076	0	0	0	0.01534710201660047	0	-0.03146192705792226
1.026	0	-0.0521707149518891	0	0	0	0.01536142448219499	0	-0.03145560860959772
1.027	0	-0.05226648509109818	0	0	0	0.01537571357958178	0	-0.03144928766382585
1.028	0	-0.05236232889688464	0	0	0	0.01538996924031376	0	-0.03144296446898349
1.029	0	-0.05245824633287733	0	0	0	0.01540419139613127	0	-0.03143663890661136
1.03	0	-0.05255423736274766	0	0	0	0.01541837997896262	0	-0.0314303109823738
1.031	0	-0.0526503019502094	0	0	0	0.01543253492092425	0	-0.03142398073158521
1.032	0	-0.05274644005901902	0	0	0	0.01544665615432097	0	-0.03141764813271427
1.033	0	-0.05284265165297551	0	0	0	0.01546074361164611	0	-0.03141131310706691
1.034	0	-0.05293893669592074	0	0	0	0.01547479722558212	0	-0.03140497593065687
1.035	0	-0.05303529515173927	0	0	0	0.01548881692900029	0	-0.03139863660892128
1.036	0	-0.05313172698435834	0	0	0	0.01550280265496082	0	-0.0313922942985352
1.037	0	-0.05322823215774854	0	0	0	0.01551675433671443	0	-0.03138595002934185
1.038	0	-0.0533248106359232	0	0	0	0.01553067190770085	0	-0.03137960337228815
1.039	0	-0.05342146238293873	0	0	0	0.01554455530154998	0	-0.03137325427624115
1.04	0	-0.05351818736289484	0	0	0	0.01555840445208218	0	-0.03136690310904905
1.041	0	-0.05361498553993423	0	0	0	0.01557221929330781	0	-0.03136054937279506
1.042	0	-0.05371185687824314	0	0	0	0.01558599975942844	0	-0.03135419358733239
1.043	0	-0.05380880134205104	0	0	0	0.01559974578483616	0	-0.03134783559143689
1.044	0	-0.05390581889563081	0	0	0	0.01561345730411425	0	-0.0313414753192205
1.045	0	-0.05400290950329879	0	0	0	0.01562713425203718	0	-0.03133511249263697
1.046	0	-0.0541000731294151	0	0	0	0.01564077656357146	0	-0.03132874765123703
1.047	0	-0.05419730973838324	0	0	0	0.01565438417387496	0	-0.03132238064276816
1.048	0	-0.05429461929465056	0	0	0	0.01566795701829746	0	-0.03131601113167766
1.049	0	-0.05439200176270808	0	0	0	0.0156814950323812	0	-0.03130963925907283
1.05	0	-0.05448945710709079	0	0	0	0.01569499815186083	0	-0.0313032651927944
1.051	0	-0.05458698529237747	0	0	0	0.01570846631266358	0	-0.03129688896761589
1.052	0	-0.05468458628319089	0	0	0	0.01572189945090935	0	-0.03129051037769032
1.053	0	-0.05478226004419788	0	0	0	0.01573529750291137	0	-0.03128412967643329
1.054	0	-0.05488000654010935	0	0	0	0.0157486604051759	0	-0.0312777467451658
1.055	0	-0.05497782573568031	0	0	0	0.01576198809440272	0	-0.03127136158880783
1.056	0	-0.05507571759571001	0	0	0	0.01577528050748506	0	-0.03126497380872328
1.057	0	-0.05517368208504222	0	0	0	0.01578853758151079	0	-0.03125858444032459
1.058	0	-0.05527171916856475	0	0	0	0.01580175925376094	0	-0.03125219287189838
1.059	0	-0.05536982881120989	0	0	0	0.01581494546171106	0	-0.03124579893202957
1.06	0	-0.0554680109779545	0	0	0	0.01582809614303131	0	-0.03123940279122232
1.061	0	-0.05556626563381994	0	0	0	0.01584121123558653	0	-0.03123300461002172
1.062	0	-0.05566459274387208	0	0	0	0.01585429067743599	0	-0.03122660373595262
1.063	0	-0.05576299227322166	0	0	0	0.01586733440683476	0	-0.03122020097284806
1.064	0	-0.05586146418702392	0	0	0	0.01588034236223256	0	-0.03121379596591309
1.065	0	-0.05596000845047897	0	0	0	0.01589331448227465	0	-0.03120738865295201
1.066	0	-0.05605862502883187	0	0	0	0.01590625070580225	0	-0.03120097949087631
1.067	0	-0.05615731388737223	0	0	0	0.0159191509718516	0	-0.03119456758236523
1.068	0	-0.05625607499143513	0	0	0	0.01593201521965595	0	-0.03118815385527993
1.069	0	-0.05635490830640036	0	0	0	0.01594484338864431	0	-0.0311817383857953
1.07	0	-0.05645381379769272	0	0	0	0.01595763541844165	0	-0.03117532064564843
1.071	0	-0.05655279143078223	0	0	0	0.01597039124886987	0	-0.03116890071719546
1.072	0	-0.05665184117118409	0	0	0	0.01598311081994742	0	-0.03116247838991763
1.073	0	-0.05675096298445886	0	0	0	0.01599579407189012	0	-0.0311560542639669
1.074	0	-0.05685015683621224	0	0	0	0.01600844094511019	0	-0.03114962775209891
1.075	0	-0.05694942269209536	0	0	0	0.01602105138021762	0	-0.03114319911889518
1.076	0	-0.05704876051780478	0	0	0	0.01603362531801966	0	-0.03113676836881095
1.077	0	-0.05714817027908248	0	0	0	0.0160461626995212	0	-0.03113033548321797
1.078	0	-0.05724765194171604	0	0	0	0.01605866346592493	0	-0.03112390053194527
1.079	0	-0.05734720547153849	0	0	0	0.01607112755863139	0	-0.03111746336994416
1.08	0	-0.05744683083442865	0	0	0	0.01608355491923943	0	-0.03111102420388337
1.081	0	-0.05754652799631083	0	0	0	0.01609594548954601	0	-0.0311045828867997
1.082	0	-0.05764629692315529	0	0	0	0.0161082992115466	0	-0.0310981393629591
1.083	0	-0.05774613758097797	0	0	0	0.01612061602743551	0	-0.03109169398128194
1.084	0	-0.05784604993584066	0	0	0	0.01613289587960558	0	-0.03108524663603137
1.085	0	-0.05794603395385099	0	0	0	0.01614513871064859	0	-0.03107879718367149
1.086	0	-0.05804608960116263	0	0	0	0.01615734446335558	0	-0.03107234570656555
1.087	0	-0.05814621684397508	0	0	0	0.01616951308071659	0	-0.03106589187826654
1.088	0	-0.05824641564853417	0	0	0	0.01618164450592159	0	-0.03105943625460771
1.089	0	-0.05834668598113145	0	0	0	0.01619373868235941	0	-0.03105297802628719
1.09	0	-0.05844702780810503	0	0	0	0.01620579555361952	0	-0.03104651807856873
1.091	0	-0.05854744109583886	0	0	0	0.01621781506349057	0	-0.03104005594283885
1.092	0	-0.05864792581076343	0	0	0	0.0162297971559617	0	-0.03103359199481145
1.093	0	-0.05874848191935522	0	0	0	0.01624174177522184	0	-0.0310271258774637
1.094	0	-0.05884910938813728	0	0	0	0.01625364886566061	0	-0.03102065781635402
1.095	0	-0.0589498081836789	0	0	0	0.01626551837186794	0	-0.03101418772123521
1.096	0	-0.05905057827259595	0	0	0	0.01627735023863443	0	-0.03100771559674851
1.097	0	-0.05915141962155055	0	0	0	0.01628914441095145	0	-0.03100124132533882
1.098	0	-0.05925233219725165	0	0	0	0.01630090083401154	0	-0.03099476530089088
1.099	0	-0.05935331596645449	0	0	0	0.01631261945320792	0	-0.03098828721805207
1.1	0	-0.05945437089596107	0	0	0	0.01632430021413524	0	-0.03098180713434447
1.101	0	-0.05955549695261997	0	0	0	0.01633594306258942	0	-0.03097532491824691
1.102	0	-0.0596566941033266	0	0	0	0.016347547944568	0	-0.03096884074671355
1.103	0	-0.05975796231502292	0	0	0	0.01635911480626998	0	-0.03096235444811332
1.104	0	-0.05985930155469794	0	0	0	0.0163706435940963	0	-0.03095586619696235
1.105	0	-0.05996071178938726	0	0	0	0.01638213425464964	0	-0.03094937590241282
1.106	0	-0.06006219298617353	0	0	0	0.01639358673473488	0	-0.03094288374097287
1.107	0	-0.06016374511218624	0	0	0	0.01640500098135885	0	-0.03093638957657296
1.108	0	-0.06026536813460182	0	0	0	0.01641637694173075	0	-0.0309298933627587
1.109	0	-0.06036706202064378	0	0	0	0.0164277145632623	0	-0.03092339526389455
1.11	0	-0.06046882673758262	0	0	0	0.0164390137935676	0	-0.03091689520409149
1.111	0	-0.06057066225273593	0	0	0	0.01645027458046361	0	-0.03091039336932667
1.112	0	-0.06067256853346841	0	0	0	0.01646149687196973	0	-0.03090388942169792
1.113	0	-0.06077454554719191	0	0	0	0.01647268061630856	0	-0.03089738347694224
1.114	0	-0.06087659326136561	0	0	0	0.0164838257619058	0	-0.03089087575961048
1.115	0	-0.06097871164349573	0	0	0	0.01649493225739001	0	-0.03088436602753667
1.116	0	-0.06108090066113588	0	0	0	0.01650600005159306	0	-0.0308778541188651
1.117	0	-0.06118316028188701	0	0	0	0.01651702909355047	0	-0.03087134028714859
1.118	0	-0.06128549047339742	0	0	0	0.01652801933250114	0	-0.03086482463440746
1.119	0	-0.06138789120336274	0	0	0	0.01653897071788749	0	-0.03085830705633292
1.12	0	-0.0614903624395261	0	0	0	0.01654988319935571	0	-0.03085178755641206
1.121	0	-0.06159290414967805	0	0	0	0.01656075672675587	0	-0.03084526620988417
1.122	0	-0.06169551630165653	0	0	0	0.01657159125014153	0	-0.03083874228347993
1.123	0	-0.06179819886334741	0	0	0	0.01658238671977157	0	-0.03083221731765467
1.124	0	-0.0619009518026837	0	0	0	0.01659314308610761	0	-0.03082569031249344
1.125	0	-0.06200377508764612	0	0	0	0.01660386029981607	0	-0.03081916124379311
1.126	0	-0.06210666868626321	0	0	0	0.01661453831176785	0	-0.03081263027961012
1.127	0	-0.06220963256661107	0	0	0	0.01662517707303855	0	-0.03080609799385112
1.128	0	-0.0623126666968133	0	0	0	0.01663577653490731	0	-0.03079956318225126
1.129	0	-0.06241577104504155	0	0	0	0.01664633664885904	0	-0.03079302654546186
1.13	0	-0.06251894557951518	0	0	0	0.01665685736658298	0	-0.03078648801663371
1.131	0	-0.06262219026850113	0	0	0	0.01666733863997304	0	-0.03077994727215823
1.132	0	-0.06272550508031462	0	0	0	0.01667778042112877	0	-0.03077340508019053
1.133	0	-0.06282888998331825	0	0	0	0.01668818266235393	0	-0.03076686083343899
1.134	0	-0.06293234494592279	0	0	0	0.0166985453161578	0	-0.03076031454715587
1.135	0	-0.06303586993658686	0	0	0	0.01670886833525508	0	-0.03075376656444409
1.136	0	-0.06313946492381718	0	0	0	0.01671915167256564	0	-0.0307472169809044
1.137	0	-0.06324312987616826	0	0	0	0.01672939528121457	0	-0.0307406655813655
1.138	0	-0.06334686476224265	0	0	0	0.01673959911453243	0	-0.03073411209331338
1.139	0	-0.06345066955069106	0	0	0	0.01674976312605586	0	-0.03072755711011072
1.14	0	-0.06355454421021212	0	0	0	0.0167598872695264	0	-0.03072099994151917
1.141	0	-0.06365848870955269	0	0	0	0.01676997149889212	0	-0.03071444121742362
1.142	0	-0.06376250301750763	0	0	0	0.01678001576830604	0	-0.03070788011421997
1.143	0	-0.06386658710292022	0	0	0	0.01679002003212816	0	-0.03070131761672649
1.144	0	-0.06397074093468161	0	0	0	0.0167999842449234	0	-0.03069475290203319
1.145	0	-0.06407496448173125	0	0	0	0.0168099083614633	0	-0.03068818614462586
1.146	0	-0.06417925771305706	0	0	0	0.01681979233672583	0	-0.0306816180023275
1.147	0	-0.06428362059769488	0	0	0	0.01682963612589447	0	-0.03067504796250211
1.148	0	-0.06438805310472903	0	0	0	0.01683943968435936	0	-0.03066847617899328
1.149	0	-0.06449255520329203	0	0	0	0.01684920296771693	0	-0.03066190269041643
1.15	0	-0.0645971268625648	0	0	0	0.0168589259317699	0	-0.03065532732099199
1.151	0	-0.06470176805177655	0	0	0	0.0168686085325276	0	-0.03064875013948188
1.152	0	-0.06480647874020498	0	0	0	0.01687825072620587	0	-0.03064217115028747
1.153	0	-0.06491125889717607	0	0	0	0.01688785246922723	0	-0.03063559042426457
1.154	0	-0.06501610849206432	0	0	0	0.0168974137182208	0	-0.03062900796738538
1.155	0	-0.06512102749429267	0	0	0	0.01690693443002246	0	-0.03062242381172223
1.156	0	-0.06522601587333231	0	0	0	0.01691641456167456	0	-0.03061583738561835
1.157	0	-0.06533107359870342	0	0	0	0.01692585407042728	0	-0.03060924979255171
1.158	0	-0.06543620063997392	0	0	0	0.0169352529137362	0	-0.03060265960516085
1.159	0	-0.06554139696676108	0	0	0	0.01694461104926549	0	-0.03059606808068927
1.16	0	-0.06564666254873015	0	0	0	0.01695392843488526	0	-0.03058947467454491
1.161	0	-0.06575199735559523	0	0	0	0.01696320502867315	0	-0.03058287960546717
1.162	0	-0.06585740135711882	0	0	0	0.01697244078891358	0	-0.03057628245578536
1.163	0	-0.06596287452311229	0	0	0	0.01698163567409878	0	-0.030569683944269
1.164	0	-0.06606841682343531	0	0	0	0.01699078964292756	0	-0.03056308364379829
1.165	0	-0.06617402822799641	0	0	0	0.01699990265430623	0	-0.03055648148850139
1.166	0	-0.06627970870675265	0	0	0	0.01700897466734855	0	-0.03054987762319517
1.167	0	-0.06638545822970991	0	0	0	0.01701800564137553	0	-0.03054327204781811
1.168	0	-0.06649127676692262	0	0	0	0.01702699553591564	0	-0.0305366647540366
1.169	0	-0.06659716428849394	0	0	0	0.01703594431070465	0	-0.03053005554361845
1.17	0	-0.06670312076457588	0	0	0	0.01704485192568624	0	-0.03052344486091497
1.171	0	-0.066809146165369	0	0	0	0.01705371834101103	0	-0.03051683221535677
1.172	0	-0.06691524046112272	0	0	0	0.01706254351703765	0	-0.0305102177524332
1.173	0	-0.06702140362213528	0	0	0	0.01707132741433234	0	-0.03050360170812968
1.174	0	-0.06712763561875361	0	0	0	0.01708006999366875	0	-0.03049698387823783
1.175	0	-0.0672339364213734	0	0	0	0.0170887712160283	0	-0.03049036422242606
1.176	0	-0.06734030600043928	0	0	0	0.01709743104260028	0	-0.03048374294674941
1.177	0	-0.06744674432644458	0	0	0	0.01710604943478152	0	-0.03047711995200909
1.178	0	-0.06755325136993155	0	0	0	0.0171146263541767	0	-0.03047049524103093
1.179	0	-0.06765982710149124	0	0	0	0.01712316176259821	0	-0.03046386865497608
1.18	0	-0.0677664714917636	0	0	0	0.01713165562206657	0	-0.03045724059165029
1.181	0	-0.06787318451143737	0	0	0	0.01714010789480973	0	-0.03045061071295411
1.182	0	-0.06797996613125021	0	0	0	0.01714851854326383	0	-0.03044397918783024
1.183	0	-0.06808681632198875	0	0	0	0.01715688753007281	0	-0.03043734601908125
1.184	0	-0.06819373505448829	0	0	0	0.01716521481808844	0	-0.03043071108771018
1.185	0	-0.06830072229963331	0	0	0	0.01717350037037058	0	-0.03042407452256054
1.186	0	-0.068407778028357	0	0	0	0.01718174415018691	0	-0.03041743619713814
1.187	0	-0.06851490221164162	0	0	0	0.01718994612101335	0	-0.0304107964188995
1.188	0	-0.0686220948205182	0	0	0	0.01719810624653317	0	-0.03040415446505577
1.189	0	-0.068729355826067	0	0	0	0.01720622449063858	0	-0.03039751115886312
1.19	0	-0.06883668519941682	0	0	0	0.01721430081742896	0	-0.03039086586372562
1.191	0	-0.06894408291174579	0	0	0	0.01722233519121228	0	-0.03038421894891854
1.192	0	-0.06905154893428082	0	0	0	0.01723032757650442	0	-0.0303775704833272
1.193	0	-0.06915908323829785	0	0	0	0.01723827793802919	0	-0.03037092039498383
1.194	0	-0.06926668579512169	0	0	0	0.01724618624071846	0	-0.03036426859390751
1.195	0	-0.0693743565761263	0	0	0	0.01725405244971233	0	-0.03035761530913192
1.196	0	-0.06948209555273445	0	0	0	0.01726187653035883	0	-0.03035096046134709
1.197	0	-0.06958990269641796	0	0	0	0.0172696584482137	0	-0.03034430345876739
1.198	0	-0.06969777797869776	0	0	0	0.01727739816904167	0	-0.03033764518333306
1.199	0	-0.06980572137114371	0	0	0	0.01728509565881486	0	-0.03033098534559685
1.2	0	-0.0699137328453744	0	0	0	0.01729275088371322	0	-0.03032432334029643
1.201	0	-0.07002181237305796	0	0	0	0.01730036381012571	0	-0.03031766002413935
1.202	0	-0.07012995992591106	0	0	0	0.01730793440464853	0	-0.03031099494706968
1.203	0	-0.07023817547569963	0	0	0	0.01731546263408627	0	-0.03030432822878933
1.204	0	-0.07034645899423848	0	0	0	0.01732294846545157	0	-0.03029765987114002
1.205	0	-0.07045481045339157	0	0	0	0.01733039186596508	0	-0.03029098991614024
1.206	0	-0.07056322982507171	0	0	0	0.01733779280305538	0	-0.03028431815525045
1.207	0	-0.07067171708124076	0	0	0	0.01734515124435917	0	-0.03027764457159048
1.208	0	-0.0707802721939098	0	0	0	0.01735246715772154	0	-0.03027096971821249
1.209	0	-0.0708888951351387	0	0	0	0.01735974051119506	0	-0.03026429333798512
1.21	0	-0.07099758587703633	0	0	0	0.01736697127304031	0	-0.03025761515976601
1.211	0	-0.07110634439176081	0	0	0	0.01737415941172625	0	-0.03025093558420571
1.212	0	-0.07121517065151889	0	0	0	0.01738130489592939	0	-0.03024425434267184
1.213	0	-0.07132406462856666	0	0	0	0.01738840769453434	0	-0.03023757143158047
1.214	0	-0.07143302629520908	0	0	0	0.01739546777663367	0	-0.03023088691300127
1.215	0	-0.07154205562380014	0	0	0	0.0174024851115277	0	-0.03022420058759856
1.216	0	-0.0716511525867428	0	0	0	0.01740945966872484	0	-0.03021751264735928
1.217	0	-0.07176031715648916	0	0	0	0.01741639141794131	0	-0.03021082314533568
1.218	0	-0.07186954930554006	0	0	0	0.01742328032910106	0	-0.03020413203959038
1.219	0	-0.07197884900644562	0	0	0	0.01743012637233587	0	-0.03019743925858194
1.22	0	-0.07208821623180463	0	0	0	0.01743692951798534	0	-0.03019074486879106
1.221	0	-0.07219765095426514	0	0	0	0.01744368973659673	0	-0.03018404878108477
1.222	0	-0.0723071531465241	0	0	0	0.01745040699892536	0	-0.03017735144502312
1.223	0	-0.07241672278132731	0	0	0	0.01745708127593366	0	-0.03017065238651207
1.224	0	-0.07252635983146959	0	0	0	0.01746371253879199	0	-0.03016395153150431
1.225	0	-0.07263606426979485	0	0	0	0.01747030075887861	0	-0.03015724941148505
1.226	0	-0.07274583606919578	0	0	0	0.0174768459077789	0	-0.03015054563893185
1.227	0	-0.07285567520261416	0	0	0	0.01748334795728617	0	-0.03014384055896568
1.228	0	-0.07296558164304039	0	0	0	0.01748980687940056	0	-0.03013713334008155
1.229	0	-0.07307555536351425	0	0	0	0.01749622264633062	0	-0.03013042474243146
1.23	0	-0.0731855963371241	0	0	0	0.01750259523049161	0	-0.03012371434291637
1.231	0	-0.07329570453700741	0	0	0	0.01750892460450669	0	-0.03011700252866303
1.232	0	-0.07340587993635046	0	0	0	0.01751521074120596	0	-0.03011028911190133
1.233	0	-0.07351612250838836	0	0	0	0.01752145361362693	0	-0.03010357394577015
1.234	0	-0.07362643222640537	0	0	0	0.01752765319501477	0	-0.03009685768748691
1.235	0	-0.07373680906373414	0	0	0	0.01753380945882096	0	-0.03009013947502446
1.236	0	-0.07384725299375666	0	0	0	0.017539922378705	0	-0.03008341985192564
1.237	0	-0.0739577639899036	0	0	0	0.01754599192853309	0	-0.03007669868785338
1.238	0	-0.07406834202565428	0	0	0	0.0175520180823785	0	-0.03006997594519874
1.239	0	-0.07417898707453714	0	0	0	0.01755800081452154	0	-0.0300632515918594
1.24	0	-0.0742896991101292	0	0	0	0.01756394009944953	0	-0.03005652567829315
1.241	0	-0.0744004781060565	0	0	0	0.01756983591185662	0	-0.03004979820621399
1.242	0	-0.0745113240359937	0	0	0	0.01757568822664391	0	-0.03004306930724641
1.243	0	-0.0746222368736643	0	0	0	0.01758149701891909	0	-0.03003633883588752
1.244	0	-0.07473321659284049	0	0	0	0.01758726226399659	0	-0.0300296066481339
1.245	0	-0.07484426316734334	0	0	0	0.01759298393739768	0	-0.03002287294296989
1.246	0	-0.07495537657104255	0	0	0	0.01759866201485005	0	-0.03001613757014306
1.247	0	-0.07506655677785658	0	0	0	0.01760429647228804	0	-0.03000940058926642
1.248	0	-0.07517780376175262	0	0	0	0.01760988728585264	0	-0.03000266231046472
1.249	0	-0.07528911749674647	0	0	0	0.01761543443189085	0	-0.02999592246367886
1.25	0	-0.07540049795690262	0	0	0	0.01762093788695617	0	-0.02998918095984254
1.251	0	-0.07551194511633431	0	0	0	0.0176263976278085	0	-0.02998243796540602
1.252	0	-0.0756234589492033	0	0	0	0.01763181363141394	0	-0.02997569358295664
1.253	0	-0.07573503942972007	0	0	0	0.01763718587494447	0	-0.02996894757881298
1.254	0	-0.07584668653214356	0	0	0	0.01764251433577835	0	-0.02996219998104743
1.255	0	-0.07595840023078147	0	0	0	0.01764779899149996	0	-0.0299554510797298
1.256	0	-0.07607018049998994	0	0	0	0.0176530398198992	0	-0.02994870049648929
1.257	0	-0.07618202731417369	0	0	0	0.01765823679897204	0	-0.02994194825129305
1.258	0	-0.07629394064778609	0	0	0	0.01766338990692052	0	-0.02993519478652024
1.259	0	-0.07640592047532882	0	0	0	0.01766849912215167	0	-0.02992843947346479
1.26	0	-0.07651796677135218	0	0	0	0.01767356442327875	0	-0.029921682643002
1.261	0	-0.07663007951045495	0	0	0	0.01767858578912036	0	-0.02991492435082627
1.262	0	-0.07674225866728428	0	0	0	0.0176835631987005	0	-0.02990816453960178
1.263	0	-0.07685450421653586	0	0	0	0.01768849663124867	0	-0.02990140338726757
1.264	0	-0.07696681613295353	0	0	0	0.017693386066199	0	-0.0298946400233971
1.265	0	-0.07707919439133004	0	0	0	0.01769823148319211	0	-0.02988787560561998
1.266	0	-0.07719163896650599	0	0	0	0.01770303286207267	0	-0.02988110964450464
1.267	0	-0.07730414983337068	0	0	0	0.01770779018289088	0	-0.02987434240330098
1.268	0	-0.0774167269668614	0	0	0	0.01771250342590157	0	-0.02986757368521343
1.269	0	-0.07752937034196405	0	0	0	0.01771717257156447	0	-0.02986080337054179
1.27	0	-0.0776420799337125	0	0	0	0.0177217976005441	0	-0.02985403137353478
1.271	0	-0.07775485571718924	0	0	0	0.01772637849370997	0	-0.02984725814699069
1.272	0	-0.07786769766752466	0	0	0	0.01773091523213561	0	-0.02984048325664655
1.273	0	-0.07798060575989761	0	0	0	0.0177354077970995	0	-0.02983370703958937
1.274	0	-0.07809357996953485	0	0	0	0.01773985617008399	0	-0.02982692895751922
1.275	0	-0.07820662027171156	0	0	0	0.01774426033277632	0	-0.02982014948428498
1.276	0	-0.07831972664175092	0	0	0	0.01774862026706758	0	-0.02981336851420192
1.277	0	-0.07843289905502428	0	0	0	0.01775293595505297	0	-0.02980658604793902
1.278	0	-0.07854613748695091	0	0	0	0.01775720737903169	0	-0.02979980201117281
1.279	0	-0.07865944191299838	0	0	0	0.01776143452150687	0	-0.02979301647226678
1.28	0	-0.07877281230868202	0	0	0	0.01776561736518534	0	-0.02978622934289292
1.281	0	-0.0788862486495655	0	0	0	0.01776975589297795	0	-0.02977944107057457
1.282	0	-0.0789997509112601	0	0	0	0.01777385008799846	0	-0.02977265100978973
1.283	0	-0.07911331906942523	0	0	0	0.01777789993356478	0	-0.02976585963172513
1.284	0	-0.07922695309976825	0	0	0	0.01778190541319773	0	-0.02975906668542168
1.285	0	-0.07934065297804439	0	0	0	0.01778586651062184	0	-0.02975227266625916
1.286	0	-0.07945441868005654	0	0	0	0.017789783209764	0	-0.02974547675744264
1.287	0	-0.07956825018165566	0	0	0	0.01779365549475494	0	-0.02973867946877307
1.288	0	-0.07968214745874044	0	0	0	0.01779748334992788	0	-0.02973188061909257
1.289	0	-0.07979611048725731	0	0	0	0.01780126675981901	0	-0.0297250802822609
1.29	0	-0.07991013924320052	0	0	0	0.01780500570916714	0	-0.02971827841664328
1.291	0	-0.08002423370261194	0	0	0	0.01780870018291373	0	-0.02971147507330928
1.292	0	-0.08013839384158127	0	0	0	0.01781235016620283	0	-0.02970467051099732
1.293	0	-0.08025261963624546	0	0	0	0.01781595564438006	0	-0.02969786375916939
1.294	0	-0.0803669110627897	0	0	0	0.01781951660299455	0	-0.02969105587062202
1.295	0	-0.0804812680974463	0	0	0	0.01782303302779659	0	-0.02968424641861878
1.296	0	-0.08059569071649533	0	0	0	0.01782650490473899	0	-0.02967743578681957
1.297	0	-0.08071017889626426	0	0	0	0.01782993221997603	0	-0.02967062376951955
1.298	0	-0.08082473261312811	0	0	0	0.01783331495986364	0	-0.02966380997837895
1.299	0	-0.0809393518435095	0	0	0	0.01783665311096011	0	-0.02965699521270582
1.3	0	-0.08105403656387813	0	0	0	0.01783994666002417	0	-0.02965017861493313
1.301	0	-0.08116878675075138	0	0	0	0.01784319559401675	0	-0.02964336063916589
1.302	0	-0.08128360238069393	0	0	0	0.01784639990009978	0	-0.02963654132097829
1.303	0	-0.08139848343031766	0	0	0	0.01784955956563591	0	-0.02962972015374664
1.304	0	-0.08151342987628188	0	0	0	0.01785267457818936	0	-0.02962289748817302
1.305	0	-0.08162844169529312	0	0	0	0.01785574492552504	0	-0.02961607346769383
1.306	0	-0.08174351886410516	0	0	0	0.01785877059560838	0	-0.02960924791470777
1.307	0	-0.08185866135951884	0	0	0	0.01786175157660544	0	-0.02960242068183355
1.308	0	-0.08197386915838241	0	0	0	0.01786468785688322	0	-0.02959559241278887
1.309	0	-0.08208914223759091	0	0	0	0.01786757942500839	0	-0.0295887627226043
1.31	0	-0.08220448057408659	0	0	0	0.0178704262697479	0	-0.02958193140144465
1.311	0	-0.08231988414485877	0	0	0	0.01787322838006897	0	-0.02957509858773674
1.312	0	-0.08243535292694384	0	0	0	0.0178759857451389	0	-0.02956826464461954
1.313	0	-0.08255088689742487	0	0	0	0.01787869835432409	0	-0.02956142896916094
1.314	0	-0.08266648603343224	0	0	0	0.01788136619719115	0	-0.02955459179097494
1.315	0	-0.08278215031214288	0	0	0	0.01788398926350604	0	-0.02954775315561761
1.316	0	-0.08289787971078086	0	0	0	0.01788656754323403	0	-0.02954091306309002
1.317	0	-0.08301367420661684	0	0	0	0.0178891010265396	0	-0.02953407151349751
1.318	0	-0.08312953377696843	0	0	0	0.01789158970378641	0	-0.02952722867529313
1.319	0	-0.08324545839919971	0	0	0	0.01789403356553662	0	-0.02952038410734968
1.32	0	-0.08336144805072176	0	0	0	0.01789643260255168	0	-0.02951353818212762
1.321	0	-0.08347750270899219	0	0	0	0.01789878680579135	0	-0.02950669076174808
1.322	0	-0.0835936223515152	0	0	0	0.01790109616641396	0	-0.02949984189019719
1.323	0	-0.08370980695584156	0	0	0	0.01790336067577614	0	-0.0294929915678586
1.324	0	-0.08382605649956865	0	0	0	0.01790558032543271	0	-0.02948613979429335
1.325	0	-0.08394237096034028	0	0	0	0.0179077551071365	0	-0.02947928660384757
1.326	0	-0.08405875031584668	0	0	0	0.01790988501283805	0	-0.02947243173300871
1.327	0	-0.08417519454382462	0	0	0	0.01791197003468604	0	-0.02946557562197888
1.328	0	-0.08429170362205722	0	0	0	0.01791401016502646	0	-0.0294587182845029
1.329	0	-0.08440827752837372	0	0	0	0.01791600539640251	0	-0.02945185947115578
1.33	0	-0.08452491624064991	0	0	0	0.01791795572155483	0	-0.02944499917059411
1.331	0	-0.08464161973680757	0	0	0	0.01791986113342108	0	-0.02943813729234899
1.332	0	-0.08475838799481496	0	0	0	0.0179217216251359	0	-0.02943127382840493
1.333	0	-0.08487522099268631	0	0	0	0.01792353719003089	0	-0.02942440900559424
1.334	0	-0.08499211870848197	0	0	0	0.01792530782163392	0	-0.02941754257829591
1.335	0	-0.08510908112030847	0	0	0	0.01792703351366964	0	-0.02941067474458042
1.336	0	-0.08522610820631829	0	0	0	0.01792871426005878	0	-0.02940380541192782
1.337	0	-0.08534319994470996	0	0	0	0.01793035005491847	0	-0.02939693487716504
1.338	0	-0.08546035631372786	0	0	0	0.01793194089256137	0	-0.02939006275689821
1.339	0	-0.08557757729166224	0	0	0	0.01793348676749632	0	-0.02938318928696435
1.34	0	-0.08569486285684935	0	0	0	0.01793498767442761	0	-0.02937631436246921
1.341	0	-0.08581221298767103	0	0	0	0.01793644360825503	0	-0.02936943798469083
1.342	0	-0.08592962766255501	0	0	0	0.01793785456407352	0	-0.0293625598479838
1.343	0	-0.0860471068599749	0	0	0	0.0179392205371739	0	-0.02935568086399978
1.344	0	-0.08616465055844964	0	0	0	0.01794054152304092	0	-0.02934880025260931
1.345	0	-0.08628225873654397	0	0	0	0.01794181751735465	0	-0.02934191814903695
1.346	0	-0.08639993137286817	0	0	0	0.01794304851598975	0	-0.02933503457121391
1.347	0	-0.08651766844607807	0	0	0	0.01794423451501542	0	-0.02932814967302817
1.348	0	-0.08663546993487491	0	0	0	0.01794537551069464	0	-0.02932126285330773
1.349	0	-0.0867533358180055	0	0	0	0.01794647149948542	0	-0.0293143748819459
1.35	0	-0.08687126607426192	0	0	0	0.01794752247803893	0	-0.02930748541921659
1.351	0	-0.08698926068248156	0	0	0	0.0179485284432003	0	-0.02930059438649287
1.352	0	-0.0871073196215473	0	0	0	0.01794948939200859	0	-0.02929370221608346
1.353	0	-0.08722544287038692	0	0	0	0.01795040532169552	0	-0.02928680822502468
1.354	0	-0.08734363040797381	0	0	0	0.01795127622968688	0	-0.02927991305669387
1.355	0	-0.08746188221332611	0	0	0	0.01795210211360095	0	-0.02927301643537355
1.356	0	-0.08758019826550735	0	0	0	0.01795288297124896	0	-0.02926611825528229
1.357	0	-0.08769857854362577	0	0	0	0.0179536188006348	0	-0.02925921832741232
1.358	0	-0.08781702302683518	0	0	0	0.01795430959995563	0	-0.02925231765060934
1.359	0	-0.08793553169433371	0	0	0	0.01795495536759968	0	-0.02924541531976506
1.36	0	-0.08805410452536476	0	0	0	0.01795555610214824	0	-0.02923851179943844
1.361	0	-0.08817274149921625	0	0	0	0.0179561118023738	0	-0.02923160640440614
1.362	0	-0.0882914425952214	0	0	0	0.01795662246724157	0	-0.02922469991341025
1.363	0	-0.08841020779275754	0	0	0	0.01795708809590723	0	-0.02921779133811965
1.364	0	-0.08852903707124737	0	0	0	0.01795750868771917	0	-0.0292108817711808
1.365	0	-0.08864793041015773	0	0	0	0.01795788424221595	0	-0.0292039706149697
1.366	0	-0.08876688778900024	0	0	0	0.0179582147591276	0	-0.02919705801063506
1.367	0	-0.08888590918733101	0	0	0	0.01795850023837491	0	-0.02919014395535469
1.368	0	-0.08900499458475075	0	0	0	0.01795874068006939	0	-0.02918322854343956
1.369	0	-0.08912414396090441	0	0	0	0.01795893608451289	0	-0.02917631168116798
1.37	0	-0.08924335729548147	0	0	0	0.0179590864521976	0	-0.02916939336964396
1.371	0	-0.08936263456821571	0	0	0	0.01795919178380567	0	-0.02916247347380035
1.372	0	-0.08948197575888513	0	0	0	0.01795925208020923	0	-0.02915555193974297
1.373	0	-0.08960138084731216	0	0	0	0.01795926734247056	0	-0.02914862945571615
1.374	0	-0.08972084981336315	0	0	0	0.01795923757184072	0	-0.02914170556509493
1.375	0	-0.08984038263694859	0	0	0	0.01795916276976016	0	-0.02913478000167356
1.376	0	-0.08995997929802317	0	0	0	0.0179590429378589	0	-0.02912785309930681
1.377	0	-0.09007963977658556	0	0	0	0.01795887807795556	0	-0.02912092480842896
1.378	0	-0.09019936405267827	0	0	0	0.01795866819205745	0	-0.02911399500268321
1.379	0	-0.09031915210638784	0	0	0	0.01795841328236058	0	-0.02910706378026032
1.38	0	-0.09043900391784453	0	0	0	0.0179581133512489	0	-0.02910013071862923
1.381	0	-0.09055891946722264	0	0	0	0.01795776840129519	0	-0.02909319644284259
1.382	0	-0.09067889873473996	0	0	0	0.01795737843525966	0	-0.02908626081426361
1.383	0	-0.09079894170065796	0	0	0	0.01795694345609003	0	-0.02907932335940295
1.384	0	-0.09091904834528207	0	0	0	0.01795646346692233	0	-0.02907238483842749
1.385	0	-0.09103921864896081	0	0	0	0.01795593847107899	0	-0.02906544455006067
1.386	0	-0.09115945259208673	0	0	0	0.0179553684720706	0	-0.02905850340551869
1.387	0	-0.09127975015509525	0	0	0	0.01795475347359333	0	-0.02905156027774643
1.388	0	-0.0914001113184658	0	0	0	0.01795409347953142	0	-0.02904461610654043
1.389	0	-0.09152053606272074	0	0	0	0.01795338849395479	0	-0.02903767052159602
1.39	0	-0.09164102436842585	0	0	0	0.01795263852111967	0	-0.02903072321182395
1.391	0	-0.09176157621619019	0	0	0	0.0179518435654689	0	-0.02902377461892634
1.392	0	-0.091882191586666	0	0	0	0.01795100363163072	0	-0.02901682442328047
1.393	0	-0.0920028704605485	0	0	0	0.01795011872441938	0	-0.02900987278225675
1.394	0	-0.09212361281857624	0	0	0	0.01794918884883447	0	-0.02900291969446361
1.395	0	-0.09224441864153061	0	0	0	0.01794821401006107	0	-0.02899596538649906
1.396	0	-0.0923652879102359	0	0	0	0.01794719421346884	0	-0.02898900944256173
1.397	0	-0.09248622060555942	0	0	0	0.01794612946461283	0	-0.02898205220369294
1.398	0	-0.09260721670841116	0	0	0	0.01794501976923209	0	-0.02897509306401962
1.399	0	-0.09272827619974404	0	0	0	0.01794386513325087	0	-0.028968132516879
1.4	0	-0.09284939906055385	0	0	0	0.01794266556277741	0	-0.0289611707617937
1.401	0	-0.09297058527187847	0	0	0	0.01794142106410348	0	-0.02895420720950384
1.402	0	-0.09309183481479917	0	0	0	0.01794013164370552	0	-0.02894724260936337
1.403	0	-0.09321314767043912	0	0	0	0.0179387973082427	0	-0.02894027642928493
1.404	0	-0.09333452381996425	0	0	0	0.01793741806455794	0	-0.02893330864782564
1.405	0	-0.09345596324458291	0	0	0	0.01793599391967765	0	-0.02892633980326612
1.406	0	-0.09357746592554583	0	0	0	0.01793452488081057	0	-0.02891936942942763
1.407	0	-0.09369903184414591	0	0	0	0.01793301095534847	0	-0.0289123975240672
1.408	0	-0.09382066098171846	0	0	0	0.01793145215086562	0	-0.02890542410994281
1.409	0	-0.09394235331964094	0	0	0	0.01792984847511883	0	-0.02889844948147965
1.41	0	-0.09406410883933286	0	0	0	0.01792819993604636	0	-0.02889147302869392
1.411	0	-0.09418592752225592	0	0	0	0.01792650654176899	0	-0.02888449509574244
1.412	0	-0.09430780934991365	0	0	0	0.01792476830058878	0	-0.02887751546799104
1.413	0	-0.09442975430385192	0	0	0	0.01792298522098974	0	-0.02887053469843278
1.414	0	-0.0945517623656581	0	0	0	0.01792115731163645	0	-0.02886355238695653
1.415	0	-0.0946738335169616	0	0	0	0.01791928458137498	0	-0.02885656884051302
1.416	0	-0.09479596773943336	0	0	0	0.01791736703923178	0	-0.02884958376100727
1.417	0	-0.09491816501478635	0	0	0	0.01791540469441407	0	-0.02884259720887329
1.418	0	-0.09504042532477487	0	0	0	0.01791339755630914	0	-0.0288356087962591
1.419	0	-0.09516274865119533	0	0	0	0.01791134563448539	0	-0.02882861961836372
1.42	0	-0.09528513497588494	0	0	0	0.0179092489386897	0	-0.02882162869606112
1.421	0	-0.09540758428072302	0	0	0	0.01790710747884958	0	-0.02881463641593811
1.422	0	-0.09553009654762983	0	0	0	0.01790492126507156	0	-0.02880764253882421
1.423	0	-0.09565267175856719	0	0	0	0.01790269030764155	0	-0.02880064704185065
1.424	0	-0.09577530989553834	0	0	0	0.01790041461702466	0	-0.02879365020118425
1.425	0	-0.09589801094058757	0	0	0	0.01789809420386463	0	-0.0287866520387302
1.426	0	-0.09602077487580028	0	0	0	0.01789572907898361	0	-0.02877965231388331
1.427	0	-0.09614360168330302	0	0	0	0.01789331925338212	0	-0.02877265092428514
1.428	0	-0.09626649134526338	0	0	0	0.01789086473823912	0	-0.02876564814202642
1.429	0	-0.09638944384389	0	0	0	0.01788836554491105	0	-0.02875864374149711
1.43	0	-0.09651245916143235	0	0	0	0.0178858216849323	0	-0.02875163779434777
1.431	0	-0.09663553728018096	0	0	0	0.017883233170015	0	-0.02874463090169475
1.432	0	-0.09675867818246663	0	0	0	0.01788060001204727	0	-0.02873762186506148
1.433	0	-0.09688188185066147	0	0	0	0.01787792222309573	0	-0.02873061165740264
1.434	0	-0.09700514826717802	0	0	0	0.01787519981540313	0	-0.02872360034993997
1.435	0	-0.0971284774144693	0	0	0	0.01787243280138837	0	-0.02871658744874462
1.436	0	-0.09725186927502896	0	0	0	0.01786962119364701	0	-0.02870957298214016
1.437	0	-0.09737532383139115	0	0	0	0.01786676500495062	0	-0.02870255685343834
1.438	0	-0.09749884106613051	0	0	0	0.017863864248247	0	-0.02869553957244794
1.439	0	-0.09762242096186181	0	0	0	0.01786091893665889	0	-0.02868852057192614
1.44	0	-0.09774606350124028	0	0	0	0.01785792908348485	0	-0.02868149999735337
1.441	0	-0.09786976866696144	0	0	0	0.01785489470219875	0	-0.02867447813949705
1.442	0	-0.09799353644176076	0	0	0	0.01785181580644904	0	-0.02866745477565099
1.443	0	-0.09811736680841388	0	0	0	0.01784869241005888	0	-0.02866042969354107
1.444	0	-0.09824125974973658	0	0	0	0.01784552452702634	0	-0.02865340333420685
1.445	0	-0.09836521524858452	0	0	0	0.01784231217152318	0	-0.02864637529106562
1.446	0	-0.09848923328785322	0	0	0	0.01783905535789554	0	-0.02863934568998562
1.447	0	-0.09861331385047821	0	0	0	0.0178357541006634	0	-0.02863231475226376
1.448	0	-0.09873745691943465	0	0	0	0.01783240841452009	0	-0.02862528241114666
1.449	0	-0.09886166247773746	0	0	0	0.01782901831433211	0	-0.02861824833573796
1.45	0	-0.09898593050844132	0	0	0	0.01782558381513975	0	-0.02861121321469405
1.451	0	-0.09911026099464018	0	0	0	0.01782210493215508	0	-0.02860417620685286
1.452	0	-0.09923465391946791	0	0	0	0.01781858168076378	0	-0.02859713783232794
1.453	0	-0.09935910926609763	0	0	0	0.01781501407652358	0	-0.02859009814059107
1.454	0	-0.0994836270177419	0	0	0	0.01781140213516423	0	-0.02858305696656746
1.455	0	-0.09960820715765259	0	0	0	0.01780774587258754	0	-0.02857601430922263
1.456	0	-0.0997328496691207	0	0	0	0.01780404530486673	0	-0.02856896977955676
1.457	0	-0.09985755453547686	0	0	0	0.01780030044824729	0	-0.02856192411780764
1.458	0	-0.09998232174009035	0	0	0	0.01779651131914504	0	-0.02855487672871822
1.459	0	-0.1001071512663699	0	0	0	0.01779267793414733	0	-0.02854782784260057
1.46	0	-0.1002320430977631	0	0	0	0.01778880031001213	0	-0.02854077745768493
1.461	0	-0.1003569972177564	0	0	0	0.01778487846366818	0	-0.02853372585947841
1.462	0	-0.1004820136098751	0	0	0	0.01778091241221363	0	-0.0285266720930158
1.463	0	-0.1006070922576838	0	0	0	0.01777690217291811	0	-0.02851961720349344
1.464	0	-0.1007322331447853	0	0	0	0.01777284776322002	0	-0.02851256073352739
1.465	0	-0.1008574362548213	0	0	0	0.01776874920072774	0	-0.02850550277804942
1.466	0	-0.1009827015714721	0	0	0	0.01776460650321895	0	-0.02849844326920693
1.467	0	-0.1011080290784567	0	0	0	0.01776041968864068	0	-0.02849138250434805
1.468	0	-0.1012334187595324	0	0	0	0.01775618877510831	0	-0.02848431999786799
1.469	0	-0.101358870598495	0	0	0	0.01775191378090641	0	-0.02847725597632614
1.47	0	-0.1014843845791788	0	0	0	0.01774759472448793	0	-0.02847019063457098
1.471	0	-0.1016099606854562	0	0	0	0.01774323162447379	0	-0.02846312381994446
1.472	0	-0.101735598901238	0	0	0	0.01773882449965299	0	-0.0284560555346635
1.473	0	-0.1018612992104731	0	0	0	0.01773437336898223	0	-0.02844898577972284
1.474	0	-0.1019870615971483	0	0	0	0.01772987825158534	0	-0.02844191402480559
1.475	0	-0.1021128860452891	0	0	0	0.01772533916675431	0	-0.02843484101242307
1.476	0	-0.1022387725389582	0	0	0	0.01772075613394731	0	-0.02842776629094589
1.477	0	-0.1023647210622567	0	0	0	0.01771612917278987	0	-0.02842069025191542
1.478	0	-0.1024907315993235	0	0	0	0.01771145830307358	0	-0.0284136125331376
1.479	0	-0.1026168041343352	0	0	0	0.01770674354475675	0	-0.02840653339017605
1.48	0	-0.1027429386515061	0	0	0	0.01770198491796354	0	-0.0283994527161855
1.481	0	-0.1028691351350882	0	0	0	0.01769718244298401	0	-0.02839237051077033
1.482	0	-0.1029953935693711	0	0	0	0.01769233614027391	0	-0.02838528682149817
1.483	0	-0.1031217139386819	0	0	0	0.0176874460304541	0	-0.02837820136564733
1.484	0	-0.1032480962273854	0	0	0	0.01768251213431111	0	-0.02837111462605186
1.485	0	-0.1033745404198833	0	0	0	0.01767753447279576	0	-0.02836402613366491
1.486	0	-0.1035010465006152	0	0	0	0.017672513067024	0	-0.02835693612946972
1.487	0	-0.1036276144540578	0	0	0	0.01766744793827626	0	-0.02834984490441491
1.488	0	-0.1037542442647247	0	0	0	0.01766233910799667	0	-0.02834275199371206
1.489	0	-0.1038809359171669	0	0	0	0.01765718659779378	0	-0.02833565760141163
1.49	0	-0.1040076893959726	0	0	0	0.01765199042943962	0	-0.02832856155763159
1.491	0	-0.1041345046857668	0	0	0	0.01764675062487003	0	-0.02832146417135765
1.492	0	-0.1042613817712115	0	0	0	0.01764146720618378	0	-0.02831436520575925
1.493	0	-0.1043883206370057	0	0	0	0.01763614019564285	0	-0.02830726473005536
1.494	0	-0.104515321267885	0	0	0	0.01763076961567167	0	-0.02830016228954868
1.495	0	-0.1046423836486221	0	0	0	0.01762535548885785	0	-0.02829305830472491
1.496	0	-0.104769507764026	0	0	0	0.01761989783795115	0	-0.02828595295922174
1.497	0	-0.1048966935989429	0	0	0	0.01761439668586317	0	-0.02827884606488558
1.498	0	-0.1050239411382547	0	0	0	0.01760885205566738	0	-0.02827173745232941
1.499	0	-0.1051512503668808	0	0	0	0.01760326397059945	0	-0.02826462774185395
1.5	0	-0.1052786212697762	0	0	0	0.01759763245405538	0	-0.02825751605076064
1.501	0	-0.1054060538319329	0	0	0	0.01759195752959339	0	-0.02825040301588504
1.502	0	-0.1055335480383789	0	0	0	0.01758623922093202	0	-0.02824328836006243
1.503	0	-0.1056611038741784	0	0	0	0.0175804775519508	0	-0.02823617233377676
1.504	0	-0.1057887213244319	0	0	0	0.01757467254668939	0	-0.02822905457393931
1.505	0	-0.1059164003742761	0	0	0	0.017568824229348	0	-0.02822193526192488
1.506	0	-0.1060441410088836	0	0	0	0.01756293262428672	0	-0.02821481438998966
1.507	0	-0.1061719432134631	0	0	0	0.0175569977560254	0	-0.02820769195574991
1.508	0	-0.1062998069732591	0	0	0	0.01755101964924347	0	-0.02820056797921071
1.509	0	-0.1064277322735523	0	0	0	0.01754499832877967	0	-0.02819344256968898
1.51	0	-0.1065557190996589	0	0	0	0.01753893381963163	0	-0.02818631547964953
1.511	0	-0.1066837674369308	0	0	0	0.01753282614695592	0	-0.0281791867331891
1.512	0	-0.1068118772707559	0	0	0	0.01752667533606803	0	-0.02817205666039723
1.513	0	-0.1069400485865574	0	0	0	0.01752048141244113	0	-0.02816492473082832
1.514	0	-0.1070682813697941	0	0	0	0.01751424440170711	0	-0.02815779115839643
1.515	0	-0.1071965756059606	0	0	0	0.01750796432965555	0	-0.02815065581064408
1.516	0	-0.1073249312805866	0	0	0	0.01750164122223413	0	-0.02814351922034874
1.517	0	-0.1074533483792374	0	0	0	0.01749527510554749	0	-0.02813638117039081
1.518	0	-0.1075818268875132	0	0	0	0.01748886600585733	0	-0.02812924124167753
1.519	0	-0.1077103667910499	0	0	0	0.01748241394958282	0	-0.02812209965438249
1.52	0	-0.1078389680755187	0	0	0	0.01747591896330017	0	-0.02811495703867346
1.521	0	-0.1079676307266252	0	0	0	0.01746938107374114	0	-0.02810781263088283
1.522	0	-0.1080963547301108	0	0	0	0.01746280030779468	0	-0.02810066686449687
1.523	0	-0.1082251400717513	0	0	0	0.01745617669250529	0	-0.02809351949029719
1.524	0	-0.1083539867373578	0	0	0	0.01744951025507316	0	-0.02808636998835434
1.525	0	-0.1084828947127763	0	0	0	0.01744280102285493	0	-0.0280792190254628
1.526	0	-0.1086118639838873	0	0	0	0.0174360490233622	0	-0.02807206660154898
1.527	0	-0.1087408945366065	0	0	0	0.01742925428426156	0	-0.02806491254853623
1.528	0	-0.1088699863568838	0	0	0	0.01742241683337472	0	-0.02805775683808487
1.529	0	-0.1089991394307041	0	0	0	0.01741553669867819	0	-0.02805059963304884
1.53	0	-0.1091283537440867	0	0	0	0.01740861390830269	0	-0.02804344068918185
1.531	0	-0.1092576292830854	0	0	0	0.01740164849053356	0	-0.02803628022101156
1.532	0	-0.1093869660337885	0	0	0	0.01739464047380973	0	-0.02802911782581005
1.533	0	-0.1095163639823188	0	0	0	0.01738758988672483	0	-0.02802195433868377
1.534	0	-0.1096458231148331	0	0	0	0.01738049675802504	0	-0.02801478911822865
1.535	0	-0.1097753434175228	0	0	0	0.01737336111661041	0	-0.02800762228777591
1.536	0	-0.1099049248766131	0	0	0	0.01736618299153413	0	-0.02800045384555246
1.537	0	-0.1100345674783638	0	0	0	0.01735896241200219	0	-0.02799328372044798
1.538	0	-0.1101642712090686	0	0	0	0.01735169940737357	0	-0.02798611219792608
1.539	0	-0.110294036055055	0	0	0	0.01734439400715932	0	-0.02797893896086638
1.54	0	-0.1104238620026848	0	0	0	0.01733704624102291	0	-0.02797176399810065
1.541	0	-0.1105537490383536	0	0	0	0.0173296561387803	0	-0.02796458786384453
1.542	0	-0.1106836971484906	0	0	0	0.0173222237303981	0	-0.02795740951425332
1.543	0	-0.1108137063195591	0	0	0	0.01731474904599576	0	-0.02795022963110599
1.544	0	-0.1109437765380561	0	0	0	0.0173072321158437	0	-0.02794304834133851
1.545	0	-0.111073907790512	0	0	0	0.01729967297036311	0	-0.02793586521069758
1.546	0	-0.1112041000634912	0	0	0	0.01729207164012666	0	-0.02792868058999017
1.547	0	-0.1113343533435912	0	0	0	0.0172844281558573	0	-0.02792149422486971
1.548	0	-0.1114646676174433	0	0	0	0.01727674254842866	0	-0.02791430607568889
1.549	0	-0.1115950428717122	0	0	0	0.01726901484886474	0	-0.02790711621092297
1.55	0	-0.111725479093096	0	0	0	0.01726124508833998	0	-0.02789992524496392
1.551	0	-0.111855976268326	0	0	0	0.0172534332981778	0	-0.02789273260009082
1.552	0	-0.1119865343841668	0	0	0	0.01724557950985168	0	-0.02788553827356259
1.553	0	-0.1121171534274162	0	0	0	0.01723768375498453	0	-0.02787834225861728
1.554	0	-0.1122478333849051	0	0	0	0.01722974606534852	0	-0.02787114463760395
1.555	0	-0.1123785742434976	0	0	0	0.01722176647286491	0	-0.0278639456118448
1.556	0	-0.1125093759900906	0	0	0	0.01721374500960315	0	-0.02785674462713767
1.557	0	-0.1126402386116143	0	0	0	0.01720568170778197	0	-0.02784954205170209
1.558	0	-0.1127711620950316	0	0	0	0.01719757659976786	0	-0.02784233747267539
1.559	0	-0.1129021464273384	0	0	0	0.01718942971807637	0	-0.02783513173744849
1.56	0	-0.1130331915955632	0	0	0	0.01718124109536974	0	-0.02782792400056044
1.561	0	-0.1131642975867673	0	0	0	0.01717301076445877	0	-0.02782071454972262
1.562	0	-0.113295464388045	0	0	0	0.0171647387583018	0	-0.02781350374088974
1.563	0	-0.1134266919865227	0	0	0	0.01715642511000388	0	-0.02780629111036553
1.564	0	-0.1135579803693599	0	0	0	0.01714806985281772	0	-0.02779907697622786
1.565	0	-0.1136893295237483	0	0	0	0.01713967302014255	0	-0.0277918611772476
1.566	0	-0.1138207394369122	0	0	0	0.01713123464552439	0	-0.02778464371336438
1.567	0	-0.1139522100961081	0	0	0	0.01712275476265565	0	-0.02777742445062484
1.568	0	-0.1140837414886251	0	0	0	0.01711423340537502	0	-0.02777020331224663
1.569	0	-0.1142153336017849	0	0	0	0.01710567060766805	0	-0.02776298129634508
1.57	0	-0.1143469864229405	0	0	0	0.01709706640366441	0	-0.02775575709259405
1.571	0	-0.1144786999394781	0	0	0	0.01708842082764081	0	-0.02774853124951909
1.572	0	-0.1146104741388155	0	0	0	0.01707973391401908	0	-0.02774130388874625
1.573	0	-0.1147423090084026	0	0	0	0.01707100569736609	0	-0.02773407489311119
1.574	0	-0.1148742045357216	0	0	0	0.01706223621239375	0	-0.02772684410866167
1.575	0	-0.1150061607082865	0	0	0	0.01705342549395908	0	-0.02771961176582225
1.576	0	-0.1151381775136432	0	0	0	0.01704457357706321	0	-0.02771237744081619
1.577	0	-0.1152702549393696	0	0	0	0.01703568049685245	0	-0.02770514165458234
1.578	0	-0.1154023929730753	0	0	0	0.0170267462886167	0	-0.0276979041184027
1.579	0	-0.1155345916024018	0	0	0	0.01701777098779015	0	-0.02769066485905659
1.58	0	-0.1156668508150223	0	0	0	0.01700875462995079	0	-0.02768342386909722
1.581	0	-0.1157991705986414	0	0	0	0.01699969725082029	0	-0.02767618121001901
1.582	0	-0.1159315509409959	0	0	0	0.01699059888626377	0	-0.02766893693960563
1.583	0	-0.1160639918298535	0	0	0	0.01698145957228958	0	-0.02766169114224368
1.584	0	-0.1161964932530138	0	0	0	0.01697227934504888	0	-0.02765444349596032
1.585	0	-0.1163290551983079	0	0	0	0.01696305824083606	0	-0.02764719428623796
1.586	0	-0.116461677653598	0	0	0	0.01695379629608788	0	-0.02763994335014606
1.587	0	-0.116594360606778	0	0	0	0.01694449354738374	0	-0.02763269078133162
1.588	0	-0.1167271040457729	0	0	0	0.01693515003144521	0	-0.0276254365268428
1.589	0	-0.1168599079585388	0	0	0	0.01692576578513573	0	-0.0276181802848317
1.59	0	-0.1169927723330637	0	0	0	0.01691634084546129	0	-0.02761092259593288
1.591	0	-0.117125697157366	0	0	0	0.01690687524956901	0	-0.02760366324429316
1.592	0	-0.1172586824194954	0	0	0	0.01689736903474742	0	-0.02759640189746128
1.593	0	-0.1173917281075331	0	0	0	0.01688782223842702	0	-0.02758913911180829
1.594	0	-0.1175248342095907	0	0	0	0.01687823489817863	0	-0.02758187429322975
1.595	0	-0.1176580007138111	0	0	0	0.01686860705171469	0	-0.02757460781311465
1.596	0	-0.1177912276083683	0	0	0	0.0168589387368882	0	-0.02756733975809534
1.597	0	-0.1179245148814668	0	0	0	0.0168492299916926	0	-0.02756007000525049
1.598	0	-0.118057862521342	0	0	0	0.01683948085426172	0	-0.02755279846902208
1.599	0	-0.1181912705162603	0	0	0	0.01682969136286992	0	-0.02754552547536179
1.6	0	-0.1183247388545185	0	0	0	0.01681986155593107	0	-0.02753825067930576
1.601	0	-0.1184582675244444	0	0	0	0.0168099914719992	0	-0.02753097416100562
1.602	0	-0.1185918565143962	0	0	0	0.01680008114976795	0	-0.02752369591930453
1.603	0	-0.1187255058127627	0	0	0	0.01679013062807042	0	-0.02751641595182265
1.604	0	-0.1188592154079635	0	0	0	0.01678013994587894	0	-0.02750913413940916
1.605	0	-0.1189929852884484	0	0	0	0.0167701091423052	0	-0.02750185072910891
1.606	0	-0.1191268154426978	0	0	0	0.01676003825659966	0	-0.02749456567928351
1.607	0	-0.1192607058592224	0	0	0	0.01674992732815146	0	-0.02748727887248912
1.608	0	-0.1193946565265634	0	0	0	0.01673977639648828	0	-0.02747999013553604
1.609	0	-0.1195286674332923	0	0	0	0.01672958550127674	0	-0.02747269996253681
1.61	0	-0.1196627385680108	0	0	0	0.01671935468232108	0	-0.02746540807327143
1.611	0	-0.1197968699193507	0	0	0	0.01670908397956365	0	-0.02745811419947664
1.612	0	-0.1199310614759743	0	0	0	0.01669877343308516	0	-0.02745081872282416
1.613	0	-0.1200653132265738	0	0	0	0.01668842308310369	0	-0.02744352157084405
1.614	0	-0.1201996251598714	0	0	0	0.01667803296997463	0	-0.02743622231033776
1.615	0	-0.1203339972646197	0	0	0	0.01666760313419139	0	-0.02742892140315766
1.616	0	-0.1204684295296012	0	0	0	0.01665713361638416	0	-0.02742161872666688
1.617	0	-0.1206029219436282	0	0	0	0.01664662445732033	0	-0.02741431440211811
1.618	0	-0.120737474495543	0	0	0	0.01663607569790406	0	-0.02740700835877186
1.619	0	-0.1208720871742179	0	0	0	0.01662548737917635	0	-0.02739970074545357
1.62	0	-0.1210067599685548	0	0	0	0.01661485954231431	0	-0.02739239109818524
1.621	0	-0.1211414928674856	0	0	0	0.01660419222863187	0	-0.02738507960616918
1.622	0	-0.1212762858599722	0	0	0	0.01659348547957952	0	-0.0273777668723824
1.623	0	-0.1214111389350055	0	0	0	0.01658273933674286	0	-0.02737045225765888
1.624	0	-0.1215460520816067	0	0	0	0.01657195384184378	0	-0.02736313569375267
1.625	0	-0.1216810252888265	0	0	0	0.01656112903674031	0	-0.02735581760641481
1.626	0	-0.1218160585457451	0	0	0	0.01655026496342538	0	-0.02734849759992382
1.627	0	-0.1219511518414722	0	0	0	0.01653936166402779	0	-0.02734117583833028
1.628	0	-0.1220863051651472	0	0	0	0.01652841918081143	0	-0.02733385231878643
1.629	0	-0.122221518505939	0	0	0	0.01651743755617536	0	-0.02732652713129704
1.63	0	-0.1223567918530459	0	0	0	0.01650641683265356	0	-0.02731920033132765
1.631	0	-0.1224921251956952	0	0	0	0.01649535705291455	0	-0.02731187167080417
1.632	0	-0.1226275185231442	0	0	0	0.01648425825976139	0	-0.02730454080867035
1.633	0	-0.1227629718246793	0	0	0	0.01647312049613271	0	-0.02729720881917035
1.634	0	-0.1228984850896158	0	0	0	0.01646194380509952	0	-0.02728987427380008
1.635	0	-0.123034058307299	0	0	0	0.01645072822986907	0	-0.02728253841859712
1.636	0	-0.1231696914671028	0	0	0	0.01643947381378125	0	-0.02727520072953751
1.637	0	-0.1233053845584305	0	0	0	0.01642818060031026	0	-0.02726786124302105
1.638	0	-0.1234411375707146	0	0	0	0.01641684863306392	0	-0.02726051988913885
1.639	0	-0.1235769504934166	0	0	0	0.01640547795578389	0	-0.02725317695127195
1.64	0	-0.1237128233160272	0	0	0	0.01639406861234486	0	-0.02724583216606995
1.641	0	-0.1238487560280659	0	0	0	0.01638262064675491	0	-0.0272384854647828
1.642	0	-0.1239847486190814	0	0	0	0.01637113410315544	0	-0.02723113699935633
1.643	0	-0.1241208010786515	0	0	0	0.01635960902582091	0	-0.02722378702962118
1.644	0	-0.1242569133963826	0	0	0	0.016348045459158	0	-0.02721643498890483
1.645	0	-0.1243930855619103	0	0	0	0.01633644344770687	0	-0.02720908130481253
1.646	0	-0.1245293175648987	0	0	0	0.01632480303613977	0	-0.02720172583059904
1.647	0	-0.1246656093950411	0	0	0	0.01631312426926148	0	-0.02719436856400806
1.648	0	-0.1248019610420595	0	0	0	0.01630140719200902	0	-0.02718700943199465
1.649	0	-0.1249383724957045	0	0	0	0.0162896518494518	0	-0.02717964862479578
1.65	0	-0.1250748437457557	0	0	0	0.01627785828679089	0	-0.02717228596913479
1.651	0	-0.1252113747820212	0	0	0	0.01626602654935955	0	-0.02716492166240034
1.652	0	-0.1253479655943379	0	0	0	0.01625415668262255	0	-0.0271575556009006
1.653	0	-0.1254846161725711	0	0	0	0.01624224873217599	0	-0.02715018732666298
1.654	0	-0.1256213265066151	0	0	0	0.01623030274374837	0	-0.02714281762812647
1.655	0	-0.1257580965863924	0	0	0	0.01621831876319874	0	-0.02713544620901688
1.656	0	-0.1258949264018542	0	0	0	0.01620629683651714	0	-0.02712807254332057
1.657	0	-0.1260318159429802	0	0	0	0.01619423700982549	0	-0.02712069711116778
1.658	0	-0.1261687651997788	0	0	0	0.01618213932937624	0	-0.02711331987323859
1.659	0	-0.1263057741622866	0	0	0	0.01617000384155275	0	-0.02710594087002613
1.66	0	-0.1264428428205686	0	0	0	0.01615783059286906	0	-0.02709856019821269
1.661	0	-0.1265799711647184	0	0	0	0.0161456196299695	0	-0.02709117748837863
1.662	0	-0.1267171591848577	0	0	0	0.01613337099962922	0	-0.02708379296470044
1.663	0	-0.126854406871137	0	0	0	0.01612108474875385	0	-0.02707640699287419
1.664	0	-0.1269917142137346	0	0	0	0.01610876092437849	0	-0.02706901900928361
1.665	0	-0.1271290812028573	0	0	0	0.01609639957366888	0	-0.0270616291797929
1.666	0	-0.1272665078287404	0	0	0	0.0160840007439207	0	-0.02705423766469307
1.667	0	-0.1274039940816471	0	0	0	0.01607156448255926	0	-0.0270468443607147
1.668	0	-0.1275415399518687	0	0	0	0.01605909083713944	0	-0.02703944896085109
1.669	0	-0.1276791454297251	0	0	0	0.01604657985534633	0	-0.02703205195844679
1.67	0	-0.1278168105055641	0	0	0	0.01603403158499389	0	-0.02702465306177112
1.671	0	-0.1279545351697617	0	0	0	0.01602144607402561	0	-0.02701725218478274
1.672	0	-0.1280923194127218	0	0	0	0.01600882337051459	0	-0.02700984969549484
1.673	0	-0.1282301632248768	0	0	0	0.01599616352266258	0	-0.02700244534989314
1.674	0	-0.1283680665966868	0	0	0	0.01598346657880039	0	-0.02699503895019406
1.675	0	-0.1285060295186402	0	0	0	0.01597073258738822	0	-0.02698763088639465
1.676	0	-0.1286440519812529	0	0	0	0.01595796159701461	0	-0.02698022094627505
1.677	0	-0.1287821339750694	0	0	0	0.01594515365639681	0	-0.02697280899995436
1.678	0	-0.1289202754906618	0	0	0	0.01593230881438094	0	-0.02696539522904811
1.679	0	-0.1290584765186303	0	0	0	0.01591942711994149	0	-0.0269579796948979
1.68	0	-0.1291967370496028	0	0	0	0.01590650862218131	0	-0.02695056244021195
1.681	0	-0.1293350570742352	0	0	0	0.01589355337033131	0	-0.02694314323624074
1.682	0	-0.1294734365832116	0	0	0	0.01588056141375089	0	-0.0269357222923797
1.683	0	-0.1296118755672433	0	0	0	0.01586753280192727	0	-0.02692829949634633
1.684	0	-0.1297503740170699	0	0	0	0.0158544675844757	0	-0.02692087484659356
1.685	0	-0.1298889319234587	0	0	0	0.01584136581113923	0	-0.02691344824196301
1.686	0	-0.1300275492772046	0	0	0	0.01582822753178858	0	-0.0269060194942019
1.687	0	-0.1301662260691307	0	0	0	0.01581505279642299	0	-0.02689858954217634
1.688	0	-0.1303049622900874	0	0	0	0.01580184165516789	0	-0.02689115752685432
1.689	0	-0.130443757930953	0	0	0	0.01578859415827712	0	-0.02688372387048434
1.69	0	-0.1305826129826333	0	0	0	0.01577531035613117	0	-0.02687628801031865
1.691	0	-0.1307215274360623	0	0	0	0.0157619902992387	0	-0.02686885055742469
1.692	0	-0.1308605012822011	0	0	0	0.01574863403823471	0	-0.02686141109911476
1.693	0	-0.1309995345120387	0	0	0	0.01573524162388153	0	-0.02685396948026765
1.694	0	-0.1311386271165919	0	0	0	0.01572181310706902	0	-0.02684652627479631
1.695	0	-0.1312777790869048	0	0	0	0.01570834853881332	0	-0.0268390812431433
1.696	0	-0.1314169904140491	0	0	0	0.01569484797025732	0	-0.02683163409152077
1.697	0	-0.1315562610891245	0	0	0	0.01568131145267121	0	-0.0268241852711907
1.698	0	-0.1316955911032578	0	0	0	0.01566773903745127	0	-0.026816734525084
1.699	0	-0.1318349804476035	0	0	0	0.01565413077612057	0	-0.02680928190485646
1.7	0	-0.1319744291133436	0	0	0	0.01564048672032857	0	-0.02680182741015981
1.701	0	-0.1321139370916877	0	0	0	0.01562680692185108	0	-0.02679437096980648
1.702	0	-0.1322535043738729	0	0	0	0.01561309143259027	0	-0.0267869126146877
1.703	0	-0.1323931309511637	0	0	0	0.01559934030457445	0	-0.02677945230706374
1.704	0	-0.1325328168148521	0	0	0	0.01558555358995847	0	-0.02677199053214612
1.705	0	-0.1326725619562574	0	0	0	0.01557173134102205	0	-0.02676452627126265
1.706	0	-0.1328123663667268	0	0	0	0.01555787361017279	0	-0.02675706094253207
1.707	0	-0.1329522300376343	0	0	0	0.01554398044994196	0	-0.02674959318682287
1.708	0	-0.1330921529603817	0	0	0	0.0155300519129882	0	-0.02674212357197872
1.709	0	-0.1332321351263982	0	0	0	0.01551608805209558	0	-0.02673465234913951
1.71	0	-0.1333721765271402	0	0	0	0.01550208892017324	0	-0.0267271789748526
1.711	0	-0.1335122771540916	0	0	0	0.01548805457025653	0	-0.02671970375493959
1.712	0	-0.1336524369987638	0	0	0	0.01547398505550619	0	-0.0267122268118924
1.713	0	-0.1337926560526952	0	0	0	0.01545988042920816	0	-0.02670474801497939
1.714	0	-0.1339329343074517	0	0	0	0.01544574074477387	0	-0.02669726734150012
1.715	0	-0.1340732717546265	0	0	0	0.01543156605573969	0	-0.02668978440394976
1.716	0	-0.1342136683858404	0	0	0	0.01541735641576816	0	-0.02668229995328208
1.717	0	-0.134354124192741	0	0	0	0.01540311187864584	0	-0.02667481336190625
1.718	0	-0.1344946391670035	0	0	0	0.01538883249828508	0	-0.02666732487649317
1.719	0	-0.1346352133003305	0	0	0	0.01537451832872303	0	-0.02665983449570658
1.72	0	-0.1347758465844516	0	0	0	0.01536016942412211	0	-0.02665234260228362
1.721	0	-0.1349165390111235	0	0	0	0.01534578583876836	0	-0.02664484801108116
1.722	0	-0.1350572905721307	0	0	0	0.01533136762707463	0	-0.02663735202775175
1.723	0	-0.1351981012592847	0	0	0	0.01531691484357696	0	-0.02662985402342217
1.724	0	-0.1353389710644241	0	0	0	0.01530242754293671	0	-0.02662235411893456
1.725	0	-0.1354798999794148	0	0	0	0.0152879057799397	0	-0.02661485228034929
1.726	0	-0.13562088799615	0	0	0	0.01527334960949654	0	-0.02660734868725741
1.727	0	-0.1357619351065499	0	0	0	0.01525875908664178	0	-0.02659984286482744
1.728	0	-0.1359030413025621	0	0	0	0.01524413426653496	0	-0.02659233499257841
1.729	0	-0.1360442065761616	0	0	0	0.01522947520446043	0	-0.02658482577694524
1.73	0	-0.13618543091935	0	0	0	0.01521478195582572	0	-0.02657731446887582
1.731	0	-0.1363267143241567	0	0	0	0.01520005457616346	0	-0.02656980137281583
1.732	0	-0.136468056782638	0	0	0	0.01518529312113017	0	-0.02656228636801884
1.733	0	-0.1366094582868771	0	0	0	0.01517049764650644	0	-0.02655476919843886
1.734	0	-0.1367509188289848	0	0	0	0.01515566820819766	0	-0.02654725046870069
1.735	0	-0.136892438401099	0	0	0	0.01514080486223224	0	-0.0265397295071467
1.736	0	-0.1370340169953845	0	0	0	0.01512590766476366	0	-0.02653220692694945
1.737	0	-0.1371756546040334	0	0	0	0.01511097667206824	0	-0.02652468198000427
1.738	0	-0.1373173512192651	0	0	0	0.01509601194054727	0	-0.02651715521483129
1.739	0	-0.1374591068333258	0	0	0	0.01508101352672537	0	-0.02650962652733735
1.74	0	-0.1376009214384891	0	0	0	0.01506598148725107	0	-0.02650209591690085
1.741	0	-0.1377427950270557	0	0	0	0.01505091587889672	0	-0.02649456349110417
1.742	0	-0.1378847275913535	0	0	0	0.01503581675855854	0	-0.0264870294939575
1.743	0	-0.1380267191237372	0	0	0	0.01502068418325532	0	-0.02647949283725034
1.744	0	-0.1381687696165889	0	0	0	0.01500551821013112	0	-0.02647195446198395
1.745	0	-0.1383108790623178	0	0	0	0.01499031889645256	0	-0.02646441401603962
1.746	0	-0.1384530474533602	0	0	0	0.01497508629961031	0	-0.0264568718027347
1.747	0	-0.1385952747821795	0	0	0	0.01495982047711809	0	-0.02644932754686673
1.748	0	-0.1387375610412662	0	0	0	0.01494452148661364	0	-0.02644178168145299
1.749	0	-0.138879906223138	0	0	0	0.01492918938585725	0	-0.02643423354467739
1.75	0	-0.1390223103203396	0	0	0	0.01491382423273346	0	-0.02642668357607579
1.751	0	-0.1391647733254427	0	0	0	0.01489842608524977	0	-0.026419131722914
1.752	0	-0.1393072952310465	0	0	0	0.01488299500153687	0	-0.0264115778108897
1.753	0	-0.139449876029777	0	0	0	0.01486753103984903	0	-0.0264040220418776
1.754	0	-0.1395925157142874	0	0	0	0.01485203425856366	0	-0.02639646449908634
1.755	0	-0.139735214277258	0	0	0	0.01483650471618103	0	-0.0263889048856095
1.756	0	-0.1398779717113961	0	0	0	0.01482094247132485	0	-0.02638134321343564
1.757	0	-0.1400207880094364	0	0	0	0.01480534758274235	0	-0.026373780010141
1.758	0	-0.1401636631641404	0	0	0	0.01478972010930272	0	-0.02636621439344066
1.759	0	-0.1403065971682969	0	0	0	0.01477406010999931	0	-0.02635864685005246
1.76	0	-0.1404495900147218	0	0	0	0.01475836764394811	0	-0.02635107736091924
1.761	0	-0.140592641696258	0	0	0	0.01474264277038811	0	-0.02634350592519681
1.762	0	-0.1407357522057757	0	0	0	0.01472688554868128	0	-0.02633593258925981
1.763	0	-0.140878921536172	0	0	0	0.01471109603831242	0	-0.02632835720641576
1.764	0	-0.1410221496803712	0	0	0	0.01469527429888953	0	-0.0263207800513382
1.765	0	-0.1411654366313251	0	0	0	0.01467942039014303	0	-0.02631320076692857
1.766	0	-0.1413087823820119	0	0	0	0.01466353437192664	0	-0.02630561959922668
1.767	0	-0.1414521869254375	0	0	0	0.01464761630421669	0	-0.02629803651649623
1.768	0	-0.1415956502546347	0	0	0	0.01463166624711217	0	-0.02629045126678515
1.769	0	-0.1417391723626635	0	0	0	0.01461568426083479	0	-0.02628286360296837
1.77	0	-0.1418827532426113	0	0	0	0.01459967040573017	0	-0.02627527463946714
1.771	0	-0.1420263928875921	0	0	0	0.0145836247422651	0	-0.02626768359381673
1.772	0	-0.1421700912907475	0	0	0	0.01456754733102974	0	-0.02626009050203322
1.773	0	-0.142313848445246	0	0	0	0.01455143823273716	0	-0.02625249569758591
1.774	0	-0.1424576643442834	0	0	0	0.01453529750822252	0	-0.02624489876587333
1.775	0	-0.1426015389810826	0	0	0	0.01451912521844405	0	-0.02623729985951864
1.776	0	-0.1427454723488936	0	0	0	0.01450292142448249	0	-0.02622969897558505
1.777	0	-0.1428894644409939	0	0	0	0.01448668618754115	0	-0.02622209609219533
1.778	0	-0.1430335152506876	0	0	0	0.01447041956894611	0	-0.02621449137368577
1.779	0	-0.1431776247713066	0	0	0	0.01445412163014552	0	-0.0262068844200916
1.78	0	-0.1433217929962096	0	0	0	0.01443779243271076	0	-0.02619927566487354
1.781	0	-0.1434660199187826	0	0	0	0.01442143203833528	0	-0.02619166496071104
1.782	0	-0.1436103055324389	0	0	0	0.01440504050883536	0	-0.02618405255172874
1.783	0	-0.1437546498306188	0	0	0	0.01438861790614893	0	-0.02617643765200283
1.784	0	-0.14389905280679	0	0	0	0.01437216429233729	0	-0.02616882056835487
1.785	0	-0.1440435144544474	0	0	0	0.01435567972958439	0	-0.02616120180262184
1.786	0	-0.1441880347671131	0	0	0	0.01433916428019595	0	-0.02615358106475495
1.787	0	-0.1443326137383364	0	0	0	0.01432261800660024	0	-0.02614595815814505
1.788	0	-0.144477251361694	0	0	0	0.01430604097134845	0	-0.02613833349545026
1.789	0	-0.1446219476307894	0	0	0	0.01428943323711335	0	-0.02613070649354878
1.79	0	-0.1447667025392541	0	0	0	0.01427279486669115	0	-0.02612307780324592
1.791	0	-0.1449115160807463	0	0	0	0.01425612592299937	0	-0.02611544680288397
1.792	0	-0.1450563882489517	0	0	0	0.01423942646907917	0	-0.02610781432146776
1.793	0	-0.1452013190375831	0	0	0	0.0142226965680925	0	-0.02610017935373806
1.794	0	-0.145346308440381	0	0	0	0.0142059362833252	0	-0.02609254270707575
1.795	0	-0.1454913564511127	0	0	0	0.01418914567818473	0	-0.02608490427320318
1.796	0	-0.1456364630635732	0	0	0	0.0141723248162005	0	-0.02607726353017
1.797	0	-0.1457816282715844	0	0	0	0.01415547376102497	0	-0.02606962077776844
1.798	0	-0.1459268520689961	0	0	0	0.01413859257643276	0	-0.02606197611300241
1.799	0	-0.1460721344496849	0	0	0	0.01412168132632053	0	-0.02605432929764933
1.8	0	-0.1462174754075551	0	0	0	0.01410474007470759	0	-0.02604668051093713
1.801	0	-0.1463628749365383	0	0	0	0.0140877688857354	0	-0.02603902972308384
1.802	0	-0.1465083330305932	0	0	0	0.01407076782366775	0	-0.02603137693074277
1.803	0	-0.1466538496837064	0	0	0	0.01405373695289078	0	-0.02602372222812012
1.804	0	-0.1467994248898916	0	0	0	0.01403667633791292	0	-0.02601606567789212
1.805	0	-0.1469450586431896	0	0	0	0.01401958604336461	0	-0.02600840698517185
1.806	0	-0.1470907509376689	0	0	0	0.01400246613399853	0	-0.0260007458567355
1.807	0	-0.1472365017674258	0	0	0	0.01398531667469083	0	-0.02599308336437627
1.808	0	-0.1473823111265831	0	0	0	0.01396813773043779	0	-0.02598541805290645
1.809	0	-0.1475281790092921	0	0	0	0.01395092936636027	0	-0.0259777512073413
1.81	0	-0.1476741054097308	0	0	0	0.01393369164769981	0	-0.02597008221768077
1.811	0	-0.1478200903221049	0	0	0	0.01391642463982087	0	-0.02596241121908722
1.812	0	-0.1479661337406477	0	0	0	0.01389912840821004	0	-0.02595473820246595
1.813	0	-0.1481122356596198	0	0	0	0.0138818030184761	0	-0.0259470630462988
1.814	0	-0.1482583960733094	0	0	0	0.01386444853635031	0	-0.02593938592121784
1.815	0	-0.1484046149760322	0	0	0	0.01384706502768607	0	-0.0259317067864344
1.816	0	-0.1485508923621315	0	0	0	0.01382965255845914	0	-0.02592402577199054
1.817	0	-0.1486972282259779	0	0	0	0.01381221119476712	0	-0.02591634243584453
1.818	0	-0.14884362256197	0	0	0	0.01379474100283085	0	-0.02590865755279658
1.819	0	-0.1489900753645331	0	0	0	0.01377724204899235	0	-0.02590097054235925
1.82	0	-0.1491365866281212	0	0	0	0.01375971439971622	0	-0.02589328125686829
1.821	0	-0.1492831563472149	0	0	0	0.01374215812158986	0	-0.02588559009833804
1.822	0	-0.1494297845163231	0	0	0	0.01372457328132251	0	-0.02587789703243456
1.823	0	-0.1495764711299818	0	0	0	0.01370695994574562	0	-0.02587020188952776
1.824	0	-0.1497232161827549	0	0	0	0.01368931818181299	0	-0.02586250460983909
1.825	0	-0.1498700196692339	0	0	0	0.01367164805660063	0	-0.02585480503780364
1.826	0	-0.1500168815840379	0	0	0	0.01365394963730726	0	-0.02584710352612221
1.827	0	-0.1501638019218136	0	0	0	0.01363622299125349	0	-0.02583939997268111
1.828	0	-0.1503107806772356	0	0	0	0.01361846818588232	0	-0.02583169437700723
1.829	0	-0.150457817845006	0	0	0	0.01360068528875924	0	-0.0258239869597201
1.83	0	-0.1506049134198546	0	0	0	0.01358287436757131	0	-0.02581627711179144
1.831	0	-0.150752067396539	0	0	0	0.01356503549012893	0	-0.02580856543084785
1.832	0	-0.1508992797698444	0	0	0	0.01354716872436404	0	-0.02580085160602512
1.833	0	-0.1510465505345839	0	0	0	0.0135292741383312	0	-0.02579313571425643
1.834	0	-0.1511938796855982	0	0	0	0.01351135180020731	0	-0.02578541784862889
1.835	0	-0.1513412672177559	0	0	0	0.01349340177829142	0	-0.02577769790202641
1.836	0	-0.1514887131259533	0	0	0	0.01347542414100504	0	-0.02576997593670746
1.837	0	-0.1516362174051144	0	0	0	0.01345741895689197	0	-0.02576225194966356
1.838	0	-0.1517837800501913	0	0	0	0.01343938629461812	0	-0.0257545256896474
1.839	0	-0.1519314010561636	0	0	0	0.0134213262229723	0	-0.02574679758135169
1.84	0	-0.1520790804180389	0	0	0	0.0134032388108652	0	-0.025739067473522
1.841	0	-0.1522268181308526	0	0	0	0.01338512412732976	0	-0.02573133511256518
1.842	0	-0.1523746141896681	0	0	0	0.01336698224152174	0	-0.0257236007785956
1.843	0	-0.1525224685895765	0	0	0	0.01334881322271905	0	-0.02571586453557782
1.844	0	-0.1526703813256968	0	0	0	0.01333061714032178	0	-0.02570812620231715
1.845	0	-0.1528183523931759	0	0	0	0.01331239406385253	0	-0.02570038573789195
1.846	0	-0.1529663817871886	0	0	0	0.01329414406295619	0	-0.02569264306872654
1.847	0	-0.153114469502938	0	0	0	0.01327586720740038	0	-0.02568489845270444
1.848	0	-0.1532626155356546	0	0	0	0.01325756356707464	0	-0.02567715162870642
1.849	0	-0.1534108198805972	0	0	0	0.01323923321199124	0	-0.02566940273496207
1.85	0	-0.1535590825330524	0	0	0	0.01322087621228474	0	-0.02566165177452739
1.851	0	-0.153707403488335	0	0	0	0.01320249263821223	0	-0.02565389888444216
1.852	0	-0.1538557827417877	0	0	0	0.01318408256015287	0	-0.02564614379589748
1.853	0	-0.154004220288781	0	0	0	0.01316564604860864	0	-0.02563838672589895
1.854	0	-0.1541527161247137	0	0	0	0.01314718317420345	0	-0.02563062730969621
1.855	0	-0.1543012702450126	0	0	0	0.01312869400768443	0	-0.02562286606917462
1.856	0	-0.1544498826451325	0	0	0	0.01311017861992025	0	-0.02561510255218226
1.857	0	-0.1545985533205563	0	0	0	0.01309163708190277	0	-0.02560733710433856
1.858	0	-0.154747282266795	0	0	0	0.01307306946474553	0	-0.02559956921439641
1.859	0	-0.1548960694793876	0	0	0	0.01305447583968562	0	-0.02559179962024558
1.86	0	-0.1550449149539015	0	0	0	0.01303585627808146	0	-0.02558402778514617
1.861	0	-0.1551938186859318	0	0	0	0.0130172108514146	0	-0.02557625390583242
1.862	0	-0.1553427806711021	0	0	0	0.01299853963128877	0	-0.02556847785613621
1.863	0	-0.1554918009050641	0	0	0	0.01297984268943065	0	-0.02556070006003186
1.864	0	-0.1556408793834975	0	0	0	0.0129611200976885	0	-0.02555291990423435
1.865	0	-0.1557900161021104	0	0	0	0.01294237192803397	0	-0.02554513780285749
1.866	0	-0.1559392110566387	0	0	0	0.01292359825256046	0	-0.0255373533452651
1.867	0	-0.1560884642428473	0	0	0	0.0129047991434848	0	-0.02552956714261183
1.868	0	-0.1562377756565284	0	0	0	0.01288597467314513	0	-0.02552177850630113
1.869	0	-0.1563871452935029	0	0	0	0.01286712491400308	0	-0.02551398780499553
1.87	0	-0.1565365731496202	0	0	0	0.01284824993864238	0	-0.02550619501104062
1.871	0	-0.1566860592207576	0	0	0	0.01282934981976934	0	-0.0254984001204045
1.872	0	-0.1568356035028207	0	0	0	0.01281042463021286	0	-0.02549060323988649
1.873	0	-0.1569852059917435	0	0	0	0.01279147444292412	0	-0.02548280416727855
1.874	0	-0.1571348666834884	0	0	0	0.01277249933097714	0	-0.02547500310865222
1.875	0	-0.1572845855740458	0	0	0	0.0127534993675681	0	-0.0254671998044203
1.876	0	-0.1574343626594349	0	0	0	0.012734474626016	0	-0.02545939437995759
1.877	0	-0.1575841979357028	0	0	0	0.01271542517976237	0	-0.0254515868778228
1.878	0	-0.1577340913989251	0	0	0	0.01269635110237095	0	-0.02544377706703329
1.879	0	-0.1578840430452061	0	0	0	0.01267725246752855	0	-0.02543596524865731
1.88	0	-0.1580340528706781	0	0	0	0.0126581293490441	0	-0.02542815126874276
1.881	0	-0.158184120871502	0	0	0	0.01263898182084933	0	-0.02542033527517538
1.882	0	-0.1583342470438669	0	0	0	0.01261980995699812	0	-0.02541251696152392
1.883	0	-0.1584844313839907	0	0	0	0.0126006138316674	0	-0.0254046966064067
1.884	0	-0.1586346738881195	0	0	0	0.01258139351915647	0	-0.02539687427008381
1.885	0	-0.1587849745525277	0	0	0	0.01256214909388696	0	-0.02538904978856804
1.886	0	-0.1589353333735186	0	0	0	0.01254288063040321	0	-0.02538122318798805
1.887	0	-0.1590857503474232	0	0	0	0.01252358820337157	0	-0.02537339386914212
1.888	0	-0.1592362254706022	0	0	0	0.01250427188758256	0	-0.0253655631182769
1.889	0	-0.1593867587394438	0	0	0	0.01248493175794741	0	-0.02535773008132266
1.89	0	-0.1595373501503651	0	0	0	0.01246556788950079	0	-0.02534989498850192
1.891	0	-0.1596879996998117	0	0	0	0.0124461803573997	0	-0.02534205777992083
1.892	0	-0.1598387073842577	0	0	0	0.01242676923692355	0	-0.02533421830303496
1.893	0	-0.1599894732002055	0	0	0	0.01240733460347451	0	-0.02532637661413695
1.894	0	-0.1601402971441869	0	0	0	0.01238787653257746	0	-0.0253185330117791
1.895	0	-0.1602911792127612	0	0	0	0.01236839509987925	0	-0.02531068714602975
1.896	0	-0.160442119402517	0	0	0	0.01234889038114954	0	-0.02530283898804529
1.897	0	-0.1605931177100713	0	0	0	0.01232936245228086	0	-0.02529498891502623
1.898	0	-0.1607441741320699	0	0	0	0.0123098113892877	0	-0.0252871366869615
1.899	0	-0.1608952886651867	0	0	0	0.01229023726830701	0	-0.02527928198682588
1.9	0	-0.1610464613061248	0	0	0	0.01227064016559892	0	-0.02527142528843172
1.901	0	-0.1611976920516156	0	0	0	0.01225102015754557	0	-0.02526356649168056
1.902	0	-0.1613489808984194	0	0	0	0.01223137732065146	0	-0.02525570539027496
1.903	0	-0.1615003278433249	0	0	0	0.01221171173154391	0	-0.02524784211057939
1.904	0	-0.1616517328831498	0	0	0	0.01219202346697283	0	-0.02523997695359413
1.905	0	-0.1618031960147401	0	0	0	0.01217231260380989	0	-0.02523210940444953
1.906	0	-0.1619547172349707	0	0	0	0.01215257921904997	0	-0.02522423981276441
1.907	0	-0.1621062965407454	0	0	0	0.01213282338980999	0	-0.02521636804260254
1.908	0	-0.1622579339289964	0	0	0	0.01211304519332922	0	-0.02520849389036224
1.909	0	-0.1624096293966848	0	0	0	0.01209324470696998	0	-0.02520061784950347
1.91	0	-0.1625613829408002	0	0	0	0.01207342200821609	0	-0.02519273938836322
1.911	0	-0.1627131945583614	0	0	0	0.01205357717467459	0	-0.02518485887311626
1.912	0	-0.1628650642464156	0	0	0	0.01203371028407437	0	-0.02517697611064535
1.913	0	-0.1630169920020388	0	0	0	0.0120138214142673	0	-0.02516909153142841
1.914	0	-0.1631689778223359	0	0	0	0.01199391064322663	0	-0.02516120450137658
1.915	0	-0.1633210217044404	0	0	0	0.01197397804904856	0	-0.0251533150360877
1.916	0	-0.1634731236455148	0	0	0	0.01195402370995224	0	-0.02514542388134366
1.917	0	-0.1636252836427501	0	0	0	0.01193404770427793	0	-0.02513753038848819
1.918	0	-0.1637775016933666	0	0	0	0.01191405011048916	0	-0.02512963502695248
1.919	0	-0.1639297777946127	0	0	0	0.01189403100717058	0	-0.02512173693934731
1.92	0	-0.1640821119437663	0	0	0	0.0118739904730307	0	-0.02511383707058435
1.921	0	-0.1642345041381338	0	0	0	0.01185392858689884	0	-0.0251059347653248
1.922	0	-0.1643869543750503	0	0	0	0.01183384542772715	0	-0.0250980300064055
1.923	0	-0.1645394626518802	0	0	0	0.01181374107459046	0	-0.02509012335057167
1.924	0	-0.1646920289660164	0	0	0	0.0117936156066851	0	-0.02508221454381127
1.925	0	-0.1648446533148806	0	0	0	0.01177346910332952	0	-0.02507430331217469
1.926	0	-0.1649973356959236	0	0	0	0.01175330164396494	0	-0.02506639007115461
1.927	0	-0.1651500761066249	0	0	0	0.01173311330815411	0	-0.02505847456932503
1.928	0	-0.165302874544493	0	0	0	0.01171290417558214	0	-0.02505055685629801
1.929	0	-0.1654557310070652	0	0	0	0.01169267432605615	0	-0.02504263693252655
1.93	0	-0.1656086454919077	0	0	0	0.01167242383950555	0	-0.02503471501312668
1.931	0	-0.1657616179966155	0	0	0	0.01165215279598097	0	-0.02502679049286691
1.932	0	-0.1659146485188125	0	0	0	0.01163186127565592	0	-0.02501886367118819
1.933	0	-0.1660677370561519	0	0	0	0.01161154935882579	0	-0.02501093485187533
1.934	0	-0.1662208836063152	0	0	0	0.01159121712590765	0	-0.02500300395437195
1.935	0	-0.1663740881670132	0	0	0	0.01157086465744003	0	-0.02499507044969404
1.936	0	-0.1665273507359856	0	0	0	0.01155049203408483	0	-0.02498713547458776
1.937	0	-0.1666806713110006	0	0	0	0.01153009933662364	0	-0.02497919772708077
1.938	0	-0.1668340498898559	0	0	0	0.01150968664596164	0	-0.02497125791971597
1.939	0	-0.1669874864703776	0	0	0	0.01148925404312492	0	-0.02496331577417049
1.94	0	-0.1671409810504212	0	0	0	0.01146880160926168	0	-0.02495537140299187
1.941	0	-0.1672945336278709	0	0	0	0.01144832942564188	0	-0.02494742499634279
1.942	0	-0.1674481442006397	0	0	0	0.01142783757365684	0	-0.02493947637179821
1.943	0	-0.1676018127666698	0	0	0	0.01140732613481957	0	-0.02493152540668418
1.944	0	-0.1677555393239319	0	0	0	0.0113867951907649	0	-0.02492357220212465
1.945	0	-0.1679093238704265	0	0	0	0.01136624482324935	0	-0.02491561702359547
1.946	0	-0.1680631664041816	0	0	0	0.01134567511414998	0	-0.02490765900559573
1.947	0	-0.1682170669232558	0	0	0	0.01132508614546709	0	-0.02489969927098624
1.948	0	-0.1683710254257355	0	0	0	0.01130447799932074	0	-0.02489173702182649
1.949	0	-0.1685250419097362	0	0	0	0.01128385075795331	0	-0.02488377253225193
1.95	0	-0.1686791163734028	0	0	0	0.01126320450372836	0	-0.02487580580588282
1.951	0	-0.1688332488149087	0	0	0	0.01124253931913072	0	-0.02486783685482747
1.952	0	-0.1689874392324565	0	0	0	0.01122185528676658	0	-0.02485986576862553
1.953	0	-0.1691416876242775	0	0	0	0.01120115248936312	0	-0.02485189238409294
1.954	0	-0.169295993988632	0	0	0	0.01118043100976883	0	-0.02484391665429015
1.955	0	-0.1694503583238095	0	0	0	0.01115969093095355	0	-0.02483593880082868
1.956	0	-0.1696047806281279	0	0	0	0.01113893233600758	0	-0.02482795835372892
1.957	0	-0.1697592608999346	0	0	0	0.01111815530814307	0	-0.02481997575867964
1.958	0	-0.1699137991376055	0	0	0	0.01109735993069295	0	-0.0248119912013033
1.959	0	-0.1700683953395458	0	0	0	0.01107654628711027	0	-0.02480400403629702
1.96	0	-0.170223049504189	0	0	0	0.01105571446096964	0	-0.02479601431859827
1.961	0	-0.1703777616299985	0	0	0	0.01103486453596722	0	-0.02478802296145612
1.962	0	-0.1705325317154655	0	0	0	0.01101399659591848	0	-0.02478002922594643
1.963	0	-0.170687359759111	0	0	0	0.01099311072476016	0	-0.02477203303334617
1.964	0	-0.1708422457594844	0	0	0	0.01097220700655014	0	-0.02476403481301567
1.965	0	-0.1709971897151643	0	0	0	0.0109512855254664	0	-0.02475603449555157
1.966	0	-0.1711521916247578	0	0	0	0.01093034636580708	0	-0.02474803155507016
1.967	0	-0.1713072514869013	0	0	0	0.01090938961199155	0	-0.02474002636765125
1.968	0	-0.1714623693002597	0	0	0	0.01088841534855928	0	-0.02473201890811831
1.969	0	-0.1716175450635272	0	0	0	0.01086742366016993	0	-0.02472400904328866
1.97	0	-0.1717727787754265	0	0	0	0.01084641463160374	0	-0.02471599692567964
1.971	0	-0.1719280704347096	0	0	0	0.01082538834776098	0	-0.02470798252979587
1.972	0	-0.1720834200401568	0	0	0	0.01080434489366197	0	-0.02469996573007899
1.973	0	-0.1722388275905778	0	0	0	0.0107832843544479	0	-0.0246919472681093
1.974	0	-0.1723942930848106	0	0	0	0.01076220681537827	0	-0.0246839260183459
1.975	0	-0.1725498165217224	0	0	0	0.01074111236183406	0	-0.02467590258239185
1.976	0	-0.1727053979002089	0	0	0	0.01072000107931529	0	-0.02466787662431719
1.977	0	-0.1728610372191952	0	0	0	0.01069887305344217	0	-0.02465984826362244
1.978	0	-0.1730167344776347	0	0	0	0.01067772836995485	0	-0.02465181784929274
1.979	0	-0.1731724896745097	0	0	0	0.01065656711471247	0	-0.02464378506374076
1.98	0	-0.1733283028088313	0	0	0	0.010635389373694	0	-0.02463574982345975
1.981	0	-0.1734841738796393	0	0	0	0.01061419523299814	0	-0.02462771237115778
1.982	0	-0.1736401028860025	0	0	0	0.01059298477884256	0	-0.02461967243323139
1.983	0	-0.1737960898270183	0	0	0	0.01057175809756487	0	-0.02461163043726772
1.984	0	-0.1739521347018128	0	0	0	0.01055051527562129	0	-0.02460358614131912
1.985	0	-0.1741082375095407	0	0	0	0.01052925639958721	0	-0.02459553950142387
1.986	0	-0.1742643982493855	0	0	0	0.01050798155615666	0	-0.0245874905171497
1.987	0	-0.174420616920559	0	0	0	0.0104866908321418	0	-0.02457943908892303
1.988	0	-0.1745768935223015	0	0	0	0.01046538431447268	0	-0.02457138516276407
1.989	0	-0.1747332280538817	0	0	0	0.0104440620901973	0	-0.02456332926101763
1.99	0	-0.1748896205145961	0	0	0	0.01042272424647973	0	-0.02455527085320195
1.991	0	-0.1750460709037697	0	0	0	0.01040137087060129	0	-0.02454721010572275
1.992	0	-0.1752025792207549	0	0	0	0.01038000204995933	0	-0.02453914695210734
1.993	0	-0.1753591454649327	0	0	0	0.01035861787206734	0	-0.02453108168346392
1.994	0	-0.1755157696357111	0	0	0	0.01033721842455357	0	-0.02452301392546595
1.995	0	-0.1756724517325262	0	0	0	0.0103158037951617	0	-0.02451494374702566
1.996	0	-0.1758291917548413	0	0	0	0.01029437407175004	0	-0.02450687130003304
1.997	0	-0.1759859897021473	0	0	0	0.01027292934229052	0	-0.02449879614490415
1.998	0	-0.1761428455739625	0	0	0	0.01025146969487006	0	-0.02449071920504487
1.999	0	-0.1762997593698318	0	0	0	0.01022999521768726	0	-0.02448263961945155
2	0	-0.1764567310893275	0	0	0	0.01020850599905418	0	-0.02447455715378616
2.001	0	-0.1766137607320491	0	0	0	0.01018700212739618	0	-0.02446647245572553
2.002	0	-0.1767708482976227	0	0	0	0.01016548369125012	0	-0.02445838559591252
2.003	0	-0.1769279937857008	0	0	0	0.01014395077926408	0	-0.02445029617997561
2.004	0	-0.1770851971959629	0	0	0	0.01012240348019779	0	-0.02444220433380047
2.005	0	-0.1772424585281147	0	0	0	0.01010084188292164	0	-0.02443411007315727
2.006	0	-0.1773997777818885	0	0	0	0.01007926607641632	0	-0.0244260133656467
2.007	0	-0.1775571549570423	0	0	0	0.01005767614977246	0	-0.02441791420842027
2.008	0	-0.1777145900533607	0	0	0	0.01003607219219009	0	-0.02440981255707161
2.009	0	-0.1778720830706542	0	0	0	0.01001445429297838	0	-0.02440170847875364
2.01	0	-0.1780296340087591	0	0	0	0.00999282254155508	0	-0.0243936020280527
2.011	0	-0.1781872428675372	0	0	0	0.009971177027445814	0	-0.02438549294214573
2.012	0	-0.1783449096468763	0	0	0	0.009949517840284245	0	-0.02437738133062838
2.013	0	-0.1785026343466896	0	0	0	0.009927845069811606	0	-0.0243692676201356
2.014	0	-0.1786604169669154	0	0	0	0.009906158805874848	0	-0.02436115105468851
2.015	0	-0.1788182575075174	0	0	0	0.009884459138428399	0	-0.0243530320246788
2.016	0	-0.1789761559684845	0	0	0	0.009862746157532281	0	-0.02434491059006917
2.017	0	-0.1791341123498307	0	0	0	0.009841019953351925	0	-0.02433678672977095
2.018	0	-0.1792921266515947	0	0	0	0.009819280616157873	0	-0.0243286604950901
2.019	0	-0.1794501988738398	0	0	0	0.009797528236324942	0	-0.02432053158289541
2.02	0	-0.1796083290166541	0	0	0	0.009775762904332387	0	-0.02431240007369111
2.021	0	-0.1797665170801504	0	0	0	0.009753984710763492	0	-0.02430426638938186
2.022	0	-0.1799247630644654	0	0	0	0.009732193746303791	0	-0.024296129945135
2.023	0	-0.1800830669697604	0	0	0	0.009710390101742197	0	-0.02428799078422276
2.024	0	-0.1802414287962207	0	0	0	0.009688573867970307	0	-0.02427984939692809
2.025	0	-0.1803998485440558	0	0	0	0.009666745135980979	0	-0.02427170563714549
2.026	0	-0.1805583262134983	0	0	0	0.009644903996867822	0	-0.02426355873104815
2.027	0	-0.1807168618048054	0	0	0	0.009623050541826874	0	-0.02425540947245716
2.028	0	-0.1808754553182576	0	0	0	0.009601184862153646	0	-0.02424725766005698
2.029	0	-0.1810341067541586	0	0	0	0.009579307049243688	0	-0.02423910315963404
2.03	0	-0.181192816112836	0	0	0	0.009557417194592348	0	-0.02423094615607677
2.031	0	-0.18135158339464	0	0	0	0.00953551538979377	0	-0.02422278656234449
2.032	0	-0.1815104085999442	0	0	0	0.009513601726540711	0	-0.02421462437456195
2.033	0	-0.181669291729145	0	0	0	0.009491676296624117	0	-0.02420645968710359
2.034	0	-0.1818282327826618	0	0	0	0.009469739191932218	0	-0.02419829227588978
2.035	0	-0.1819872317609363	0	0	0	0.0094477905044508	0	-0.02419012233049406
2.036	0	-0.182146288664433	0	0	0	0.009425830326261963	0	-0.02418194972765862
2.037	0	-0.182305403493639	0	0	0	0.009403858749544063	0	-0.0241737744275866
2.038	0	-0.1824645762490632	0	0	0	0.009381875866571219	0	-0.02416559647956922
2.039	0	-0.182623806931237	0	0	0	0.009359881769712926	0	-0.02415741610454158
2.04	0	-0.1827830955407134	0	0	0	0.009337876551432827	0	-0.02414923295651972
2.041	0	-0.1829424420780676	0	0	0	0.009315860304288994	0	-0.02414104689673962
2.042	0	-0.1831018465438966	0	0	0	0.009293833120933888	0	-0.02413285850229132
2.043	0	-0.1832613089388185	0	0	0	0.009271795094112485	0	-0.02412466754230878
2.044	0	-0.1834208292634734	0	0	0	0.009249746316662434	0	-0.02411647376094969
2.045	0	-0.1835804075185223	0	0	0	0.009227686881514112	0	-0.02410827738732007
2.046	0	-0.1837400437046476	0	0	0	0.009205616881689348	0	-0.02410007833776168
2.047	0	-0.1838997378225523	0	0	0	0.00918353641030098	0	-0.02409187626993223
2.048	0	-0.1840594898729611	0	0	0	0.009161445560553911	0	-0.02408367222932166
2.049	0	-0.1842192998566184	0	0	0	0.009139344425741153	0	-0.02407546501843534
2.05	0	-0.1843791677742901	0	0	0	0.009117233099247142	0	-0.02406725519527034
2.051	0	-0.1845390936267621	0	0	0	0.009095111674544885	0	-0.02405904264607044
2.052	0	-0.1846990774148405	0	0	0	0.009072980245196299	0	-0.02405082740161099
2.053	0	-0.184859119139352	0	0	0	0.009050838904851283	0	-0.02404260928392964
2.054	0	-0.185019218801143	0	0	0	0.009028687747248082	0	-0.02403438876535956
2.055	0	-0.18517937640108	0	0	0	0.00900652686621152	0	-0.02402616568936665
2.056	0	-0.1853395919400487	0	0	0	0.008984356355652513	0	-0.02401793925927377
2.057	0	-0.1854998654189551	0	0	0	0.008962176309569652	0	-0.02400971029489224
2.058	0	-0.1856601968387241	0	0	0	0.008939986822046041	0	-0.02400147841125487
2.059	0	-0.1858205862003005	0	0	0	0.008917787987250517	0	-0.02399324389177107
2.06	0	-0.1859810335046475	0	0	0	0.008895579899436158	0	-0.023985006598956
2.061	0	-0.1861415387527477	0	0	0	0.008873362652940239	0	-0.02397676655635998
2.062	0	-0.1863021019456026	0	0	0	0.008851136342183442	0	-0.02396852363441032
2.063	0	-0.1864627230842325	0	0	0	0.008828901061669808	0	-0.02396027806644571
2.064	0	-0.1866234021696757	0	0	0	0.008806656905985451	0	-0.0239520296146099
2.065	0	-0.1867841392029893	0	0	0	0.008784403969798732	0	-0.02394377837063732
2.066	0	-0.1869449341852489	0	0	0	0.008762142347859499	0	-0.0239355244884293
2.067	0	-0.1871057871175476	0	0	0	0.008739872134997896	0	-0.02392726750420917
2.068	0	-0.1872666980009968	0	0	0	0.008717593426125186	0	-0.02391900772577802
2.069	0	-0.1874276668367256	0	0	0	0.008695306316232193	0	-0.02391074522888007
2.07	0	-0.187588693625881	0	0	0	0.008673010900389065	0	-0.02390248012171647
2.071	0	-0.187749778369627	0	0	0	0.008650707273744012	0	-0.02389421184057568
2.072	0	-0.1879109210691453	0	0	0	0.008628395531524499	0	-0.02388594089944093
2.073	0	-0.1880721217256346	0	0	0	0.008606075769035059	0	-0.02387766724686034
2.074	0	-0.1882333803403108	0	0	0	0.00858374808165706	0	-0.02386939055895407
2.075	0	-0.1883946969144063	0	0	0	0.008561412564848821	0	-0.02386111094028765
2.076	0	-0.1885560714491707	0	0	0	0.008539069314144884	0	-0.02385282872095554
2.077	0	-0.1887175039458695	0	0	0	0.008516718425154453	0	-0.02384454344798035
2.078	0	-0.1888789944057853	0	0	0	0.008494359993562153	0	-0.02383625523707426
2.079	0	-0.1890405428302165	0	0	0	0.008471994115126879	0	-0.02382796415353126
2.08	0	-0.1892021492204776	0	0	0	0.008449620885681243	0	-0.0238196701876927
2.081	0	-0.1893638135778991	0	0	0	0.008427240401130827	0	-0.02381137312526416
2.082	0	-0.1895255359038275	0	0	0	0.008404852757454877	0	-0.02380307381269205
2.083	0	-0.1896873161996242	0	0	0	0.008382458050702667	0	-0.02379477098284608
2.084	0	-0.1898491544666666	0	0	0	0.008360056376996964	0	-0.0237864654234248
2.085	0	-0.1900110507063473	0	0	0	0.00833764783253072	0	-0.02377815715856418
2.086	0	-0.1901730049200737	0	0	0	0.008315232513566645	0	-0.02376984559565485
2.087	0	-0.1903350171092685	0	0	0	0.008292810516438225	0	-0.02376153116332138
2.088	0	-0.190497087275369	0	0	0	0.008270381937547783	0	-0.02375321388529369
2.089	0	-0.1906592154198269	0	0	0	0.008247946873366021	0	-0.02374489354506288
2.09	0	-0.1908214015441088	0	0	0	0.008225505420432013	0	-0.02373657025525269
2.091	0	-0.1909836456496954	0	0	0	0.008203057675352277	0	-0.02372824409685255
2.092	0	-0.191145947738081	0	0	0	0.008180603734799861	0	-0.02371991476388178
2.093	0	-0.1913083078107747	0	0	0	0.008158143695514649	0	-0.02371158252278224
2.094	0	-0.1914707258692987	0	0	0	0.008135677654301855	0	-0.02370324723817461
2.095	0	-0.1916332019151893	0	0	0	0.00811320570803219	0	-0.02369490916223587
2.096	0	-0.1917957359499957	0	0	0	0.008090727953640244	0	-0.02368656784138525
2.097	0	-0.1919583279752807	0	0	0	0.008068244488125202	0	-0.02367822353347809
2.098	0	-0.1921209779926202	0	0	0	0.008045755408549281	0	-0.02366987615176189
2.099	0	-0.1922836860036031	0	0	0	0.008023260812038016	0	-0.02366152621866161
2.1	0	-0.1924464520098307	0	0	0	0.008000760795777889	0	-0.02365317297765234
2.101	0	-0.1926092760129172	0	0	0	0.007978255457018029	0	-0.02364481683999932
2.102	0	-0.1927721580144889	0	0	0	0.007955744893067732	0	-0.02363645741331934
2.103	0	-0.1929350980161848	0	0	0	0.007933229201297458	0	-0.02362809515655253
2.104	0	-0.1930980960196554	0	0	0	0.007910708479136665	0	-0.02361972974148985
2.105	0	-0.1932611520265634	0	0	0	0.007888182824074318	0	-0.02361136128188032
2.106	0	-0.1934242660385834	0	0	0	0.007865652333657791	0	-0.02360298976724191
2.107	0	-0.193587438057401	0	0	0	0.00784311710549216	0	-0.02359461500369683
2.108	0	-0.1937506680847135	0	0	0	0.007820577237240637	0	-0.02358623763930622
2.109	0	-0.1939139561222293	0	0	0	0.007798032826621682	0	-0.02357785690357193
2.11	0	-0.1940773021716677	0	0	0	0.007775483971410859	0	-0.02356947311362287
2.111	0	-0.1942407062347591	0	0	0	0.007752930769438766	0	-0.0235610861958061
2.112	0	-0.1944041683132442	0	0	0	0.00773037331859097	0	-0.02355269622432457
2.113	0	-0.1945676884088741	0	0	0	0.007707811716806824	0	-0.0235443029133463
2.114	0	-0.1947312665234108	0	0	0	0.007685246062080054	0	-0.02353590680962412
2.115	0	-0.1948949026586258	0	0	0	0.007662676452456546	0	-0.02352750771305532
2.116	0	-0.1950585968163004	0	0	0	0.007640102986034072	0	-0.02351910498711453
2.117	0	-0.1952223489982259	0	0	0	0.007617525760963276	0	-0.02351069928538527
2.118	0	-0.1953861592062034	0	0	0	0.007594944875444907	0	-0.02350229032385669
2.119	0	-0.1955500274420431	0	0	0	0.007572360427730447	0	-0.02349387820636295
2.12	0	-0.1957139537075641	0	0	0	0.007549772516121285	0	-0.02348546318474709
2.121	0	-0.1958779380045946	0	0	0	0.007527181238966989	0	-0.0234770446232739
2.122	0	-0.1960419803349722	0	0	0	0.00750458669466684	0	-0.02346862317264684
2.123	0	-0.1962060807005423	0	0	0	0.007481988981666758	0	-0.02346019831807296
2.124	0	-0.1963702391031591	0	0	0	0.007459388198460887	0	-0.02345177062328412
2.125	0	-0.1965344555446851	0	0	0	0.007436784443588891	0	-0.02344333968201961
2.126	0	-0.1966987300269907	0	0	0	0.007414177815636702	0	-0.02343490552551367
2.127	0	-0.1968630625519541	0	0	0	0.007391568413235387	0	-0.02342646814965677
2.128	0	-0.1970274531214612	0	0	0	0.007368956335060281	0	-0.02341802725509241
2.129	0	-0.1971919017374056	0	0	0	0.00734634167983136	0	-0.02340958336533053
2.13	0	-0.1973564084016879	0	0	0	0.00732372454631129	0	-0.02340113647683489
2.131	0	-0.197520973116216	0	0	0	0.007301105033304762	0	-0.02339268607805897
2.132	0	-0.1976855958829044	0	0	0	0.007278483239659084	0	-0.02338423238176408
2.133	0	-0.1978502767036747	0	0	0	0.007255859264262923	0	-0.02337577579242234
2.134	0	-0.1980150155804545	0	0	0	0.007233233206044595	0	-0.02336731581481578
2.135	0	-0.1981798125151783	0	0	0	0.007210605163972774	0	-0.02335885247488493
2.136	0	-0.1983446675097863	0	0	0	0.007187975237055607	0	-0.02335038605501059
2.137	0	-0.1985095805662245	0	0	0	0.007165343524339093	0	-0.02334191621791569
2.138	0	-0.1986745516864452	0	0	0	0.00714271012490752	0	-0.0233334430793024
2.139	0	-0.1988395808724057	0	0	0	0.007120075137882419	0	-0.02332496686814714
2.14	0	-0.1990046681260687	0	0	0	0.007097438662421251	0	-0.02331648725608559
2.141	0	-0.1991698134494023	0	0	0	0.007074800797717536	0	-0.02330800423070008
2.142	0	-0.1993350168443791	0	0	0	0.007052161643000427	0	-0.0232995183203644
2.143	0	-0.1995002783129767	0	0	0	0.00702952129753205	0	-0.02329102864399353
2.144	0	-0.1996655978571772	0	0	0	0.007006879860609621	0	-0.02328253568234892
2.145	0	-0.1998309754789668	0	0	0	0.006984237431562826	0	-0.02327403941514627
2.146	0	-0.1999964111803363	0	0	0	0.006961594109753689	0	-0.02326553983488627
2.147	0	-0.2001619049632799	0	0	0	0.006938949994575756	0	-0.02325703686738597
2.148	0	-0.2003274568297959	0	0	0	0.006916305185454261	0	-0.02324853118205711
2.149	0	-0.2004930667818854	0	0	0	0.006893659781842683	0	-0.02324002153381662
2.15	0	-0.2006587348215536	0	0	0	0.006871013883226033	0	-0.02323150869577916
2.151	0	-0.2008244609508085	0	0	0	0.006848367589116985	0	-0.02322299232687811
2.152	0	-0.2009902451716606	0	0	0	0.006825720999056739	0	-0.02321447251692312
2.153	0	-0.2011560874861238	0	0	0	0.006803074212614035	0	-0.02320594955119549
2.154	0	-0.2013219878962139	0	0	0	0.006780427329383729	0	-0.02319742317799511
2.155	0	-0.2014879464039492	0	0	0	0.006757780448986714	0	-0.02318889326155287
2.156	0	-0.2016539630113497	0	0	0	0.006735133671069516	0	-0.02318036005922047
2.157	0	-0.2018200377204375	0	0	0	0.00671248709530258	0	-0.02317182329288708
2.158	0	-0.2019861705332365	0	0	0	0.006689840821380835	0	-0.02316328338323581
2.159	0	-0.2021523614517718	0	0	0	0.006667194949021558	0	-0.02315474008195361
2.16	0	-0.2023186104780694	0	0	0	0.006644549577964569	0	-0.02314619334121144
2.161	0	-0.2024849176141567	0	0	0	0.00662190480797128	0	-0.02313764315810186
2.162	0	-0.2026512828620615	0	0	0	0.006599260738823898	0	-0.02312908946462651
2.163	0	-0.2028177062238127	0	0	0	0.006576617470324643	0	-0.02312053211244693
2.164	0	-0.2029841877014389	0	0	0	0.006553975102295878	0	-0.02311197169090073
2.165	0	-0.2031507272969691	0	0	0	0.006531333734577433	0	-0.02310340765585427
2.166	0	-0.2033173250124321	0	0	0	0.006508693467027564	0	-0.02309483999160547
2.167	0	-0.2034839808498569	0	0	0	0.006486054399522183	0	-0.02308626919627485
2.168	0	-0.203650694811271	0	0	0	0.006463416631952797	0	-0.02307769493919145
2.169	0	-0.2038174668987018	0	0	0	0.006440780264226643	0	-0.02306911701513759
2.17	0	-0.2039842971141756	0	0	0	0.006418145396266515	0	-0.02306053584272245
2.171	0	-0.2041511854597175	0	0	0	0.006395512128008731	0	-0.02305195124692049
2.172	0	-0.2043181319373506	0	0	0	0.006372880559402808	0	-0.02304336283593165
2.173	0	-0.2044851365490975	0	0	0	0.006350250790411949	0	-0.02303477129178208
2.174	0	-0.2046521992969778	0	0	0	0.006327622921009786	0	-0.02302617586114318
2.175	0	-0.2048193201830099	0	0	0	0.006304997051182352	0	-0.02301757708182895
2.176	0	-0.2049864992092091	0	0	0	0.006282373280925303	0	-0.02300897475094208
2.177	0	-0.2051537363775885	0	0	0	0.006259751710244075	0	-0.02300036890251253
2.178	0	-0.2053210316901586	0	0	0	0.006237132439152801	0	-0.02299175944875901
2.179	0	-0.2054883851489265	0	0	0	0.006214515567673792	0	-0.02298314645156358
2.18	0	-0.2056557967558964	0	0	0	0.006191901195836472	0	-0.02297452983472149
2.181	0	-0.205823266513069	0	0	0	0.006169289423677215	0	-0.02296590995648583
2.182	0	-0.2059907944224408	0	0	0	0.006146680351237123	0	-0.02295728624696017
2.183	0	-0.2061583804860052	0	0	0	0.006124074078563292	0	-0.02294865917717492
2.184	0	-0.206326024705751	0	0	0	0.006101470705706254	0	-0.02294002853843047
2.185	0	-0.2064937270836622	0	0	0	0.006078870332719878	0	-0.02293139408523579
2.186	0	-0.2066614876217191	0	0	0	0.006056273059660993	0	-0.02292275597580574
2.187	0	-0.2068293063218965	0	0	0	0.006033678986588501	0	-0.02291411466139678
2.188	0	-0.2069971831861642	0	0	0	0.006011088213561198	0	-0.02290546953513355
2.189	0	-0.2071651182164867	0	0	0	0.005988500840638764	0	-0.02289682063922098
2.19	0	-0.2073331114148232	0	0	0	0.005965916967880691	0	-0.02288816846569769
2.191	0	-0.2075011627831268	0	0	0	0.005943336695344059	0	-0.02287951250616584
2.192	0	-0.2076692723233448	0	0	0	0.005920760123084554	0	-0.02287085307104979
2.193	0	-0.2078374400374178	0	0	0	0.005898187351154394	0	-0.02286218999484389
2.194	0	-0.2080056659272803	0	0	0	0.005875618479602112	0	-0.0228535232734725
2.195	0	-0.2081739499948599	0	0	0	0.005853053608471335	0	-0.02284485262492151
2.196	0	-0.2083422922420775	0	0	0	0.005830492837801025	0	-0.02283617853594748
2.197	0	-0.2085106926708464	0	0	0	0.005807936267623433	0	-0.02282750101353574
2.198	0	-0.2086791512830724	0	0	0	0.005785383997963188	0	-0.02281881956129773
2.199	0	-0.2088476680806537	0	0	0	0.005762836128837765	0	-0.02281013438760498
2.2	0	-0.2090162430654809	0	0	0	0.005740292760256148	0	-0.02280144591128927
2.201	0	-0.209184876239436	0	0	0	0.005717753992216841	0	-0.02279275360683088
2.202	0	-0.2093535676043924	0	0	0	0.005695219924708616	0	-0.0227840575816493
2.203	0	-0.2095223171622151	0	0	0	0.005672690657709013	0	-0.02277535788197635
2.204	0	-0.2096911249147604	0	0	0	0.005650166291183602	0	-0.02276665460118536
2.205	0	-0.2098599908638749	0	0	0	0.00562764692508485	0	-0.02275794755037736
2.206	0	-0.210028915011396	0	0	0	0.005605132659351648	0	-0.02274923666922389
2.207	0	-0.2101978973591516	0	0	0	0.005582623593908757	0	-0.02274052225378672
2.208	0	-0.2103669379089594	0	0	0	0.00556011982866534	0	-0.022731804367652
2.209	0	-0.2105360366626269	0	0	0	0.005537621463513754	0	-0.02272308245144874
2.21	0	-0.2107051936219513	0	0	0	0.005515128598330063	0	-0.02271435668962869
2.211	0	-0.2108744087887193	0	0	0	0.005492641332972534	0	-0.02270562733474074
2.212	0	-0.2110436821647065	0	0	0	0.005470159767280192	0	-0.02269689414955077
2.213	0	-0.211213013751677	0	0	0	0.005447684001072861	0	-0.02268815722393596
2.214	0	-0.2113824035513842	0	0	0	0.005425214134150052	0	-0.02267941679189819
2.215	0	-0.211551851565569	0	0	0	0.005402750266289354	0	-0.02267067245286537
2.216	0	-0.2117213577959611	0	0	0	0.005380292497247028	0	-0.02266192459946091
2.217	0	-0.2118909222442772	0	0	0	0.005357840926755177	0	-0.0226531724709281
2.218	0	-0.2120605449122222	0	0	0	0.005335395654523505	0	-0.02264441674073357
2.219	0	-0.2122302258014882	0	0	0	0.005312956780236312	0	-0.02263565740922012
2.22	0	-0.2123999649137539	0	0	0	0.005290524403551732	0	-0.02262689392651327
2.221	0	-0.2125697622506853	0	0	0	0.00526809862410261	0	-0.02261812683658387
2.222	0	-0.2127396178139346	0	0	0	0.005245679541493673	0	-0.02260935593994554
2.223	0	-0.2129095316051404	0	0	0	0.00522326725530197	0	-0.0226005815234275
2.224	0	-0.213079503625927	0	0	0	0.005200861865074588	0	-0.02259180302003289
2.225	0	-0.2132495338779047	0	0	0	0.005178463470329379	0	-0.02258302051923044
2.226	0	-0.2134196223626694	0	0	0	0.005156072170554116	0	-0.02257423484794895
2.227	0	-0.2135897690818018	0	0	0	0.005133688065202842	0	-0.02256544487626969
2.228	0	-0.2137599740368677	0	0	0	0.005111311253698518	0	-0.02255665093120333
2.229	0	-0.213930237229418	0	0	0	0.005088941835431081	0	-0.02254785372628425
2.23	0	-0.2141005586609871	0	0	0	0.005066579909754302	0	-0.02253905228560264
2.231	0	-0.2142709383330944	0	0	0	0.005044225575988347	0	-0.02253024718123054
2.232	0	-0.2144413762472429	0	0	0	0.005021878933416431	0	-0.0225214382275605
2.233	0	-0.214611872404919	0	0	0	0.004999540081284949	0	-0.02251262540996829
2.234	0	-0.2147824268075926	0	0	0	0.004977209118802178	0	-0.02250380855708193
2.235	0	-0.2149530394567168	0	0	0	0.004954886145138178	0	-0.02249498807054881
2.236	0	-0.2151237103537274	0	0	0	0.004932571259422418	0	-0.02248616353703781
2.237	0	-0.2152944395000425	0	0	0	0.004910264560744378	0	-0.02247733512425324
2.238	0	-0.2154652268970629	0	0	0	0.004887966148152027	0	-0.02246850305102656
2.239	0	-0.215636072546171	0	0	0	0.00486567612064996	0	-0.02245966663513151
2.24	0	-0.2158069764487315	0	0	0	0.004843394577201184	0	-0.02245082687665345
2.241	0	-0.2159779386060897	0	0	0	0.004821121616722803	0	-0.02244198318520837
2.242	0	-0.2161489590195728	0	0	0	0.004798857338087245	0	-0.0224331354707665
2.243	0	-0.2163200376904884	0	0	0	0.004776601840121073	0	-0.02242428384592316
2.244	0	-0.2164911746201252	0	0	0	0.004754355221603636	0	-0.02241542823417205
2.245	0	-0.2166623698097518	0	0	0	0.004732117581266915	0	-0.02240656905539839
2.246	0	-0.2168336232606171	0	0	0	0.004709889017792827	0	-0.02239770560001567
2.247	0	-0.2170049349739497	0	0	0	0.004687669629814695	0	-0.02238883826415897
2.248	0	-0.2171763049509581	0	0	0	0.004665459515914763	0	-0.02237996709349353
2.249	0	-0.2173477331928293	0	0	0	0.004643258774623282	0	-0.02237109174458458
2.25	0	-0.2175192197007299	0	0	0	0.004621067504418612	0	-0.02236221253468102
2.251	0	-0.217690764475805	0	0	0	0.004598885803725235	0	-0.02235332939220513
2.252	0	-0.2178623675191782	0	0	0	0.004576713770913279	0	-0.02234444231623417
2.253	0	-0.2180340288319508	0	0	0	0.004554551504297674	0	-0.02233555142127221
2.254	0	-0.2182057484152026	0	0	0	0.004532399102137058	0	-0.02232665684463622
2.255	0	-0.21837752626999	0	0	0	0.004510256662631536	0	-0.02231775749298705
2.256	0	-0.218549362397348	0	0	0	0.004488124283925673	0	-0.02230885475447195
2.257	0	-0.2187212567982874	0	0	0	0.004466002064102968	0	-0.0222999481513287
2.258	0	-0.218893209473796	0	0	0	0.004443890101186666	0	-0.02229103705754935
2.259	0	-0.2190652204248386	0	0	0	0.004421788493140543	0	-0.02228212227538779
2.26	0	-0.2192372896523557	0	0	0	0.004399697337865236	0	-0.02227320351348764
2.261	0	-0.2194094171572634	0	0	0	0.004377616733198714	0	-0.02226428067686262
2.262	0	-0.2195816029404538	0	0	0	0.004355546776915458	0	-0.02225535404561445
2.263	0	-0.219753847002794	0	0	0	0.004333487566724233	0	-0.02224642304809822
2.264	0	-0.2199261493451262	0	0	0	0.004311439200269112	0	-0.0222374881390217
2.265	0	-0.2200985099682676	0	0	0	0.004289401775127327	0	-0.02222854964788932
2.266	0	-0.220270928873009	0	0	0	0.004267375388807117	0	-0.0222196067063014
2.267	0	-0.220443406060116	0	0	0	0.004245360138749176	0	-0.02221065948288136
2.268	0	-0.2206159415303282	0	0	0	0.004223356122325332	0	-0.02220170886902685
2.269	0	-0.2207885352843579	0	0	0	0.004201363436835107	0	-0.02219275410895151
2.27	0	-0.2209611873228913	0	0	0	0.004179382179507152	0	-0.02218379512643889
2.271	0	-0.2211338976465874	0	0	0	0.004157412447498145	0	-0.02217483235230528
2.272	0	-0.221306666256078	0	0	0	0.004135454337890721	0	-0.02216586571705736
2.273	0	-0.2214794931519669	0	0	0	0.004113507947692603	0	-0.02215689470890126
2.274	0	-0.22165237833483	0	0	0	0.004091573373836936	0	-0.02214791966656969
2.275	0	-0.2218253218052155	0	0	0	0.004069650713180134	0	-0.02213894063198144
2.276	0	-0.2219983235636426	0	0	0	0.004047740062500955	0	-0.02212995741622548
2.277	0	-0.2221713836106018	0	0	0	0.004025841518500176	0	-0.02212097018806328
2.278	0	-0.2223445019465545	0	0	0	0.004003955177798964	0	-0.02211197891595484
2.279	0	-0.2225176785719327	0	0	0	0.003982081136937937	0	-0.02210298337643678
2.28	0	-0.2226909134871392	0	0	0	0.003960219492377507	0	-0.02209398441573728
2.281	0	-0.2228642066925454	0	0	0	0.003938370340493809	0	-0.0220849810286184
2.282	0	-0.2230375581884938	0	0	0	0.003916533777581208	0	-0.02207597368605423
2.283	0	-0.2232109679752956	0	0	0	0.003894709899848867	0	-0.02206696201428951
2.284	0	-0.2233844360532314	0	0	0	0.003872898803421137	0	-0.02205794610287575
2.285	0	-0.2235579624225505	0	0	0	0.00385110058433652	0	-0.0220489264308962
2.286	0	-0.2237315470834705	0	0	0	0.00382931533854519	0	-0.02203990253735207
2.287	0	-0.2239051900361775	0	0	0	0.00380754316190954	0	-0.02203087442738257
2.288	0	-0.2240788912808255	0	0	0	0.003785784150203033	0	-0.02202184244721011
2.289	0	-0.2242526508175356	0	0	0	0.003764038399108259	0	-0.02201280637450233
2.29	0	-0.2244264686463966	0	0	0	0.003742306004216444	0	-0.02200376594262689
2.291	0	-0.2246003447674644	0	0	0	0.003720587061027337	0	-0.02199472164101825
2.292	0	-0.2247742791807614	0	0	0	0.003698881664946471	0	-0.02198567311651176
2.293	0	-0.2249482718862761	0	0	0	0.00367718991128558	0	-0.02197662046212647
2.294	0	-0.2251223228839636	0	0	0	0.003655511895260957	0	-0.02196756367829645
2.295	0	-0.2252964321737443	0	0	0	0.003633847711992698	0	-0.02195850288145249
2.296	0	-0.2254705997555043	0	0	0	0.00361219745650318	0	-0.021949437840429
2.297	0	-0.2256448256290948	0	0	0	0.003590561223716627	0	-0.02194036848120366
2.298	0	-0.2258191097943319	0	0	0	0.003568939108458395	0	-0.02193129521722525
2.299	0	-0.225993452250996	0	0	0	0.003547331205452754	0	-0.02192221779925077
2.3	0	-0.2261678529988322	0	0	0	0.003525737609322867	0	-0.02191313625699134
2.301	0	-0.2263423120375488	0	0	0	0.003504158414589465	0	-0.02190405057603688
2.302	0	-0.2265168293668183	0	0	0	0.003482593715669642	0	-0.02189496058677298
2.303	0	-0.2266914049862763	0	0	0	0.003461043606876579	0	-0.021885866611828
2.304	0	-0.2268660388955215	0	0	0	0.003439508182417291	0	-0.0218767683474368
2.305	0	-0.2270407310941152	0	0	0	0.003417987536393169	0	-0.02186766627394239
2.306	0	-0.2272154815815806	0	0	0	0.003396481762796502	0	-0.02185855945362669
2.307	0	-0.2273902903574039	0	0	0	0.003374990955512965	0	-0.02184944872072528
2.308	0	-0.2275651574210324	0	0	0	0.003353515208317909	0	-0.02184033423274426
2.309	0	-0.227740082771875	0	0	0	0.003332054614875298	0	-0.02183121543623365
2.31	0	-0.2279150664093015	0	0	0	0.003310609268738008	0	-0.02182209226566144
2.311	0	-0.2280901083326428	0	0	0	0.003289179263346517	0	-0.02181296493305033
2.312	0	-0.2282652085411902	0	0	0	0.003267764692027455	0	-0.02180383350809887
2.313	0	-0.2284403670341951	0	0	0	0.003246365647992459	0	-0.0217946978375959
2.314	0	-0.2286155838108689	0	0	0	0.003224982224337679	0	-0.02178555800390352
2.315	0	-0.2287908588703824	0	0	0	0.00320361451404233	0	-0.0217764140000541
2.316	0	-0.2289661922118658	0	0	0	0.003182262609967707	0	-0.0217672657450556
2.317	0	-0.2291415838344082	0	0	0	0.00316092660485658	0	-0.02175811348794146
2.318	0	-0.229317033737057	0	0	0	0.003139606591331519	0	-0.02174895720525592
2.319	0	-0.2294925419188181	0	0	0	0.003118302661893583	0	-0.02173979639541058
2.32	0	-0.2296681083786554	0	0	0	0.003097014908922823	0	-0.02173063146013428
2.321	0	-0.2298437331154906	0	0	0	0.003075743424675681	0	-0.02172146229113527
2.322	0	-0.2300194161282023	0	0	0	0.00305448830128458	0	-0.02171228882164857
2.323	0	-0.2301951574156267	0	0	0	0.003033249630757425	0	-0.02170311157226644
2.324	0	-0.230370956976556	0	0	0	0.003012027504974561	0	-0.02169392979065194
2.325	0	-0.2305468148097394	0	0	0	0.00299082201568999	0	-0.0216847435390177
2.326	0	-0.2307227309138822	0	0	0	0.002969633254530365	0	-0.02167555369041191
2.327	0	-0.2308987052876444	0	0	0	0.002948461312990591	0	-0.02166635893091167
2.328	0	-0.2310747379296429	0	0	0	0.002927306282437938	0	-0.02165716042250811
2.329	0	-0.2312508288384489	0	0	0	0.002906168254106526	0	-0.02164795775998514
2.33	0	-0.231426978012588	0	0	0	0.002885047319097853	0	-0.02163875036510153
2.331	0	-0.2316031854505414	0	0	0	0.002863943568381504	0	-0.02162953914619777
2.332	0	-0.2317794511507435	0	0	0	0.002842857092791091	0	-0.02162032371904588
2.333	0	-0.2319557751115829	0	0	0	0.002821787983024853	0	-0.02161110393886905
2.334	0	-0.2321321573314015	0	0	0	0.002800736329644853	0	-0.02160188007617887
2.335	0	-0.2323085978084946	0	0	0	0.00277970222307488	0	-0.02159265193672103
2.336	0	-0.2324850965411103	0	0	0	0.002758685753600209	0	-0.0215834195536111
2.337	0	-0.2326616535274492	0	0	0	0.002737687011366237	0	-0.02157418292904219
2.338	0	-0.2328382687656642	0	0	0	0.002716706086377578	0	-0.02156494213721977
2.339	0	-0.2330149422538598	0	0	0	0.002695743068496495	0	-0.02155569691119255
2.34	0	-0.2331916739900926	0	0	0	0.002674798047442857	0	-0.02154644752043179
2.341	0	-0.2333684639723701	0	0	0	0.002653871112792127	0	-0.02153719393157767
2.342	0	-0.2335453121986507	0	0	0	0.002632962353974755	0	-0.02152793617927527
2.343	0	-0.2337222186668436	0	0	0	0.002612071860274852	0	-0.02151867417099268
2.344	0	-0.2338991833748082	0	0	0	0.00259119972082938	0	-0.02150940788550007
2.345	0	-0.2340762063203539	0	0	0	0.002570346024627089	0	-0.02150013737735916
2.346	0	-0.2342532875012395	0	0	0	0.002549510860506903	0	-0.02149086224703654
2.347	0	-0.2344304269151735	0	0	0	0.002528694317158722	0	-0.02148158337170844
2.348	0	-0.2346076245598133	0	0	0	0.002507896483119565	0	-0.02147230034613282
2.349	0	-0.2347848804327647	0	0	0	0.002487117446774031	0	-0.02146301287432024
2.35	0	-0.234962194531582	0	0	0	0.002466357296353671	0	-0.02145372112192077
2.351	0	-0.2351395668537675	0	0	0	0.002445616119935145	0	-0.02144442506320302
2.352	0	-0.2353169973967715	0	0	0	0.002424894005439864	0	-0.02143512508020378
2.353	0	-0.2354944861579913	0	0	0	0.002404191040631443	0	-0.02142582064883543
2.354	0	-0.2356720331347712	0	0	0	0.002383507313116573	0	-0.02141651203395826
2.355	0	-0.2358496383244025	0	0	0	0.002362842910342449	0	-0.02140719898882976
2.356	0	-0.236027301724123	0	0	0	0.002342197919597188	0	-0.02139788204736885
2.357	0	-0.2362050233311161	0	0	0	0.002321572428006677	0	-0.02138856066877349
2.358	0	-0.2363828031425112	0	0	0	0.002300966522535151	0	-0.02137923466962031
2.359	0	-0.2365606411553834	0	0	0	0.002280380289985014	0	-0.02136990507298129
2.36	0	-0.2367385373667523	0	0	0	0.002259813816991955	0	-0.02136057064230771
2.361	0	-0.236916491773583	0	0	0	0.002239267190028569	0	-0.02135123209826729
2.362	0	-0.2370945043727844	0	0	0	0.002218740495400186	0	-0.02134188929824572
2.363	0	-0.2372725751612099	0	0	0	0.002198233819244888	0	-0.02133254225648288
2.364	0	-0.2374507041356569	0	0	0	0.002177747247532529	0	-0.02132319117984393
2.365	0	-0.2376288912928657	0	0	0	0.002157280866062664	0	-0.02131383558256557
2.366	0	-0.2378071366295201	0	0	0	0.002136834760465367	0	-0.02130447593362444
2.367	0	-0.2379854401422467	0	0	0	0.002116409016198161	0	-0.02129511191753376
2.368	0	-0.2381638018276145	0	0	0	0.002096003718546384	0	-0.02128574366285036
2.369	0	-0.2383422216821351	0	0	0	0.002075618952621498	0	-0.02127637120919589
2.37	0	-0.2385206997022612	0	0	0	0.002055254803359844	0	-0.0212669943055001
2.371	0	-0.2386992358843879	0	0	0	0.002034911355522495	0	-0.02125761327249979
2.372	0	-0.2388778302248507	0	0	0	0.002014588693693099	0	-0.02124822799332316
2.373	0	-0.2390564827199267	0	0	0	0.001994286902277434	0	-0.02123883847551166
2.374	0	-0.2392351933658328	0	0	0	0.001974006065502071	0	-0.02122944457735791
2.375	0	-0.2394139621587269	0	0	0	0.0019537462674137	0	-0.02122004639582784
2.376	0	-0.2395927890947063	0	0	0	0.001933507591877727	0	-0.021210643925496
2.377	0	-0.2397716741698084	0	0	0	0.001913290122577773	0	-0.02120123757276185
2.378	0	-0.239950617380009	0	0	0	0.001893093943012918	0	-0.02119182661637052
2.379	0	-0.2401296187212238	0	0	0	0.001872919136499358	0	-0.02118241166286585
2.38	0	-0.2403086781893063	0	0	0	0.00185276578616653	0	-0.02117299211546616
2.381	0	-0.2404877957800492	0	0	0	0.001832633974958935	0	-0.0211635687432101
2.382	0	-0.2406669714891822	0	0	0	0.001812523785632086	0	-0.02115414099011788
2.383	0	-0.2408462053123731	0	0	0	0.001792435300753673	0	-0.02114470899646639
2.384	0	-0.2410254972452273	0	0	0	0.001772368602701603	0	-0.02113527275805018
2.385	0	-0.2412048472832866	0	0	0	0.001752323773662822	0	-0.02112583203717183
2.386	0	-0.2413842554220301	0	0	0	0.001732300895633477	0	-0.02111638740253973
2.387	0	-0.2415637216568727	0	0	0	0.001712300050415625	0	-0.02110693829818522
2.388	0	-0.2417432459831657	0	0	0	0.001692321319618484	0	-0.021097485045605
2.389	0	-0.2419228283961961	0	0	0	0.001672364784655874	0	-0.02108802753140453
2.39	0	-0.242102468891186	0	0	0	0.001652430526745767	0	-0.02107856570024538
2.391	0	-0.242282167463293	0	0	0	0.001632518626909403	0	-0.02106909974947413
2.392	0	-0.2424619241076089	0	0	0	0.001612629165969441	0	-0.02105962939379148
2.393	0	-0.2426417388191607	0	0	0	0.001592762224550224	0	-0.02105015502955547
2.394	0	-0.2428216115929088	0	0	0	0.001572917883075295	0	-0.02104067644990163
2.395	0	-0.2430015424237474	0	0	0	0.001553096221767101	0	-0.02103119353815813
2.396	0	-0.2431815313065047	0	0	0	0.001533297320645963	0	-0.02102170625971737
2.397	0	-0.243361578235942	0	0	0	0.001513521259529649	0	-0.02101221521056129
2.398	0	-0.2435416832067524	0	0	0	0.001493768118029737	0	-0.02100271931256372
2.399	0	-0.2437218462135629	0	0	0	0.001474037975554504	0	-0.0209932193077541
2.4	0	-0.243902067250932	0	0	0	0.00145433091130505	0	-0.02098371523813728
2.401	0	-0.2440823463133502	0	0	0	0.001434647004274821	0	-0.02097420695748298
2.402	0	-0.2442626833952393	0	0	0	0.001414986333248748	0	-0.0209646942514996
2.403	0	-0.2444430784909526	0	0	0	0.00139534897680298	0	-0.02095517755767563
2.404	0	-0.2446235315947745	0	0	0	0.001375735013302229	0	-0.02094565651897552
2.405	0	-0.2448040427009194	0	0	0	0.001356144520900162	0	-0.02093613124524846
2.406	0	-0.2449846118035326	0	0	0	0.00133657757753775	0	-0.02092660174316583
2.407	0	-0.2451652388966891	0	0	0	0.00131703426094241	0	-0.02091706811025587
2.408	0	-0.2453459239743935	0	0	0	0.001297514648626587	0	-0.02090753016734624
2.409	0	-0.2455266670305799	0	0	0	0.001278018817887438	0	-0.02089798809544027
2.41	0	-0.2457074680591111	0	0	0	0.00125854684580491	0	-0.02088844162530571
2.411	0	-0.245888327053779	0	0	0	0.001239098809241966	0	-0.02087889117224149
2.412	0	-0.2460692440083038	0	0	0	0.001219674784841866	0	-0.02086933632912967
2.413	0	-0.2462502189163337	0	0	0	0.001200274849028964	0	-0.02085977746809635
2.414	0	-0.2464312517714445	0	0	0	0.001180899078005781	0	-0.02085021404873357
2.415	0	-0.2466123425671398	0	0	0	0.001161547547754442	0	-0.0208406468011926
2.416	0	-0.24679349129685	0	0	0	0.001142220334032778	0	-0.0208310751922001
2.417	0	-0.2469746979539329	0	0	0	0.001122917512375623	0	-0.02082149944846079
2.418	0	-0.2471559625316719	0	0	0	0.001103639158092629	0	-0.02081191951061469
2.419	0	-0.2473372850232776	0	0	0	0.001084385346267723	0	-0.02080233548831817
2.42	0	-0.2475186654218858	0	0	0	0.001065156151757699	0	-0.02079274728046842
2.421	0	-0.2477001037205582	0	0	0	0.001045951649191474	0	-0.02078315482606828
2.422	0	-0.2478815999122816	0	0	0	0.001026771912969306	0	-0.0207735582656136
2.423	0	-0.2480631539899679	0	0	0	0.001007617017261008	0	-0.02076395731055189
2.424	0	-0.2482447659464537	0	0	0	0.0009884870360062493	0	-0.02075435234465101
2.425	0	-0.2484264357744999	0	0	0	0.0009693820429119162	0	-0.02074474302017767
2.426	0	-0.2486081634667915	0	0	0	0.0009503021114529219	0	-0.02073512979496445
2.427	0	-0.248789949015937	0	0	0	0.0009312473148694536	0	-0.02072551245708495
2.428	0	-0.2489717924144687	0	0	0	0.0009122177261669163	0	-0.02071589090986914
2.429	0	-0.2491536936548418	0	0	0	0.0008932134181150479	0	-0.02070626528022342
2.43	0	-0.2493356527294341	0	0	0	0.0008742344632460325	0	-0.02069663511569112
2.431	0	-0.2495176696305468	0	0	0	0.0008552809338557044	0	-0.02068700132375791
2.432	0	-0.249699744350402	0	0	0	0.0008363529019986077	0	-0.02067736272955155
2.433	0	-0.2498818768811451	0	0	0	0.0008174504394921224	0	-0.02066772049492551
2.434	0	-0.2500640672148423	0	0	0	0.0007985736179107702	0	-0.02065807406028659
2.435	0	-0.2502463153434811	0	0	0	0.0007797225085879805	0	-0.0206484234876902
2.436	0	-0.2504286212589702	0	0	0	0.0007608971826140471	0	-0.02063876858413346
2.437	0	-0.2506109849531391	0	0	0	0.0007420977108360959	0	-0.02062910968746904
2.438	0	-0.2507934064177377	0	0	0	0.0007233241638558294	0	-0.02061944657790147
2.439	0	-0.2509758856444358	0	0	0	0.0007045766120295914	0	-0.02060977934082261
2.44	0	-0.2511584226248231	0	0	0	0.000685855125466909	0	-0.02060010799035785
2.441	0	-0.2513410173504091	0	0	0	0.0006671597740298135	0	-0.02059043268884336
2.442	0	-0.2515236698126222	0	0	0	0.0006484906273310788	0	-0.02058075307616579
2.443	0	-0.2517063800028099	0	0	0	0.0006298477547348364	0	-0.0205710695971366
2.444	0	-0.2518891479122383	0	0	0	0.0006112312253538358	0	-0.02056138201502731
2.445	0	-0.2520719735320918	0	0	0	0.000592641108049434	0	-0.02055169019848924
2.446	0	-0.2522548568534727	0	0	0	0.0005740774714309259	0	-0.02054199437823906
2.447	0	-0.2524377978674014	0	0	0	0.0005555403838535019	0	-0.02053229418527396
2.448	0	-0.2526207965648156	0	0	0	0.0005370299134187193	0	-0.02052258991275818
2.449	0	-0.2528038529365701	0	0	0	0.0005185461279726342	0	-0.02051288169689577
2.45	0	-0.2529869669734369	0	0	0	0.0005000890951048048	0	-0.02050316948773512
2.451	0	-0.2531701386661041	0	0	0	0.0004816588821473279	0	-0.02049345300386617
2.452	0	-0.2533533680051766	0	0	0	0.000463255556175226	0	-0.020483732907144
2.453	0	-0.2535366549811748	0	0	0	0.0004448791840026593	0	-0.02047400833952801
2.454	0	-0.2537199995845354	0	0	0	0.0004265298321852795	0	-0.02046427974535813
2.455	0	-0.25390340180561	0	0	0	0.0004082075670172729	0	-0.02045454711286394
2.456	0	-0.254086861634666	0	0	0	0.0003899124545311832	0	-0.02044481065802825
2.457	0	-0.2542703790618849	0	0	0	0.0003716445604960696	0	-0.02043507001526331
2.458	0	-0.2544539540773636	0	0	0	0.0003534039504179836	0	-0.02042532544490939
2.459	0	-0.2546375866711126	0	0	0	0.0003351906895379151	0	-0.02041557683833641
2.46	0	-0.2548212768330568	0	0	0	0.000317004842831382	0	-0.02040582419204688
2.461	0	-0.255005024553035	0	0	0	0.0002988464750072963	0	-0.0203960673926819
2.462	0	-0.2551888298207989	0	0	0	0.0002807156505071363	0	-0.02038630630184763
2.463	0	-0.2553726926260144	0	0	0	0.0002626124335055442	0	-0.02037654200781147
2.464	0	-0.2555566129582591	0	0	0	0.0002445368879050224	0	-0.02036677312975626
2.465	0	-0.2557405908070238	0	0	0	0.0002264890773401421	0	-0.02035700013259811
2.466	0	-0.2559246261617125	0	0	0	0.000208469065174705	0	-0.02034722369204537
2.467	0	-0.2561087190116396	0	0	0	0.0001904769144987996	0	-0.02033744293054811
2.468	0	-0.2562928693460327	0	0	0	0.0001725126881311256	0	-0.02032765818829316
2.469	0	-0.2564770771540303	0	0	0	0.0001545764486163957	0	-0.02031786954600875
2.47	0	-0.2566613424246822	0	0	0	0.0001366682582244358	0	-0.02030807682783753
2.471	0	-0.2568456651469495	0	0	0	0.0001187881789502361	0	-0.02029828036581999
2.472	0	-0.2570300453097037	0	0	0	0.0001009362725116515	0	-0.02028847983886022
2.473	0	-0.2572144829017269	0	0	0	8.311260034968499e-05	0	-0.02027867522772138
2.474	0	-0.2573989779117119	0	0	0	6.531722362797016e-05	0	-0.02026886712900836
2.475	0	-0.2575835303282601	0	0	0	4.755020322945016e-05	0	-0.02025905465761867
2.476	0	-0.2577681401398839	0	0	0	2.981159975862947e-05	0	-0.02024923812217481
2.477	0	-0.2579528073350044	0	0	0	1.210147353926228e-05	0	-0.02023941777434378
2.478	0	-0.2581375319019522	0	0	0	-5.580115386746267e-06	0	-0.02022959362123856
2.479	0	-0.2583223138289665	0	0	0	-2.32331072601397e-05	0	-0.02021976544780517
2.48	0	-0.2585071531041951	0	0	0	-4.085744260454197e-05	0	-0.02020993338065288
2.481	0	-0.2586920497156944	0	0	0	-5.845306222776532e-05	0	-0.02020009747547754
2.482	0	-0.2588770036514288	0	0	0	-7.601990722277022e-05	0	-0.020190257634922
2.483	0	-0.2590620148992703	0	0	0	-9.355791896815151e-05	0	-0.02018041388301564
2.484	0	-0.2592470834469986	0	0	0	-0.0001110670391291823	0	-0.02017056623233709
2.485	0	-0.2594322092823011	0	0	0	-0.0001285472096586515	0	-0.0201607146568665
2.486	0	-0.2596173923927717	0	0	0	-0.0001459983727974643	0	-0.02015085929951722
2.487	0	-0.2598026327659113	0	0	0	-0.000163420471076071	0	-0.02014099994244355
2.488	0	-0.2599879303891273	0	0	0	-0.0001808134473142022	0	-0.02013113696115209
2.489	0	-0.2601732852497336	0	0	0	-0.0001981772446234347	0	-0.02012126983516997
2.49	0	-0.2603586973349504	0	0	0	-0.0002155118064055794	0	-0.02011139919892203
2.491	0	-0.2605441666319028	0	0	0	-0.0002328170763563653	0	-0.02010152440969722
2.492	0	-0.2607296931276221	0	0	0	-0.0002500929984636678	0	-0.02009164575145317
2.493	0	-0.2609152768090452	0	0	0	-0.0002673395170091837	0	-0.02008176368031245
2.494	0	-0.2611009176630135	0	0	0	-0.0002845565765709416	0	-0.02007187740896108
2.495	0	-0.2612866156762734	0	0	0	-0.0003017441220209882	0	-0.02006198748679323
2.496	0	-0.261472370835476	0	0	0	-0.000318902098528557	0	-0.02005209385130124
2.497	0	-0.2616581831271761	0	0	0	-0.0003360304515606239	0	-0.0200421960024923
2.498	0	-0.2618440525378342	0	0	0	-0.0003531291268805442	0	-0.02003229481095403
2.499	0	-0.2620299790538127	0	0	0	-0.0003701980705520824	0	-0.02002238978186837
2.5	0	-0.2622159626613788	0	0	0	-0.0003872372289379423	0	-0.02001248097257504
2.501	0	-0.2624020033467025	0	0	0	-0.0004042465487012174	0	-0.02000256840425611
2.502	0	-0.2625881010958577	0	0	0	-0.0004212259768062897	0	-0.01999265196829801
2.503	0	-0.2627742558948202	0	0	0	-0.0004381754605196265	0	-0.01998273137973416
2.504	0	-0.2629604677294696	0	0	0	-0.0004550949474086714	0	-0.01997280777234835
2.505	0	-0.263146736585587	0	0	0	-0.0004719843853467714	0	-0.01996288020618224
2.506	0	-0.2633330624488563	0	0	0	-0.0004888437225100553	0	-0.01995294890801333
2.507	0	-0.263519445304863	0	0	0	-0.0005056729073795599	0	-0.01994301410280203
2.508	0	-0.2637058851390943	0	0	0	-0.0005224718887430781	0	-0.01993307513787134
2.509	0	-0.2638923819369395	0	0	0	-0.0005392406156931115	0	-0.01992313277690246
2.51	0	-0.2640789356836886	0	0	0	-0.0005559790376304076	0	-0.0199131868887359
2.511	0	-0.2642655463645331	0	0	0	-0.0005726871042639324	0	-0.01990323705880579
2.512	0	-0.2644522139645649	0	0	0	-0.0005893647656102808	0	-0.01989328372124329
2.513	0	-0.2646389384687769	0	0	0	-0.0006060119719966684	0	-0.01988332625754619
2.514	0	-0.2648257198620626	0	0	0	-0.0006226286740586772	0	-0.01987336547660815
2.515	0	-0.2650125581292151	0	0	0	-0.0006392148227443176	0	-0.01986340082212254
2.516	0	-0.2651994532549279	0	0	0	-0.0006557703693117961	0	-0.01985343284926294
2.517	0	-0.2653864052237939	0	0	0	-0.000672295265333184	0	-0.01984346075345189
2.518	0	-0.2655734140203063	0	0	0	-0.000688789462691307	0	-0.01983348554000808
2.519	0	-0.2657604796288567	0	0	0	-0.0007052529135849011	0	-0.01982350631825464
2.52	0	-0.2659476020337363	0	0	0	-0.0007216855705255154	0	-0.01981352347527235
2.521	0	-0.2661347812191352	0	0	0	-0.0007380873863398446	0	-0.01980353729712064
2.522	0	-0.2663220171691422	0	0	0	-0.0007544583141712213	0	-0.01979354731904798
2.523	0	-0.2665093098677442	0	0	0	-0.0007707983074783766	0	-0.01978355389157284
2.524	0	-0.2666966592988272	0	0	0	-0.0007871073200377593	0	-0.01977355686409573
2.525	0	-0.2668840654461743	0	0	0	-0.0008033853059433777	0	-0.01976355624978015
2.526	0	-0.2670715282934674	0	0	0	-0.000819632219607786	0	-0.01975355197997282
2.527	0	-0.267259047824285	0	0	0	-0.0008358480157625107	0	-0.01974354407815363
2.528	0	-0.2674466240221043	0	0	0	-0.0008520326494583614	0	-0.01973353298737306
2.529	0	-0.2676342568702987	0	0	0	-0.0008681860760678457	0	-0.01972351810188568
2.53	0	-0.2678219463521392	0	0	0	-0.0008843082512835237	0	-0.01971349967148523
2.531	0	-0.2680096924507936	0	0	0	-0.000900399131120284	0	-0.0197034774421268
2.532	0	-0.2681974951493267	0	0	0	-0.0009164586719137344	0	-0.019693452543082
2.533	0	-0.2683853544306988	0	0	0	-0.0009324868303255943	0	-0.01968342356390487
2.534	0	-0.2685732702777676	0	0	0	-0.0009484835633386721	0	-0.01967339121196638
2.535	0	-0.2687612426732861	0	0	0	-0.000964448828261067	0	-0.01966335536011991
2.536	0	-0.2689492715999036	0	0	0	-0.0009803825827256092	0	-0.01965331605668015
2.537	0	-0.2691373570401651	0	0	0	-0.0009962847846905474	0	-0.01964327344910463
2.538	0	-0.2693254989765109	0	0	0	-0.001012155392440782	0	-0.01963322729444029
2.539	0	-0.2695136973912769	0	0	0	-0.001027994364587517	0	-0.01962317772358493
2.54	0	-0.269701952266694	0	0	0	-0.001043801660069709	0	-0.01961312459144451
2.541	0	-0.2698902635848882	0	0	0	-0.001059577238153534	0	-0.01960306837963248
2.542	0	-0.2700786313278799	0	0	0	-0.001075321058435532	0	-0.0195930081371617
2.543	0	-0.2702670554775848	0	0	0	-0.001091033080838917	0	-0.01958294495586305
2.544	0	-0.2704555360158125	0	0	0	-0.001106713265618405	0	-0.01957287854162792
2.545	0	-0.270644072924267	0	0	0	-0.001122361573359623	0	-0.01956280816068138
2.546	0	-0.2708326661845464	0	0	0	-0.001137977964977044	0	-0.019552734807424
2.547	0	-0.2710213157781428	0	0	0	-0.001153562401718579	0	-0.01954265790887503
2.548	0	-0.2712100216864416	0	0	0	-0.001169114845163311	0	-0.01953257767166506
2.549	0	-0.2713987838907225	0	0	0	-0.001184635257222861	0	-0.01952249441408833
2.55	0	-0.2715876023721579	0	0	0	-0.00120012360014345	0	-0.01951240735261257
2.551	0	-0.2717764771118139	0	0	0	-0.001215579836502749	0	-0.01950231760297503
2.552	0	-0.2719654080906493	0	0	0	-0.001231003929215671	0	-0.01949222395216599
2.553	0	-0.2721543952895158	0	0	0	-0.001246395841529646	0	-0.01948212712440053
2.554	0	-0.2723434386891586	0	0	0	-0.001261755537028403	0	-0.01947202716329086
2.555	0	-0.272532538270214	0	0	0	-0.001277082979632497	0	-0.0194619234195529
2.556	0	-0.2727216940132122	0	0	0	-0.001292378133597038	0	-0.01945181686260758
2.557	0	-0.2729109058985749	0	0	0	-0.001307640963516056	0	-0.01944170695212069
2.558	0	-0.2731001739066159	0	0	0	-0.001322871434320369	0	-0.01943159379909683
2.559	0	-0.2732894980175408	0	0	0	-0.001338069511278988	0	-0.01942147743211281
2.56	0	-0.2734788782114474	0	0	0	-0.001353235159999543	0	-0.01941135790385261
2.561	0	-0.2736683144683247	0	0	0	-0.001368368346429279	0	-0.01940123487718117
2.562	0	-0.2738578067680535	0	0	0	-0.001383469036854579	0	-0.0193911084250114
2.563	0	-0.2740473550904062	0	0	0	-0.001398537197901075	0	-0.01938097935650334
2.564	0	-0.2742369594150456	0	0	0	-0.001413572796536973	0	-0.01937084690700931
2.565	0	-0.2744266197215259	0	0	0	-0.001428575800070181	0	-0.01936071149178237
2.566	0	-0.2746163359892924	0	0	0	-0.001443546176151087	0	-0.01935057283500788
2.567	0	-0.2748061081976807	0	0	0	-0.001458483892771761	0	-0.01934043101256621
2.568	0	-0.2749959363259172	0	0	0	-0.001473388918266999	0	-0.01933028597973918
2.569	0	-0.2751858203531189	0	0	0	-0.001488261221314443	0	-0.01932013788476777
2.57	0	-0.2753757602582927	0	0	0	-0.001503100770935798	0	-0.01930998644495735
2.571	0	-0.2755657560203363	0	0	0	-0.001517907536495927	0	-0.01929983206413985
2.572	0	-0.2757558076180369	0	0	0	-0.001532681487705096	0	-0.01928967436853548
2.573	0	-0.275945915030072	0	0	0	-0.001547422594617339	0	-0.01927951392319736
2.574	0	-0.2761360782350086	0	0	0	-0.001562130827633139	0	-0.01926935041705444
2.575	0	-0.2763262972113032	0	0	0	-0.001576806157498523	0	-0.01925918375777299
2.576	0	-0.2765165719373023	0	0	0	-0.00159144855530537	0	-0.01924901415607674
2.577	0	-0.2767069023912412	0	0	0	-0.001606057992493068	0	-0.01923884117795867
2.578	0	-0.2768972885512449	0	0	0	-0.001620634440846594	0	-0.0192286656105046
2.579	0	-0.2770877303953273	0	0	0	-0.00163517787250066	0	-0.019218486484574
2.58	0	-0.2772782279013916	0	0	0	-0.001649688259935487	0	-0.01920830478228956
2.581	0	-0.2774687810472297	0	0	0	-0.001664165575981479	0	-0.0191981200569322
2.582	0	-0.2776593898105219	0	0	0	-0.001678609793817228	0	-0.01918793233630989
2.583	0	-0.2778500541688377	0	0	0	-0.001693020886970806	0	-0.01917774142592416
2.584	0	-0.2780407740996348	0	0	0	-0.001707398829319151	0	-0.0191675477006842
2.585	0	-0.2782315495802594	0	0	0	-0.001721743595089976	0	-0.01915735092498229
2.586	0	-0.2784223805879461	0	0	0	-0.001736055158860929	0	-0.01914715121534744
2.587	0	-0.2786132670998176	0	0	0	-0.001750333495560552	0	-0.01913694859780897
2.588	0	-0.2788042090928844	0	0	0	-0.001764578580468512	0	-0.01912674310331972
2.589	0	-0.2789952065440455	0	0	0	-0.001778790389215902	0	-0.01911653486068567
2.59	0	-0.2791862594300876	0	0	0	-0.001792968897786086	0	-0.01910632369760646
2.591	0	-0.2793773677276847	0	0	0	-0.001807114082514524	0	-0.01909610958425938
2.592	0	-0.2795685314133988	0	0	0	-0.001821225920089053	0	-0.01908589267967081
2.593	0	-0.2797597504636792	0	0	0	-0.001835304387550921	0	-0.01907567281712319
2.594	0	-0.2799510248548632	0	0	0	-0.001849349462294635	0	-0.01906544989030932
2.595	0	-0.280142354563175	0	0	0	-0.001863361122067737	0	-0.01905522431471896
2.596	0	-0.280333739564726	0	0	0	-0.001877339344972606	0	-0.01904499585135079
2.597	0	-0.2805251798355148	0	0	0	-0.001891284109465381	0	-0.01903476475606699
2.598	0	-0.2807166753514274	0	0	0	-0.001905195394357271	0	-0.01902453098493086
2.599	0	-0.2809082260882361	0	0	0	-0.001919073178814829	0	-0.0190142942476734
2.6	0	-0.2810998320216004	0	0	0	-0.001932917442359178	0	-0.01900405485685321
2.601	0	-0.2812914931270667	0	0	0	-0.001946728164867673	0	-0.01899381269277419
2.602	0	-0.2814832093800681	0	0	0	-0.001960505326573452	0	-0.01898356778934408
2.603	0	-0.2816749807559238	0	0	0	-0.001974248908066275	0	-0.01897331991658726
2.604	0	-0.2818668072298399	0	0	0	-0.001987958890292116	0	-0.0189630691309188
2.605	0	-0.2820586887769093	0	0	0	-0.002001635254552948	0	-0.01895281620937361
2.606	0	-0.2822506253721104	0	0	0	-0.002015277982509573	0	-0.01894256062022812
2.607	0	-0.2824426169903083	0	0	0	-0.002028887056179997	0	-0.01893230204800691
2.608	0	-0.2826346636062542	0	0	0	-0.00204246245793935	0	-0.01892204066236359
2.609	0	-0.2828267651945857	0	0	0	-0.002056004170520126	0	-0.01891177717439091
2.61	0	-0.2830189217298261	0	0	0	-0.002069512177014917	0	-0.01890151087670948
2.611	0	-0.2832111331863843	0	0	0	-0.002082986460874018	0	-0.01889124175543978
2.612	0	-0.283403399538556	0	0	0	-0.002096427005905889	0	-0.01888097031488695
2.613	0	-0.2835957207605218	0	0	0	-0.002109833796279157	0	-0.0188706962306393
2.614	0	-0.2837880968263487	0	0	0	-0.002123206816521309	0	-0.01886041956210985
2.615	0	-0.2839805277099891	0	0	0	-0.002136546051519672	0	-0.01885014018505269
2.616	0	-0.2841730133852807	0	0	0	-0.002149851486521113	0	-0.01883985820116667
2.617	0	-0.2843655538259472	0	0	0	-0.002163123107132677	0	-0.01882957365606679
2.618	0	-0.2845581490055975	0	0	0	-0.002176360899321698	0	-0.01881928660240769
2.619	0	-0.2847507988977263	0	0	0	-0.002189564849415963	0	-0.01880899704881464
2.62	0	-0.2849435034757133	0	0	0	-0.002202734944103552	0	-0.01879870496918606
2.621	0	-0.2851362627128246	0	0	0	-0.002215871170432035	0	-0.0187884108278381
2.622	0	-0.285329076582211	0	0	0	-0.002228973515810597	0	-0.018778113758702
2.623	0	-0.2855219450569099	0	0	0	-0.002242041968006397	0	-0.01876781431113977
2.624	0	-0.285714868109844	0	0	0	-0.002255076515146863	0	-0.01875751249453019
2.625	0	-0.2859078457138222	0	0	0	-0.002268077145719645	0	-0.01874720771924313
2.626	0	-0.2861008778415396	0	0	0	-0.002281043848569675	0	-0.0187369009491834
2.627	0	-0.2862939644655771	0	0	0	-0.002293976612902961	0	-0.01872659160583407
2.628	0	-0.2864871055584018	0	0	0	-0.00230687542828335	0	-0.01871627994833148
2.629	0	-0.2866803010923665	0	0	0	-0.002319740284634336	0	-0.01870596555744078
2.63	0	-0.2868735510397117	0	0	0	-0.002332571172236659	0	-0.01869564904991259
2.631	0	-0.2870668553725625	0	0	0	-0.002345368081730807	0	-0.01868532998995589
2.632	0	-0.287260214062932	0	0	0	-0.002358131004114545	0	-0.01867500866016056
2.633	0	-0.2874536270827184	0	0	0	-0.002370859930744582	0	-0.01866468464061459
2.634	0	-0.2876470944037076	0	0	0	-0.002383554853334498	0	-0.01865435825420148
2.635	0	-0.287840615997572	0	0	0	-0.002396215763955949	0	-0.01864402948870995
2.636	0	-0.2880341918358703	0	0	0	-0.002408842655037819	0	-0.0186336984777732
2.637	0	-0.2882278218900484	0	0	0	-0.002421435519366619	0	-0.01862336506159845
2.638	0	-0.2884215061314388	0	0	0	-0.002433994350085392	0	-0.01861302945992884
2.639	0	-0.2886152445312615	0	0	0	-0.002446519140694903	0	-0.01860269118524807
2.64	0	-0.2888090370606229	0	0	0	-0.002459009885051725	0	-0.01859235034942436
2.641	0	-0.2890028836905174	0	0	0	-0.002471466577367939	0	-0.01858200775080988
2.642	0	-0.2891967843918261	0	0	0	-0.002483889212213797	0	-0.01857166261235155
2.643	0	-0.2893907391353179	0	0	0	-0.002496277784514001	0	-0.01856131530111461
2.644	0	-0.2895847478916484	0	0	0	-0.002508632289549598	0	-0.0185509656603685
2.645	0	-0.2897788106313612	0	0	0	-0.002520952722957204	0	-0.01854061345467964
2.646	0	-0.2899729273248877	0	0	0	-0.002533239080727996	0	-0.01853025894251661
2.647	0	-0.290167097942547	0	0	0	-0.002545491359208272	0	-0.01851990226664584
2.648	0	-0.2903613224545455	0	0	0	-0.002557709555099221	0	-0.01850954341602262
2.649	0	-0.290555600830978	0	0	0	-0.002569893665456759	0	-0.01849918218133229
2.65	0	-0.2907499330418273	0	0	0	-0.002582043687690563	0	-0.01848881869284155
2.651	0	-0.2909443190569644	0	0	0	-0.002594159619564414	0	-0.01847845295324309
2.652	0	-0.2911387588461478	0	0	0	-0.002606241459195647	0	-0.0184680850440373
2.653	0	-0.2913332523790251	0	0	0	-0.002618289205055579	0	-0.01845771460662389
2.654	0	-0.2915277996251325	0	0	0	-0.002630302855967423	0	-0.01844734223337046
2.655	0	-0.2917224005538939	0	0	0	-0.002642282411108629	0	-0.01843696744058287
2.656	0	-0.2919170551346223	0	0	0	-0.002654227870008316	0	-0.01842659042450952
2.657	0	-0.2921117633365195	0	0	0	-0.002666139232547998	0	-0.01841621130671774
2.658	0	-0.2923065251286762	0	0	0	-0.002678016498961627	0	-0.01840582985107982
2.659	0	-0.2925013404800715	0	0	0	-0.002689859669834303	0	-0.01839544624341806
2.66	0	-0.2926962093595744	0	0	0	-0.002701668746102768	0	-0.01838506046469188
2.661	0	-0.2928911317359424	0	0	0	-0.002713443729055242	0	-0.0183746722095928
2.662	0	-0.2930861075778231	0	0	0	-0.002725184620329048	0	-0.01836428245733982
2.663	0	-0.2932811368537527	0	0	0	-0.002736891421914543	0	-0.01835389021784748
2.664	0	-0.2934762195321572	0	0	0	-0.002748564136150415	0	-0.0183434958907485
2.665	0	-0.2936713555813525	0	0	0	-0.002760202765726008	0	-0.01833309925480256
2.666	0	-0.2938665449695441	0	0	0	-0.002771807313679741	0	-0.01832270042297078
2.667	0	-0.2940617876648275	0	0	0	-0.002783377783399091	0	-0.01831229960532524
2.668	0	-0.2942570836351879	0	0	0	-0.002794914178620875	0	-0.01830189662460278
2.669	0	-0.2944524328485011	0	0	0	-0.002806416503430293	0	-0.01829149142083893
2.67	0	-0.2946478352725331	0	0	0	-0.002817884762260122	0	-0.01828108438545646
2.671	0	-0.2948432908749402	0	0	0	-0.00282931895989202	0	-0.01827067511395294
2.672	0	-0.2950387996232689	0	0	0	-0.002840719101454348	0	-0.01826026378804161
2.673	0	-0.2952343614849566	0	0	0	-0.002852085192423118	0	-0.01824985020880827
2.674	0	-0.295429976427332	0	0	0	-0.002863417238620452	0	-0.01823943468159156
2.675	0	-0.2956256444176144	0	0	0	-0.002874715246215549	0	-0.018229017017266
2.676	0	-0.2958213654229131	0	0	0	-0.002885979221723305	0	-0.01821859728777655
2.677	0	-0.2960171394102303	0	0	0	-0.002897209172004399	0	-0.01820817550655927
2.678	0	-0.2962129663464586	0	0	0	-0.002908405104264644	0	-0.01819775182415688
2.679	0	-0.2964088461983822	0	0	0	-0.002919567026055255	0	-0.01818732604610697
2.68	0	-0.2966047789326768	0	0	0	-0.002930694945271688	0	-0.01817689821562995
2.681	0	-0.29680076451591	0	0	0	-0.002941788870153528	0	-0.01816646842646685
2.682	0	-0.2969968029145412	0	0	0	-0.002952848809284547	0	-0.01815603647127089
2.683	0	-0.2971928940949221	0	0	0	-0.002963874771591416	0	-0.01814560253533252
2.684	0	-0.2973890380232959	0	0	0	-0.002974866766343891	0	-0.01813516673563785
2.685	0	-0.2975852346657987	0	0	0	-0.00298582480315466	0	-0.01812472895876987
2.686	0	-0.2977814839884589	0	0	0	-0.002996748891978582	0	-0.01811428911990038
2.687	0	-0.2979777859571974	0	0	0	-0.003007639043112199	0	-0.01810384723221527
2.688	0	-0.2981741405378282	0	0	0	-0.003018495267192809	0	-0.01809340378770848
2.689	0	-0.2983705476960576	0	0	0	-0.003029317575200537	0	-0.01808295788498838
2.69	0	-0.2985670073974854	0	0	0	-0.003040105978453708	0	-0.01807251042236319
2.691	0	-0.2987635196076047	0	0	0	-0.003050860488612175	0	-0.01806206124735691
2.692	0	-0.2989600842918013	0	0	0	-0.003061581117676337	0	-0.01805160958416065
2.693	0	-0.2991567014153556	0	0	0	-0.003072267877983228	0	-0.01804115667033181
2.694	0	-0.2993533709434402	0	0	0	-0.003082920782211791	0	-0.01803070143502425
2.695	0	-0.2995500928411228	0	0	0	-0.00309353984337747	0	-0.01802024426919862
2.696	0	-0.299746867073365	0	0	0	-0.003104125074833547	0	-0.01800978568056207
2.697	0	-0.2999436936050214	0	0	0	-0.00311467649027255	0	-0.01799932487670346
2.698	0	-0.3001405724008421	0	0	0	-0.003125194103722606	0	-0.01798886220782501
2.699	0	-0.3003375034254711	0	0	0	-0.003135677929548714	0	-0.01797839785361832
2.7	0	-0.3005344866434474	0	0	0	-0.00314612798245282	0	-0.01796793142389769
2.701	0	-0.3007315220192043	0	0	0	-0.003156544277471275	0	-0.01795746352683199
2.702	0	-0.3009286095170702	0	0	0	-0.003166926829977346	0	-0.01794699353759566
2.703	0	-0.3011257491012691	0	0	0	-0.003177275655677623	0	-0.01793652194952838
2.704	0	-0.3013229407359196	0	0	0	-0.003187590770614375	0	-0.01792604824867747
2.705	0	-0.3015201843850361	0	0	0	-0.003197872191162553	0	-0.0179155728071348
2.706	0	-0.3017174800125287	0	0	0	-0.003208119934031029	0	-0.01790509560527675
2.707	0	-0.3019148275822033	0	0	0	-0.003218334016261547	0	-0.01789461665020793
2.708	0	-0.3021122270577617	0	0	0	-0.003228514455228261	0	-0.01788413596763068
2.709	0	-0.3023096784028017	0	0	0	-0.003238661268637163	0	-0.01787365364854687
2.71	0	-0.3025071815808176	0	0	0	-0.003248774474526108	0	-0.01786316948821581
2.711	0	-0.3027047365552002	0	0	0	-0.003258854091263507	0	-0.01785268357835514
2.712	0	-0.3029023432892372	0	0	0	-0.003268900137547946	0	-0.01784219622734516
2.713	0	-0.3031000017461121	0	0	0	-0.00327891263240954	0	-0.01783170655504308
2.714	0	-0.3032977118889071	0	0	0	-0.003288891595205182	0	-0.01782121570133785
2.715	0	-0.3034954736806003	0	0	0	-0.003298837045623284	0	-0.01781072287138914
2.716	0	-0.3036932870840676	0	0	0	-0.00330874900367923	0	-0.01780022837160918
2.717	0	-0.3038911520620827	0	0	0	-0.003318627489716636	0	-0.01778973226351781
2.718	0	-0.304089068577317	0	0	0	-0.003328472524406791	0	-0.01777923441894518
2.719	0	-0.3042870365923396	0	0	0	-0.003338284128747272	0	-0.0177687351436845
2.72	0	-0.3044850560696178	0	0	0	-0.00334806232406294	0	-0.01775823405328865
2.721	0	-0.3046831269715176	0	0	0	-0.00335780713200342	0	-0.01774773155032379
2.722	0	-0.3048812492603028	0	0	0	-0.003367518574544729	0	-0.01773722722082353
2.723	0	-0.3050794228981363	0	0	0	-0.003377196673987028	0	-0.01772672110791298
2.724	0	-0.3052776478470805	0	0	0	-0.003386841452954331	0	-0.01771621353120446
2.725	0	-0.3054759240690957	0	0	0	-0.003396452934394777	0	-0.01770570446606601
2.726	0	-0.3056742515260423	0	0	0	-0.003406031141580077	0	-0.01769519356300642
2.727	0	-0.30587263017968	0	0	0	-0.003415576098103727	0	-0.01768468106948173
2.728	0	-0.3060710599916686	0	0	0	-0.003425087827881103	0	-0.01767416734193757
2.729	0	-0.3062695409235662	0	0	0	-0.003434566355150377	0	-0.01766365173835466
2.73	0	-0.306468072936833	0	0	0	-0.003444011704469114	0	-0.01765313476446125
2.731	0	-0.3066666559928283	0	0	0	-0.003453423900716149	0	-0.01764261623191987
2.732	0	-0.3068652900528122	0	0	0	-0.003462802969089838	0	-0.01763209615451922
2.733	0	-0.307063975077945	0	0	0	-0.003472148935107832	0	-0.01762157447436172
2.734	0	-0.3072627110292883	0	0	0	-0.003481461824606255	0	-0.01761105127227268
2.735	0	-0.3074614978678049	0	0	0	-0.003490741663739447	0	-0.01760052650889671
2.736	0	-0.307660335554359	0	0	0	-0.00349998847897863	0	-0.01759000060293311
2.737	0	-0.3078592240497151	0	0	0	-0.003509202297113559	0	-0.01757947274941978
2.738	0	-0.3080581633145411	0	0	0	-0.003518383145248032	0	-0.01756894384745604
2.739	0	-0.3082571533094056	0	0	0	-0.003527531050803423	0	-0.0175584134192731
2.74	0	-0.3084561939947797	0	0	0	-0.003536646041515531	0	-0.01754788151855107
2.741	0	-0.3086552853310365	0	0	0	-0.003545728145434743	0	-0.01753734815875851
2.742	0	-0.308854427278452	0	0	0	-0.003554777390925717	0	-0.01752681311717599
2.743	0	-0.3090536197972049	0	0	0	-0.003563793806665762	0	-0.01751627668401975
2.744	0	-0.3092528628473775	0	0	0	-0.003572777421644626	0	-0.01750573937053055
2.745	0	-0.3094521563889533	0	0	0	-0.003581728265166159	0	-0.017495200219628
2.746	0	-0.309651500381821	0	0	0	-0.003590646366843853	0	-0.01748465967058401
2.747	0	-0.3098508947857723	0	0	0	-0.003599531756602888	0	-0.01747411758138544
2.748	0	-0.310050339560503	0	0	0	-0.003608384464677336	0	-0.01746357484182547
2.749	0	-0.3102498346656122	0	0	0	-0.003617204521613781	0	-0.01745303023048291
2.75	0	-0.3104493800606037	0	0	0	-0.003625991958265535	0	-0.01744248424381899
2.751	0	-0.3106489757048863	0	0	0	-0.003634746805794638	0	-0.01743193714550536
2.752	0	-0.3108486215577728	0	0	0	-0.003643469095671636	0	-0.01742138866788317
2.753	0	-0.3110483175784808	0	0	0	-0.003652158859673695	0	-0.01741083893116255
2.754	0	-0.3112480637261333	0	0	0	-0.003660816129885173	0	-0.01740028756365335
2.755	0	-0.3114478599597592	0	0	0	-0.003669440938694746	0	-0.01738973534149446
2.756	0	-0.311647706238292	0	0	0	-0.003678033318798697	0	-0.01737918129400882
2.757	0	-0.3118476025205716	0	0	0	-0.003686593303195229	0	-0.01736862641172626
2.758	0	-0.3120475487653441	0	0	0	-0.003695120925188339	0	-0.01735807032962648
2.759	0	-0.312247544931261	0	0	0	-0.003703616218385616	0	-0.01734751245881789
2.76	0	-0.3124475909768817	0	0	0	-0.003712079216695064	0	-0.01733695384855273
2.761	0	-0.3126476868606709	0	0	0	-0.003720509954329129	0	-0.01732639372753726
2.762	0	-0.3128478325410011	0	0	0	-0.00372890846580014	0	-0.01731583239243539
2.763	0	-0.3130480279761518	0	0	0	-0.00373727478592146	0	-0.01730526985885448
2.764	0	-0.3132482731243099	0	0	0	-0.003745608949806247	0	-0.01729470629110967
2.765	0	-0.3134485679435699	0	0	0	-0.003753910992867685	0	-0.0172841413281426
2.766	0	-0.3136489123919343	0	0	0	-0.003762180950816585	0	-0.01727357537103746
2.767	0	-0.3138493064273138	0	0	0	-0.003770418859662505	0	-0.01726300825022326
2.768	0	-0.3140497500075272	0	0	0	-0.003778624755712454	0	-0.01725243969238813
2.769	0	-0.3142502430903024	0	0	0	-0.003786798675568491	0	-0.0172418705621071
2.77	0	-0.3144507856332752	0	0	0	-0.003794940656131496	0	-0.01723129962075856
2.771	0	-0.3146513775939915	0	0	0	-0.003803050734594716	0	-0.01722072774247745
2.772	0	-0.3148520189299063	0	0	0	-0.003811128948447605	0	-0.01721015459458273
2.773	0	-0.3150527095983836	0	0	0	-0.003819175335472504	0	-0.01719958055915487
2.774	0	-0.3152534495566978	0	0	0	-0.003827189933745694	0	-0.01718900546618258
2.775	0	-0.3154542387620332	0	0	0	-0.003835172781635776	0	-0.01717842926109921
2.776	0	-0.3156550771714844	0	0	0	-0.003843123917803035	0	-0.01716785195911564
2.777	0	-0.3158559647420565	0	0	0	-0.003851043381198765	0	-0.01715727361943145
2.778	0	-0.3160569014306651	0	0	0	-0.003858931211065052	0	-0.01714669400300972
2.779	0	-0.3162578871941374	0	0	0	-0.003866787446933233	0	-0.01713611316713275
2.78	0	-0.3164589219892119	0	0	0	-0.003874612128622831	0	-0.01712553173015857
2.781	0	-0.3166600057725382	0	0	0	-0.003882405296242925	0	-0.01711494934430717
2.782	0	-0.3168611385006775	0	0	0	-0.003890166990190214	0	-0.01710436559999366
2.783	0	-0.3170623201301035	0	0	0	-0.003897897251147395	0	-0.01709378066963695
2.784	0	-0.3172635506172026	0	0	0	-0.003905596120082359	0	-0.01708319537669097
2.785	0	-0.3174648299182729	0	0	0	-0.00391326363825063	0	-0.01707260888152157
2.786	0	-0.3176661579895252	0	0	0	-0.003920899847191132	0	-0.01706202124756358
2.787	0	-0.3178675347870845	0	0	0	-0.00392850478872607	0	-0.01705143299069274
2.788	0	-0.3180689602669881	0	0	0	-0.003936078504962165	0	-0.01704084364974324
2.789	0	-0.3182704343851869	0	0	0	-0.003943621038287679	0	-0.01703025340084214
2.79	0	-0.3184719570975461	0	0	0	-0.003951132431373109	0	-0.01701966204897701
2.791	0	-0.3186735283598449	0	0	0	-0.003958612727169319	0	-0.0170090698175822
2.792	0	-0.3188751481277765	0	0	0	-0.003966061968907818	0	-0.01699847662757702
2.793	0	-0.3190768163569488	0	0	0	-0.003973480200099349	0	-0.01698788256088627
2.794	0	-0.3192785330028847	0	0	0	-0.003980867464533499	0	-0.01697728762397792
2.795	0	-0.3194802980210222	0	0	0	-0.003988223806277919	0	-0.01696669175591388
2.796	0	-0.319682111366715	0	0	0	-0.003995549269676722	0	-0.01695609544608367
2.797	0	-0.3198839729952314	0	0	0	-0.004002843899352258	0	-0.01694549789949104
2.798	0	-0.3200858828617567	0	0	0	-0.004010107740200843	0	-0.01693489959268716
2.799	0	-0.3202878409213919	0	0	0	-0.004017340837394372	0	-0.0169243005394307
2.8	0	-0.3204898471291543	0	0	0	-0.004024543236379704	0	-0.01691370020230866
2.801	0	-0.3206919014399786	0	0	0	-0.004031714982875129	0	-0.01690309947454926
2.802	0	-0.3208940038087157	0	0	0	-0.004038856122873104	0	-0.01689249816389409
2.803	0	-0.3210961541901338	0	0	0	-0.004045966702639093	0	-0.01688189527495111
2.804	0	-0.3212983525389195	0	0	0	-0.004053046768706392	0	-0.016871292181193
2.805	0	-0.321500598809676	0	0	0	-0.004060096367881167	0	-0.01686068842611742
2.806	0	-0.3217028929569249	0	0	0	-0.004067115547239326	0	-0.01685008343253865
2.807	0	-0.3219052349351067	0	0	0	-0.004074104354123586	0	-0.01683947805065839
2.808	0	-0.3221076246985801	0	0	0	-0.004081062836146547	0	-0.01682887177819378
2.809	0	-0.3223100622016225	0	0	0	-0.004087991041187117	0	-0.01681826476898941
2.81	0	-0.3225125473984304	0	0	0	-0.004094889017390841	0	-0.01680765703776914
2.811	0	-0.3227150802431202	0	0	0	-0.004101756813168675	0	-0.01679704876673369
2.812	0	-0.3229176606897277	0	0	0	-0.00410859447719725	0	-0.01678643956081926
2.813	0	-0.3231202886922083	0	0	0	-0.004115402058416128	0	-0.0167758298291838
2.814	0	-0.3233229642044383	0	0	0	-0.004122179606028914	0	-0.01676521944043117
2.815	0	-0.323525687180214	0	0	0	-0.004128927169501699	0	-0.0167546082495307
2.816	0	-0.3237284575732533	0	0	0	-0.004135644798561385	0	-0.01674399673470923
2.817	0	-0.3239312753371937	0	0	0	-0.00414233254319745	0	-0.01673338415837447
2.818	0	-0.3241341404255955	0	0	0	-0.004148990453657618	0	-0.01672277108391893
2.819	0	-0.3243370527919399	0	0	0	-0.004155618580450259	0	-0.01671215709804162
2.82	0	-0.3245400123896304	0	0	0	-0.004162216974340525	0	-0.01670154298316398
2.821	0	-0.3247430191719921	0	0	0	-0.004168785686353459	0	-0.0166909279229279
2.822	0	-0.3249460730922732	0	0	0	-0.004175324767769077	0	-0.01668031242749076
2.823	0	-0.3251491741036447	0	0	0	-0.004181834270123965	0	-0.01666969662377799
2.824	0	-0.3253523221591997	0	0	0	-0.004188314245210874	0	-0.01665907995415507
2.825	0	-0.3255555172119558	0	0	0	-0.004194764745075833	0	-0.01664846265854576
2.826	0	-0.3257587592148538	0	0	0	-0.004201185822018177	0	-0.01663784515841093
2.827	0	-0.3259620481207581	0	0	0	-0.004207577528591236	0	-0.01662722699527865
2.828	0	-0.3261653838824573	0	0	0	-0.004213939917599525	0	-0.01661660823390261
2.829	0	-0.326368766452665	0	0	0	-0.00422027304209859	0	-0.01660598898810449
2.83	0	-0.3265721957840192	0	0	0	-0.004226576955394288	0	-0.0165953693413278
2.831	0	-0.3267756718290828	0	0	0	-0.004232851711042264	0	-0.01658474913374533
2.832	0	-0.3269791945403445	0	0	0	-0.004239097362846622	0	-0.01657412831288422
2.833	0	-0.3271827638702184	0	0	0	-0.004245313964858749	0	-0.01656350717601501
2.834	0	-0.3273863797710442	0	0	0	-0.004251501571377461	0	-0.01655288566719574
2.835	0	-0.3275900421950885	0	0	0	-0.004257660236947694	0	-0.01654226372451618
2.836	0	-0.3277937510945433	0	0	0	-0.004263790016360055	0	-0.01653164099246246
2.837	0	-0.327997506421529	0	0	0	-0.004269890964648044	0	-0.01652101820562539
2.838	0	-0.3282013081280915	0	0	0	-0.004275963137090627	0	-0.01651039475309203
2.839	0	-0.3284051561662053	0	0	0	-0.004282006589208255	0	-0.0164997709142022
2.84	0	-0.3286090504877717	0	0	0	-0.004288021376763638	0	-0.01648914669893142
2.841	0	-0.3288129910446206	0	0	0	-0.004294007555760343	0	-0.01647852225444525
2.842	0	-0.3290169777885095	0	0	0	-0.004299965182442701	0	-0.01646789730852347
2.843	0	-0.329221010671125	0	0	0	-0.004305894313293581	0	-0.01645727216199922
2.844	0	-0.3294250896440827	0	0	0	-0.004311795005035129	0	-0.01644664655259637
2.845	0	-0.3296292146589269	0	0	0	-0.004317667314626221	0	-0.01643602085012447
2.846	0	-0.3298333856671309	0	0	0	-0.004323511299264332	0	-0.01642539412706056
2.847	0	-0.3300376026200996	0	0	0	-0.004329327016379861	0	-0.01641476757223955
2.848	0	-0.330241865469166	0	0	0	-0.004335114523640353	0	-0.01640414089036883
2.849	0	-0.3304461741655942	0	0	0	-0.004340873878947913	0	-0.01639351352543135
2.85	0	-0.3306505286605789	0	0	0	-0.004346605140436652	0	-0.01638288584790328
2.851	0	-0.3308549289052461	0	0	0	-0.004352308366473188	0	-0.01637225819635712
2.852	0	-0.3310593748506524	0	0	0	-0.004357983615657021	0	-0.01636162999582977
2.853	0	-0.3312638664477864	0	0	0	-0.004363630946817447	0	-0.01635100132992263
2.854	0	-0.3314684036475686	0	0	0	-0.004369250419012617	0	-0.01634037297706195
2.855	0	-0.3316729864008515	0	0	0	-0.004374842091531795	0	-0.01632974421619367
2.856	0	-0.3318776146584199	0	0	0	-0.004380406023890996	0	-0.0163191152849683
2.857	0	-0.3320822883709917	0	0	0	-0.004385942275834076	0	-0.01630848598822066
2.858	0	-0.3322870074892179	0	0	0	-0.004391450907330137	0	-0.01629785690889047
2.859	0	-0.3324917719636822	0	0	0	-0.004396931978575627	0	-0.01628722732376949
2.86	0	-0.3326965817449028	0	0	0	-0.004402385549989949	0	-0.01627659765393123
2.861	0	-0.3329014367833315	0	0	0	-0.004407811682217101	0	-0.01626596771527137
2.862	0	-0.3331063370293543	0	0	0	-0.004413210436123404	0	-0.01625533767418361
2.863	0	-0.3333112824332923	0	0	0	-0.00441858187279736	0	-0.01624470754231662
2.864	0	-0.3335162729454008	0	0	0	-0.004423926053548674	0	-0.01623407723361545
2.865	0	-0.333721308515871	0	0	0	-0.004429243039907006	0	-0.01622344682116775
2.866	0	-0.333926389094829	0	0	0	-0.004434532893621419	0	-0.01621281629636583
2.867	0	-0.3341315146323372	0	0	0	-0.004439795676659346	0	-0.01620218568000336
2.868	0	-0.334336685078394	0	0	0	-0.004445031451205735	0	-0.01619155498945635
2.869	0	-0.3345419003829342	0	0	0	-0.004450240279662054	0	-0.0161809243159126
2.87	0	-0.3347471604958294	0	0	0	-0.004455422224645963	0	-0.01617029342120189
2.871	0	-0.3349524653668883	0	0	0	-0.004460577348989064	0	-0.01615966269421947
2.872	0	-0.3351578149458567	0	0	0	-0.004465705715738083	0	-0.01614903169671465
2.873	0	-0.3353632091824185	0	0	0	-0.004470807388151827	0	-0.01613840066124627
2.874	0	-0.3355686480261955	0	0	0	-0.004475882429701197	0	-0.01612776985745092
2.875	0	-0.3357741314267477	0	0	0	-0.004480930904069124	0	-0.01611713900265828
2.876	0	-0.3359796593335737	0	0	0	-0.00448595287514855	0	-0.01610650805584118
2.877	0	-0.3361852316961113	0	0	0	-0.004490948407041609	0	-0.01609587714774475
2.878	0	-0.336390848463737	0	0	0	-0.004495917564059608	0	-0.01608524596336523
2.879	0	-0.3365965095857676	0	0	0	-0.004500860410720449	0	-0.0160746149252814
2.88	0	-0.3368022150114593	0	0	0	-0.004505777011749475	0	-0.01606398395499437
2.881	0	-0.3370079646900088	0	0	0	-0.004510667432077734	0	-0.01605335306394643
2.882	0	-0.337213758570553	0	0	0	-0.004515531736841257	0	-0.01604272221584787
2.883	0	-0.3374195966021699	0	0	0	-0.004520369991379663	0	-0.01603209167393103
2.884	0	-0.337625478733878	0	0	0	-0.004525182261236796	0	-0.01602146092302397
2.885	0	-0.3378314049146385	0	0	0	-0.004529968612157311	0	-0.01601083040636077
2.886	0	-0.3380373750933531	0	0	0	-0.004534729110088368	0	-0.0160001997189087
2.887	0	-0.3382433892188663	0	0	0	-0.004539463821176029	0	-0.01598956947409487
2.888	0	-0.3384494472399651	0	0	0	-0.004544172811766917	0	-0.01597893952577399
2.889	0	-0.3386555491053785	0	0	0	-0.004548856148406591	0	-0.01596830945159647
2.89	0	-0.3388616947637792	0	0	0	-0.004553513897837425	0	-0.01595767939942604
2.891	0	-0.3390678841637834	0	0	0	-0.004558146126997838	0	-0.01594704997391805
2.892	0	-0.3392741172539502	0	0	0	-0.004562752903023797	0	-0.01593642057681732
2.893	0	-0.3394803939827835	0	0	0	-0.004567334293245249	0	-0.01592579123172775
2.894	0	-0.3396867142987308	0	0	0	-0.004571890365185695	0	-0.01591516223814354
2.895	0	-0.3398930781501846	0	0	0	-0.004576421186562118	0	-0.01590453360194136
2.896	0	-0.3400994854854827	0	0	0	-0.004580926825284035	0	-0.01589390504294863
2.897	0	-0.3403059362529078	0	0	0	-0.004585407349451398	0	-0.01588327681488274
2.898	0	-0.3405124304006876	0	0	0	-0.004589862827355217	0	-0.01587264862907213
2.899	0	-0.3407189678769968	0	0	0	-0.004594293327475368	0	-0.01586202054923948
2.9	0	-0.3409255486299559	0	0	0	-0.004598698918479647	0	-0.01585139299126499
2.901	0	-0.3411321726076318	0	0	0	-0.004603079669224532	0	-0.01584076556988579
2.902	0	-0.3413388397580383	0	0	0	-0.004607435648752275	0	-0.01583013845896048
2.903	0	-0.3415455500291368	0	0	0	-0.004611766926290645	0	-0.01581951194085122
2.904	0	-0.3417523033688352	0	0	0	-0.004616073571253696	0	-0.01580888523439131
2.905	0	-0.3419590997249908	0	0	0	-0.004620355653236849	0	-0.01579825924592593
2.906	0	-0.3421659390454076	0	0	0	-0.004624613242020409	0	-0.015787633502108
2.907	0	-0.3423728212778387	0	0	0	-0.004628846407565913	0	-0.01577700803995059
2.908	0	-0.3425797463699862	0	0	0	-0.00463305522001561	0	-0.01576638311817033
2.909	0	-0.3427867142695009	0	0	0	-0.004637239749692751	0	-0.0157557583819436
2.91	0	-0.3429937249239831	0	0	0	-0.004641400067099145	0	-0.01574513389383709
2.911	0	-0.3432007782809833	0	0	0	-0.00464553624291446	0	-0.01573450999648785
2.912	0	-0.3434078742880017	0	0	0	-0.004649648347996543	0	-0.01572388643671013
2.913	0	-0.343615012892489	0	0	0	-0.004653736453379275	0	-0.01571326320828644
2.914	0	-0.3438221940418466	0	0	0	-0.004657800630271821	0	-0.01570264042179339
2.915	0	-0.3440294176834272	0	0	0	-0.004661840950057715	0	-0.01569201830109993
2.916	0	-0.3442366837645343	0	0	0	-0.004665857484295016	0	-0.01568139643526779
2.917	0	-0.3444439922324242	0	0	0	-0.004669850304713408	0	-0.01567077512625112
2.918	0	-0.3446513430343037	0	0	0	-0.0046738194832149	0	-0.01566015426953302
2.919	0	-0.3448587361173331	0	0	0	-0.004677765091872232	0	-0.01564953380781043
2.92	0	-0.3450661714286253	0	0	0	-0.004681687202927592	0	-0.01563891397801019
2.921	0	-0.3452736489152457	0	0	0	-0.004685585888792982	0	-0.01562829441462345
2.922	0	-0.3454811685242133	0	0	0	-0.00468946122204731	0	-0.01561767549833286
2.923	0	-0.3456887302025008	0	0	0	-0.004693313275437693	0	-0.01560705683625354
2.924	0	-0.3458963338970351	0	0	0	-0.004697142121875685	0	-0.01559643919706559
2.925	0	-0.3461039795546968	0	0	0	-0.004700947834439985	0	-0.01558582202111229
2.926	0	-0.3463116671223215	0	0	0	-0.004704730486372894	0	-0.01557520520183546
2.927	0	-0.3465193965466995	0	0	0	-0.004708490151079324	0	-0.01556458912989066
2.928	0	-0.3467271677745769	0	0	0	-0.004712226902127603	0	-0.01555397350120648
2.929	0	-0.346934980752655	0	0	0	-0.004715940813246561	0	-0.0155433586710243
2.93	0	-0.3471428354275907	0	0	0	-0.004719631958326671	0	-0.01553274423346512
2.931	0	-0.3473507317459978	0	0	0	-0.004723300411416746	0	-0.01552213063849429
2.932	0	-0.3475586696544463	0	0	0	-0.00472694624672533	0	-0.01551151761462398
2.933	0	-0.3477666490994634	0	0	0	-0.004730569538618158	0	-0.015500905247473
2.934	0	-0.347974670027533	0	0	0	-0.004734170361618177	0	-0.01549029333967672
2.935	0	-0.3481827323850969	0	0	0	-0.004737748790403435	0	-0.01547968221056591
2.936	0	-0.348390836118555	0	0	0	-0.004741304899807659	0	-0.0154690716631188
2.937	0	-0.3485989811742648	0	0	0	-0.004744838764818093	0	-0.01545846182170145
2.938	0	-0.3488071674985427	0	0	0	-0.004748350460575197	0	-0.01544785269510828
2.939	0	-0.3490153950376638	0	0	0	-0.004751840062371553	0	-0.01543724429682677
2.94	0	-0.3492236637378626	0	0	0	-0.004755307645650695	0	-0.01542663679292492
2.941	0	-0.349431973545333	0	0	0	-0.004758753286006911	0	-0.01541603000946476
2.942	0	-0.3496403244062284	0	0	0	-0.004762177059183638	0	-0.01540542388562108
2.943	0	-0.3498487162666626	0	0	0	-0.004765579041072449	0	-0.01539481852577983
2.944	0	-0.35005714907271	0	0	0	-0.004768959307712511	0	-0.01538421393209781
2.945	0	-0.3502656227704053	0	0	0	-0.004772317935290022	0	-0.01537360976503617
2.946	0	-0.3504741373057453	0	0	0	-0.00477565500013488	0	-0.01536300694657564
2.947	0	-0.3506826926246868	0	0	0	-0.004778970578724467	0	-0.01535240448263255
2.948	0	-0.3508912886731497	0	0	0	-0.004782264747677677	0	-0.01534180287392125
2.949	0	-0.3510999253970152	0	0	0	-0.004785537583756605	0	-0.01533120232911774
2.95	0	-0.3513086027421275	0	0	0	-0.004788789163866163	0	-0.01532060240613527
2.951	0	-0.3515173206542929	0	0	0	-0.004792019565050982	0	-0.01531000346885297
2.952	0	-0.3517260790792811	0	0	0	-0.004795228864496433	0	-0.01529940537429038
2.953	0	-0.3519348779628249	0	0	0	-0.0047984171395267	0	-0.01528880813794344
2.954	0	-0.3521437172506213	0	0	0	-0.004801584467604172	0	-0.01527821172380195
2.955	0	-0.3523525968883311	0	0	0	-0.004804730926328191	0	-0.01526761624873705
2.956	0	-0.3525615168215794	0	0	0	-0.004807856593434634	0	-0.01525702165254348
2.957	0	-0.3527704769959559	0	0	0	-0.004810961546794422	0	-0.01524642806292121
2.958	0	-0.3529794773570155	0	0	0	-0.004814045864413437	0	-0.01523583523242243
2.959	0	-0.353188517850278	0	0	0	-0.004817109624430419	0	-0.015225243325763
2.96	0	-0.3533975984212295	0	0	0	-0.004820152905116933	0	-0.01521465232006775
2.961	0	-0.3536067190153219	0	0	0	-0.004823175784875395	0	-0.01520406270661926
2.962	0	-0.3538158795779728	0	0	0	-0.004826178342240771	0	-0.01519347372449303
2.963	0	-0.3540250800545671	0	0	0	-0.004829160655875797	0	-0.01518288595217665
2.964	0	-0.3542343203904559	0	0	0	-0.004832122804573705	0	-0.0151722988535161
2.965	0	-0.3544436005309589	0	0	0	-0.004835064867253751	0	-0.01516171315622283
2.966	0	-0.3546529204213619	0	0	0	-0.004837986922964025	0	-0.01515112834737654
2.967	0	-0.3548622800069191	0	0	0	-0.004840889050877675	0	-0.01514054458566152
2.968	0	-0.3550716792328532	0	0	0	-0.004843771330293218	0	-0.01512996187880437
2.969	0	-0.3552811180443555	0	0	0	-0.004846633840633266	0	-0.01511938030746068
2.97	0	-0.3554905963865856	0	0	0	-0.004849476661444378	0	-0.01510879951878958
2.971	0	-0.355700114204673	0	0	0	-0.004852299872394029	0	-0.01509822012582389
2.972	0	-0.3559096714437158	0	0	0	-0.004855103553272805	0	-0.01508764163405122
2.973	0	-0.3561192680487829	0	0	0	-0.00485788778399076	0	-0.01507706425663051
2.974	0	-0.3563289039649129	0	0	0	-0.004860652644577692	0	-0.0150664881191818
2.975	0	-0.3565385791371144	0	0	0	-0.004863398215182627	0	-0.0150559129807433
2.976	0	-0.3567482935103676	0	0	0	-0.004866124576071731	0	-0.01504533902839896
2.977	0	-0.3569580470296233	0	0	0	-0.004868831807628322	0	-0.01503476624821684
2.978	0	-0.3571678396398042	0	0	0	-0.004871519990351586	0	-0.01502419467507526
2.979	0	-0.357377671285804	0	0	0	-0.004874189204855772	0	-0.01501362431577794
2.98	0	-0.357587541912489	0	0	0	-0.00487683953186934	0	-0.01500305511133583
2.981	0	-0.3577974514646978	0	0	0	-0.004879471052233729	0	-0.01499248714257959
2.982	0	-0.3580073998872417	0	0	0	-0.004882083846902732	0	-0.01498192044939181
2.983	0	-0.3582173871249044	0	0	0	-0.004884677996942155	0	-0.01497135463812372
2.984	0	-0.3584274131224442	0	0	0	-0.004887253583526527	0	-0.01496079047265331
2.985	0	-0.3586374778245922	0	0	0	-0.004889810687941491	0	-0.01495022768012642
2.986	0	-0.3588475811760531	0	0	0	-0.004892349391581707	0	-0.01493966573365773
2.987	0	-0.3590577231215066	0	0	0	-0.004894869775948334	0	-0.01492910493110588
2.988	0	-0.3592679036056072	0	0	0	-0.004897371922648852	0	-0.01491854590121102
2.989	0	-0.3594781225729832	0	0	0	-0.004899855913399148	0	-0.01490798762848873
2.99	0	-0.3596883799682393	0	0	0	-0.004902321830017358	0	-0.01489743093081456
2.991	0	-0.359898675735955	0	0	0	-0.004904769754427342	0	-0.01488687555730887
2.992	0	-0.3601090098206862	0	0	0	-0.004907199768655714	0	-0.01487632155950733
2.993	0	-0.3603193821669641	0	0	0	-0.004909611954831591	0	-0.01486576886244528
2.994	0	-0.3605297927192975	0	0	0	-0.004912006395185077	0	-0.01485521767027324
2.995	0	-0.360740241422171	0	0	0	-0.004914383172047333	0	-0.0148446678221871
2.996	0	-0.3609507282200471	0	0	0	-0.004916742367848859	0	-0.01483411934225031
2.997	0	-0.361161253057365	0	0	0	-0.004919084065118877	0	-0.01482357224646524
2.998	0	-0.3613718158785424	0	0	0	-0.004921408346484578	0	-0.01481302646042454
2.999	0	-0.3615824166279743	0	0	0	-0.004923715294669936	0	-0.01480248198840477
3	0	-0.3617930552500347	0	0	0	-0.004926004992494573	0	-0.0147919391023618
