DataType=double
version=3
OpenSimVersion=4.5
endheader
time	first_dorsal_posterior_cervical_rx	first_dorsal_posterior_cervical_rz	posterior_cervical_middle_cervical_rx	middle_cervical_anterior_cervical_rx	anterior_cervical_atlas_axis_rx	anterior_cervical_atlas_axis_rz	atlas_axis_skull_rx
0	0	0	0	0	0	0	0
0.001	0	-4.550463319028706e-06	0	0	0	-1.98941294648788e-05	0
0.002	0	3.848831534314003e-06	0	0	0	-0.0001043859369463905	0
0.003	0	1.883260477159874e-05	0	0	0	-0.0002189356110019651	0
0.004	0	3.688085889462847e-05	0	0	0	-0.0003505150176503273	0
0.005	0	5.718829628374881e-05	0	0	0	-0.0004962030073815899	0
0.006	0	7.958399677783413e-05	0	0	0	-0.0006553794964797183	0
0.007	0	0.0001040336754040679	0	0	0	-0.0008279184169365584	0
0.008	0	0.0001305320278518345	0	0	0	-0.001013798303077277	0
0.009000000000000001	0	0.0001590804615767323	0	0	0	-0.001213021765659744	0
0.01	0	0.0001896819902597713	0	0	0	-0.001425597232524927	0
0.011	0	0.0002223399121896224	0	0	0	-0.001651533644926418	0
0.012	0	0.0002570585035736248	0	0	0	-0.001890842888051556	0
0.013	0	0.0002938408227836796	0	0	0	-0.002143533823228165	0
0.014	0	0.0003326919920339839	0	0	0	-0.002409620659632762	0
0.015	0	0.0003736149306180197	0	0	0	-0.002689111890468505	0
0.016	0	0.0004166157266573123	0	0	0	-0.002982024360975474	0
0.017	0	0.0004616986170071377	0	0	0	-0.003288370114374443	0
0.018	0	0.0005088690282935926	0	0	0	-0.00360816436109656	0
0.019	0	0.0005581316785369773	0	0	0	-0.00394142049916762	0
0.02	0	0.000609492860312853	0	0	0	-0.004288156103290823	0
0.021	0	0.0006629575501271028	0	0	0	-0.004648385345235843	0
0.022	0	0.0007185324330815743	0	0	0	-0.005022126924064156	0
0.023	0	0.0007762230566946122	0	0	0	-0.005409396604306625	0
0.024	0	0.0008360364937688638	0	0	0	-0.005810214197655652	0
0.025	0	0.0008979786377657172	0	0	0	-0.006224596471575445	0
0.026	0	0.0009620574583195252	0	0	0	-0.006652565686760038	0
0.027	0	0.001028278977661369	0	0	0	-0.007094139044642304	0
0.028	0	0.001096651320788111	0	0	0	-0.007549339310251323	0
0.029	0	0.001167181206370026	0	0	0	-0.008018185609308731	0
0.03	0	0.001239877628709508	0	0	0	-0.008500703084844864	0
0.031	0	0.0013147470339488	0	0	0	-0.008996910245009957	0
0.032	0	0.001391799403763935	0	0	0	-0.009506834922105205	0
0.033	0	0.001471041752426141	0	0	0	-0.01003049721269484	0
0.034	0	0.001552483702964745	0	0	0	-0.01056792410743403	0
0.035	0	0.001636133195058399	0	0	0	-0.01111913822987177	0
0.036	0	0.001722000791966765	0	0	0	-0.01168416913830633	0
0.037	0	0.001810094463641098	0	0	0	-0.01226303963493663	0
0.038	0	0.001900424717490461	0	0	0	-0.01285577923202109	0
0.039	0	0.001993000353594991	0	0	0	-0.01346241301080697	0
0.04	0	0.002087832976800687	0	0	0	-0.01408297346618516	0
0.041	0	0.002184931385260249	0	0	0	-0.01471748577487407	0
0.042	0	0.002284306849656543	0	0	0	-0.01536598165639762	0
0.043	0	0.002385969465590169	0	0	0	-0.016028489795861	0
0.044	0	0.002489931095817727	0	0	0	-0.01670504357035976	0
0.045	0	0.002596201608718702	0	0	0	-0.01739567117040058	0
0.046	0	0.002704794029041267	0	0	0	-0.01810040912884665	0
0.047	0	0.002815718111108007	0	0	0	-0.01881928543920831	0
0.048	0	0.002928987100546359	0	0	0	-0.0195523373188904	0
0.049	0	0.003044612313696839	0	0	0	-0.02029959696891318	0
0.05	0	0.003162606636803612	0	0	0	-0.02106110076757496	0
0.051	0	0.003282981528643681	0	0	0	-0.02183688139421259	0
0.052	0	0.00340575067098902	0	0	0	-0.02262697742337525	0
0.053	0	0.003530926508578976	0	0	0	-0.02343142423132505	0
0.054	0	0.003658522649041442	0	0	0	-0.02425026030400573	0
0.055	0	0.003788551523221297	0	0	0	-0.02508352108645002	0
0.056	0	0.003921027575871536	0	0	0	-0.02593124737248676	0
0.057	0	0.004055964330686124	0	0	0	-0.02679347758800262	0
0.058	0	0.004193376059647994	0	0	0	-0.02767025217980797	0
0.059	0	0.004333276126233502	0	0	0	-0.02856160925869668	0
0.06	0	0.004475679853107956	0	0	0	-0.02946759214350601	0
0.061	0	0.004620601641614116	0	0	0	-0.03038824178416897	0
0.062	0	0.004768056394383695	0	0	0	-0.03132360050237661	0
0.063	0	0.004918058937947776	0	0	0	-0.03227371047463804	0
0.064	0	0.005070625089110481	0	0	0	-0.03323861653837409	0
0.065	0	0.005225769658722929	0	0	0	-0.03421836093720074	0
0.066	0	0.00538350893458726	0	0	0	-0.03521298985799985	0
0.067	0	0.005543858665333067	0	0	0	-0.03622254812278036	0
0.068	0	0.005706834844695602	0	0	0	-0.03724708125399399	0
0.06900000000000001	0	0.005872453894265391	0	0	0	-0.03828663595537498	0
0.07000000000000001	0	0.006040732391136455	0	0	0	-0.03934125939567026	0
0.07100000000000001	0	0.00621168719008172	0	0	0	-0.04041099953035045	0
0.07200000000000001	0	0.006385334873544909	0	0	0	-0.04149590365235612	0
0.073	0	0.006561692901377586	0	0	0	-0.04259602142170823	0
0.074	0	0.006740778441001858	0	0	0	-0.04371140178304959	0
0.075	0	0.006922609319676999	0	0	0	-0.04484209547573832	0
0.076	0	0.007107202688250356	0	0	0	-0.04598815151104584	0
0.077	0	0.007294577031834352	0	0	0	-0.04714962247318814	0
0.078	0	0.007484750017800823	0	0	0	-0.0483265588449581	0
0.079	0	0.007677740522310362	0	0	0	-0.04951901435381777	0
0.08	0	0.007873566252712341	0	0	0	-0.05072703969702842	0
0.081	0	0.008072246692646457	0	0	0	-0.05195069031519377	0
0.082	0	0.008273799787457787	0	0	0	-0.05319001764290407	0
0.083	0	0.008478245574551652	0	0	0	-0.05444507869268265	0
0.08400000000000001	0	0.008685602100348654	0	0	0	-0.05571592527427132	0
0.08500000000000001	0	0.008895890011305734	0	0	0	-0.05700261611831033	0
0.08600000000000001	0	0.009109127420761082	0	0	0	-0.058305203318744	0
0.08700000000000001	0	0.009325335593771597	0	0	0	-0.05962374734964121	0
0.08799999999999999	0	0.009544532678031487	0	0	0	-0.06095830050216899	0
0.089	0	0.009766740562376299	0	0	0	-0.06230892500746195	0
0.09	0	0.009991977399308918	0	0	0	-0.06367567327464178	0
0.091	0	0.01022026554451152	0	0	0	-0.06505860887680268	0
0.092	0	0.01045162385100088	0	0	0	-0.06645778617928269	0
0.093	0	0.01068607401780789	0	0	0	-0.0678732671251223	0
0.094	0	0.01092363575403803	0	0	0	-0.06930510844682021	0
0.095	0	0.01116433138935214	0	0	0	-0.0707533738605531	0
0.096	0	0.01140818052293497	0	0	0	-0.07221811990967984	0
0.097	0	0.01165520521624896	0	0	0	-0.07369940970342238	0
0.098	0	0.01190542613273409	0	0	0	-0.07519730270166916	0
0.099	0	0.01215886553449612	0	0	0	-0.07671186264613092	0
0.1	0	0.01241554388150169	0	0	0	-0.07824314855609674	0
0.101	0	0.0126754836394534	0	0	0	-0.07979122481058096	0
0.102	0	0.01293870565203975	0	0	0	-0.08135615154114237	0
0.103	0	0.01320523277110093	0	0	0	-0.08293799424578492	0
0.104	0	0.01347508584545294	0	0	0	-0.08453681316290172	0
0.105	0	0.01374828776402921	0	0	0	-0.08615267398236055	0
0.106	0	0.01402485979127417	0	0	0	-0.08778563813432363	0
0.107	0	0.01430482470045436	0	0	0	-0.08943577109242268	0
0.108	0	0.01458820414762972	0	0	0	-0.09110313541235443	0
0.109	0	0.01487502076462058	0	0	0	-0.09278779627943433	0
0.11	0	0.01516529656561171	0	0	0	-0.09448981728313614	0
0.111	0	0.01545905401906524	0	0	0	-0.09620926325824936	0
0.112	0	0.0157563154564283	0	0	0	-0.0979461987162888	0
0.113	0	0.01605710316405223	0	0	0	-0.09970068808730229	0
0.114	0	0.01636143974282197	0	0	0	-0.1014727966741758	0
0.115	0	0.0166693472808171	0	0	0	-0.1032625884544836	0
0.116	0	0.01698084859395538	0	0	0	-0.1050701293738519	0
0.117	0	0.01729596555793578	0	0	0	-0.1068954829146962	0
0.118	0	0.01761472114307999	0	0	0	-0.1087387154996988	0
0.119	0	0.01793713700013726	0	0	0	-0.1105998900771108	0
0.12	0	0.01826323618731399	0	0	0	-0.1124790733647833	0
0.121	0	0.018593040118895	0	0	0	-0.1143763277401795	0
0.122	0	0.01892657186887445	0	0	0	-0.1162917200190263	0
0.123	0	0.01926385260415345	0	0	0	-0.1182253119725291	0
0.124	0	0.0196049053371334	0	0	0	-0.1201771703023419	0
0.125	0	0.01994975097657467	0	0	0	-0.1221473561379355	0
0.126	0	0.02029841239089989	0	0	0	-0.1241359358409984	0
0.127	0	0.02065091021972671	0	0	0	-0.1261429698626896	0
0.128	0	0.02100726710037143	0	0	0	-0.1281685239855729	0
0.129	0	0.02136750339168094	0	0	0	-0.1302126579437935	0
0.13	0	0.02173164140824858	0	0	0	-0.1322754366890163	0
0.131	0	0.02209970121554101	0	0	0	-0.1343569191965901	0
0.132	0	0.02247170470956646	0	0	0	-0.1364571693235207	0
0.133	0	0.02284767164849182	0	0	0	-0.1385762452406142	0
0.134	0	0.02322762340986919	0	0	0	-0.1407142094350889	0
0.135	0	0.02361157942901249	0	0	0	-0.1428711192226264	0
0.136	0	0.02399956046232143	0	0	0	-0.1450470354373057	0
0.137	0	0.02439158559907846	0	0	0	-0.1472420144682945	0
0.138	0	0.02478767488397195	0	0	0	-0.1494561152448305	0
0.139	0	0.02518784701054745	0	0	0	-0.1516893930869727	0
0.14	0	0.02559212124147746	0	0	0	-0.1539419048207489	0
0.141	0	0.02600051580745763	0	0	0	-0.1562137045075417	0
0.142	0	0.02641304912332854	0	0	0	-0.1585048466831788	0
0.143	0	0.02682973888272802	0	0	0	-0.1608153839412822	0
0.144	0	0.02725060258789549	0	0	0	-0.1631453683427211	0
0.145	0	0.02767565731490873	0	0	0	-0.165494850786886	0
0.146	0	0.02810491958939241	0	0	0	-0.1678638806764089	0
0.147	0	0.02853840578347437	0	0	0	-0.1702525069736829	0
0.148	0	0.02897613138265616	0	0	0	-0.1726607762406623	0
0.149	0	0.02941811196325115	0	0	0	-0.175088735244795	0
0.15	0	0.02986436180102046	0	0	0	-0.1775364272411495	0
0.151	0	0.03031489581472301	0	0	0	-0.1800038971580104	0
0.152	0	0.03076972719974576	0	0	0	-0.1824911852755604	0
0.153	0	0.03122886939710826	0	0	0	-0.1849983324792772	0
0.154	0	0.03169233447559878	0	0	0	-0.1875253759357892	0
0.155	0	0.03216013523125855	0	0	0	-0.1900723546982605	0
0.156	0	0.03263228211518374	0	0	0	-0.1926393014941934	0
0.157	0	0.03310878652996429	0	0	0	-0.1952262515299336	0
0.158	0	0.03358965796195812	0	0	0	-0.1978332348238092	0
0.159	0	0.03407490656169456	0	0	0	-0.2004602830982388	0
0.16	0	0.03456453979648702	0	0	0	-0.2031074208297415	0
0.161	0	0.03505856663279835	0	0	0	-0.2057746764242059	0
0.162	0	0.03555699346329678	0	0	0	-0.2084620713254698	0
0.163	0	0.0360598276193039	0	0	0	-0.2111696294014996	0
0.164	0	0.0365670732388656	0	0	0	-0.2138973658935439	0
0.165	0	0.03707873634546872	0	0	0	-0.2166453009922762	0
0.166	0	0.0375948200566243	0	0	0	-0.2194134470212608	0
0.167	0	0.03811532835766818	0	0	0	-0.222201818525135	0
0.168	0	0.03864026181013489	0	0	0	-0.2250104207880027	0
0.169	0	0.03916962303270409	0	0	0	-0.2278392644902612	0
0.17	0	0.03970341158793967	0	0	0	-0.2306883520269044	0
0.171	0	0.04024162740547652	0	0	0	-0.2335576866606965	0
0.172	0	0.04078426784914176	0	0	0	-0.2364472646739066	0
0.173	0	0.04133133156787882	0	0	0	-0.239357085665598	0
0.174	0	0.04188281330288122	0	0	0	-0.2422871386563851	0
0.175	0	0.0424387097578351	0	0	0	-0.2452374177901647	0
0.176	0	0.04299901405878095	0	0	0	-0.2482079075080956	0
0.177	0	0.04356372016993363	0	0	0	-0.251198594360383	0
0.178	0	0.04413281890699758	0	0	0	-0.2542094563355247	0
0.179	0	0.04470630244264934	0	0	0	-0.2572404749137697	0
0.18	0	0.04528415939322874	0	0	0	-0.260291621916617	0
0.181	0	0.04586637918894398	0	0	0	-0.2633628711979803	0
0.182	0	0.04645294792663835	0	0	0	-0.2664541875442629	0
0.183	0	0.04704385305613112	0	0	0	-0.269565539211737	0
0.184	0	0.04763907835907623	0	0	0	-0.2726968844887171	0
0.185	0	0.04823860876499398	0	0	0	-0.275848184579594	0
0.186	0	0.04884242476207926	0	0	0	-0.2790193886481464	0
0.187	0	0.04945050908787471	0	0	0	-0.2822104517175787	0
0.188	0	0.05006284071402649	0	0	0	-0.285421318573636	0
0.189	0	0.05067939870385808	0	0	0	-0.2886519340863703	0
0.19	0	0.05130015928370484	0	0	0	-0.2919022353710817	0
0.191	0	0.05192509964589688	0	0	0	-0.2951721619622218	0
0.192	0	0.05255419264430798	0	0	0	-0.2984616416235656	0
0.193	0	0.05318741276751873	0	0	0	-0.3017706063239975	0
0.194	0	0.05382473105978865	0	0	0	-0.305098978653062	0
0.195	0	0.05446611822018365	0	0	0	-0.3084466801081876	0
0.196	0	0.05511154273852994	0	0	0	-0.3118136261139909	0
0.197	0	0.0557609728856899	0	0	0	-0.3151997313388418	0
0.198	0	0.05641437446533662	0	0	0	-0.318604903688717	0
0.199	0	0.05707171243968477	0	0	0	-0.3220290486522471	0
0.2	0	0.05773294987233128	0	0	0	-0.3254720664798547	0
0.201	0	0.05839804919465092	0	0	0	-0.328933855564893	0
0.202	0	0.05906697078891228	0	0	0	-0.3324143086618021	0
0.203	0	0.05973967393649	0	0	0	-0.3359133154235804	0
0.204	0	0.06041611621256794	0	0	0	-0.3394307607840635	0
0.205	0	0.0610962542028974	0	0	0	-0.342966526877606	0
0.206	0	0.06178004273995621	0	0	0	-0.3465204910010238	0
0.207	0	0.06246743547356337	0	0	0	-0.3500925271419385	0
0.208	0	0.0631583846358543	0	0	0	-0.3536825053537402	0
0.209	0	0.06385284096154321	0	0	0	-0.357290291548596	0
0.21	0	0.0645507540036068	0	0	0	-0.3609157483429298	0
0.211	0	0.06525207166719801	0	0	0	-0.3645587338200044	0
0.212	0	0.06595674126283113	0	0	0	-0.3682191043423169	0
0.213	0	0.06666470737709586	0	0	0	-0.3718967088819204	0
0.214	0	0.06737591491761223	0	0	0	-0.3755913971419951	0
0.215	0	0.068090306083757	0	0	0	-0.3793030114895679	0
0.216	0	0.0688078232674279	0	0	0	-0.3830313946904549	0
0.217	0	0.06952840558441023	0	0	0	-0.3867763806785305	0
0.218	0	0.07025199313668742	0	0	0	-0.3905378059118857	0
0.219	0	0.07097852303089043	0	0	0	-0.3943154987802029	0
0.22	0	0.07170793281725708	0	0	0	-0.3981092887649809	0
0.221	0	0.07244015660771769	0	0	0	-0.4019189961211366	0
0.222	0	0.07317512996250237	0	0	0	-0.4057444448809615	0
0.223	0	0.073912785337666	0	0	0	-0.4095854507575589	0
0.224	0	0.07465305576597572	0	0	0	-0.413441830938161	0
0.225	0	0.0753958708196909	0	0	0	-0.4173133933677504	0
0.226	0	0.07614116186007704	0	0	0	-0.4211999506995862	0
0.227	0	0.07688885722863402	0	0	0	-0.4251013075362173	0
0.228	0	0.07763888556044288	0	0	0	-0.4290172692359773	0
0.229	0	0.0783911730687563	0	0	0	-0.4329476347168602	0
0.23	0	0.07914564721393137	0	0	0	-0.4368922061963616	0
0.231	0	0.07990223188200925	0	0	0	-0.4408507764233863	0
0.232	0	0.08066085294555107	0	0	0	-0.4448231434207826	0
0.233	0	0.08142143315714827	0	0	0	-0.448809096972149	0
0.234	0	0.08218389625771688	0	0	0	-0.4528084295084534	0
0.235	0	0.08294816344506446	0	0	0	-0.4568209267775562	0
0.236	0	0.08371415745326653	0	0	0	-0.4608463786387891	0
0.237	0	0.08448179822872726	0	0	0	-0.4648845676473634	0
0.238	0	0.08525100684913675	0	0	0	-0.4689352794192313	0
0.239	0	0.08602170195282552	0	0	0	-0.4729982932158469	0
0.24	0	0.08679380387966494	0	0	0	-0.4770733928796063	0
0.241	0	0.08756723035487229	0	0	0	-0.4811603554620995	0
0.242	0	0.08834190070971729	0	0	0	-0.4852589623632217	0
0.243	0	0.08911773110136594	0	0	0	-0.489368986748243	0
0.244	0	0.08989464036936068	0	0	0	-0.4934902089798392	0
0.245	0	0.09067254488909027	0	0	0	-0.4976224030832048	0
0.246	0	0.09145136189757336	0	0	0	-0.5017653455075228	0
0.247	0	0.09223100711221552	0	0	0	-0.5059188088763383	0
0.248	0	0.09301139796000851	0	0	0	-0.5100825704815887	0
0.249	0	0.09379244914120945	0	0	0	-0.5142564006478609	0
0.25	0	0.09457407773645131	0	0	0	-0.5184400761434628	0
0.251	0	0.09535619898094261	0	0	0	-0.5226333691071972	0
0.252	0	0.09613872885972284	0	0	0	-0.5268360538650225	0
0.253	0	0.09692158265986447	0	0	0	-0.5310479031436618	0
0.254	0	0.09770467661442059	0	0	0	-0.5352686923854105	0
0.255	0	0.09848792611854751	0	0	0	-0.5394981950906821	0
0.256	0	0.0992712470689411	0	0	0	-0.5437361863326747	0
0.257	0	0.1000545550622073	0	0	0	-0.5479824406666495	0
0.258	0	0.1008377664592128	0	0	0	-0.5522367349216933	0
0.259	0	0.1016207972654598	0	0	0	-0.5564988452877255	0
0.26	0	0.1024035639066	0	0	0	-0.5607685493440655	0
0.261	0	0.1031859827974812	0	0	0	-0.5650456249471568	0
0.262	0	0.1039679709460705	0	0	0	-0.5693298518101395	0
0.263	0	0.1047494453347486	0	0	0	-0.5736210098992692	0
0.264	0	0.1055303234500688	0	0	0	-0.577918880821326	0
0.265	0	0.106310523052638	0	0	0	-0.5822232472284546	0
0.266	0	0.1070899622127242	0	0	0	-0.5865338929230116	0
0.267	0	0.1078685594764792	0	0	0	-0.5908506032881756	0
0.268	0	0.1086462336264774	0	0	0	-0.5951731646799837	0
0.269	0	0.1094229044395982	0	0	0	-0.5995013663888241	0
0.27	0	0.1101984910561109	0	0	0	-0.6038349964348263	0
0.271	0	0.1109729143601746	0	0	0	-0.6081738477110595	0
0.272	0	0.1117460946692524	0	0	0	-0.6125177120370706	0
0.273	0	0.1125179539305545	0	0	0	-0.6168663858168451	0
0.274	0	0.1132884130767513	0	0	0	-0.6212196632417964	0
0.275	0	0.1140573952872155	0	0	0	-0.6255773446716036	0
0.276	0	0.1148248229922631	0	0	0	-0.629939228949717	0
0.277	0	0.1155906204173676	0	0	0	-0.6343051199318592	0
0.278	0	0.1163547106776859	0	0	0	-0.638674819044637	0
0.279	0	0.1171170194383416	0	0	0	-0.6430481346507001	0
0.28	0	0.1178774715450575	0	0	0	-0.6474248734401776	0
0.281	0	0.1186359935370134	0	0	0	-0.6518048468536813	0
0.282	0	0.1193925113177101	0	0	0	-0.656187865132143	0
0.283	0	0.1201469531743012	0	0	0	-0.6605737450185747	0
0.284	0	0.1208992459022778	0	0	0	-0.6649622998928688	0
0.285	0	0.1216493194854179	0	0	0	-0.6693533516698352	0
0.286	0	0.1223971021631684	0	0	0	-0.6737467182687239	0
0.287	0	0.1231425246861339	0	0	0	-0.6781422244140513	0
0.288	0	0.1238855170192942	0	0	0	-0.6825396932788701	0
0.289	0	0.1246260116662078	0	0	0	-0.686938954894368	0
0.29	0	0.1253639396874125	0	0	0	-0.6913398360803801	0
0.291	0	0.1260992346083874	0	0	0	-0.6957421703193595	0
0.292	0	0.1268318291891385	0	0	0	-0.7001457896028036	0
0.293	0	0.1275616588336066	0	0	0	-0.7045505330152216	0
0.294	0	0.1282886574014192	0	0	0	-0.708956236190478	0
0.295	0	0.1290127611373343	0	0	0	-0.7133627411939543	0
0.296	0	0.1297339057575743	0	0	0	-0.7177698891986234	0
0.297	0	0.1304520294987615	0	0	0	-0.7221775281246485	0
0.298	0	0.1311670690390665	0	0	0	-0.7265855024185631	0
0.299	0	0.131878963377269	0	0	0	-0.7309936627628028	0
0.3	0	0.1325876513433989	0	0	0	-0.7354018598418632	0
0.301	0	0.1332930734226067	0	0	0	-0.7398099488890348	0
0.302	0	0.1339951693002402	0	0	0	-0.7442177835706475	0
0.303	0	0.1346938813284728	0	0	0	-0.7486252245986326	0
0.304	0	0.1353891504758291	0	0	0	-0.7530321296653145	0
0.305	0	0.1360809200053542	0	0	0	-0.7574383625647466	0
0.306	0	0.1367691328152222	0	0	0	-0.7618437865957122	0
0.307	0	0.13745373342	0	0	0	-0.7662482694552664	0
0.308	0	0.1381346658398389	0	0	0	-0.770651678021723	0
0.309	0	0.1388118758198964	0	0	0	-0.7750538838225318	0
0.31	0	0.1394853090174177	0	0	0	-0.7794547585605032	0
0.311	0	0.1401549124446496	0	0	0	-0.7838541776529668	0
0.312	0	0.1408206328645485	0	0	0	-0.7882520162899759	0
0.313	0	0.1414824183971132	0	0	0	-0.7926481533648528	0
0.314	0	0.1421402174376269	0	0	0	-0.7970424688174144	0
0.315	0	0.1427939792741934	0	0	0	-0.80143484513039	0
0.316	0	0.1434436533417075	0	0	0	-0.8058251655097481	0
0.317	0	0.1440891900727966	0	0	0	-0.8102133159487154	0
0.318	0	0.1447305402612193	0	0	0	-0.8145991836638475	0
0.319	0	0.145367655509772	0	0	0	-0.8189826581831575	0
0.32	0	0.14600048771046	0	0	0	-0.8233636300706887	0
0.321	0	0.14662898952552	0	0	0	-0.8277419920881092	0
0.322	0	0.1472531140782989	0	0	0	-0.8321176384332132	0
0.323	0	0.1478728149904944	0	0	0	-0.8364904648271032	0
0.324	0	0.1484880465947408	0	0	0	-0.8408603690109403	0
0.325	0	0.149098763417921	0	0	0	-0.8452272495011386	0
0.326	0	0.1497049209788488	0	0	0	-0.8495910074883004	0
0.327	0	0.1503064746551687	0	0	0	-0.8539515441195018	0
0.328	0	0.1509033811275063	0	0	0	-0.8583087639368848	0
0.329	0	0.1514955965702881	0	0	0	-0.8626625705544837	0
0.33	0	0.1520830788000448	0	0	0	-0.867012871763525	0
0.331	0	0.1526657847915574	0	0	0	-0.8713595736177823	0
0.332	0	0.1532436732168939	0	0	0	-0.8757025864515832	0
0.333	0	0.1538167021641449	0	0	0	-0.880041819461453	0
0.334	0	0.154384831134932	0	0	0	-0.8843771854243192	0
0.335	0	0.1549480187971053	0	0	0	-0.888708595379189	0
0.336	0	0.1555062256722934	0	0	0	-0.8930359649543571	0
0.337	0	0.1560594114609088	0	0	0	-0.8973592080580445	0
0.338	0	0.1566075371734711	0	0	0	-0.901678241879791	0
0.339	0	0.15715056322339	0	0	0	-0.9059929824057763	0
0.34	0	0.1576884516132591	0	0	0	-0.9103033495269701	0
0.341	0	0.1582211634854845	0	0	0	-0.9146092613027816	0
0.342	0	0.1587486615110715	0	0	0	-0.9189106395247749	0
0.343	0	0.1592709073701931	0	0	0	-0.9232074038398216	0
0.344	0	0.1597878645643897	0	0	0	-0.9274994782759234	0
0.345	0	0.1602994954195385	0	0	0	-0.9317867842765921	0
0.346	0	0.1608057640321963	0	0	0	-0.936069247515446	0
0.347	0	0.1613066333989955	0	0	0	-0.9403467912478162	0
0.348	0	0.1618020681507349	0	0	0	-0.9446193426101799	0
0.349	0	0.1622920319460843	0	0	0	-0.9488868266050118	0
0.35	0	0.1627764898845891	0	0	0	-0.9531491716384838	0
0.351	0	0.1632554062775984	0	0	0	-0.9574063043931849	0
0.352	0	0.1637287466350717	0	0	0	-0.9616581543688141	0
0.353	0	0.1641964758988871	0	0	0	-0.9659046498309423	0
0.354	0	0.1646585599484376	0	0	0	-0.9701457212366471	0
0.355	0	0.1651149643219894	0	0	0	-0.9743812983095415	0
0.356	0	0.165565655234922	0	0	0	-0.9786113123450633	0
0.357	0	0.1660105987852392	0	0	0	-0.9828356943940688	0
0.358	0	0.1664497614941846	0	0	0	-0.9870543764786821	0
0.359	0	0.1668831099813781	0	0	0	-0.9912672908428068	0
0.36	0	0.167310611046903	0	0	0	-0.9954743701303157	0
0.361	0	0.1677322317926553	0	0	0	-0.9996755476412131	0
0.362	0	0.1681479392734519	0	0	0	-1.003870756542428	0
0.363	0	0.1685577010331413	0	0	0	-1.008059931050967	0
0.364	0	0.1689614843599197	0	0	0	-1.012243004763911	0
0.365	0	0.1693592571985	0	0	0	-1.016419912674574	0
0.366	0	0.1697509870517007	0	0	0	-1.020590588722653	0
0.367	0	0.1701366422234511	0	0	0	-1.024754968535992	0
0.368	0	0.1705161904148907	0	0	0	-1.028912986314363	0
0.369	0	0.1708896002471488	0	0	0	-1.033064578177761	0
0.37	0	0.1712568396057119	0	0	0	-1.037209678508138	0
0.371	0	0.1716178773867037	0	0	0	-1.041348223775113	0
0.372	0	0.1719726816481938	0	0	0	-1.045480148469265	0
0.373	0	0.1723212215190755	0	0	0	-1.049605389267587	0
0.374	0	0.172663465220343	0	0	0	-1.05372388069981	0
0.375	0	0.1729993820715758	0	0	0	-1.057835559508737	0
0.376	0	0.173328940449047	0	0	0	-1.061940360197616	0
0.377	0	0.1736521098212329	0	0	0	-1.066038219434569	0
0.378	0	0.1739688587139719	0	0	0	-1.070129071634383	0
0.379	0	0.1742791567032873	0	0	0	-1.074212853251457	0
0.38	0	0.1745829724607338	0	0	0	-1.078289498553637	0
0.381	0	0.1748802756291114	0	0	0	-1.082358943644375	0
0.382	0	0.1751710350236476	0	0	0	-1.086421122589478	0
0.383	0	0.1754552203138809	0	0	0	-1.090475971006436	0
0.384	0	0.1757328004579549	0	0	0	-1.09452342270623	0
0.385	0	0.1760037451156958	0	0	0	-1.098563412693723	0
0.386	0	0.176268023381827	0	0	0	-1.102595874460037	0
0.387	0	0.1765256048820838	0	0	0	-1.106620742297071	0
0.388	0	0.1767764588326511	0	0	0	-1.110637949292416	0
0.389	0	0.1770205548085044	0	0	0	-1.114647428941454	0
0.39	0	0.1772578621305212	0	0	0	-1.118649113841395	0
0.391	0	0.177488350309563	0	0	0	-1.12264293661493	0
0.392	0	0.1777119887542939	0	0	0	-1.126628829282269	0
0.393	0	0.1779287469011839	0	0	0	-1.130606723524147	0
0.394	0	0.1781385942298451	0	0	0	-1.13457655069799	0
0.395	0	0.1783415000950896	0	0	0	-1.138538241480147	0
0.396	0	0.1785374340309041	0	0	0	-1.142491726480899	0
0.397	0	0.1787263653061349	0	0	0	-1.146436935316583	0
0.398	0	0.1789082634930296	0	0	0	-1.150373797768009	0
0.399	0	0.1790830977730802	0	0	0	-1.154302242342693	0
0.4	0	0.1792508377413295	0	0	0	-1.158222197912269	0
0.401	0	0.1794114524934168	0	0	0	-1.162133591833506	0
0.402	0	0.1795649116325482	0	0	0	-1.166036351992379	0
0.403	0	0.1797111841728836	0	0	0	-1.169930404559969	0
0.404	0	0.1798502397121741	0	0	0	-1.173815676363934	0
0.405	0	0.1799820471903358	0	0	0	-1.177692092361848	0
0.406	0	0.1801065761872346	0	0	0	-1.181559578254811	0
0.407	0	0.1802237955786393	0	0	0	-1.185418057766373	0
0.408	0	0.180333674915457	0	0	0	-1.189267455407853	0
0.409	0	0.1804361830222705	0	0	0	-1.193107693655762	0
0.41	0	0.1805312894114733	0	0	0	-1.19693869577402	0
0.411	0	0.1806189628722964	0	0	0	-1.200760382986818	0
0.412	0	0.1806991728707374	0	0	0	-1.204572677259244	0
0.413	0	0.1807718881793929	0	0	0	-1.208375498565871	0
0.414	0	0.1808370782117996	0	0	0	-1.212168767528274	0
0.415	0	0.1808947117455313	0	0	0	-1.215952402882343	0
0.416	0	0.1809447581375485	0	0	0	-1.219726323868767	0
0.417	0	0.1809871861948042	0	0	0	-1.223490448003973	0
0.418	0	0.1810219652165987	0	0	0	-1.227244693120081	0
0.419	0	0.1810490640631502	0	0	0	-1.230988975535333	0
0.42	0	0.1810684519839144	0	0	0	-1.234723211666969	0
0.421	0	0.1810800979111216	0	0	0	-1.238447316649832	0
0.422	0	0.1810839710606285	0	0	0	-1.242161205500485	0
0.423	0	0.1810800404549701	0	0	0	-1.245864792188237	0
0.424	0	0.1810682752967958	0	0	0	-1.249557990355387	0
0.425	0	0.1810486447186658	0	0	0	-1.253240712830682	0
0.426	0	0.181021117934155	0	0	0	-1.256912871920179	0
0.427	0	0.1809856642070955	0	0	0	-1.260574379344598	0
0.428	0	0.1809422527897638	0	0	0	-1.264225146123377	0
0.429	0	0.1808908531000948	0	0	0	-1.267865082909665	0
0.43	0	0.1808314344603694	0	0	0	-1.271494099497426	0
0.431	0	0.1807639664670721	0	0	0	-1.275112105520882	0
0.432	0	0.1806884185094726	0	0	0	-1.278719009552282	0
0.433	0	0.1806047604729543	0	0	0	-1.282314720415736	0
0.434	0	0.1805129619171632	0	0	0	-1.285899145670162	0
0.435	0	0.1804129927878604	0	0	0	-1.289472192929756	0
0.436	0	0.1803048228738033	0	0	0	-1.293033768850006	0
0.437	0	0.180188422533499	0	0	0	-1.296583780507426	0
0.438	0	0.1800637616708697	0	0	0	-1.30012213348635	0
0.439	0	0.1799308108711053	0	0	0	-1.3036487339975	0
0.44	0	0.1797895404515831	0	0	0	-1.307163487131168	0
0.441	0	0.1796399213413251	0	0	0	-1.310666298478501	0
0.442	0	0.17948192398045	0	0	0	-1.3141570721316	0
0.443	0	0.1793155197327279	0	0	0	-1.31763571327798	0
0.444	0	0.1791406795570031	0	0	0	-1.321102125779603	0
0.445	0	0.1789573751778098	0	0	0	-1.324556214311777	0
0.446	0	0.1787655777464926	0	0	0	-1.3279978819556	0
0.447	0	0.1785652595258383	0	0	0	-1.331427033260741	0
0.448	0	0.1783563923506247	0	0	0	-1.334843571470316	0
0.449	0	0.1781389487964774	0	0	0	-1.338247400634241	0
0.45	0	0.1779129010981829	0	0	0	-1.341638423702596	0
0.451	0	0.1776782225680795	0	0	0	-1.345016545061485	0
0.452	0	0.1774348857906911	0	0	0	-1.348381667332546	0
0.453	0	0.1771828648226582	0	0	0	-1.351733695303191	0
0.454	0	0.1769221328853196	0	0	0	-1.355072531847818	0
0.455	0	0.1766526643763167	0	0	0	-1.358398081507469	0
0.456	0	0.1763744333232191	0	0	0	-1.361710247771296	0
0.457	0	0.1760874149591405	0	0	0	-1.365008935871623	0
0.458	0	0.1757915838536933	0	0	0	-1.368294049521924	0
0.459	0	0.175486915773351	0	0	0	-1.371565494190685	0
0.46	0	0.175173386153672	0	0	0	-1.374823174448941	0
0.461	0	0.1748509717322359	0	0	0	-1.378066996833618	0
0.462	0	0.1745196485650974	0	0	0	-1.381296866424225	0
0.463	0	0.1741793939115199	0	0	0	-1.384512690124066	0
0.464	0	0.1738301848495676	0	0	0	-1.387714374285985	0
0.465	0	0.1734719997431942	0	0	0	-1.390901827256393	0
0.466	0	0.1731048163030748	0	0	0	-1.394074956068637	0
0.467	0	0.1727286134557735	0	0	0	-1.397233669660238	0
0.468	0	0.1723433701556503	0	0	0	-1.400377876859328	0
0.469	0	0.1719490662767899	0	0	0	-1.403507487926213	0
0.47	0	0.1715456814263899	0	0	0	-1.406622412553399	0
0.471	0	0.1711331966527415	0	0	0	-1.409722562776168	0
0.472	0	0.1707115924717305	0	0	0	-1.412807849656641	0
0.473	0	0.1702808506595347	0	0	0	-1.415878186322921	0
0.474	0	0.1698409530032895	0	0	0	-1.418933485883873	0
0.475	0	0.1693918822174238	0	0	0	-1.42197366298123	0
0.476	0	0.1689336209862916	0	0	0	-1.424998632207557	0
0.477	0	0.1684661529895733	0	0	0	-1.428008309830113	0
0.478	0	0.1679894621022321	0	0	0	-1.431002612474734	0
0.479	0	0.1675035330160674	0	0	0	-1.433981458170659	0
0.48	0	0.1670083505582111	0	0	0	-1.436944765239017	0
0.481	0	0.1665039003931037	0	0	0	-1.439892453463925	0
0.482	0	0.1659901685957414	0	0	0	-1.442824443402218	0
0.483	0	0.1654671418491751	0	0	0	-1.445740656718648	0
0.484	0	0.1649348072020313	0	0	0	-1.448641015802876	0
0.485	0	0.1643931523796456	0	0	0	-1.451525444289167	0
0.486	0	0.1638421655960836	0	0	0	-1.454393866756536	0
0.487	0	0.1632818356406405	0	0	0	-1.457246208882954	0
0.488	0	0.1627121517843907	0	0	0	-1.46008239730015	0
0.489	0	0.1621331038491247	0	0	0	-1.462902359716362	0
0.49	0	0.1615446822480213	0	0	0	-1.465706024985771	0
0.491	0	0.1609468778000568	0	0	0	-1.46849332282219	0
0.492	0	0.1603396820675108	0	0	0	-1.471264184340551	0
0.493	0	0.1597230868514512	0	0	0	-1.47401854126328	0
0.494	0	0.1590970848672217	0	0	0	-1.476756326994083	0
0.495	0	0.1584616688799208	0	0	0	-1.479477475257423	0
0.496	0	0.1578168327589099	0	0	0	-1.48218192176372	0
0.497	0	0.1571625702127476	0	0	0	-1.484869602224162	0
0.498	0	0.1564988762626568	0	0	0	-1.487540454663781	0
0.499	0	0.1558257455763701	0	0	0	-1.490194416817317	0
0.5	0	0.1551431741499832	0	0	0	-1.492831428755186	0
0.501	0	0.1544511578370782	0	0	0	-1.495451430593347	0
0.502	0	0.1537496935904963	0	0	0	-1.498054364425001	0
0.503	0	0.1530387781069488	0	0	0	-1.500640172218978	0
0.504	0	0.1523184094486994	0	0	0	-1.503208798323361	0
0.505	0	0.1515885853930674	0	0	0	-1.505760186921838	0
0.506	0	0.1508493049188877	0	0	0	-1.508294284318604	0
0.507	0	0.1501005665881514	0	0	0	-1.510811036453871	0
0.508	0	0.1493423704281935	0	0	0	-1.513310391777724	0
0.509	0	0.148574716143353	0	0	0	-1.515792298520136	0
0.51	0	0.1477976045434827	0	0	0	-1.518256706863319	0
0.511	0	0.1470110360456645	0	0	0	-1.520703566663588	0
0.512	0	0.1462150125075391	0	0	0	-1.523132830218614	0
0.513	0	0.1454095354724966	0	0	0	-1.525544449615975	0
0.514	0	0.14459460749561	0	0	0	-1.52793837872639	0
0.515	0	0.1437702307245303	0	0	0	-1.530314571068087	0
0.516	0	0.1429364087596741	0	0	0	-1.532672982582196	0
0.517	0	0.1420931448739477	0	0	0	-1.535013568971416	0
0.518	0	0.1412404431630695	0	0	0	-1.537336287410706	0
0.519	0	0.1403783076567865	0	0	0	-1.539641095213516	0
0.52	0	0.1395067435059927	0	0	0	-1.54192795159104	0
0.521	0	0.1386257552838714	0	0	0	-1.544196815131232	0
0.522	0	0.137735348947774	0	0	0	-1.546447646686943	0
0.523	0	0.1368355300611643	0	0	0	-1.548680406750345	0
0.524	0	0.1359263050295722	0	0	0	-1.550895057263471	0
0.525	0	0.1350076801793881	0	0	0	-1.553091560262131	0
0.526	0	0.1340796627417929	0	0	0	-1.555269879302168	0
0.527	0	0.1331422597807852	0	0	0	-1.557429977892754	0
0.528	0	0.1321954790475699	0	0	0	-1.559571820732247	0
0.529	0	0.1312393282705776	0	0	0	-1.561695372670014	0
0.53	0	0.1302738159527743	0	0	0	-1.563800599851345	0
0.531	0	0.1292989505168575	0	0	0	-1.56588746847739	0
0.532	0	0.1283147409845736	0	0	0	-1.567955945776286	0
0.533	0	0.1273211963621139	0	0	0	-1.570005999111339	0
0.534	0	0.1263183263378459	0	0	0	-1.572037596975684	0
0.535	0	0.125306140491688	0	0	0	-1.574050707851749	0
0.536	0	0.1242846490623063	0	0	0	-1.576045301301007	0
0.537	0	0.1232538622135114	0	0	0	-1.578021346909554	0
0.538	0	0.1222137907013486	0	0	0	-1.579978815231198	0
0.539	0	0.1211644452514554	0	0	0	-1.581917676894671	0
0.54	0	0.1201058370338743	0	0	0	-1.583837903270901	0
0.541	0	0.1190379775037781	0	0	0	-1.585739466238695	0
0.542	0	0.1179608781007919	0	0	0	-1.587622337756032	0
0.543	0	0.1168745508064595	0	0	0	-1.58948649063454	0
0.544	0	0.1157790075888015	0	0	0	-1.59133189775576	0
0.545	0	0.1146742609401729	0	0	0	-1.593158532815289	0
0.546	0	0.1135603231043634	0	0	0	-1.594966369238731	0
0.547	0	0.1124372070416578	0	0	0	-1.596755381517371	0
0.548	0	0.1113049255271062	0	0	0	-1.598525543949859	0
0.549	0	0.110163491939164	0	0	0	-1.600276831729056	0
0.55	0	0.1090129192529352	0	0	0	-1.602009219543317	0
0.551	0	0.1078532212990596	0	0	0	-1.603722683307372	0
0.552	0	0.1066844115897513	0	0	0	-1.605417198539221	0
0.553	0	0.1055065042706173	0	0	0	-1.607092741663676	0
0.554	0	0.1043195129855654	0	0	0	-1.608749288448923	0
0.555	0	0.1031234523110316	0	0	0	-1.610386815964252	0
0.556	0	0.1019183364473113	0	0	0	-1.61200530078571	0
0.5570000000000001	0	0.1007041801196194	0	0	0	-1.613604720221986	0
0.5580000000000001	0	0.09948099773972822	0	0	0	-1.61518505116514	0
0.5590000000000001	0	0.09824880451916121	0	0	0	-1.616746271599514	0
0.5600000000000001	0	0.09700761501357141	0	0	0	-1.618288358623104	0
0.5610000000000001	0	0.09575744473771018	0	0	0	-1.619811290628096	0
0.5620000000000001	0	0.09449830865493045	0	0	0	-1.621315045255136	0
0.5630000000000001	0	0.09323022239537972	0	0	0	-1.622799601032205	0
0.5640000000000001	0	0.09195320112331905	0	0	0	-1.624264935846286	0
0.5650000000000001	0	0.09066726084783314	0	0	0	-1.62571102869851	0
0.5660000000000001	0	0.08937241699026766	0	0	0	-1.627137857779263	0
0.5670000000000001	0	0.08806868566786503	0	0	0	-1.628545402183475	0
0.5680000000000001	0	0.08675608245753003	0	0	0	-1.629933640254664	0
0.5690000000000001	0	0.08543462381468786	0	0	0	-1.631302551473439	0
0.5700000000000001	0	0.08410432554630236	0	0	0	-1.632652114419982	0
0.5710000000000001	0	0.0827652042920396	0	0	0	-1.633982308740829	0
0.5720000000000001	0	0.08141727579019163	0	0	0	-1.635293112843583	0
0.5730000000000001	0	0.08006055696289466	0	0	0	-1.636584506658063	0
0.5740000000000001	0	0.07869506402940335	0	0	0	-1.637856469134182	0
0.5750000000000001	0	0.07732081374884101	0	0	0	-1.639108979883722	0
0.5760000000000001	0	0.07593782243726264	0	0	0	-1.640342017879512	0
0.577	0	0.07454610725899895	0	0	0	-1.64155556315388	0
0.578	0	0.07314568441892044	0	0	0	-1.642749594418973	0
0.579	0	0.07173657121848778	0	0	0	-1.643924091764841	0
0.58	0	0.07031878424212766	0	0	0	-1.64507903427734	0
0.581	0	0.06889234069431978	0	0	0	-1.64621440178835	0
0.582	0	0.06745725716874097	0	0	0	-1.647330173264004	0
0.583	0	0.06601355105681152	0	0	0	-1.648426328642129	0
0.584	0	0.06456123922124989	0	0	0	-1.649502847099615	0
0.585	0	0.0631003389615911	0	0	0	-1.65055970830959	0
0.586	0	0.0616308671022484	0	0	0	-1.65159689125349	0
0.587	0	0.06015284110624698	0	0	0	-1.652614375666124	0
0.588	0	0.05866627806318277	0	0	0	-1.653612140720326	0
0.589	0	0.05717119528851587	0	0	0	-1.654590165804178	0
0.59	0	0.05566760979849449	0	0	0	-1.655548429839641	0
0.591	0	0.05415553908562048	0	0	0	-1.656486912283623	0
0.592	0	0.05263500037225012	0	0	0	-1.657405592162319	0
0.593	0	0.05110601093834	0	0	0	-1.658304448495976	0
0.594	0	0.04956858805518055	0	0	0	-1.659183460210089	0
0.595	0	0.04802274910212059	0	0	0	-1.660042606286341	0
0.596	0	0.04646851127033588	0	0	0	-1.660881865380879	0
0.597	0	0.04490589202208644	0	0	0	-1.661701216413795	0
0.598	0	0.0433349085731391	0	0	0	-1.662500637904518	0
0.599	0	0.04175557815618286	0	0	0	-1.663280108309627	0
0.6	0	0.04016791820317198	0	0	0	-1.664039606255468	0
0.601	0	0.03857194590983355	0	0	0	-1.664779109982307	0
0.602	0	0.03696767857906105	0	0	0	-1.665498597781556	0
0.603	0	0.03535513330292687	0	0	0	-1.666198047591086	0
0.604	0	0.03373432753658867	0	0	0	-1.666877437726239	0
0.605	0	0.03210527832580349	0	0	0	-1.667536745897732	0
0.606	0	0.03046800290624804	0	0	0	-1.668175949972935	0
0.607	0	0.02882251828245583	0	0	0	-1.668795027441034	0
0.608	0	0.02716884178173361	0	0	0	-1.669393956118663	0
0.609	0	0.02550699021828516	0	0	0	-1.669972713088504	0
0.61	0	0.02383698092293611	0	0	0	-1.670531276004945	0
0.611	0	0.02215883056214626	0	0	0	-1.671069621600236	0
0.612	0	0.02047255635581316	0	0	0	-1.671587727225471	0
0.613	0	0.01877817499046245	0	0	0	-1.672085569477638	0
0.614	0	0.01707570359796532	0	0	0	-1.672563125436021	0
0.615	0	0.01536515857893317	0	0	0	-1.673020371179172	0
0.616	0	0.01364655706354049	0	0	0	-1.67345728362853	0
0.617	0	0.01191991544690347	0	0	0	-1.673873838702304	0
0.618	0	0.01018525070286446	0	0	0	-1.674270012971793	0
0.619	0	0.008442578911934118	0	0	0	-1.674645781809744	0
0.62	0	0.006691917026167889	0	0	0	-1.675001121613086	0
0.621	0	0.004933281180616321	0	0	0	-1.67533600767901	0
0.622	0	0.003166688075023231	0	0	0	-1.675650415943589	0
0.623	0	0.00139215348266041	0	0	0	-1.675944321109899	0
0.624	0	-0.0003903058962368221	0	0	0	-1.676217698978479	0
0.625	0	-0.002180674210523069	0	0	0	-1.676470524217004	0
0.626	0	-0.003978935156581039	0	0	0	-1.676702771995657	0
0.627	0	-0.005785073122396585	0	0	0	-1.67691441655487	0
0.628	0	-0.007599071735358527	0	0	0	-1.677105433027186	0
0.629	0	-0.009420915811140912	0	0	0	-1.677275794995284	0
0.63	0	-0.01125058894835528	0	0	0	-1.677425477509593	0
0.631	0	-0.01308807608559809	0	0	0	-1.677554453884856	0
0.632	0	-0.0149333613777361	0	0	0	-1.677662698363578	0
0.633	0	-0.01678642971524614	0	0	0	-1.677750184213645	0
0.634	0	-0.01864726528966527	0	0	0	-1.677816885527982	0
0.635	0	-0.02051585334595412	0	0	0	-1.6778627750317	0
0.636	0	-0.02239217849760777	0	0	0	-1.677887826193874	0
0.637	0	-0.02427622603483003	0	0	0	-1.677892011591233	0
0.638	0	-0.02616798053948464	0	0	0	-1.677875304645122	0
0.639	0	-0.0280674277041673	0	0	0	-1.677837677346002	0
0.64	0	-0.02997455264433931	0	0	0	-1.677779102368369	0
0.641	0	-0.03188934094516983	0	0	0	-1.67769955176233	0
0.642	0	-0.03381177792530372	0	0	0	-1.677598997878789	0
0.643	0	-0.03574184962976145	0	0	0	-1.677477412126857	0
0.644	0	-0.03767954140215331	0	0	0	-1.677334766765624	0
0.645	0	-0.03962483970874171	0	0	0	-1.677171032620605	0
0.646	0	-0.04157773021866824	0	0	0	-1.67698618149244	0
0.647	0	-0.04353819930686104	0	0	0	-1.676780184275214	0
0.648	0	-0.04550623318352408	0	0	0	-1.676553012050399	0
0.649	0	-0.0474818185387176	0	0	0	-1.676304635281017	0
0.65	0	-0.04946494176567508	0	0	0	-1.676035024788735	0
0.651	0	-0.05145558968395227	0	0	0	-1.675744150848819	0
0.652	0	-0.05345374914730766	0	0	0	-1.675431983684912	0
0.653	0	-0.05545940732642801	0	0	0	-1.675098493116826	0
0.654	0	-0.05747255126991627	0	0	0	-1.674743649114842	0
0.655	0	-0.05949316829323795	0	0	0	-1.674367421313607	0
0.656	0	-0.06152124595184688	0	0	0	-1.673969779048418	0
0.657	0	-0.06355677192087501	0	0	0	-1.673550691509686	0
0.658	0	-0.06559973392161694	0	0	0	-1.673110127838411	0
0.659	0	-0.06765011985926256	0	0	0	-1.672648056955581	0
0.66	0	-0.06970791797312653	0	0	0	-1.672164447375359	0
0.661	0	-0.07177311641174723	0	0	0	-1.671659267744694	0
0.662	0	-0.07384570374234936	0	0	0	-1.671132486202583	0
0.663	0	-0.07592566845611272	0	0	0	-1.670584071008638	0
0.664	0	-0.07801299939210174	0	0	0	-1.670013990009805	0
0.665	0	-0.08010768543111199	0	0	0	-1.669422211031399	0
0.666	0	-0.0822097158838373	0	0	0	-1.668808701388212	0
0.667	0	-0.0843190797415477	0	0	0	-1.668173428837586	0
0.668	0	-0.08643576672553946	0	0	0	-1.66751636025184	0
0.669	0	-0.08855976632265559	0	0	0	-1.666837462845623	0
0.67	0	-0.09069106862552058	0	0	0	-1.666136703111854	0
0.671	0	-0.09282966325131314	0	0	0	-1.665414048199995	0
0.672	0	-0.09497554071537444	0	0	0	-1.664669464171439	0
0.673	0	-0.09712869124537275	0	0	0	-1.663902917513329	0
0.674	0	-0.09928910560431287	0	0	0	-1.663114374093253	0
0.675	0	-0.1014567742709262	0	0	0	-1.662303800207852	0
0.676	0	-0.1036316885573297	0	0	0	-1.661471161159963	0
0.677	0	-0.1058138391940072	0	0	0	-1.660616423070989	0
0.678	0	-0.1080032180051592	0	0	0	-1.659739550740385	0
0.679	0	-0.1101998161308146	0	0	0	-1.658840509927068	0
0.68	0	-0.112403625626932	0	0	0	-1.657919265301667	0
0.681	0	-0.1146146380933666	0	0	0	-1.656975782212173	0
0.6820000000000001	0	-0.116832846169629	0	0	0	-1.656010024764368	0
0.6830000000000001	0	-0.1190582417339125	0	0	0	-1.655021958143685	0
0.6840000000000001	0	-0.1212908177174482	0	0	0	-1.654011546282516	0
0.6850000000000001	0	-0.1235305664880714	0	0	0	-1.652978753949434	0
0.6860000000000001	0	-0.1257774815874583	0	0	0	-1.651923544508625	0
0.6870000000000001	0	-0.1280315556799852	0	0	0	-1.650845882576844	0
0.6880000000000001	0	-0.1302927825240254	0	0	0	-1.649745731476474	0
0.6890000000000001	0	-0.1325611553662729	0	0	0	-1.648623055321385	0
0.6900000000000001	0	-0.1348366686056321	0	0	0	-1.647477816860183	0
0.6910000000000001	0	-0.1371193157568922	0	0	0	-1.646309980128105	0
0.6920000000000001	0	-0.139409091411592	0	0	0	-1.645119507900741	0
0.6930000000000001	0	-0.1417059897188966	0	0	0	-1.643906363678185	0
0.6940000000000001	0	-0.1440100059600768	0	0	0	-1.642670509633433	0
0.6950000000000001	0	-0.1463211345227964	0	0	0	-1.641411909265474	0
0.6960000000000001	0	-0.1486393708466404	0	0	0	-1.640130524859631	0
0.6970000000000001	0	-0.1509647100995057	0	0	0	-1.638826319225755	0
0.6980000000000001	0	-0.1532971482240423	0	0	0	-1.637499254328893	0
0.6990000000000001	0	-0.1556366805548987	0	0	0	-1.636149293115443	0
0.7000000000000001	0	-0.1579833037420915	0	0	0	-1.634776396981724	0
0.7010000000000001	0	-0.1603370135520141	0	0	0	-1.633380528682755	0
0.7020000000000001	0	-0.1626978067923238	0	0	0	-1.631961649793656	0
0.7030000000000001	0	-0.1650656800361775	0	0	0	-1.630519722404177	0
0.704	0	-0.1674406304965972	0	0	0	-1.629054707962445	0
0.705	0	-0.169822655080604	0	0	0	-1.627566568540393	0
0.706	0	-0.172211751403448	0	0	0	-1.626055265488521	0
0.707	0	-0.1746079170332393	0	0	0	-1.624520760449673	0
0.708	0	-0.1770111500434858	0	0	0	-1.622963014623472	0
0.709	0	-0.1794214483493203	0	0	0	-1.62138198966496	0
0.71	0	-0.1818388104307516	0	0	0	-1.619777646720875	0
0.711	0	-0.1842632347982353	0	0	0	-1.618149947150055	0
0.712	0	-0.1866947204227476	0	0	0	-1.616498851954523	0
0.713	0	-0.1891332661880555	0	0	0	-1.614824322522971	0
0.714	0	-0.1915788715842974	0	0	0	-1.613126319700861	0
0.715	0	-0.1940315359458494	0	0	0	-1.611404804827852	0
0.716	0	-0.1964912591539311	0	0	0	-1.609659738793409	0
0.717	0	-0.1989580412254745	0	0	0	-1.607891082598315	0
0.718	0	-0.2014318822444499	0	0	0	-1.606098797464729	0
0.719	0	-0.203912782812876	0	0	0	-1.60428284421187	0
0.72	0	-0.2064007435340292	0	0	0	-1.602443183984986	0
0.721	0	-0.2088957654538918	0	0	0	-1.600579777647813	0
0.722	0	-0.2113978495105283	0	0	0	-1.598692586555786	0
0.723	0	-0.2139069973017345	0	0	0	-1.596781571492621	0
0.724	0	-0.2164232102902255	0	0	0	-1.594846693787661	0
0.725	0	-0.2189464904909891	0	0	0	-1.592887914363062	0
0.726	0	-0.2214768396920229	0	0	0	-1.590905194834852	0
0.727	0	-0.2240142604876612	0	0	0	-1.58889849606417	0
0.728	0	-0.2265587551402574	0	0	0	-1.5868677797685	0
0.729	0	-0.2291103267053031	0	0	0	-1.584813006951889	0
0.73	0	-0.231668977766307	0	0	0	-1.582734139681348	0
0.731	0	-0.2342347119121287	0	0	0	-1.580631139024244	0
0.732	0	-0.2368075321457413	0	0	0	-1.578503967295311	0
0.733	0	-0.2393874425235426	0	0	0	-1.57635258574948	0
0.734	0	-0.2419744464526786	0	0	0	-1.574176957000206	0
0.735	0	-0.2445685484454826	0	0	0	-1.5719770425377	0
0.736	0	-0.2471697523275841	0	0	0	-1.5697528052853	0
0.737	0	-0.2497780630404248	0	0	0	-1.567504207037394	0
0.738	0	-0.2523934848413696	0	0	0	-1.565231211039245	0
0.739	0	-0.2550160230743868	0	0	0	-1.562933779458075	0
0.74	0	-0.2576456824406182	0	0	0	-1.560611875874013	0
0.741	0	-0.2602824686604593	0	0	0	-1.558265462894969	0
0.742	0	-0.2629263868895839	0	0	0	-1.555894504449641	0
0.743	0	-0.2655774431994175	0	0	0	-1.553498963653073	0
0.744	0	-0.2682356432095462	0	0	0	-1.55107880479686	0
0.745	0	-0.2709009933187134	0	0	0	-1.548633991566468	0
0.746	0	-0.2735734996149989	0	0	0	-1.546164488636059	0
0.747	0	-0.2762531688099257	0	0	0	-1.5436702603103	0
0.748	0	-0.2789400074527272	0	0	0	-1.541151271681088	0
0.749	0	-0.281634022563011	0	0	0	-1.538607487704904	0
0.75	0	-0.2843352211385734	0	0	0	-1.536038873932217	0
0.751	0	-0.2870436104906408	0	0	0	-1.533445396018666	0
0.752	0	-0.2897591980264996	0	0	0	-1.530827020053184	0
0.753	0	-0.2924819915544533	0	0	0	-1.528183712103152	0
0.754	0	-0.2952119987035999	0	0	0	-1.525515439088269	0
0.755	0	-0.2979492274925375	0	0	0	-1.522822167941563	0
0.756	0	-0.3006936860947707	0	0	0	-1.520103865947031	0
0.757	0	-0.3034453830766193	0	0	0	-1.517360500394952	0
0.758	0	-0.3062043267166569	0	0	0	-1.514592039606476	0
0.759	0	-0.3089705257636492	0	0	0	-1.511798451804242	0
0.76	0	-0.3117439891382354	0	0	0	-1.508979705534786	0
0.761	0	-0.3145247259136147	0	0	0	-1.506135769724601	0
0.762	0	-0.3173127451568093	0	0	0	-1.503266613910802	0
0.763	0	-0.3201080565288377	0	0	0	-1.500372207322533	0
0.764	0	-0.3229106693907349	0	0	0	-1.497452520248695	0
0.765	0	-0.3257205934702206	0	0	0	-1.494507523018614	0
0.766	0	-0.3285378387729314	0	0	0	-1.491537186119837	0
0.767	0	-0.3313624153988418	0	0	0	-1.488541480485664	0
0.768	0	-0.3341943335553595	0	0	0	-1.485520377468409	0
0.769	0	-0.3370336035884063	0	0	0	-1.482473848790724	0
0.77	0	-0.3398802362876994	0	0	0	-1.479401866045805	0
0.771	0	-0.3427342424041498	0	0	0	-1.476304401452995	0
0.772	0	-0.3455956329030457	0	0	0	-1.473181427449392	0
0.773	0	-0.348464418860871	0	0	0	-1.470032916849576	0
0.774	0	-0.3513406118425131	0	0	0	-1.466858842214994	0
0.775	0	-0.3542242231905592	0	0	0	-1.463659176988587	0
0.776	0	-0.3571152648815323	0	0	0	-1.460433894105554	0
0.777	0	-0.3600137487215505	0	0	0	-1.457182967265575	0
0.778	0	-0.3629196870201775	0	0	0	-1.453906369834507	0
0.779	0	-0.3658330919958714	0	0	0	-1.450604075780473	0
0.78	0	-0.3687539766040115	0	0	0	-1.447276058324061	0
0.781	0	-0.3716823533613425	0	0	0	-1.443922291804096	0
0.782	0	-0.3746182356728509	0	0	0	-1.440542749515895	0
0.783	0	-0.3775616365619112	0	0	0	-1.437137405751675	0
0.784	0	-0.3805125700944052	0	0	0	-1.433706233439578	0
0.785	0	-0.3834710496896829	0	0	0	-1.430249206894851	0
0.786	0	-0.3864370900621697	0	0	0	-1.426766298591927	0
0.787	0	-0.3894107051102557	0	0	0	-1.423257482622054	0
0.788	0	-0.3923919102794368	0	0	0	-1.41972273074629	0
0.789	0	-0.3953807199718015	0	0	0	-1.416162016668967	0
0.79	0	-0.3983771504325961	0	0	0	-1.412575311190556	0
0.791	0	-0.4013812166105943	0	0	0	-1.408962587424424	0
0.792	0	-0.4043929356249262	0	0	0	-1.405323814942838	0
0.793	0	-0.4074123231016065	0	0	0	-1.401658965905655	0
0.794	0	-0.4104393967428231	0	0	0	-1.397968008998376	0
0.795	0	-0.4134741734765882	0	0	0	-1.394250914214152	0
0.796	0	-0.4165166715858615	0	0	0	-1.390507649197966	0
0.797	0	-0.4195669087073338	0	0	0	-1.386738182618669	0
0.798	0	-0.4226249042357293	0	0	0	-1.382942480014971	0
0.799	0	-0.4256906770332967	0	0	0	-1.379120507675574	0
0.8	0	-0.4287642473306768	0	0	0	-1.375272229325474	0
0.801	0	-0.4318456347545386	0	0	0	-1.371397609490928	0
0.802	0	-0.4349348608384601	0	0	0	-1.367496609106169	0
0.803	0	-0.43803194676744	0	0	0	-1.363569189374126	0
0.804	0	-0.441136914873573	0	0	0	-1.35961530912153	0
0.805	0	-0.4442497874063254	0	0	0	-1.355634926907471	0
0.806	0	-0.4473705884696	0	0	0	-1.351627997564736	0
0.8070000000000001	0	-0.4504993415602008	0	0	0	-1.347594476495379	0
0.8080000000000001	0	-0.4536360717571625	0	0	0	-1.343534315752265	0
0.8090000000000001	0	-0.456780804366939	0	0	0	-1.339447466394484	0
0.8100000000000001	0	-0.4599335661152378	0	0	0	-1.33533387631523	0
0.8110000000000001	0	-0.463094383685855	0	0	0	-1.331193492808589	0
0.8120000000000001	0	-0.4662632851765414	0	0	0	-1.32702625990928	0
0.8130000000000001	0	-0.469440299196709	0	0	0	-1.322832119972569	0
0.8140000000000001	0	-0.4726254557315012	0	0	0	-1.318611012063774	0
0.8150000000000001	0	-0.4758187849829587	0	0	0	-1.314362874013648	0
0.8160000000000001	0	-0.4790203185166269	0	0	0	-1.310087640283119	0
0.8170000000000001	0	-0.4822300887118497	0	0	0	-1.305785242931914	0
0.8180000000000001	0	-0.4854481292465991	0	0	0	-1.301455610677369	0
0.8190000000000001	0	-0.488674474268678	0	0	0	-1.297098670376445	0
0.8200000000000001	0	-0.4919091593206408	0	0	0	-1.292714345266034	0
0.8210000000000001	0	-0.4951522209936643	0	0	0	-1.288302555586758	0
0.8220000000000001	0	-0.4984036969529148	0	0	0	-1.283863218471429	0
0.8230000000000001	0	-0.5016636258754557	0	0	0	-1.279396248025275	0
0.8240000000000001	0	-0.5049320478763507	0	0	0	-1.274901554495699	0
0.8250000000000001	0	-0.508209003944839	0	0	0	-1.27037904528055	0
0.8260000000000001	0	-0.5114945363780504	0	0	0	-1.265828624091341	0
0.8270000000000001	0	-0.5147886889827324	0	0	0	-1.26125019049318	0
0.8280000000000001	0	-0.5180915064099932	0	0	0	-1.256643641196889	0
0.8290000000000001	0	-0.5214030349425431	0	0	0	-1.252008868470752	0
0.8300000000000001	0	-0.5247233218758812	0	0	0	-1.247345761298229	0
0.8310000000000001	0	-0.5280524163253584	0	0	0	-1.242654203819509	0
0.8320000000000001	0	-0.5313903682235116	0	0	0	-1.237934077205754	0
0.833	0	-0.5347372295397758	0	0	0	-1.233185257280778	0
0.834	0	-0.5380930529508778	0	0	0	-1.22840761706745	0
0.835	0	-0.5414578934778792	0	0	0	-1.223601023573817	0
0.836	0	-0.5448318065948332	0	0	0	-1.218765341454843	0
0.837	0	-0.5482148504698178	0	0	0	-1.213900428597164	0
0.838	0	-0.551607083687055	0	0	0	-1.209006140567984	0
0.839	0	-0.5550085673390454	0	0	0	-1.204082326469358	0
0.84	0	-0.5584193632347811	0	0	0	-1.199128832440455	0
0.841	0	-0.5618395359621405	0	0	0	-1.194145497558947	0
0.842	0	-0.5652691504004568	0	0	0	-1.189132158766136	0
0.843	0	-0.5687082743324189	0	0	0	-1.184088645623453	0
0.844	0	-0.5721569762560516	0	0	0	-1.179014784680767	0
0.845	0	-0.5756153275046063	0	0	0	-1.173910395163603	0
0.846	0	-0.5790833998401569	0	0	0	-1.168775293862728	0
0.847	0	-0.5825612680384835	0	0	0	-1.16360928984119	0
0.848	0	-0.5860490077221845	0	0	0	-1.158412188831581	0
0.849	0	-0.5895466974405006	0	0	0	-1.153183788947406	0
0.85	0	-0.5930544162629788	0	0	0	-1.147923885646931	0
0.851	0	-0.5965722463936414	0	0	0	-1.142632266310138	0
0.852	0	-0.6001002707746895	0	0	0	-1.137308715153887	0
0.853	0	-0.6036385759469833	0	0	0	-1.131953007320227	0
0.854	0	-0.6071872484970624	0	0	0	-1.126564916229408	0
0.855	0	-0.6107463783749026	0	0	0	-1.121144206659169	0
0.856	0	-0.6143160567898237	0	0	0	-1.115690639112243	0
0.857	0	-0.6178963778470523	0	0	0	-1.110203966398198	0
0.858	0	-0.6214874362960403	0	0	0	-1.104683938329732	0
0.859	0	-0.6250893310052282	0	0	0	-1.099130294403525	0
0.86	0	-0.6287021608938453	0	0	0	-1.093542772378391	0
0.861	0	-0.6323260284353177	0	0	0	-1.087921100845477	0
0.862	0	-0.6359610374680101	0	0	0	-1.082265003866541	0
0.863	0	-0.6396072948666496	0	0	0	-1.076574197407009	0
0.864	0	-0.6432649084003249	0	0	0	-1.070848393904217	0
0.865	0	-0.6469339898665107	0	0	0	-1.065087295540816	0
0.866	0	-0.6506146515598455	0	0	0	-1.059290601832227	0
0.867	0	-0.6543070091814095	0	0	0	-1.053458003345141	0
0.868	0	-0.6580111801278742	0	0	0	-1.047589185401071	0
0.869	0	-0.6617272848399816	0	0	0	-1.041683825137461	0
0.87	0	-0.6654554451599461	0	0	0	-1.035741595086219	0
0.871	0	-0.6691957859637535	0	0	0	-1.029762159605436	0
0.872	0	-0.6729484341431569	0	0	0	-1.02374517711719	0
0.873	0	-0.6767135194734923	0	0	0	-1.017690298196015	0
0.874	0	-0.6804911734476963	0	0	0	-1.011597168142052	0
0.875	0	-0.6842815303663785	0	0	0	-1.005465424574841	0
0.876	0	-0.6880847269389296	0	0	0	-0.9992946983346086	0
0.877	0	-0.6919009024105616	0	0	0	-0.9930846132025295	0
0.878	0	-0.6957301981212319	0	0	0	-0.9868347868914931	0
0.879	0	-0.6995727579828096	0	0	0	-0.980544829991651	0
0.88	0	-0.7034287285904385	0	0	0	-0.9742143457456983	0
0.881	0	-0.7072982588023548	0	0	0	-0.9678429310099086	0
0.882	0	-0.7111814997868595	0	0	0	-0.9614301761610445	0
0.883	0	-0.7150786051475511	0	0	0	-0.9549756648349852	0
0.884	0	-0.7189897312411989	0	0	0	-0.9484789732512554	0
0.885	0	-0.7229150362687979	0	0	0	-0.9419396722976006	0
0.886	0	-0.7268546813329035	0	0	0	-0.9353573251452765	0
0.887	0	-0.7308088294319034	0	0	0	-0.9287314896076407	0
0.888	0	-0.7347776461835359	0	0	0	-0.9220617165014303	0
0.889	0	-0.7387612990307357	0	0	0	-0.9153475515460154	0
0.89	0	-0.7427599584626829	0	0	0	-0.9085885325507	0
0.891	0	-0.7467737959893288	0	0	0	-0.9017841942289049	0
0.892	0	-0.750802986242269	0	0	0	-0.8949340633203621	0
0.893	0	-0.7548477048065975	0	0	0	-0.888037663747156	0
0.894	0	-0.7589081306683991	0	0	0	-0.8810945109367718	0
0.895	0	-0.7629844430908517	0	0	0	-0.8741041192606187	0
0.896	0	-0.7670768241448116	0	0	0	-0.867065996143574	0
0.897	0	-0.771185456737555	0	0	0	-0.8599796468238381	0
0.898	0	-0.7753105263393035	0	0	0	-0.8528445703552436	0
0.899	0	-0.7794522182289134	0	0	0	-0.845660266277916	0
0.9	0	-0.7836107205991009	0	0	0	-0.8384262273169234	0
0.901	0	-0.7877862210274247	0	0	0	-0.8311419479620489	0
0.902	0	-0.7919789092933464	0	0	0	-0.8238069178414263	0
0.903	0	-0.7961889744346675	0	0	0	-0.8164206289519358	0
0.904	0	-0.8004166075720563	0	0	0	-0.8089825690084486	0
0.905	0	-0.8046619978783044	0	0	0	-0.8014922313468735	0
0.906	0	-0.8089253361812868	0	0	0	-0.7939491063845328	0
0.907	0	-0.8132068111543174	0	0	0	-0.786352691081727	0
0.908	0	-0.8175066129933207	0	0	0	-0.7787024801655137	0
0.909	0	-0.8218249280401391	0	0	0	-0.7709979794880315	0
0.91	0	-0.826161943104365	0	0	0	-0.7632386956925	0
0.911	0	-0.8305178417300536	0	0	0	-0.755424145639421	0
0.912	0	-0.8348928065620879	0	0	0	-0.7475538508035898	0
0.913	0	-0.8392870149934464	0	0	0	-0.7396273483466954	0
0.914	0	-0.8437006441561192	0	0	0	-0.7316441790335814	0
0.915	0	-0.8481338639590399	0	0	0	-0.7236039048184658	0
0.916	0	-0.8525868420768253	0	0	0	-0.7155060967873206	0
0.917	0	-0.8570597392019986	0	0	0	-0.7073503473457119	0
0.918	0	-0.8615527122439368	0	0	0	-0.6991362625832434	0
0.919	0	-0.8660659087933367	0	0	0	-0.6908634765003488	0
0.92	0	-0.8705994712119852	0	0	0	-0.6825316411883424	0
0.921	0	-0.8751535317124577	0	0	0	-0.6741404396220015	0
0.922	0	-0.879728215701189	0	0	0	-0.6656895776683968	0
0.923	0	-0.8843236356567825	0	0	0	-0.6571787999860731	0
0.924	0	-0.8889398950825446	0	0	0	-0.6486078805634472	0
0.925	0	-0.8935770838012936	0	0	0	-0.6399766350973025	0
0.926	0	-0.898235280475029	0	0	0	-0.6312849151432229	0
0.927	0	-0.9029145467820872	0	0	0	-0.6225326234247421	0
0.928	0	-0.9076149307277945	0	0	0	-0.6137197060276631	0
0.929	0	-0.9123364622545449	0	0	0	-0.6048461640720554	0
0.93	0	-0.9170791551217879	0	0	0	-0.5959120495604066	0
0.931	0	-0.9218430011684318	0	0	0	-0.5869174806131104	0
0.9320000000000001	0	-0.9266279731672095	0	0	0	-0.5778626348489705	0
0.9330000000000001	0	-0.9314340210169818	0	0	0	-0.568747759596045	0
0.9340000000000001	0	-0.9362610719390829	0	0	0	-0.5595731721433868	0
0.9350000000000001	0	-0.9411090264506187	0	0	0	-0.5503392706954131	0
0.9360000000000001	0	-0.9459777611213956	0	0	0	-0.5410465277936808	0
0.9370000000000001	0	-0.9508671222603369	0	0	0	-0.5316955073116313	0
0.9380000000000001	0	-0.9557769283937284	0	0	0	-0.5222868586091072	0
0.9390000000000001	0	-0.9607069668569928	0	0	0	-0.5128213258504456	0
0.9400000000000001	0	-0.965656993819986	0	0	0	-0.503299748511605	0
0.9410000000000001	0	-0.9706267311560541	0	0	0	-0.4937230700853411	0
0.9420000000000001	0	-0.9756158671347127	0	0	0	-0.4840923366279526	0
0.9430000000000001	0	-0.9806240543254543	0	0	0	-0.474408702868619	0
0.9440000000000001	0	-0.9856509091239198	0	0	0	-0.4646734333705793	0
0.9450000000000001	0	-0.9906960104357612	0	0	0	-0.4548879067448049	0
0.9460000000000001	0	-0.9957588988175575	0	0	0	-0.4450536180005347	0
0.9470000000000001	0	-1.000839077441037	0	0	0	-0.435172176040663	0
0.9480000000000001	0	-1.005936010172624	0	0	0	-0.425245308898237	0
0.9490000000000001	0	-1.011049122135866	0	0	0	-0.4152748623125552	0
0.9500000000000001	0	-1.016177799132714	0	0	0	-0.4052628012895739	0
0.9510000000000001	0	-1.021321390364717	0	0	0	-0.3952112023654392	0
0.9520000000000001	0	-1.026479205564235	0	0	0	-0.3851222613219862	0
0.9530000000000001	0	-1.031650519581572	0	0	0	-0.3749982804991677	0
0.9540000000000001	0	-1.036834570507631	0	0	0	-0.3648416733275991	0
0.9550000000000001	0	-1.042030563580543	0	0	0	-0.3546549534388371	0
0.9560000000000001	0	-1.047237670521593	0	0	0	-0.3444407358448164	0
0.9570000000000001	0	-1.052455035307658	0	0	0	-0.3342017206908913	0
0.9580000000000001	0	-1.057681771925432	0	0	0	-0.3239406984593491	0
0.9590000000000001	0	-1.062916971352894	0	0	0	-0.3136605305041327	0
0.96	0	-1.068159700311475	0	0	0	-0.3033641513833651	0
0.961	0	-1.073409009393099	0	0	0	-0.2930545460252077	0
0.962	0	-1.078663930336345	0	0	0	-0.2827347559086114	0
0.963	0	-1.083923485134362	0	0	0	-0.2724078535893825	0
0.964	0	-1.089186684710698	0	0	0	-0.2620769450163275	0
0.965	0	-1.094452538132108	0	0	0	-0.2517451436104007	0
0.966	0	-1.099720049549206	0	0	0	-0.2414155772133827	0
0.967	0	-1.104988228484775	0	0	0	-0.2310913593143831	0
0.968	0	-1.110256088126583	0	0	0	-0.2207755923377846	0
0.969	0	-1.115522654844573	0	0	0	-0.2104713409367849	0
0.97	0	-1.120786964342084	0	0	0	-0.2001816411305308	0
0.971	0	-1.126048072219093	0	0	0	-0.1899094708530733	0
0.972	0	-1.131305051628174	0	0	0	-0.1796577550970171	0
0.973	0	-1.136557002144948	0	0	0	-0.1694293411554931	0
0.974	0	-1.141803044884162	0	0	0	-0.1592270107932724	0
0.975	0	-1.147042332537909	0	0	0	-0.1490534524279806	0
0.976	0	-1.152274046465063	0	0	0	-0.1389112680857331	0
0.977	0	-1.157497402820264	0	0	0	-0.1288029564180679	0
0.978	0	-1.16271164883001	0	0	0	-0.1187309219167027	0
0.979	0	-1.167916071727035	0	0	0	-0.1086974506011264	0
0.98	0	-1.173109991244285	0	0	0	-0.09870472958265664	0
0.981	0	-1.17829276819498	0	0	0	-0.08875482384998609	0
0.982	0	-1.183463799647059	0	0	0	-0.07884968883859166	0
0.983	0	-1.188622523398648	0	0	0	-0.06899115838746198	0
0.984	0	-1.193768413321848	0	0	0	-0.05918095704204993	0
0.985	0	-1.198900984433881	0	0	0	-0.04942068654545396	0
0.986	0	-1.20401978756086	0	0	0	-0.0397118400868882	0
0.987	0	-1.209124414549357	0	0	0	-0.03005578862956005	0
0.988	0	-1.214214490385659	0	0	0	-0.02045380200626017	0
0.989	0	-1.219289678897816	0	0	0	-0.01090703396490475	0
0.99	0	-1.224349677491753	0	0	0	-0.001416536637255301	0
0.991	0	-1.229394218972702	0	0	0	0.008016744143343761	0
0.992	0	-1.234423066831901	0	0	0	0.01739195594100713	0
0.993	0	-1.239436018948313	0	0	0	0.02670834898399181	0
0.994	0	-1.244432900501567	0	0	0	0.03596525715349896	0
0.995	0	-1.249413567353868	0	0	0	0.04516210638210651	0
0.996	0	-1.254377901747701	0	0	0	0.05429840278142743	0
0.997	0	-1.259325812991402	0	0	0	0.06337373399593881	0
0.998	0	-1.264257233615425	0	0	0	0.07238775867067566	0
0.999	0	-1.269172120263223	0	0	0	0.0813402082413355	0
1	0	-1.274070450888022	0	0	0	0.09023087900554934	0
1.001	0	-1.27895222441655	0	0	0	0.09905963080188822	0
1.002	0	-1.283817457924165	0	0	0	0.1078263791863673	0
1.003	0	-1.288666186804417	0	0	0	0.1165310953689391	0
1.004	0	-1.293498462900327	0	0	0	0.1251738007292111	0
1.005	0	-1.298314353501691	0	0	0	0.133754563845027	0
1.006	0	-1.303113939338937	0	0	0	0.14227349486607	0
1.007	0	-1.307897314647002	0	0	0	0.1507307452345734	0
1.008	0	-1.312664585517436	0	0	0	0.1591265027851978	0
1.009	0	-1.317415868735691	0	0	0	0.1674609885922064	0
1.01	0	-1.322151291117189	0	0	0	0.1757344547073897	0
1.011	0	-1.326870988512524	0	0	0	0.1839471812437379	0
1.012	0	-1.331575104781628	0	0	0	0.1920994733896997	0
1.013	0	-1.336263790928712	0	0	0	0.2001916588223537	0
1.014	0	-1.340937205184834	0	0	0	0.2082240875869256	0
1.015	0	-1.34559551055948	0	0	0	0.2161971255079281	0
1.016	0	-1.35023887608721	0	0	0	0.2241111570816586	0
1.017	0	-1.354867474512461	0	0	0	0.2319665793149453	0
1.018	0	-1.359481483544353	0	0	0	0.2397638045815897	0
1.019	0	-1.364081082908389	0	0	0	0.2475032529620562	0
1.02	0	-1.368666456330854	0	0	0	0.2551853569528558	0
1.021	0	-1.37323778890801	0	0	0	0.2628105546741638	0
1.022	0	-1.377795268866535	0	0	0	0.2703792939945481	0
1.023	0	-1.382339084412795	0	0	0	0.2778920245225835	0
1.024	0	-1.386869426326591	0	0	0	0.2853492037987145	0
1.025	0	-1.391386484739822	0	0	0	0.2927512892134161	0
1.026	0	-1.395890451883345	0	0	0	0.3000987444962572	0
1.027	0	-1.400381518269797	0	0	0	0.3073920302953421	0
1.028	0	-1.404859876198062	0	0	0	0.3146316124948723	0
1.029	0	-1.409325715639116	0	0	0	0.3218179521329083	0
1.03	0	-1.413779227938512	0	0	0	0.3289515141827631	0
1.031	0	-1.418220601619457	0	0	0	0.3360327573431103	0
1.032	0	-1.422650026196304	0	0	0	0.3430621430597999	0
1.033	0	-1.427067688012989	0	0	0	0.3500401254726183	0
1.034	0	-1.431473774017646	0	0	0	0.3569671603148911	0
1.035	0	-1.435868467775912	0	0	0	0.3638436953460791	0
1.036	0	-1.440251953058554	0	0	0	0.3706701787768277	0
1.037	0	-1.444624410167958	0	0	0	0.3774470505083638	0
1.038	0	-1.448986019193333	0	0	0	0.3841747497429106	0
1.039	0	-1.453336956786547	0	0	0	0.3908537073405088	0
1.04	0	-1.457677398944068	0	0	0	0.3974843522913778	0
1.041	0	-1.462007518357544	0	0	0	0.4040671054703258	0
1.042	0	-1.466327486612413	0	0	0	0.4106023847250786	0
1.043	0	-1.470637472180302	0	0	0	0.4170906001680306	0
1.044	0	-1.474937642002871	0	0	0	0.423532157821604	0
1.045	0	-1.47922816012105	0	0	0	0.4299274564175033	0
1.046	0	-1.483509188660886	0	0	0	0.4362768896530003	0
1.047	0	-1.487780887069763	0	0	0	0.4425808444109458	0
1.048	0	-1.492043412535599	0	0	0	0.4488397017136737	0
1.049	0	-1.496296919789562	0	0	0	0.4550538362541102	0
1.05	0	-1.500541561000019	0	0	0	0.4612236161557225	0
1.051	0	-1.504777486092562	0	0	0	0.4673494036870612	0
1.052	0	-1.509004842168559	0	0	0	0.4734315539536875	0
1.053	0	-1.513223774286045	0	0	0	0.4794704166542623	0
1.054	0	-1.517434424459717	0	0	0	0.4854663338441637	0
1.055	0	-1.521636932840332	0	0	0	0.4914196425803521	0
1.056	0	-1.525831436358673	0	0	0	0.4973306719068674	0
1.057	0	-1.530018070236354	0	0	0	0.503199746227762	0
1.058	0	-1.534196966340793	0	0	0	0.5090271816722376	0
1.059	0	-1.538368254956652	0	0	0	0.5148132900295928	0
1.06	0	-1.542532062922322	0	0	0	0.5205583746567696	0
1.061	0	-1.546688515588506	0	0	0	0.5262627348061965	0
1.062	0	-1.550837734809228	0	0	0	0.5319266612412721	0
1.063	0	-1.554979841012217	0	0	0	0.5375504407869316	0
1.064	0	-1.559114951119123	0	0	0	0.5431343518193605	0
1.065	0	-1.563243180651272	0	0	0	0.5486786688698339	0
1.066	0	-1.567364641654664	0	0	0	0.5541836581539697	0
1.067	0	-1.571479444764306	0	0	0	0.5596495820616696	0
1.068	0	-1.575587697209755	0	0	0	0.5650766948886986	0
1.069	0	-1.579689504761514	0	0	0	0.5704652470492155	0
1.07	0	-1.583784969892428	0	0	0	0.5758154811685741	0
1.071	0	-1.587874193530503	0	0	0	0.5811276358598159	0
1.072	0	-1.591957273450353	0	0	0	0.5864019423313482	0
1.073	0	-1.596034305759327	0	0	0	0.5916386275770639	0
1.074	0	-1.600105383585655	0	0	0	0.596837911633799	0
1.075	0	-1.604170598243945	0	0	0	0.6020000100780295	0
1.076	0	-1.608230038252881	0	0	0	0.6071251319943979	0
1.077	0	-1.612283790168121	0	0	0	0.612213481762046	0
1.078	0	-1.616331937925948	0	0	0	0.6172652577179868	0
1.079	0	-1.620374563354333	0	0	0	0.6222806532640721	0
1.08	0	-1.624411745848958	0	0	0	0.6272598562298437	0
1.081	0	-1.628443562552591	0	0	0	0.6322030492858907	0
1.082	0	-1.632470088096514	0	0	0	0.6371104094565743	0
1.083	0	-1.636491395202641	0	0	0	0.6419821093901925	0
1.084	0	-1.640507554004389	0	0	0	0.6468183160092477	0
1.085	0	-1.644518632342439	0	0	0	0.651619191169038	0
1.086	0	-1.648524695809325	0	0	0	0.656384891779314	0
1.087	0	-1.65252580783534	0	0	0	0.661115570029232	0
1.088	0	-1.656522029280001	0	0	0	0.6658113725978481	0
1.089	0	-1.66051341879019	0	0	0	0.6704724414308921	0
1.09	0	-1.664500032806464	0	0	0	0.6750989137953195	0
1.091	0	-1.668481925355633	0	0	0	0.6796909219056361	0
1.092	0	-1.672459148252309	0	0	0	0.6842485933753525	0
1.093	0	-1.676431750688845	0	0	0	0.6887720504515691	0
1.094	0	-1.680399779907528	0	0	0	0.6932614113935591	0
1.095	0	-1.684363280514957	0	0	0	0.6977167891620389	0
1.096	0	-1.688322294992149	0	0	0	0.70213829247866	0
1.097	0	-1.692276863087294	0	0	0	0.7065260246802535	0
1.098	0	-1.696227022702438	0	0	0	0.710880085504708	0
1.099	0	-1.700172808688594	0	0	0	0.7152005687906484	0
1.1	0	-1.70411425411117	0	0	0	0.7194875649906396	0
1.101	0	-1.708051389137589	0	0	0	0.7237411590638237	0
1.102	0	-1.711984241864204	0	0	0	0.727961432126207	0
1.103	0	-1.715912837391989	0	0	0	0.7321484597346423	0
1.104	0	-1.719837199113743	0	0	0	0.7363023143917781	0
1.105	0	-1.723757347070057	0	0	0	0.7404230624644297	0
1.106	0	-1.727673299556191	0	0	0	0.744510767308301	0
1.107	0	-1.731585071618576	0	0	0	0.7485654864529406	0
1.108	0	-1.73549267640764	0	0	0	0.7525872742316918	0
1.109	0	-1.73939612376594	0	0	0	0.7565761791626601	0
1.11	0	-1.743295421772446	0	0	0	0.7605322469234271	0
1.111	0	-1.747190575009252	0	0	0	0.7644555171357634	0
1.112	0	-1.751081586180886	0	0	0	0.7683460264723068	0
1.113	0	-1.754968454505656	0	0	0	0.7722038057138715	0
1.114	0	-1.758851177393088	0	0	0	0.7760288829092975	0
1.115	0	-1.762729748866404	0	0	0	0.7798212805207682	0
1.116	0	-1.766604160560017	0	0	0	0.7835810173326748	0
1.117	0	-1.770474401124824	0	0	0	0.7873081074024415	0
1.118	0	-1.774340456744542	0	0	0	0.7910025610786946	0
1.119	0	-1.778202310463765	0	0	0	0.7946643838188459	0
1.12	0	-1.782059942894694	0	0	0	0.798293577551661	0
1.121	0	-1.785913331514428	0	0	0	0.8018901394470029	0
1.122	0	-1.78976245132714	0	0	0	0.8054540631847077	0
1.123	0	-1.793607274174535	0	0	0	0.8089853377574143	0
1.124	0	-1.797447769471431	0	0	0	0.8124839488659056	0
1.125	0	-1.801283903420326	0	0	0	0.8159498775536501	0
1.126	0	-1.805115639845821	0	0	0	0.8193831017721555	0
1.127	0	-1.808942939475698	0	0	0	0.8227835951375835	0
1.128	0	-1.81276576039316	0	0	0	0.8261513278129817	0
1.129	0	-1.816584057991427	0	0	0	0.8294862664644229	0
1.13	0	-1.820397784906677	0	0	0	0.832788374199057	0
1.131	0	-1.824206891133296	0	0	0	0.8360576108254452	0
1.132	0	-1.828011323982739	0	0	0	0.8392939328352912	0
1.133	0	-1.831811028324001	0	0	0	0.8424972938657748	0
1.134	0	-1.835605946341135	0	0	0	0.8456676443250808	0
1.135	0	-1.839396017946029	0	0	0	0.8488049321637198	0
1.136	0	-1.84318118052132	0	0	0	0.8519091024578592	0
1.137	0	-1.846961369253365	0	0	0	0.8549800980385965	0
1.138	0	-1.850736517001028	0	0	0	0.85801785930681	0
1.139	0	-1.854506554630155	0	0	0	0.8610223248358734	0
1.14	0	-1.858271410839199	0	0	0	0.8639934311013694	0
1.141	0	-1.862031012513099	0	0	0	0.8669311131304543	0
1.142	0	-1.865785284618609	0	0	0	0.8698353043441491	0
1.143	0	-1.869534150502448	0	0	0	0.8727059370894136	0
1.144	0	-1.873277531846865	0	0	0	0.8755429425818719	0
1.145	0	-1.877015348926019	0	0	0	0.8783462513626841	0
1.146	0	-1.880747520624829	0	0	0	0.8811157933411085	0
1.147	0	-1.884473964642646	0	0	0	0.8838514981505048	0
1.148	0	-1.888194597569398	0	0	0	0.8865532952816699	0
1.149	0	-1.891909335044852	0	0	0	0.8892211143548451	0
1.15	0	-1.895618091866948	0	0	0	0.8918548853000439	0
1.151	0	-1.899320782148314	0	0	0	0.8944545386220298	0
1.152	0	-1.903017319391504	0	0	0	0.8970200055246018	0
1.153	0	-1.90670761667669	0	0	0	0.8995512181688726	0
1.154	0	-1.91039158671676	0	0	0	0.9020481098080302	0
1.155	0	-1.914069142016927	0	0	0	0.9045106150090567	0
1.156	0	-1.917740194997065	0	0	0	0.9069386698186562	0
1.157	0	-1.921404658006439	0	0	0	0.9093322118930689	0
1.158	0	-1.925062443573512	0	0	0	0.9116911806191696	0
1.159	0	-1.928713464335275	0	0	0	0.9140155172151221	0
1.16	0	-1.932357633275497	0	0	0	0.9163051650018044	0
1.161	0	-1.935994863663516	0	0	0	0.918560069302464	0
1.162	0	-1.939625069270699	0	0	0	0.9207801776870089	0
1.163	0	-1.943248164296254	0	0	0	0.9229654399151799	0
1.164	0	-1.94686406353525	0	0	0	0.9251158080889286	0
1.165	0	-1.950472682380527	0	0	0	0.9272312366808599	0
1.166	0	-1.954073936865192	0	0	0	0.9293116825633223	0
1.167	0	-1.957667743737711	0	0	0	0.9313571050206803	0
1.168	0	-1.961254020480133	0	0	0	0.9333674658771854	0
1.169	0	-1.964832685041661	0	0	0	0.9353427286201501	0
1.17	0	-1.968403656877899	0	0	0	0.9372828610640749	0
1.171	0	-1.97196685553608	0	0	0	0.9391878316573937	0
1.172	0	-1.975522201364086	0	0	0	0.9410576113080781	0
1.173	0	-1.979069615792708	0	0	0	0.9428921739503403	0
1.174	0	-1.982609020960054	0	0	0	0.9446914956235755	0
1.175	0	-1.986140339769436	0	0	0	0.9464555545729274	0
1.176	0	-1.989663495914587	0	0	0	0.9481843312587689	0
1.177	0	-1.993178413833409	0	0	0	0.9498778082460477	0
1.178	0	-1.996685018737842	0	0	0	0.9515359702123529	0
1.179	0	-2.000183236552723	0	0	0	0.9531588038136877	0
1.18	0	-2.003672993901287	0	0	0	0.9547462976203969	0
1.181	0	-2.007154218063086	0	0	0	0.9562984420117522	0
1.182	0	-2.010626837209627	0	0	0	0.9578152295354293	0
1.183	0	-2.014090779797737	0	0	0	0.9592966538666472	0
1.184	0	-2.017545975110278	0	0	0	0.9607427106613702	0
1.185	0	-2.020992352952948	0	0	0	0.9621533970417379	0
1.186	0	-2.024429843770651	0	0	0	0.9635287117453134	0
1.187	0	-2.027858378399891	0	0	0	0.9648686546775124	0
1.188	0	-2.031277888198435	0	0	0	0.9661732271095583	0
1.189	0	-2.034688305152008	0	0	0	0.9674424318101128	0
1.19	0	-2.038089561442318	0	0	0	0.9686762723310081	0
1.191	0	-2.04148158976795	0	0	0	0.9698747534812336	0
1.192	0	-2.044864323335652	0	0	0	0.9710378812932576	0
1.193	0	-2.048237695411543	0	0	0	0.9721656622731434	0
1.194	0	-2.051601639872418	0	0	0	0.9732581042489882	0
1.195	0	-2.054956090623246	0	0	0	0.9743152154309571	0
1.196	0	-2.058300982121269	0	0	0	0.9753370051995122	0
1.197	0	-2.061636248688948	0	0	0	0.9763234830091184	0
1.198	0	-2.064961825388678	0	0	0	0.9772746597277729	0
1.199	0	-2.068277646874597	0	0	0	0.9781905458174832	0
1.2	0	-2.071583648401544	0	0	0	0.9790711528832197	0
1.201	0	-2.074879765077301	0	0	0	0.979916492491364	0
1.202	0	-2.078165932485883	0	0	0	0.9807265771027179	0
1.203	0	-2.081442085749832	0	0	0	0.9815014186034939	0
1.204	0	-2.084708160683415	0	0	0	0.9822410300626594	0
1.205	0	-2.087964092612345	0	0	0	0.9829454238861663	0
1.206	0	-2.091209817450745	0	0	0	0.9836146134607238	0
1.207	0	-2.09444527044189	0	0	0	0.9842486111809725	0
1.208	0	-2.09767038752607	0	0	0	0.9848474305428317	0
1.209	0	-2.100885103963155	0	0	0	0.9854110839966531	0
1.21	0	-2.104089355731444	0	0	0	0.9859395850823021	0
1.211	0	-2.107283077886574	0	0	0	0.9864329458775318	0
1.212	0	-2.110466206178994	0	0	0	0.9868911794690416	0
1.213	0	-2.113638675636059	0	0	0	0.9873142977510571	0
1.214	0	-2.116800421939845	0	0	0	0.9877023135202228	0
1.215	0	-2.119951379739731	0	0	0	0.9880552378635273	0
1.216	0	-2.123091484439675	0	0	0	0.9883730828832817	0
1.217	0	-2.126220670569031	0	0	0	0.9886558591746694	0
1.218	0	-2.129338873282673	0	0	0	0.9889035781090386	0
1.219	0	-2.132446026709276	0	0	0	0.9891162492771225	0
1.22	0	-2.135542065542764	0	0	0	0.9892938829124457	0
1.221	0	-2.138626923792224	0	0	0	0.9894364879515489	0
1.222	0	-2.141700535844949	0	0	0	0.9895440736494063	0
1.223	0	-2.144762835175778	0	0	0	0.9896166475722666	0
1.224	0	-2.14781375563151	0	0	0	0.9896542175515484	0
1.225	0	-2.1508532305003	0	0	0	0.9896567902400819	0
1.226	0	-2.15388119323398	0	0	0	0.9896243721925765	0
1.227	0	-2.156897576451725	0	0	0	0.9895569683230097	0
1.228	0	-2.159902313355143	0	0	0	0.9894545840521176	0
1.229	0	-2.162895336078819	0	0	0	0.989317222758815	0
1.23	0	-2.165876577073889	0	0	0	0.9891448878815601	0
1.231	0	-2.168845968291012	0	0	0	0.9889375816416572	0
1.232	0	-2.171803441612135	0	0	0	0.9886953056956674	0
1.233	0	-2.17474892837823	0	0	0	0.9884180603769616	0
1.234	0	-2.177682359872138	0	0	0	0.9881058454222996	0
1.235	0	-2.180603667013038	0	0	0	0.9877586594856137	0
1.236	0	-2.183512780632057	0	0	0	0.987376500536748	0
1.237	0	-2.186409630967608	0	0	0	0.986959365064778	0
1.238	0	-2.189294148130607	0	0	0	0.9865072487695443	0
1.239	0	-2.192166262020341	0	0	0	0.9860201464218763	0
1.24	0	-2.195025902084827	0	0	0	0.9854980514621222	0
1.241	0	-2.197872997562546	0	0	0	0.9849409563564222	0
1.242	0	-2.200707477407339	0	0	0	0.9843488524598114	0
1.243	0	-2.203529270207021	0	0	0	0.9837217298675677	0
1.244	0	-2.206338304133411	0	0	0	0.9830595773135856	0
1.245	0	-2.209134507379478	0	0	0	0.9823623828300139	0
1.246	0	-2.211917807412852	0	0	0	0.9816301325707786	0
1.247	0	-2.214688131686036	0	0	0	0.9808628118805316	0
1.248	0	-2.217445407029117	0	0	0	0.9800604043430462	0
1.249	0	-2.220189560394749	0	0	0	0.9792228928925616	0
1.25	0	-2.222920517812146	0	0	0	0.9783502582050622	0
1.251	0	-2.225638205505605	0	0	0	0.977442480376344	0
1.252	0	-2.228342548796379	0	0	0	0.976499537205861	0
1.253	0	-2.231033473426326	0	0	0	0.9755214062333507	0
1.254	0	-2.233710903960684	0	0	0	0.9745080622360486	0
1.255	0	-2.236374765185444	0	0	0	0.9734594793689901	0
1.256	0	-2.2390249810921	0	0	0	0.972375629555505	0
1.257	0	-2.241661475874315	0	0	0	0.9712564840382666	0
1.258	0	-2.244284172522237	0	0	0	0.9701020111418276	0
1.259	0	-2.246892994686891	0	0	0	0.968912179166726	0
1.26	0	-2.249487864613076	0	0	0	0.9676869531378968	0
1.261	0	-2.252068704926361	0	0	0	0.9664262975699356	0
1.262	0	-2.254635437205831	0	0	0	0.9651301742017158	0
1.263	0	-2.257187983494929	0	0	0	0.9637985443484822	0
1.264	0	-2.259726264402012	0	0	0	0.9624313658989153	0
1.265	0	-2.262250200993454	0	0	0	0.9610285962531334	0
1.266	0	-2.264759713147578	0	0	0	0.959590189704839	0
1.267	0	-2.267254721330118	0	0	0	0.9581161002201001	0
1.268	0	-2.269735144401113	0	0	0	0.9566062779563149	0
1.269	0	-2.272200901698517	0	0	0	0.9550606725139832	0
1.27	0	-2.274651911382278	0	0	0	0.9534792302893634	0
1.271	0	-2.277088092157943	0	0	0	0.9518618971823867	0
1.272	0	-2.27950936105864	0	0	0	0.9502086150622483	0
1.273	0	-2.281915635567252	0	0	0	0.9485193250908878	0
1.274	0	-2.28430683208451	0	0	0	0.9467939652577426	0
1.275	0	-2.286682867207821	0	0	0	0.945032472407154	0
1.276	0	-2.289043656033452	0	0	0	0.9432347794796579	0
1.277	0	-2.291389114437751	0	0	0	0.9414008191413449	0
1.278	0	-2.293719156450445	0	0	0	0.939530519544212	0
1.279	0	-2.296033696595903	0	0	0	0.93762380805052	0
1.28	0	-2.298332648190032	0	0	0	0.9356806084644372	0
1.281	0	-2.300615924645317	0	0	0	0.9337008431021284	0
1.282	0	-2.302883437994212	0	0	0	0.9316844303853259	0
1.283	0	-2.305135100448799	0	0	0	0.9296312873216327	0
1.284	0	-2.30737082309424	0	0	0	0.9275413273559596	0
1.285	0	-2.309590516992901	0	0	0	0.9254144621395407	0
1.286	0	-2.311794091850454	0	0	0	0.9232505993209532	0
1.287	0	-2.31398145741244	0	0	0	0.9210496447824876	0
1.288	0	-2.316152522254305	0	0	0	0.9188115006439951	0
1.289	0	-2.318307194910611	0	0	0	0.9165360670661544	0
1.29	0	-2.320445382449628	0	0	0	0.9142232398804838	0
1.291	0	-2.322566992157281	0	0	0	0.91187291332349	0
1.292	0	-2.324671929623678	0	0	0	0.9094849768460493	0
1.293	0	-2.326760100737203	0	0	0	0.9070593183724726	0
1.294	0	-2.328831409817579	0	0	0	0.9045958211733649	0
1.295	0	-2.330885760825305	0	0	0	0.9020943658218247	0
1.296	0	-2.332923056880714	0	0	0	0.8995548293804192	0
1.297	0	-2.334943200370749	0	0	0	0.8969770855264383	0
1.298	0	-2.336946092709418	0	0	0	0.8943610041088521	0
1.299	0	-2.338931634490261	0	0	0	0.8917064513580893	0
1.3	0	-2.340899725641373	0	0	0	0.8890132901291956	0
1.301	0	-2.342850265034799	0	0	0	0.8862813791911939	0
1.302	0	-2.344783150692522	0	0	0	0.8835105735266737	0
1.303	0	-2.346698279525406	0	0	0	0.8807007238357005	0
1.304	0	-2.348595547927552	0	0	0	0.87785167753543	0
1.305	0	-2.350474850874071	0	0	0	0.8749632771690518	0
1.306	0	-2.352336082587485	0	0	0	0.8720353614832483	0
1.307	0	-2.354179135943239	0	0	0	0.8690677643516954	0
1.308	0	-2.356003903339223	0	0	0	0.86606031626469	0
1.309	0	-2.357810275496982	0	0	0	0.8630128422106537	0
1.31	0	-2.359598142335754	0	0	0	0.8599251631106192	0
1.311	0	-2.361367392358318	0	0	0	0.8567970946776068	0
1.312	0	-2.363117913345427	0	0	0	0.8536284486775747	0
1.313	0	-2.364849591242818	0	0	0	0.8504190308385062	0
1.314	0	-2.366562311422295	0	0	0	0.8471686430423209	0
1.315	0	-2.368255957318585	0	0	0	0.8438770808897056	0
1.316	0	-2.369930411580634	0	0	0	0.8405441356475536	0
1.317	0	-2.371585555011179	0	0	0	0.8371695923557737	0
1.318	0	-2.373221267641451	0	0	0	0.8337532316015395	0
1.319	0	-2.374837427264976	0	0	0	0.8302948269825098	0
1.32	0	-2.376433910966564	0	0	0	0.8267941476504136	0
1.321	0	-2.378010593631171	0	0	0	0.8232509556661369	0
1.322	0	-2.379567349365898	0	0	0	0.8196650084044957	0
1.323	0	-2.381104049710693	0	0	0	0.8160360554010492	0
1.324	0	-2.382620565481552	0	0	0	0.8123638414988404	0
1.325	0	-2.384116764872085	0	0	0	0.8086481033843159	0
1.326	0	-2.385592515410303	0	0	0	0.804888573094678	0
1.327	0	-2.387047681523412	0	0	0	0.80108497350035	0
1.328	0	-2.388482127211652	0	0	0	0.7972370231042538	0
1.329	0	-2.389895712989478	0	0	0	0.7933444303996937	0
1.33	0	-2.391288299128651	0	0	0	0.789406899718244	0
1.331	0	-2.39265974197516	0	0	0	0.7854241244097878	0
1.332	0	-2.394009897773302	0	0	0	0.781395793785532	0
1.333	0	-2.39533861884301	0	0	0	0.7773215860140591	0
1.334	0	-2.396645756546106	0	0	0	0.7732011734978914	0
1.335	0	-2.397931159042571	0	0	0	0.7690342186439619	0
1.336	0	-2.399194673198218	0	0	0	0.7648203773212198	0
1.337	0	-2.400436142245001	0	0	0	0.7605592944294639	0
1.338	0	-2.401655407921526	0	0	0	0.756250607781804	0
1.339	0	-2.402852308601396	0	0	0	0.7518939445289963	0
1.34	0	-2.404026681004547	0	0	0	0.7474889242720164	0
1.341	0	-2.405178358008274	0	0	0	0.7430351548499582	0
1.342	0	-2.406307170454831	0	0	0	0.7385322356234865	0
1.343	0	-2.407412945823498	0	0	0	0.7339797549130254	0
1.344	0	-2.408495509311164	0	0	0	0.7293772919112593	0
1.345	0	-2.409554682140145	0	0	0	0.724724413359202	0
1.346	0	-2.410590282934782	0	0	0	0.7200206760264899	0
1.347	0	-2.411602126799465	0	0	0	0.7152656249280692	0
1.348	0	-2.412590026055905	0	0	0	0.7104587945536265	0
1.349	0	-2.413553788677353	0	0	0	0.7055997057455513	0
1.35	0	-2.414493219595428	0	0	0	0.7006878680288198	0
1.351	0	-2.415408119995607	0	0	0	0.6957227783169055	0
1.352	0	-2.416298287364562	0	0	0	0.6907039206718546	0
1.353	0	-2.417163514899744	0	0	0	0.6856307651092484	0
1.354	0	-2.418003592379362	0	0	0	0.6805027691665274	0
1.355	0	-2.418818304789232	0	0	0	0.6753193750362968	0
1.356	0	-2.419607433205803	0	0	0	0.6700800111953915	0
1.357	0	-2.420370754248585	0	0	0	0.6647840911001183	0
1.358	0	-2.421108039911004	0	0	0	0.6594310128526089	0
1.359	0	-2.421819057492005	0	0	0	0.6540201587365796	0
1.36	0	-2.422503569404401	0	0	0	0.648550894778852	0
1.361	0	-2.423161333296814	0	0	0	0.6430225707373834	0
1.362	0	-2.423792101356234	0	0	0	0.6374345186908222	0
1.363	0	-2.424395620695036	0	0	0	0.631786053466001	0
1.364	0	-2.424971632708606	0	0	0	0.6260764712790112	0
1.365	0	-2.425519873553535	0	0	0	0.6203050503733087	0
1.366	0	-2.426040073046332	0	0	0	0.6144710488519831	0
1.367	0	-2.426531955505596	0	0	0	0.6085737059526286	0
1.368	0	-2.42699523843046	0	0	0	0.6026122391770721	0
1.369	0	-2.427429633795144	0	0	0	0.5965858469103141	0
1.37	0	-2.427834846012919	0	0	0	0.5904937038132934	0
1.371	0	-2.428210573731449	0	0	0	0.5843349644501867	0
1.372	0	-2.428556507468	0	0	0	0.5781087580708563	0
1.373	0	-2.428872331805352	0	0	0	0.5718141930397136	0
1.374	0	-2.42915772245102	0	0	0	0.5654503503594913	0
1.375	0	-2.429412349049585	0	0	0	0.5590162894356615	0
1.376	0	-2.429635871570495	0	0	0	0.5525110401082675	0
1.377	0	-2.429827943798158	0	0	0	0.5459336099026239	0
1.378	0	-2.429988208989656	0	0	0	0.539282974421569	0
1.379	0	-2.430116304098364	0	0	0	0.5325580862244198	0
1.38	0	-2.430211854736338	0	0	0	0.5257578636236282	0
1.381	0	-2.430274479582998	0	0	0	0.518881200047723	0
1.382	0	-2.430303786256194	0	0	0	0.5119269547260228	0
1.383	0	-2.430299373942947	0	0	0	0.5048939581585508	0
1.384	0	-2.430260830343447	0	0	0	0.4977810051180949	0
1.385	0	-2.430187734693062	0	0	0	0.4905868610926994	0
1.386	0	-2.430079654241312	0	0	0	0.4833102541242822	0
1.387	0	-2.429936146331057	0	0	0	0.4759498791390823	0
1.388	0	-2.429756756283646	0	0	0	0.4685043929381814	0
1.389	0	-2.429541019252321	0	0	0	0.4609724180881719	0
1.39	0	-2.429288457497194	0	0	0	0.4533525364135196	0
1.391	0	-2.428998582394817	0	0	0	0.4456432932700383	0
1.392	0	-2.42867089189709	0	0	0	0.4378431914644966	0
1.393	0	-2.428304872748017	0	0	0	0.4299506959811302	0
1.394	0	-2.427899997695138	0	0	0	0.421964227314609	0
1.395	0	-2.427455727526222	0	0	0	0.4138821658195794	0
1.396	0	-2.426971508870808	0	0	0	0.4057028463592359	0
1.397	0	-2.426446775611956	0	0	0	0.3974245612533942	0
1.398	0	-2.425880947396882	0	0	0	0.3890455565452695	0
1.399	0	-2.425273430422715	0	0	0	0.3805640335314708	0
1.4	0	-2.42462361668418	0	0	0	0.3719781467439339	0
1.401	0	-2.423930884151902	0	0	0	0.3632860040931694	0
1.402	0	-2.423194596776742	0	0	0	0.3544856666462622	0
1.403	0	-2.42241410409898	0	0	0	0.3455751474647629	0
1.404	0	-2.421588742022125	0	0	0	0.3365524132471117	0
1.405	0	-2.420717831912419	0	0	0	0.3274153819976023	0
1.406	0	-2.41980068214991	0	0	0	0.318161926593282	0
1.407	0	-2.418836586800578	0	0	0	0.3087898714816122	0
1.408	0	-2.417824827949377	0	0	0	0.2992969982284877	0
1.409	0	-2.416764674052279	0	0	0	0.2896810415107397	0
1.41	0	-2.415655383055078	0	0	0	0.27993969670404	0
1.411	0	-2.414496200560151	0	0	0	0.2700706155133659	0
1.412	0	-2.413286363736103	0	0	0	0.2600714156675992	0
1.413	0	-2.412025099464424	0	0	0	0.2499396766173532	0
1.414	0	-2.410711629048556	0	0	0	0.2396729514171416	0
1.415	0	-2.409345166538835	0	0	0	0.2292687630157213	0
1.416	0	-2.407924924255	0	0	0	0.2187246184259697	0
1.417	0	-2.406450111523591	0	0	0	0.2080380062372808	0
1.418	0	-2.404919941034406	0	0	0	0.1972064131954851	0
1.419	0	-2.403333628261926	0	0	0	0.1862273236769969	0
1.42	0	-2.401690398682172	0	0	0	0.1750982388216265	0
1.421	0	-2.399989488186662	0	0	0	0.1638166788181834	0
1.422	0	-2.398230151188708	0	0	0	0.1523802047436091	0
1.423	0	-2.396411662371265	0	0	0	0.1407864246090387	0
1.424	0	-2.394533325706319	0	0	0	0.1290330180459595	0
1.425	0	-2.392594477899619	0	0	0	0.1171177471294885	0
1.426	0	-2.390594498337697	0	0	0	0.1050384840249084	0
1.427	0	-2.388532814562569	0	0	0	0.09279322753507971	0
1.428	0	-2.386408913179892	0	0	0	0.08038013385513966	0
1.429	0	-2.384222347580606	0	0	0	0.06779753948690459	0
1.43	0	-2.381972749851294	0	0	0	0.05504399524553625	0
1.431	0	-2.379659840821478	0	0	0	0.04211829580221891	0
1.432	0	-2.377283442923524	0	0	0	0.02901951680476523	0
1.433	0	-2.374843492475128	0	0	0	0.0157470508224076	0
1.434	0	-2.372340053263396	0	0	0	0.002300646932348085	0
1.435	0	-2.369773330727739	0	0	0	-0.01131954787110416	0
1.436	0	-2.367143685790307	0	0	0	-0.0251129480177345	0
1.437	0	-2.364451650277928	0	0	0	-0.03907848438277409	0
1.438	0	-2.361697940192328	0	0	0	-0.05321456492229903	0
1.439	0	-2.358883471314952	0	0	0	-0.0675190291818777	0
1.44	0	-2.356009370733508	0	0	0	-0.08198911371040248	0
1.441	0	-2.353076991156017	0	0	0	-0.09662141034649242	0
1.442	0	-2.350087919149626	0	0	0	-0.1114118409683057	0
1.443	0	-2.347043986335654	0	0	0	-0.1263556249009564	0
1.444	0	-2.343947271679352	0	0	0	-0.1414472707643412	0
1.445	0	-2.340800112070755	0	0	0	-0.1566805460959302	0
1.446	0	-2.337605089576284	0	0	0	-0.1720485123358045	0
1.447	0	-2.33436503866693	0	0	0	-0.1875435045283922	0
1.448	0	-2.331083032917827	0	0	0	-0.2031571684888579	0
1.449	0	-2.32776237455127	0	0	0	-0.2188804917575668	0
1.45	0	-2.324406570732938	0	0	0	-0.2347038707753893	0
1.451	0	-2.321019321138031	0	0	0	-0.2506171480700176	0
1.452	0	-2.31760448899353	0	0	0	-0.2666096954992834	0
1.453	0	-2.314166071527761	0	0	0	-0.2826705005982244	0
1.454	0	-2.310708168239443	0	0	0	-0.2987882579794948	0
1.455	0	-2.307234951310953	0	0	0	-0.3149514566411067	0
1.456	0	-2.303750624587678	0	0	0	-0.33114849773219	0
1.457	0	-2.300259394163204	0	0	0	-0.3473677813913739	0
1.458	0	-2.296765428491888	0	0	0	-0.3635978217340178	0
1.459	0	-2.293272830037804	0	0	0	-0.3798273300267968	0
1.46	0	-2.289785598081186	0	0	0	-0.3960453214280802	0
1.461	0	-2.286307607029352	0	0	0	-0.4122411793780533	0
1.462	0	-2.282842574840663	0	0	0	-0.4284047451024764	0
1.463	0	-2.279394047385564	0	0	0	-0.4445263641917522	0
1.464	0	-2.275965375544216	0	0	0	-0.4605969512507939	0
1.465	0	-2.272559707278489	0	0	0	-0.4766080134333319	0
1.466	0	-2.269179973993049	0	0	0	-0.4925516877078462	0
1.467	0	-2.265828888650578	0	0	0	-0.5084207469985257	0
1.468	0	-2.262508939083161	0	0	0	-0.5242086172873006	0
1.469	0	-2.259222394176424	0	0	0	-0.5399093600540791	0
1.47	0	-2.255971303172905	0	0	0	-0.5555176716465278	0
1.471	0	-2.252757505157884	0	0	0	-0.5710288563321765	0
1.472	0	-2.249582633677117	0	0	0	-0.5864388106456522	0
1.473	0	-2.246448129675918	0	0	0	-0.601743986146792	0
1.474	0	-2.243355248477843	0	0	0	-0.6169413667974947	0
1.475	0	-2.240305073795913	0	0	0	-0.6320284289313315	0
1.476	0	-2.237298527396655	0	0	0	-0.6470031113776562	0
1.477	0	-2.23433638316092	0	0	0	-0.6618637750871206	0
1.478	0	-2.231419275929594	0	0	0	-0.676609175552043	0
1.479	0	-2.22854771564316	0	0	0	-0.6912384225618998	0
1.48	0	-2.225722097388319	0	0	0	-0.7057509497932692	0
1.481	0	-2.222942713452987	0	0	0	-0.720146480348046	0
1.482	0	-2.220209761065266	0	0	0	-0.7344250028957876	0
1.483	0	-2.217523354397426	0	0	0	-0.7485867377564167	0
1.484	0	-2.214883532763892	0	0	0	-0.7626321123718205	0
1.485	0	-2.212290269803928	0	0	0	-0.7765617352195601	0
1.486	0	-2.209743479168845	0	0	0	-0.7903763783222494	0
1.487	0	-2.207243023725729	0	0	0	-0.8040769515229627	0
1.488	0	-2.204788721625211	0	0	0	-0.8176644845831568	0
1.489	0	-2.202380352029194	0	0	0	-0.8311401107952289	0
1.49	0	-2.200017660067017	0	0	0	-0.8445050523999111	0
1.491	0	-2.197700363189778	0	0	0	-0.8577606030437613	0
1.492	0	-2.195428153778486	0	0	0	-0.8709081195104109	0
1.493	0	-2.193200704581016	0	0	0	-0.8839490068640666	0
1.494	0	-2.191017671666626	0	0	0	-0.8968847097593987	0
1.495	0	-2.188878697798052	0	0	0	-0.90971670301473	0
1.496	0	-2.186783415079807	0	0	0	-0.9224464840285935	0
1.497	0	-2.184731447557202	0	0	0	-0.9350755654476041	0
1.498	0	-2.182722413929376	0	0	0	-0.9476054678695358	0
1.499	0	-2.180755928950013	0	0	0	-0.9600377156397023	0
1.5	0	-2.178831605326083	0	0	0	-0.9723738316476984	0
1.501	0	-2.176949055350012	0	0	0	-0.984615332744925	0
1.502	0	-2.175107892606865	0	0	0	-0.9967637254902912	0
1.503	0	-2.17330773224836	0	0	0	-1.008820504744458	0
1.504	0	-2.171548193157287	0	0	0	-1.020787148428793	0
1.505	0	-2.169828897841037	0	0	0	-1.032665117367178	0
1.506	0	-2.168149473865103	0	0	0	-1.04445585174372	0
1.507	0	-2.166509553976436	0	0	0	-1.056160770451685	0
1.508	0	-2.164908777601307	0	0	0	-1.067781267739405	0
1.509	0	-2.163346789861906	0	0	0	-1.079318715128136	0
1.51	0	-2.161823243402397	0	0	0	-1.090774457229066	0
1.511	0	-2.160337797587162	0	0	0	-1.102149813309346	0
1.512	0	-2.158890120078864	0	0	0	-1.113446073999073	0
1.513	0	-2.157479885252126	0	0	0	-1.124664504591353	0
1.514	0	-2.156106776045442	0	0	0	-1.1358063410134	0
1.515	0	-2.154770482961741	0	0	0	-1.146872791815686	0
1.516	0	-2.153470705087429	0	0	0	-1.157865036414624	0
1.517	0	-2.152207148739215	0	0	0	-1.168784227612073	0
1.518	0	-2.150979529451346	0	0	0	-1.179631487696298	0
1.519	0	-2.149787569694601	0	0	0	-1.190407913179818	0
1.52	0	-2.148631000903121	0	0	0	-1.201114570719306	0
1.521	0	-2.147509561739383	0	0	0	-1.211752500806471	0
1.522	0	-2.146422999690053	0	0	0	-1.222322714412943	0
1.523	0	-2.145371068848365	0	0	0	-1.232826198013546	0
1.524	0	-2.144353531976405	0	0	0	-1.243263909230928	0
1.525	0	-2.143370158566802	0	0	0	-1.253636781012255	0
1.526	0	-2.142420726422466	0	0	0	-1.263945718491942	0
1.527	0	-2.141505019365479	0	0	0	-1.274191604001521	0
1.528	0	-2.140622829226277	0	0	0	-1.284375293133319	0
1.529	0	-2.13977395379167	0	0	0	-1.294497618914146	0
1.53	0	-2.138958198628124	0	0	0	-1.304559388682359	0
1.531	0	-2.138175374297336	0	0	0	-1.314561389616838	0
1.532	0	-2.137425298505498	0	0	0	-1.324504384868166	0
1.533	0	-2.136707794391415	0	0	0	-1.334389117043979	0
1.534	0	-2.136022691316243	0	0	0	-1.344216307195687	0
1.535	0	-2.135369823204543	0	0	0	-1.35398665802382	0
1.536	0	-2.134749030208421	0	0	0	-1.363700851339192	0
1.537	0	-2.134160156498551	0	0	0	-1.37335955229935	0
1.538	0	-2.133603051558755	0	0	0	-1.38296340753065	0
1.539	0	-2.133077568837979	0	0	0	-1.39251304786814	0
1.54	0	-2.132583566525022	0	0	0	-1.402009087428656	0
1.541	0	-2.132120905990078	0	0	0	-1.41145212671837	0
1.542	0	-2.131689452905615	0	0	0	-1.420842751064084	0
1.543	0	-2.131289075970063	0	0	0	-1.430181533262309	0
1.544	0	-2.130919647573017	0	0	0	-1.439469032817315	0
1.545	0	-2.130581042477292	0	0	0	-1.448705798544893	0
1.546	0	-2.1302731390414	0	0	0	-1.457892366947475	0
1.547	0	-2.129995817400768	0	0	0	-1.467029265553781	0
1.548	0	-2.129748960853198	0	0	0	-1.47611701102059	0
1.549	0	-2.129532454646933	0	0	0	-1.485156111406072	0
1.55	0	-2.129346186256472	0	0	0	-1.49414706608214	0
1.551	0	-2.129190045090911	0	0	0	-1.503090366450297	0
1.552	0	-2.129063922641822	0	0	0	-1.511986495955768	0
1.553	0	-2.128967712170203	0	0	0	-1.520835930833494	0
1.554	0	-2.128901308541235	0	0	0	-1.529639140591669	0
1.555	0	-2.128864608357435	0	0	0	-1.538396587982051	0
1.556	0	-2.128857509828288	0	0	0	-1.547108729333237	0
1.557	0	-2.128879912803385	0	0	0	-1.555776014669797	0
1.558	0	-2.128931718332554	0	0	0	-1.564398888495727	0
1.559	0	-2.129012829193704	0	0	0	-1.572977789116856	0
1.56	0	-2.1291231494842	0	0	0	-1.58151314927367	0
1.561	0	-2.129262584897429	0	0	0	-1.590005395847241	0
1.562	0	-2.129431042140682	0	0	0	-1.598454950743463	0
1.563	0	-2.129628429638569	0	0	0	-1.606862229950065	0
1.564	0	-2.129854657065549	0	0	0	-1.615227644154185	0
1.565	0	-2.130109635585996	0	0	0	-1.623551598468395	0
1.566	0	-2.13039327743257	0	0	0	-1.631834493070364	0
1.567	0	-2.130705496552233	0	0	0	-1.640076722230122	0
1.568	0	-2.131046207902246	0	0	0	-1.648278675314322	0
1.569	0	-2.131415328036558	0	0	0	-1.656440736002351	0
1.57	0	-2.131812774665708	0	0	0	-1.664563282826	0
1.571	0	-2.132238467100067	0	0	0	-1.672646688599786	0
1.572	0	-2.132692325502694	0	0	0	-1.68069132137035	0
1.573	0	-2.133174271859202	0	0	0	-1.688697543186319	0
1.574	0	-2.133684229068363	0	0	0	-1.696665711188671	0
1.575	0	-2.134222121724969	0	0	0	-1.704596176649139	0
1.576	0	-2.134787875094352	0	0	0	-1.712489286216034	0
1.577	0	-2.135381416354096	0	0	0	-1.720345380422982	0
1.578	0	-2.136002673466075	0	0	0	-1.728164794985656	0
1.579	0	-2.136651575987928	0	0	0	-1.735947859841227	0
1.58	0	-2.13732805419118	0	0	0	-1.743694900224571	0
1.581	0	-2.138032040179807	0	0	0	-1.751406235311731	0
1.582	0	-2.138763466431536	0	0	0	-1.759082179914643	0
1.583	0	-2.139522267476459	0	0	0	-1.766723042577338	0
1.584	0	-2.140308378072415	0	0	0	-1.774329127630767	0
1.585	0	-2.141121734734902	0	0	0	-1.781900733487033	0
1.586	0	-2.141962274462633	0	0	0	-1.7894381540348	0
1.587	0	-2.142829936032832	0	0	0	-1.796941677259297	0
1.588	0	-2.143724658330683	0	0	0	-1.80441158705434	0
1.589	0	-2.144646381955012	0	0	0	-1.811848161500046	0
1.59	0	-2.145595047790436	0	0	0	-1.8192516743756	0
1.591	0	-2.146570598480468	0	0	0	-1.826622393656405	0
1.592	0	-2.147572976538416	0	0	0	-1.833960583482945	0
1.593	0	-2.148602126078842	0	0	0	-1.841266502383399	0
1.594	0	-2.149657991423224	0	0	0	-1.848540404703005	0
1.595	0	-2.150740518491489	0	0	0	-1.855782539236092	0
1.596	0	-2.151849652905852	0	0	0	-1.862993151141343	0
1.597	0	-2.152985341742466	0	0	0	-1.870172480205891	0
1.598	0	-2.154147532275271	0	0	0	-1.877320762098194	0
1.599	0	-2.155336172913364	0	0	0	-1.884438227506196	0
1.6	0	-2.156551211861093	0	0	0	-1.891525103387831	0
1.601	0	-2.157792598902975	0	0	0	-1.898581611372582	0
1.602	0	-2.159060283255802	0	0	0	-1.90560796972317	0
1.603	0	-2.160354215423967	0	0	0	-1.912604391692919	0
1.604	0	-2.161674345825414	0	0	0	-1.919571086757099	0
1.605	0	-2.163020625775236	0	0	0	-1.926508259801602	0
1.606	0	-2.164393006297541	0	0	0	-1.933416112143632	0
1.607	0	-2.16579143937112	0	0	0	-1.940294840505354	0
1.608	0	-2.167215876685365	0	0	0	-1.947144638082686	0
1.609	0	-2.168666270811002	0	0	0	-1.95396569360063	0
1.61	0	-2.170142573793398	0	0	0	-1.960758192477093	0
1.611	0	-2.171644738574566	0	0	0	-1.967522315712399	0
1.612	0	-2.17317271753381	0	0	0	-1.974258241059907	0
1.613	0	-2.174726463784601	0	0	0	-1.980966142044144	0
1.614	0	-2.17630592990117	0	0	0	-1.987646188958368	0
1.615	0	-2.177911069005129	0	0	0	-1.99429854806756	0
1.616	0	-2.179541833726756	0	0	0	-2.000923382405801	0
1.617	0	-2.181198177032859	0	0	0	-2.007520851189597	0
1.618	0	-2.182880051472114	0	0	0	-2.014091110390419	0
1.619	0	-2.184587409694097	0	0	0	-2.020634312381936	0
1.62	0	-2.186320204029447	0	0	0	-2.027150606265124	0
1.621	0	-2.188078386648938	0	0	0	-2.033640137770683	0
1.622	0	-2.189861909529887	0	0	0	-2.040103049316703	0
1.623	0	-2.191670724203895	0	0	0	-2.046539480184746	0
1.624	0	-2.193504782160682	0	0	0	-2.05294956629319	0
1.625	0	-2.195364034158873	0	0	0	-2.059333440644675	0
1.626	0	-2.197248430960448	0	0	0	-2.065691232905217	0
1.627	0	-2.199157922528845	0	0	0	-2.072023069907866	0
1.628	0	-2.201092458820273	0	0	0	-2.078329075186411	0
1.629	0	-2.203051988612053	0	0	0	-2.08460936971188	0
1.63	0	-2.205036460926681	0	0	0	-2.090864071087676	0
1.631	0	-2.207045823548555	0	0	0	-2.097093294401446	0
1.632	0	-2.209080024309272	0	0	0	-2.103297151518591	0
1.633	0	-2.211139009507773	0	0	0	-2.109475751992139	0
1.634	0	-2.213222725763507	0	0	0	-2.115629202090805	0
1.635	0	-2.215331118231307	0	0	0	-2.121757605747477	0
1.636	0	-2.217464131899776	0	0	0	-2.12786106388378	0
1.637	0	-2.219621710207623	0	0	0	-2.133939675191281	0
1.638	0	-2.22180379687441	0	0	0	-2.139993535183311	0
1.639	0	-2.224010333622545	0	0	0	-2.146022737379156	0
1.64	0	-2.226241262198962	0	0	0	-2.152027372312684	0
1.641	0	-2.22849652269146	0	0	0	-2.158007528357931	0
1.642	0	-2.230776055178675	0	0	0	-2.16396329098568	0
1.643	0	-2.233079797664739	0	0	0	-2.169894743747147	0
1.644	0	-2.235407688071025	0	0	0	-2.175801967365772	0
1.645	0	-2.237759662492784	0	0	0	-2.181685040535	0
1.646	0	-2.240135656956294	0	0	0	-2.187544039182179	0
1.647	0	-2.242535605216927	0	0	0	-2.193379037437522	0
1.648	0	-2.244959440811728	0	0	0	-2.199190106768398	0
1.649	0	-2.247407095410078	0	0	0	-2.20497731668691	0
1.65	0	-2.249878500427099	0	0	0	-2.210740734120751	0
1.651	0	-2.252373584906461	0	0	0	-2.216480424278438	0
1.652	0	-2.254892277506908	0	0	0	-2.222196449872806	0
1.653	0	-2.257434505063505	0	0	0	-2.227888871707291	0
1.654	0	-2.260000193696051	0	0	0	-2.233557748280137	0
1.655	0	-2.2625892672951	0	0	0	-2.239203136336768	0
1.656	0	-2.265201649524697	0	0	0	-2.244825090205227	0
1.657	0	-2.267837261502189	0	0	0	-2.250423662593606	0
1.658	0	-2.270496023748046	0	0	0	-2.255998903964243	0
1.659	0	-2.2731778548735	0	0	0	-2.261550862967146	0
1.66	0	-2.275882672407255	0	0	0	-2.267079586232963	0
1.661	0	-2.278610391862061	0	0	0	-2.272585118634497	0
1.662	0	-2.281360927661319	0	0	0	-2.278067503055645	0
1.663	0	-2.28413419244934	0	0	0	-2.283526780589376	0
1.664	0	-2.286930097504781	0	0	0	-2.288962990485998	0
1.665	0	-2.289748552180437	0	0	0	-2.294376170271028	0
1.666	0	-2.292589464437019	0	0	0	-2.299766355640405	0
1.667	0	-2.295452740469186	0	0	0	-2.305133580597371	0
1.668	0	-2.298338285109869	0	0	0	-2.310477877355342	0
1.669	0	-2.301246001012922	0	0	0	-2.315799276551391	0
1.67	0	-2.304175789363599	0	0	0	-2.321097807079107	0
1.671	0	-2.307127549703957	0	0	0	-2.326373496212269	0
1.672	0	-2.310101179674289	0	0	0	-2.331626369613975	0
1.673	0	-2.313096575137992	0	0	0	-2.336856451362494	0
1.674	0	-2.316113630352702	0	0	0	-2.342063763933131	0
1.675	0	-2.319152237531295	0	0	0	-2.347248328300308	0
1.676	0	-2.322212287040804	0	0	0	-2.35241016390566	0
1.677	0	-2.325293667719938	0	0	0	-2.357549288655389	0
1.678	0	-2.328396266209054	0	0	0	-2.3626657190338	0
1.679	0	-2.331519967467365	0	0	0	-2.367759470038427	0
1.68	0	-2.334664654263451	0	0	0	-2.372830555268236	0
1.681	0	-2.337830208009847	0	0	0	-2.377878986853754	0
1.682	0	-2.341016507630283	0	0	0	-2.382904775616192	0
1.683	0	-2.344223430486758	0	0	0	-2.38790793096429	0
1.684	0	-2.347450851570514	0	0	0	-2.392888461001339	0
1.685	0	-2.350698644625735	0	0	0	-2.397846372450528	0
1.686	0	-2.353966680675116	0	0	0	-2.402781670819802	0
1.687	0	-2.357254829256347	0	0	0	-2.407694360289916	0
1.688	0	-2.360562957494581	0	0	0	-2.412584443808458	0
1.689	0	-2.363890931147443	0	0	0	-2.417451923069973	0
1.69	0	-2.367238613126125	0	0	0	-2.422296798603807	0
1.691	0	-2.370605865295724	0	0	0	-2.427119069692798	0
1.692	0	-2.373992546540485	0	0	0	-2.4319187345119	0
1.693	0	-2.377398514524662	0	0	0	-2.436695790046114	0
1.694	0	-2.380823624208939	0	0	0	-2.441450232193668	0
1.695	0	-2.384267729320237	0	0	0	-2.446182055703686	0
1.696	0	-2.387730680554198	0	0	0	-2.450891254299165	0
1.697	0	-2.391212327538631	0	0	0	-2.455577820603532	0
1.698	0	-2.394712517037864	0	0	0	-2.460241746225543	0
1.699	0	-2.398231094723015	0	0	0	-2.464883021730893	0
1.7	0	-2.401767903084669	0	0	0	-2.469501636715883	0
1.701	0	-2.405322783696807	0	0	0	-2.474097579790624	0
1.702	0	-2.408895575040228	0	0	0	-2.478670838601159	0
1.703	0	-2.412486114836744	0	0	0	-2.483221399883381	0
1.704	0	-2.416094237249953	0	0	0	-2.487749249429807	0
1.705	0	-2.419719776179766	0	0	0	-2.492254372184403	0
1.706	0	-2.423362561558656	0	0	0	-2.496736752162296	0
1.707	0	-2.427022423427581	0	0	0	-2.501196372603354	0
1.708	0	-2.430699187901288	0	0	0	-2.50563321584377	0
1.709	0	-2.434392688153781	0	0	0	-2.510047639098375	0
1.71	0	-2.438102785955122	0	0	0	-2.514440992713049	0
1.711	0	-2.44182931442815	0	0	0	-2.518813008160357	0
1.712	0	-2.445572098308889	0	0	0	-2.523163305669962	0
1.713	0	-2.449330956286069	0	0	0	-2.527491560266375	0
1.714	0	-2.453105702278377	0	0	0	-2.53179747535617	0
1.715	0	-2.456896146379784	0	0	0	-2.536080777304632	0
1.716	0	-2.460702086319266	0	0	0	-2.540341209124782	0
1.717	0	-2.464523317874489	0	0	0	-2.544578649384017	0
1.718	0	-2.468359659475931	0	0	0	-2.548793090403488	0
1.719	0	-2.47221091999847	0	0	0	-2.552984511994552	0
1.72	0	-2.476076904298838	0	0	0	-2.557152889184186	0
1.721	0	-2.479957415203323	0	0	0	-2.561298195667862	0
1.722	0	-2.483852252759714	0	0	0	-2.565420404547136	0
1.723	0	-2.487761216388997	0	0	0	-2.569519488345247	0
1.724	0	-2.491684101939392	0	0	0	-2.573595418767312	0
1.725	0	-2.495620705646989	0	0	0	-2.577648167465252	0
1.726	0	-2.499570821488198	0	0	0	-2.581677705512009	0
1.727	0	-2.503534241077145	0	0	0	-2.585684003416949	0
1.728	0	-2.507510754738279	0	0	0	-2.589667031339428	0
1.729	0	-2.511500151609216	0	0	0	-2.593626759109636	0
1.73	0	-2.515502218753831	0	0	0	-2.597563156100982	0
1.731	0	-2.519516742063676	0	0	0	-2.601476191394132	0
1.732	0	-2.523543505443532	0	0	0	-2.605365833659134	0
1.733	0	-2.527582291938425	0	0	0	-2.609232051357868	0
1.734	0	-2.531632882604936	0	0	0	-2.61307481256668	0
1.735	0	-2.535695057504242	0	0	0	-2.61689408516498	0
1.736	0	-2.539768595058076	0	0	0	-2.620689836735001	0
1.737	0	-2.543853272542814	0	0	0	-2.62446203466531	0
1.738	0	-2.547948865546003	0	0	0	-2.62821064605972	0
1.739	0	-2.552055148989129	0	0	0	-2.631935637953439	0
1.74	0	-2.556171896174511	0	0	0	-2.635636977136877	0
1.741	0	-2.560298879257845	0	0	0	-2.639314630257794	0
1.742	0	-2.564435869149917	0	0	0	-2.642968563819214	0
1.743	0	-2.568582636066434	0	0	0	-2.646598744304651	0
1.744	0	-2.572738948635697	0	0	0	-2.650205137999662	0
1.745	0	-2.576904574600583	0	0	0	-2.65378771115142	0
1.746	0	-2.581079280976209	0	0	0	-2.657346430021494	0
1.747	0	-2.585262833605749	0	0	0	-2.660881260789297	0
1.748	0	-2.589454997430754	0	0	0	-2.664392169629957	0
1.749	0	-2.593655536322709	0	0	0	-2.667879122676649	0
1.75	0	-2.597864213931294	0	0	0	-2.671342086241518	0
1.751	0	-2.602080792603846	0	0	0	-2.674781026552793	0
1.752	0	-2.606305034111526	0	0	0	-2.67819590995014	0
1.753	0	-2.610536699333218	0	0	0	-2.681586702807249	0
1.754	0	-2.614775549056603	0	0	0	-2.684953371745547	0
1.755	0	-2.619021342737043	0	0	0	-2.688295883319245	0
1.756	0	-2.623273840062228	0	0	0	-2.691614204437689	0
1.757	0	-2.627532799358997	0	0	0	-2.69490830193713	0
1.758	0	-2.631797979304508	0	0	0	-2.698178143058912	0
1.759	0	-2.636069137505825	0	0	0	-2.701423695058625	0
1.76	0	-2.64034603183661	0	0	0	-2.70464492558688	0
1.761	0	-2.644628418917185	0	0	0	-2.707841802262653	0
1.762	0	-2.648916056309415	0	0	0	-2.711014293303125	0
1.763	0	-2.653208700165812	0	0	0	-2.714162366850691	0
1.764	0	-2.657506107619227	0	0	0	-2.717285991678131	0
1.765	0	-2.661808034269283	0	0	0	-2.720385136436106	0
1.766	0	-2.666114237264849	0	0	0	-2.723459770592333	0
1.767	0	-2.670424471948627	0	0	0	-2.726509863405928	0
1.768	0	-2.674738495577345	0	0	0	-2.729535385078114	0
1.769	0	-2.67905606339961	0	0	0	-2.732536305530294	0
1.77	0	-2.683376932991247	0	0	0	-2.73551259576997	0
1.771	0	-2.687700859695191	0	0	0	-2.738464226441746	0
1.772	0	-2.692027601593417	0	0	0	-2.741391169422626	0
1.773	0	-2.696356914315996	0	0	0	-2.744293396141213	0
1.774	0	-2.70068855663117	0	0	0	-2.747170879403257	0
1.775	0	-2.705022284654325	0	0	0	-2.750023591482505	0
1.776	0	-2.709357858011118	0	0	0	-2.752851506167961	0
1.777	0	-2.713695033507104	0	0	0	-2.7556545966407	0
1.778	0	-2.718033571785216	0	0	0	-2.758432837721879	0
1.779	0	-2.722373230694716	0	0	0	-2.761186203612545	0
1.78	0	-2.726713771411776	0	0	0	-2.763914669988897	0
1.781	0	-2.731054953988926	0	0	0	-2.766618212467568	0
1.782	0	-2.735396540164983	0	0	0	-2.76929680757464	0
1.783	0	-2.739738291266366	0	0	0	-2.771950432008361	0
1.784	0	-2.744079970708657	0	0	0	-2.774579063521201	0
1.785	0	-2.748421341652789	0	0	0	-2.777182680082026	0
1.786	0	-2.752762168592259	0	0	0	-2.779761260440434	0
1.787	0	-2.757102216509121	0	0	0	-2.782314783813469	0
1.788	0	-2.761441251869703	0	0	0	-2.784843230252283	0
1.789	0	-2.765779041645376	0	0	0	-2.787346580273855	0
1.79	0	-2.770115353850628	0	0	0	-2.7898248150558	0
1.791	0	-2.774449957571743	0	0	0	-2.792277916436752	0
1.792	0	-2.778782623127648	0	0	0	-2.794705866981083	0
1.793	0	-2.783113121912958	0	0	0	-2.79710864991073	0
1.794	0	-2.787441226261123	0	0	0	-2.799486249043465	0
1.795	0	-2.791766709653449	0	0	0	-2.801838648871085	0
1.796	0	-2.796089347204938	0	0	0	-2.80416583473969	0
1.797	0	-2.800408915140384	0	0	0	-2.806467792644377	0
1.798	0	-2.804725190612726	0	0	0	-2.808744509144901	0
1.799	0	-2.809037952659207	0	0	0	-2.810995971741634	0
1.8	0	-2.813346981280576	0	0	0	-2.813222168501955	0
1.801	0	-2.817652057964962	0	0	0	-2.815423088263551	0
1.802	0	-2.821952965727134	0	0	0	-2.817598720642048	0
1.803	0	-2.82624948924791	0	0	0	-2.819749056083201	0
1.804	0	-2.830541413994548	0	0	0	-2.821874085498814	0
1.805	0	-2.834828527989805	0	0	0	-2.823973800978122	0
1.806	0	-2.839110619696269	0	0	0	-2.826048194920628	0
1.807	0	-2.843387480128597	0	0	0	-2.828097260890921	0
1.808	0	-2.847658901194496	0	0	0	-2.830120992933311	0
1.809	0	-2.851924677285366	0	0	0	-2.832119386219228	0
1.81	0	-2.856184603132089	0	0	0	-2.834092436153991	0
1.811	0	-2.860438476703469	0	0	0	-2.83604013957233	0
1.812	0	-2.864686096379214	0	0	0	-2.837962493556279	0
1.813	0	-2.868927263570564	0	0	0	-2.839859496522297	0
1.814	0	-2.873161779713127	0	0	0	-2.841731146952582	0
1.815	0	-2.877389449986987	0	0	0	-2.843577444955959	0
1.816	0	-2.881610079800544	0	0	0	-2.84539839077603	0
1.817	0	-2.885823477812894	0	0	0	-2.847193986065097	0
1.818	0	-2.890029452635459	0	0	0	-2.848964232473221	0
1.819	0	-2.894227816950774	0	0	0	-2.850709133403242	0
1.82	0	-2.898418383562514	0	0	0	-2.852428692310946	0
1.821	0	-2.902600968689661	0	0	0	-2.854122914114176	0
1.822	0	-2.906775388452235	0	0	0	-2.855791803669624	0
1.823	0	-2.910941463295708	0	0	0	-2.857435367685378	0
1.824	0	-2.915099013759502	0	0	0	-2.859053612875456	0
1.825	0	-2.919247863699186	0	0	0	-2.86064654735539	0
1.826	0	-2.923387837404058	0	0	0	-2.862214179380079	0
1.827	0	-2.927518763341553	0	0	0	-2.86375651897892	0
1.828	0	-2.931640469266032	0	0	0	-2.865273575796552	0
1.829	0	-2.935752787754598	0	0	0	-2.866765361532495	0
1.83	0	-2.939855551230939	0	0	0	-2.868231887732964	0
1.831	0	-2.943948595677202	0	0	0	-2.869673167433202	0
1.832	0	-2.948031757612968	0	0	0	-2.871089213802479	0
1.833	0	-2.952104877518473	0	0	0	-2.872480041677119	0
1.834	0	-2.956167796106311	0	0	0	-2.873845665879566	0
1.835	0	-2.960220357999466	0	0	0	-2.875186102865255	0
1.836	0	-2.96426240742883	0	0	0	-2.876501368781979	0
1.837	0	-2.968293793519431	0	0	0	-2.877791481851732	0
1.838	0	-2.972314365563633	0	0	0	-2.879056460227932	0
1.839	0	-2.976323975992172	0	0	0	-2.880296323336177	0
1.84	0	-2.98032247821529	0	0	0	-2.881511090891924	0
1.841	0	-2.984309729691463	0	0	0	-2.882700784292201	0
1.842	0	-2.988285587270658	0	0	0	-2.883865424486549	0
1.843	0	-2.992249912660363	0	0	0	-2.885005034473481	0
1.844	0	-2.996202567932409	0	0	0	-2.886119637238026	0
1.845	0	-3.000143418271702	0	0	0	-2.887209257010188	0
1.846	0	-3.004072329737513	0	0	0	-2.888273918230774	0
1.847	0	-3.007989172151959	0	0	0	-2.889313646881407	0
1.848	0	-3.011893816263215	0	0	0	-2.890328469169805	0
1.849	0	-3.015786135675275	0	0	0	-2.891318412420868	0
1.85	0	-3.019666005063793	0	0	0	-2.892283504245859	0
1.851	0	-3.02353330262449	0	0	0	-2.893223773677637	0
1.852	0	-3.027387907795879	0	0	0	-2.894139250107327	0
1.853	0	-3.031229702457649	0	0	0	-2.895029963842774	0
1.854	0	-3.035058569986843	0	0	0	-2.895895945663852	0
1.855	0	-3.038874396907516	0	0	0	-2.896737227592348	0
1.856	0	-3.042677071226522	0	0	0	-2.897553842108516	0
1.857	0	-3.04646648306794	0	0	0	-2.898345822451523	0
1.858	0	-3.050242524734042	0	0	0	-2.899113202642247	0
1.859	0	-3.05400509081454	0	0	0	-2.89985601753386	0
1.86	0	-3.057754077544387	0	0	0	-2.900574302509191	0
1.861	0	-3.06148938373438	0	0	0	-2.90126809391622	0
1.862	0	-3.065210910152425	0	0	0	-2.901937428777634	0
1.863	0	-3.068918559203769	0	0	0	-2.90258234463189	0
1.864	0	-3.07261223605872	0	0	0	-2.903202880076668	0
1.865	0	-3.076291847417477	0	0	0	-2.903799074173222	0
1.866	0	-3.079957302525839	0	0	0	-2.904370966932735	0
1.867	0	-3.083608511837688	0	0	0	-2.904918598672841	0
1.868	0	-3.087245388910363	0	0	0	-2.905442010931066	0
1.869	0	-3.09086784843633	0	0	0	-2.90594124551694	0
1.87	0	-3.094475808031114	0	0	0	-2.906416345363562	0
1.871	0	-3.098069186070452	0	0	0	-2.906867353503366	0
1.872	0	-3.101647904522933	0	0	0	-2.907294314412102	0
1.873	0	-3.105211885613961	0	0	0	-2.907697272419335	0
1.874	0	-3.108761055230596	0	0	0	-2.908076273334179	0
1.875	0	-3.112295339901728	0	0	0	-2.908431363001606	0
1.876	0	-3.115814669239444	0	0	0	-2.908762588471924	0
1.877	0	-3.1193189734423	0	0	0	-2.909069996797616	0
1.878	0	-3.122808186410571	0	0	0	-2.909353636540361	0
1.879	0	-3.126282242259584	0	0	0	-2.909613556088913	0
1.88	0	-3.129741078720363	0	0	0	-2.909849805289646	0
1.881	0	-3.133184633435387	0	0	0	-2.9100624336781	0
1.882	0	-3.13661284834238	0	0	0	-2.910251492574652	0
1.883	0	-3.140025664644908	0	0	0	-2.910417032676298	0
1.884	0	-3.143423028319052	0	0	0	-2.910559106696754	0
1.885	0	-3.146804884049064	0	0	0	-2.910677766458894	0
1.886	0	-3.150171181862258	0	0	0	-2.910773066077449	0
1.887	0	-3.153521869988353	0	0	0	-2.910845058533795	0
1.888	0	-3.15685690181471	0	0	0	-2.910893799014461	0
1.889	0	-3.160176230220268	0	0	0	-2.910919342191798	0
1.89	0	-3.163479811344398	0	0	0	-2.910921744033986	0
1.891	0	-3.166767601755367	0	0	0	-2.910901060443015	0
1.892	0	-3.170039561593378	0	0	0	-2.910857348771835	0
1.893	0	-3.173295651040148	0	0	0	-2.910790666123118	0
1.894	0	-3.176535833623572	0	0	0	-2.910701070937503	0
1.895	0	-3.17976007284536	0	0	0	-2.910588621378329	0
1.896	0	-3.182968336054798	0	0	0	-2.910453377188306	0
1.897	0	-3.186160590157872	0	0	0	-2.910295397632925	0
1.898	0	-3.189336805954382	0	0	0	-2.910114743580557	0
1.899	0	-3.192496953832521	0	0	0	-2.909911475439083	0
1.9	0	-3.195641007955001	0	0	0	-2.909685655162567	0
1.901	0	-3.198768942181311	0	0	0	-2.90943734429816	0
1.902	0	-3.201880733951358	0	0	0	-2.909166605846551	0
1.903	0	-3.204976360586381	0	0	0	-2.908873502491474	0
1.904	0	-3.208055802725915	0	0	0	-2.908558098244903	0
1.905	0	-3.211119041170101	0	0	0	-2.908220456937134	0
1.906	0	-3.214166059379809	0	0	0	-2.907860643412728	0
1.907	0	-3.217196842190223	0	0	0	-2.907478722913906	0
1.908	0	-3.220211375613775	0	0	0	-2.907074760990351	0
1.909	0	-3.223209647798603	0	0	0	-2.9066488239551	0
1.91	0	-3.226191648132606	0	0	0	-2.906200978456598	0
1.911	0	-3.229157367965664	0	0	0	-2.90573129182486	0
1.912	0	-3.232106799408076	0	0	0	-2.905239831494594	0
1.913	0	-3.235039937175534	0	0	0	-2.904726665892498	0
1.914	0	-3.237956776527681	0	0	0	-2.904191863448791	0
1.915	0	-3.240857315333745	0	0	0	-2.90363549357933	0
1.916	0	-3.243741551449682	0	0	0	-2.903057625444511	0
1.917	0	-3.246609485766617	0	0	0	-2.902458329393034	0
1.918	0	-3.249461119605739	0	0	0	-2.901837675726921	0
1.919	0	-3.252296456613206	0	0	0	-2.901195735593951	0
1.92	0	-3.255115500668655	0	0	0	-2.900532580008121	0
1.921	0	-3.257918258801862	0	0	0	-2.899848281217702	0
1.922	0	-3.260704737421078	0	0	0	-2.89914291092998	0
1.923	0	-3.263474946360179	0	0	0	-2.898416542216702	0
1.924	0	-3.266228895253664	0	0	0	-2.897669247807547	0
1.925	0	-3.268966596602272	0	0	0	-2.896901101527595	0
1.926	0	-3.271688062358575	0	0	0	-2.896112176698161	0
1.927	0	-3.27439330805952	0	0	0	-2.895302548071883	0
1.928	0	-3.277082348689369	0	0	0	-2.894472289893841	0
1.929	0	-3.279755202296227	0	0	0	-2.893621477589538	0
1.93	0	-3.282411886047583	0	0	0	-2.892750185926498	0
1.931	0	-3.285052420925692	0	0	0	-2.891858491200948	0
1.932	0	-3.287676827209518	0	0	0	-2.890946469131821	0
1.933	0	-3.290285128111137	0	0	0	-2.890014196548044	0
1.934	0	-3.292877345943735	0	0	0	-2.889061749612963	0
1.935	0	-3.29545350684271	0	0	0	-2.888089206009813	0
1.936	0	-3.298013636206758	0	0	0	-2.887096642828624	0
1.937	0	-3.300557762019528	0	0	0	-2.886084138097456	0
1.938	0	-3.303085911970367	0	0	0	-2.885051769459551	0
1.939	0	-3.305598117069201	0	0	0	-2.883999615828313	0
1.94	0	-3.308094406893019	0	0	0	-2.882927755206492	0
1.941	0	-3.310574814884944	0	0	0	-2.881836267111622	0
1.942	0	-3.313039373532027	0	0	0	-2.880725230367616	0
1.943	0	-3.315488117921149	0	0	0	-2.879594724726863	0
1.944	0	-3.317921082929569	0	0	0	-2.878444829587294	0
1.945	0	-3.320338306170736	0	0	0	-2.877275625331288	0
1.946	0	-3.32273982490412	0	0	0	-2.876087191918765	0
1.947	0	-3.325125678524537	0	0	0	-2.874879610012978	0
1.948	0	-3.327495906490636	0	0	0	-2.873652960043086	0
1.949	0	-3.329850550592837	0	0	0	-2.872407323223295	0
1.95	0	-3.332189652650459	0	0	0	-2.871142780513569	0
1.951	0	-3.334513256048095	0	0	0	-2.869859413305926	0
1.952	0	-3.336821404723612	0	0	0	-2.868557302972897	0
1.953	0	-3.33911414436988	0	0	0	-2.867236531397209	0
1.954	0	-3.341391521058497	0	0	0	-2.865897180354793	0
1.955	0	-3.343653582207391	0	0	0	-2.864539331946605	0
1.956	0	-3.345900375808043	0	0	0	-2.863163068249159	0
1.957	0	-3.348131951380512	0	0	0	-2.861768471735456	0
1.958	0	-3.350348358800873	0	0	0	-2.860355624753714	0
1.959	0	-3.352549649428031	0	0	0	-2.858924610021137	0
1.96	0	-3.354735875031311	0	0	0	-2.857475510148483	0
1.961	0	-3.356907088774569	0	0	0	-2.856008408069563	0
1.962	0	-3.359063344412891	0	0	0	-2.854523386685018	0
1.963	0	-3.361204696373326	0	0	0	-2.853020528895351	0
1.964	0	-3.363331200715377	0	0	0	-2.85149991801328	0
1.965	0	-3.365442913471995	0	0	0	-2.849961637045841	0
1.966	0	-3.367539892178923	0	0	0	-2.848405769345621	0
1.967	0	-3.369622194426952	0	0	0	-2.846832397987411	0
1.968	0	-3.371689879842435	0	0	0	-2.845241606611439	0
1.969	0	-3.373743007537585	0	0	0	-2.84363347833564	0
1.97	0	-3.375781638322922	0	0	0	-2.842008096688224	0
1.971	0	-3.37780583298198	0	0	0	-2.840365544871938	0
1.972	0	-3.379815654282376	0	0	0	-2.838705906614782	0
1.973	0	-3.38181116404568	0	0	0	-2.837029264929633	0
1.974	0	-3.383792426467305	0	0	0	-2.835335703503547	0
1.975	0	-3.385759505236811	0	0	0	-2.833625305490628	0
1.976	0	-3.387712465861995	0	0	0	-2.831898154471156	0
1.977	0	-3.389651372946953	0	0	0	-2.830154333326643	0
1.978	0	-3.391576293603216	0	0	0	-2.828393925642407	0
1.979	0	-3.393487294153473	0	0	0	-2.826617014344772	0
1.98	0	-3.395384442828651	0	0	0	-2.824823682799826	0
1.981	0	-3.397267806703509	0	0	0	-2.823014013566036	0
1.982	0	-3.399137455529015	0	0	0	-2.821188089947033	0
1.983	0	-3.4009934581572	0	0	0	-2.81934599453543	0
1.984	0	-3.402835885032875	0	0	0	-2.817487810210476	0
1.985	0	-3.404664805974996	0	0	0	-2.815613619256327	0
1.986	0	-3.40648029307392	0	0	0	-2.813723504503094	0
1.987	0	-3.408282416830779	0	0	0	-2.811817547793116	0
1.988	0	-3.410071250480791	0	0	0	-2.809895831688613	0
1.989	0	-3.411846866015888	0	0	0	-2.807958437896636	0
1.99	0	-3.413609337217675	0	0	0	-2.806005448459473	0
1.991	0	-3.415358737026232	0	0	0	-2.80403694471546	0
1.992	0	-3.417095140524813	0	0	0	-2.802053008467061	0
1.993	0	-3.418818621681028	0	0	0	-2.800053720704269	0
1.994	0	-3.420529256177431	0	0	0	-2.798039162697707	0
1.995	0	-3.42222711876008	0	0	0	-2.796009414972219	0
1.996	0	-3.423912286295478	0	0	0	-2.793964558478335	0
1.997	0	-3.425584834474217	0	0	0	-2.791904673327822	0
1.998	0	-3.427244840786886	0	0	0	-2.78982983991572	0
1.999	0	-3.428892381490585	0	0	0	-2.787740137780997	0
2	0	-3.430527535211097	0	0	0	-2.785635646944094	0
2.001	0	-3.43215037869003	0	0	0	-2.783516446324494	0
2.002	0	-3.43376099147142	0	0	0	-2.781382615468081	0
2.003	0	-3.435359450760228	0	0	0	-2.779234232654193	0
2.004	0	-3.436945836840305	0	0	0	-2.777071376871968	0
2.005	0	-3.438520228004513	0	0	0	-2.774894125972148	0
2.006	0	-3.440082704190288	0	0	0	-2.772702557979367	0
2.007	0	-3.44163334493188	0	0	0	-2.770496750352847	0
2.008	0	-3.44317223084219	0	0	0	-2.768276780509832	0
2.009	0	-3.444699441784734	0	0	0	-2.766042725173371	0
2.01	0	-3.446215058555533	0	0	0	-2.763794660962676	0
2.011	0	-3.447719161862524	0	0	0	-2.761532664033241	0
2.012	0	-3.449211833179487	0	0	0	-2.759256810368476	0
2.013	0	-3.45069315341338	0	0	0	-2.756967175314543	0
2.014	0	-3.452163204087102	0	0	0	-2.754663833983158	0
2.015	0	-3.45362206692309	0	0	0	-2.752346861111033	0
2.016	0	-3.455069824086215	0	0	0	-2.750016331133947	0
2.017	0	-3.456506557250294	0	0	0	-2.74767231786934	0
2.018	0	-3.45793234864651	0	0	0	-2.745314894859237	0
2.019	0	-3.45934728072839	0	0	0	-2.742944135271462	0
2.02	0	-3.460751435946786	0	0	0	-2.740560111804894	0
2.021	0	-3.462144896845197	0	0	0	-2.738162896724731	0
2.022	0	-3.463527746303878	0	0	0	-2.735752561939164	0
2.023	0	-3.464900066880719	0	0	0	-2.733329178782404	0
2.024	0	-3.466261941649345	0	0	0	-2.730892818282078	0
2.025	0	-3.46761345375843	0	0	0	-2.728443551008506	0
2.026	0	-3.468954685965055	0	0	0	-2.725981446936738	0
2.027	0	-3.470285721591841	0	0	0	-2.723506575736392	0
2.028	0	-3.471606643729355	0	0	0	-2.721019006521757	0
2.029	0	-3.472917535910476	0	0	0	-2.718518808050933	0
2.03	0	-3.474218480930623	0	0	0	-2.716006048375908	0
2.031	0	-3.475509562393697	0	0	0	-2.713480795300522	0
2.032	0	-3.476790863461658	0	0	0	-2.710943116002849	0
2.033	0	-3.478062467713427	0	0	0	-2.708393077280023	0
2.034	0	-3.479324458021986	0	0	0	-2.70583074523579	0
2.035	0	-3.480576918202634	0	0	0	-2.70325618573829	0
2.036	0	-3.481819930974824	0	0	0	-2.700669463840863	0
2.037	0	-3.483053580100631	0	0	0	-2.698070644386541	0
2.038	0	-3.484277948374429	0	0	0	-2.695459791438162	0
2.039	0	-3.485493119393512	0	0	0	-2.692836968772916	0
2.04	0	-3.486699175666888	0	0	0	-2.690202239350858	0
2.041	0	-3.48789620091727	0	0	0	-2.687555665955554	0
2.042	0	-3.489084277559324	0	0	0	-2.684897310496226	0
2.043	0	-3.490263489024104	0	0	0	-2.68222723463652	0
2.044	0	-3.491433917423616	0	0	0	-2.679545499166439	0
2.045	0	-3.492595646236107	0	0	0	-2.676852164716418	0
2.046	0	-3.493748757499556	0	0	0	-2.674147291015577	0
2.047	0	-3.494893334223046	0	0	0	-2.671430937516645	0
2.048	0	-3.496029458120628	0	0	0	-2.668703162811031	0
2.049	0	-3.497157212225051	0	0	0	-2.665964025296383	0
2.05	0	-3.498276678043116	0	0	0	-2.663213582458211	0
2.051	0	-3.499387938246135	0	0	0	-2.660451891527589	0
2.052	0	-3.50049107387323	0	0	0	-2.657679008813085	0
2.053	0	-3.501586167558048	0	0	0	-2.654894990460089	0
2.054	0	-3.502673299909603	0	0	0	-2.652099891602739	0
2.055	0	-3.50375255332605	0	0	0	-2.649293767245446	0
2.056	0	-3.504824008010835	0	0	0	-2.646476671351906	0
2.057	0	-3.505887746094553	0	0	0	-2.64364865777267	0
2.058	0	-3.506943847367926	0	0	0	-2.640809779296245	0
2.059	0	-3.507992393651469	0	0	0	-2.637960088605192	0
2.06	0	-3.509033464325491	0	0	0	-2.635099637310466	0
2.061	0	-3.51006714075091	0	0	0	-2.632228476891572	0
2.062	0	-3.511093502348402	0	0	0	-2.629346657871679	0
2.063	0	-3.512112629323203	0	0	0	-2.626454230382274	0
2.064	0	-3.513124601201411	0	0	0	-2.623551243865142	0
2.065	0	-3.514129497798574	0	0	0	-2.620637747263824	0
2.066	0	-3.515127398082909	0	0	0	-2.617713788799008	0
2.067	0	-3.516118381197189	0	0	0	-2.614779416167367	0
2.068	0	-3.517102525939514	0	0	0	-2.611834676442959	0
2.069	0	-3.518079911079463	0	0	0	-2.608879616135474	0
2.07	0	-3.519050614808422	0	0	0	-2.605914281086849	0
2.071	0	-3.520014715174717	0	0	0	-2.602938716550815	0
2.072	0	-3.520972290227466	0	0	0	-2.599952967220139	0
2.073	0	-3.521923417601818	0	0	0	-2.596957077154787	0
2.074	0	-3.522868174609432	0	0	0	-2.593951089793101	0
2.075	0	-3.52380663825602	0	0	0	-2.590935047954141	0
2.076	0	-3.524738885688302	0	0	0	-2.587908993919556	0
2.077	0	-3.52566499329612	0	0	0	-2.584872969282025	0
2.078	0	-3.526585037487158	0	0	0	-2.581827015069312	0
2.079	0	-3.527499094323553	0	0	0	-2.578771171689989	0
2.08	0	-3.528407239846233	0	0	0	-2.575705478971818	0
2.081	0	-3.529309549209356	0	0	0	-2.572629976055092	0
2.082	0	-3.530206097946627	0	0	0	-2.569544701560531	0
2.083	0	-3.531096960931028	0	0	0	-2.566449693447774	0
2.084	0	-3.531982213095535	0	0	0	-2.563344989102423	0
2.085	0	-3.532861928519954	0	0	0	-2.560230625243481	0
2.086	0	-3.533736181767087	0	0	0	-2.557106638065379	0
2.087	0	-3.534605046226923	0	0	0	-2.55397306305469	0
2.088	0	-3.535468595995821	0	0	0	-2.550829935198771	0
2.089	0	-3.536326903930719	0	0	0	-2.547677288777898	0
2.09	0	-3.537180043379606	0	0	0	-2.544515157545719	0
2.091	0	-3.538028086597576	0	0	0	-2.541343574567917	0
2.092	0	-3.538871106590378	0	0	0	-2.538162572404238	0
2.093	0	-3.539709181956852	0	0	0	-2.534972212282049	0
2.094	0	-3.540542396447074	0	0	0	-2.53177269679648	0
2.095	0	-3.541370818891916	0	0	0	-2.528564276022863	0
2.096	0	-3.542194522654098	0	0	0	-2.525347226595902	0
2.097	0	-3.543013581651801	0	0	0	-2.522121847292646	0
2.098	0	-3.543828069316791	0	0	0	-2.51888845628889	0
2.099	0	-3.544638056583203	0	0	0	-2.515647397662231	0
2.1	0	-3.545443614187989	0	0	0	-2.512399051033986	0
2.101	0	-3.54624481031853	0	0	0	-2.509143845349362	0
2.102	0	-3.547041708804418	0	0	0	-2.505882018006092	0
2.103	0	-3.547834339098492	0	0	0	-2.502611582458445	0
2.104	0	-3.548622762164384	0	0	0	-2.499332066991425	0
2.105	0	-3.549407047544094	0	0	0	-2.49604349809623	0
2.106	0	-3.550187263167516	0	0	0	-2.49274590026824	0
2.107	0	-3.550963476962368	0	0	0	-2.489439297139505	0
2.108	0	-3.551735756097012	0	0	0	-2.486123711779261	0
2.109	0	-3.552504167964526	0	0	0	-2.482799166668312	0
2.11	0	-3.553268779135637	0	0	0	-2.479465683697483	0
2.111	0	-3.554029656441219	0	0	0	-2.476123284182177	0
2.112	0	-3.554786865777171	0	0	0	-2.472771988849966	0
2.113	0	-3.555540473444768	0	0	0	-2.469411817851479	0
2.114	0	-3.556290544662943	0	0	0	-2.466042790757342	0
2.115	0	-3.5570371452067	0	0	0	-2.462664926557328	0
2.116	0	-3.557780339617827	0	0	0	-2.45927824367186	0
2.117	0	-3.558520193147404	0	0	0	-2.455882759933899	0
2.118	0	-3.559256769662128	0	0	0	-2.452478492620551	0
2.119	0	-3.559990133890081	0	0	0	-2.449065458412131	0
2.12	0	-3.560720349027567	0	0	0	-2.44564367344939	0
2.121	0	-3.561447479278682	0	0	0	-2.442213153264345	0
2.122	0	-3.56217158717716	0	0	0	-2.438773912868286	0
2.123	0	-3.56289273639965	0	0	0	-2.435325966649555	0
2.124	0	-3.563610988828828	0	0	0	-2.431869328496677	0
2.125	0	-3.564326407607314	0	0	0	-2.428404011659345	0
2.126	0	-3.565039053982579	0	0	0	-2.424930028909626	0
2.127	0	-3.565748990552764	0	0	0	-2.42144739236415	0
2.128	0	-3.566456277951094	0	0	0	-2.417956113684232	0
2.129	0	-3.567160978216047	0	0	0	-2.414456203859805	0
2.13	0	-3.567863151393559	0	0	0	-2.41094767344625	0
2.131	0	-3.568562858941547	0	0	0	-2.407430532314204	0
2.132	0	-3.56926016035261	0	0	0	-2.403904789916749	0
2.133	0	-3.569955116476521	0	0	0	-2.400370455013976	0
2.134	0	-3.570647786292746	0	0	0	-2.396827535958861	0
2.135	0	-3.571338229952732	0	0	0	-2.393276040417373	0
2.136	0	-3.572026506232971	0	0	0	-2.389715975615299	0
2.137	0	-3.57271267416635	0	0	0	-2.386147348176484	0
2.138	0	-3.573396792366724	0	0	0	-2.382570164196264	0
2.139	0	-3.574078919312592	0	0	0	-2.378984429211003	0
2.14	0	-3.57475911297216	0	0	0	-2.375390148240694	0
2.141	0	-3.575437431125215	0	0	0	-2.37178732575495	0
2.142	0	-3.576113931416559	0	0	0	-2.368175965666344	0
2.143	0	-3.576788671119053	0	0	0	-2.364556071365668	0
2.144	0	-3.577461707216986	0	0	0	-2.360927645706927	0
2.145	0	-3.578133096307161	0	0	0	-2.357290691026385	0
2.146	0	-3.57880289511107	0	0	0	-2.353645209068177	0
2.147	0	-3.579471159714467	0	0	0	-2.349991201105992	0
2.148	0	-3.580137946113189	0	0	0	-2.346328667850986	0
2.149	0	-3.580803309850615	0	0	0	-2.342657609513189	0
2.15	0	-3.581467306623978	0	0	0	-2.338978025710608	0
2.151	0	-3.582129991326829	0	0	0	-2.335289915628421	0
2.152	0	-3.582791419217659	0	0	0	-2.331593277809643	0
2.153	0	-3.583451644624915	0	0	0	-2.32788811040448	0
2.154	0	-3.584110722266435	0	0	0	-2.324174410913465	0
2.155	0	-3.584768706091864	0	0	0	-2.320452176421019	0
2.156	0	-3.585425650372374	0	0	0	-2.316721403367683	0
2.157	0	-3.586081608323196	0	0	0	-2.31298208785169	0
2.158	0	-3.58673663385139	0	0	0	-2.309234225249672	0
2.159	0	-3.587390779835368	0	0	0	-2.305477810595842	0
2.16	0	-3.588044099668524	0	0	0	-2.301712838230943	0
2.161	0	-3.588696645506693	0	0	0	-2.297939302220139	0
2.162	0	-3.589348470399736	0	0	0	-2.29415719584556	0
2.163	0	-3.589999626288169	0	0	0	-2.290366512089759	0
2.164	0	-3.590650165631047	0	0	0	-2.286567243230477	0
2.165	0	-3.591300139623197	0	0	0	-2.282759381305353	0
2.166	0	-3.591949600452366	0	0	0	-2.278942917526289	0
2.167	0	-3.592598599181903	0	0	0	-2.275117842834196	0
2.168	0	-3.59324718725627	0	0	0	-2.27128414749159	0
2.169	0	-3.593895415206015	0	0	0	-2.267441821458262	0
2.17	0	-3.594543334328381	0	0	0	-2.263590853900985	0
2.171	0	-3.595190994429857	0	0	0	-2.259731233857766	0
2.172	0	-3.595838446633214	0	0	0	-2.255862949404003	0
2.173	0	-3.596485740386917	0	0	0	-2.251985988559225	0
2.174	0	-3.59713292598961	0	0	0	-2.248100338514166	0
2.175	0	-3.597780052741591	0	0	0	-2.244205986207509	0
2.176	0	-3.59842717074347	0	0	0	-2.240302917751858	0
2.177	0	-3.599074328708399	0	0	0	-2.236391119153488	0
2.178	0	-3.599721576105461	0	0	0	-2.232470575601117	0
2.179	0	-3.600368961444503	0	0	0	-2.228541272045154	0
2.18	0	-3.601016534098878	0	0	0	-2.224603192569083	0
2.181	0	-3.601664341991071	0	0	0	-2.220656321208307	0
2.182	0	-3.602312433768173	0	0	0	-2.216700641173933	0
2.183	0	-3.602960857369998	0	0	0	-2.212736135373506	0
2.184	0	-3.603609661130068	0	0	0	-2.208762786005282	0
2.185	0	-3.60425889233821	0	0	0	-2.204780575099681	0
2.186	0	-3.60490859928664	0	0	0	-2.200789483742069	0
2.187	0	-3.605558828661423	0	0	0	-2.196789493081454	0
2.188	0	-3.606209628313909	0	0	0	-2.192780583251391	0
2.189	0	-3.606861045076061	0	0	0	-2.188762734228042	0
2.19	0	-3.607513126111537	0	0	0	-2.184735925298886	0
2.191	0	-3.608165917788184	0	0	0	-2.180700135521607	0
2.192	0	-3.608819467101025	0	0	0	-2.176655343136081	0
2.193	0	-3.609473820318777	0	0	0	-2.172601526128825	0
2.194	0	-3.610129023906464	0	0	0	-2.168538661851776	0
2.195	0	-3.610785123613193	0	0	0	-2.164466727415001	0
2.196	0	-3.611442165779685	0	0	0	-2.160385699113767	0
2.197	0	-3.612100196112537	0	0	0	-2.156295552967443	0
2.198	0	-3.612759260320618	0	0	0	-2.152196264453753	0
2.199	0	-3.61341940382861	0	0	0	-2.148087808624446	0
2.2	0	-3.614080672210166	0	0	0	-2.143970159913239	0
2.201	0	-3.614743110432826	0	0	0	-2.139843292493095	0
2.202	0	-3.615406763931508	0	0	0	-2.135707179764806	0
2.203	0	-3.616071677451935	0	0	0	-2.131561794917119	0
2.204	0	-3.616737895825178	0	0	0	-2.127407110551571	0
2.205	0	-3.617405463825855	0	0	0	-2.123243098754936	0
2.206	0	-3.618074426041717	0	0	0	-2.119069731167672	0
2.207	0	-3.618744826856736	0	0	0	-2.114886978990012	0
2.208	0	-3.619416710490328	0	0	0	-2.110694812968513	0
2.209	0	-3.620090121285342	0	0	0	-2.106493203246567	0
2.21	0	-3.620765103269414	0	0	0	-2.102282119601893	0
2.211	0	-3.621441700350716	0	0	0	-2.098061531337763	0
2.212	0	-3.622119956267156	0	0	0	-2.093831407314188	0
2.213	0	-3.622799914897297	0	0	0	-2.08959171578872	0
2.214	0	-3.623481619649461	0	0	0	-2.085342424749216	0
2.215	0	-3.624165114193095	0	0	0	-2.081083501504381	0
2.216	0	-3.624850441706625	0	0	0	-2.076814913123549	0
2.217	0	-3.625537645568606	0	0	0	-2.072536626033066	0
2.218	0	-3.626226768827565	0	0	0	-2.068248606334584	0
2.219	0	-3.626917854744157	0	0	0	-2.063950819476733	0
2.22	0	-3.627610945913299	0	0	0	-2.059643230800812	0
2.221	0	-3.628306085470061	0	0	0	-2.055325804801867	0
2.222	0	-3.629003315949904	0	0	0	-2.050998505833781	0
2.223	0	-3.62970268027657	0	0	0	-2.046661297492445	0
2.224	0	-3.630404220555163	0	0	0	-2.042314143393167	0
2.225	0	-3.631107979594045	0	0	0	-2.037957006197608	0
2.226	0	-3.631813999540868	0	0	0	-2.033589848494076	0
2.227	0	-3.632522322865372	0	0	0	-2.029212632157486	0
2.228	0	-3.633232991406168	0	0	0	-2.024825318997826	0
2.229	0	-3.633946047652007	0	0	0	-2.020427869892909	0
2.23	0	-3.634661533114075	0	0	0	-2.016020245901257	0
2.231	0	-3.63537949013178	0	0	0	-2.011602407031702	0
2.232	0	-3.636099960171626	0	0	0	-2.00717431341969	0
2.233	0	-3.636822985260987	0	0	0	-2.002735924336576	0
2.234	0	-3.63754860663995	0	0	0	-1.998287199140348	0
2.235	0	-3.638276866310421	0	0	0	-1.993828096184823	0
2.236	0	-3.639007805365117	0	0	0	-1.989358574018909	0
2.237	0	-3.639741465521054	0	0	0	-1.984878590285147	0
2.238	0	-3.64047788764955	0	0	0	-1.980388102800785	0
2.239	0	-3.641217113435025	0	0	0	-1.975887068338937	0
2.24	0	-3.641959183663444	0	0	0	-1.971375443909601	0
2.241	0	-3.642704139664018	0	0	0	-1.966853185683066	0
2.242	0	-3.643452022026857	0	0	0	-1.962320249974442	0
2.243	0	-3.644202872065791	0	0	0	-1.95777659212364	0
2.244	0	-3.644956730234679	0	0	0	-1.953222167732552	0
2.245	0	-3.645713637604078	0	0	0	-1.948656931517488	0
2.246	0	-3.646473634369502	0	0	0	-1.944080838498768	0
2.247	0	-3.647236761558845	0	0	0	-1.939493842644078	0
2.248	0	-3.648003059156395	0	0	0	-1.93489589839152	0
2.249	0	-3.648772568016334	0	0	0	-1.930286959101345	0
2.25	0	-3.649545327957022	0	0	0	-1.925666978631746	0
2.251	0	-3.650321379635384	0	0	0	-1.921035909795733	0
2.252	0	-3.651100762716842	0	0	0	-1.916393705902508	0
2.253	0	-3.651883517636793	0	0	0	-1.911740319283073	0
2.254	0	-3.652669683916267	0	0	0	-1.907075702735172	0
2.255	0	-3.653459301744475	0	0	0	-1.902399808178112	0
2.256	0	-3.654252410500574	0	0	0	-1.897712587944361	0
2.257	0	-3.655049050088188	0	0	0	-1.893013993630143	0
2.258	0	-3.655849259869072	0	0	0	-1.888303977043491	0
2.259	0	-3.656653079205451	0	0	0	-1.883582489745312	0
2.26	0	-3.657460547506421	0	0	0	-1.878849483015494	0
2.261	0	-3.658271703869649	0	0	0	-1.87410490819865	0
2.262	0	-3.659086587390714	0	0	0	-1.86934871643183	0
2.263	0	-3.6599052368382	0	0	0	-1.864580858970908	0
2.264	0	-3.660727691232369	0	0	0	-1.859801286660698	0
2.265	0	-3.661553989057859	0	0	0	-1.85500995069969	0
2.266	0	-3.662384168930116	0	0	0	-1.850206802022483	0
2.267	0	-3.66321826899862	0	0	0	-1.845391791900163	0
2.268	0	-3.664056327793735	0	0	0	-1.840564871133859	0
2.269	0	-3.664898383105464	0	0	0	-1.835725991174304	0
2.27	0	-3.665744472941153	0	0	0	-1.830875103201326	0
2.271	0	-3.666594634813573	0	0	0	-1.826012158862322	0
2.272	0	-3.667448906506794	0	0	0	-1.8211371095181	0
2.273	0	-3.668307324996976	0	0	0	-1.816249907366165	0
2.274	0	-3.669169927789656	0	0	0	-1.811350504104787	0
2.275	0	-3.670036751334965	0	0	0	-1.806438852588019	0
2.276	0	-3.67090783266841	0	0	0	-1.801514905158063	0
2.277	0	-3.671783207944138	0	0	0	-1.796578615201026	0
2.278	0	-3.672662913666459	0	0	0	-1.791629935891491	0
2.279	0	-3.673546985286605	0	0	0	-1.786668821706715	0
2.28	0	-3.674435458895466	0	0	0	-1.781695226654691	0
2.281	0	-3.675328369518741	0	0	0	-1.776709106139972	0
2.282	0	-3.676225752580123	0	0	0	-1.771710415424116	0
2.283	0	-3.677127642265125	0	0	0	-1.766699111443471	0
2.284	0	-3.67803407347142	0	0	0	-1.761675150702568	0
2.285	0	-3.6789450799302	0	0	0	-1.756638491394377	0
2.286	0	-3.679860695658663	0	0	0	-1.751589091833945	0
2.287	0	-3.680780953370168	0	0	0	-1.74652691228192	0
2.288	0	-3.68170588646651	0	0	0	-1.741451912726268	0
2.289	0	-3.682635527105657	0	0	0	-1.736364055137803	0
2.29	0	-3.683569907502545	0	0	0	-1.731263302044214	0
2.291	0	-3.684509058821432	0	0	0	-1.72614961782602	0
2.292	0	-3.685453012569403	0	0	0	-1.721022967170527	0
2.293	0	-3.686401798659591	0	0	0	-1.715883317391638	0
2.294	0	-3.68735544757599	0	0	0	-1.710730635922562	0
2.295	0	-3.688313988320039	0	0	0	-1.705564892817117	0
2.296	0	-3.689277449934134	0	0	0	-1.700386058981932	0
2.297	0	-3.690245860208107	0	0	0	-1.69519410781245	0
2.298	0	-3.691219247015194	0	0	0	-1.689989013597866	0
2.299	0	-3.692197636833966	0	0	0	-1.684770753417381	0
2.3	0	-3.693181055948422	0	0	0	-1.679539305719079	0
2.301	0	-3.694169529347416	0	0	0	-1.674294651759288	0
2.302	0	-3.69516308186828	0	0	0	-1.669036774218417	0
2.303	0	-3.696161736973016	0	0	0	-1.663765658825216	0
2.304	0	-3.697165517578049	0	0	0	-1.658481293378948	0
2.305	0	-3.698174445392132	0	0	0	-1.653183668653568	0
2.306	0	-3.699188541598577	0	0	0	-1.647872777588269	0
2.307	0	-3.700207826010502	0	0	0	-1.642548616467865	0
2.308	0	-3.701232317700748	0	0	0	-1.637211184161211	0
2.309	0	-3.702262034362322	0	0	0	-1.631860483036616	0
2.31	0	-3.703296992942038	0	0	0	-1.626496518202754	0
2.311	0	-3.704337208881553	0	0	0	-1.621119298582774	0
2.312	0	-3.705382696721056	0	0	0	-1.61572883618695	0
2.313	0	-3.706433469513481	0	0	0	-1.610325146966203	0
2.314	0	-3.707489539195544	0	0	0	-1.604908250389322	0
2.315	0	-3.708550916263816	0	0	0	-1.599478169946464	0
2.316	0	-3.709617609848415	0	0	0	-1.594034933127222	0
2.317	0	-3.71068962770297	0	0	0	-1.588578571493414	0
2.318	0	-3.711766976009566	0	0	0	-1.583109121020529	0
2.319	0	-3.712849659562503	0	0	0	-1.577626621898481	0
2.32	0	-3.713937681282516	0	0	0	-1.572131119300039	0
2.321	0	-3.715031042994477	0	0	0	-1.566622662304065	0
2.322	0	-3.716129744261038	0	0	0	-1.561101305621381	0
2.323	0	-3.717233783421104	0	0	0	-1.555567108173703	0
2.324	0	-3.718343156661317	0	0	0	-1.550020134450038	0
2.325	0	-3.719457858866873	0	0	0	-1.544460453385672	0
2.326	0	-3.720577882457361	0	0	0	-1.538888139972657	0
2.327	0	-3.72170321862083	0	0	0	-1.533303273586346	0
2.328	0	-3.722833855961707	0	0	0	-1.527705939994181	0
2.329	0	-3.723969781936928	0	0	0	-1.522096229188489	0
2.33	0	-3.725110981136031	0	0	0	-1.516474238025234	0
2.331	0	-3.726257437037161	0	0	0	-1.510840067565168	0
2.332	0	-3.727409130179947	0	0	0	-1.505193825848625	0
2.333	0	-3.728566039951049	0	0	0	-1.499535625165872	0
2.334	0	-3.729728142752642	0	0	0	-1.493865584853479	0
2.335	0	-3.73089541377729	0	0	0	-1.488183828536668	0
2.336	0	-3.732067825240164	0	0	0	-1.482490486843779	0
2.337	0	-3.733245348065708	0	0	0	-1.476785694741909	0
2.338	0	-3.734427950260172	0	0	0	-1.471069594047441	0
2.339	0	-3.735615598436493	0	0	0	-1.465342330974441	0
2.34	0	-3.736808256399058	0	0	0	-1.459604058323104	0
2.341	0	-3.738005886437877	0	0	0	-1.453854933357397	0
2.342	0	-3.739208448189758	0	0	0	-1.448095119562458	0
2.343	0	-3.740415899648089	0	0	0	-1.442324784947377	0
2.344	0	-3.741628196335221	0	0	0	-1.436544103307334	0
2.345	0	-3.742845292014811	0	0	0	-1.430753252984713	0
2.346	0	-3.744067138168636	0	0	0	-1.424952417638411	0
2.347	0	-3.745293684427841	0	0	0	-1.419141785449235	0
2.348	0	-3.746524878347368	0	0	0	-1.413321549398153	0
2.349	0	-3.747760665552201	0	0	0	-1.40749190694204	0
2.35	0	-3.7490009896317	0	0	0	-1.40165306007616	0
2.351	0	-3.750245792516797	0	0	0	-1.395805214634074	0
2.352	0	-3.751495014147757	0	0	0	-1.38994858073877	0
2.353	0	-3.752748592604997	0	0	0	-1.384083372485576	0
2.354	0	-3.754006464244516	0	0	0	-1.378209807635598	0
2.355	0	-3.755268563792722	0	0	0	-1.372328107355316	0
2.356	0	-3.756534824122259	0	0	0	-1.366438496522353	0
2.357	0	-3.757805176422605	0	0	0	-1.360541203352741	0
2.358	0	-3.759079550548453	0	0	0	-1.354636458705997	0
2.359	0	-3.760357874500704	0	0	0	-1.348724496934978	0
2.36	0	-3.761640074899774	0	0	0	-1.342805554982334	0
2.361	0	-3.762926076622829	0	0	0	-1.336879872960168	0
2.362	0	-3.764215803571159	0	0	0	-1.330947692725449	0
2.363	0	-3.765509177725044	0	0	0	-1.325009259531386	0
2.364	0	-3.766806119954725	0	0	0	-1.319064820524229	0
2.365	0	-3.768106549491601	0	0	0	-1.313114625647416	0
2.366	0	-3.769410384689788	0	0	0	-1.307158926251117	0
2.367	0	-3.770717541960591	0	0	0	-1.301197977002284	0
2.368	0	-3.7720279371466	0	0	0	-1.295232033341051	0
2.369	0	-3.773341483993153	0	0	0	-1.289261354298098	0
2.37	0	-3.774658095769574	0	0	0	-1.283286199481759	0
2.371	0	-3.775977683860256	0	0	0	-1.277306831704333	0
2.372	0	-3.777300159040464	0	0	0	-1.271323514589885	0
2.373	0	-3.778625429990421	0	0	0	-1.265336515397975	0
2.374	0	-3.779953405160656	0	0	0	-1.259346101515162	0
2.375	0	-3.781283990915899	0	0	0	-1.253352543991266	0
2.376	0	-3.78261709319513	0	0	0	-1.247356114397608	0
2.377	0	-3.783952615647903	0	0	0	-1.241357088443649	0
2.378	0	-3.785290461879675	0	0	0	-1.235355741695207	0
2.379	0	-3.786630533300121	0	0	0	-1.229352353756958	0
2.38	0	-3.787972730853324	0	0	0	-1.223347204954708	0
2.381	0	-3.789316953110548	0	0	0	-1.217340580119593	0
2.382	0	-3.790663098643644	0	0	0	-1.211332763992713	0
2.383	0	-3.792011063731822	0	0	0	-1.205324045766725	0
2.384	0	-3.793360743983018	0	0	0	-1.199314715933686	0
2.385	0	-3.794712032883548	0	0	0	-1.193305069255828	0
2.386	0	-3.796064823611302	0	0	0	-1.187295401182155	0
2.387	0	-3.797419006591998	0	0	0	-1.181286012800286	0
2.388	0	-3.798774472213771	0	0	0	-1.175277205461832	0
2.389	0	-3.800131108249593	0	0	0	-1.16926928602077	0
2.39	0	-3.801488801805191	0	0	0	-1.163262562976595	0
2.391	0	-3.802847437646291	0	0	0	-1.157257349911994	0
2.392	0	-3.80420689994234	0	0	0	-1.151253962037613	0
2.393	0	-3.805567070338029	0	0	0	-1.145252720169419	0
2.394	0	-3.806927829559192	0	0	0	-1.139253947520787	0
2.395	0	-3.808289055931674	0	0	0	-1.133257972799065	0
2.396	0	-3.809650626938808	0	0	0	-1.127265127081038	0
2.397	0	-3.811012417566132	0	0	0	-1.121275747282991	0
2.398	0	-3.81237430147171	0	0	0	-1.11529017381333	0
2.399	0	-3.813736150050939	0	0	0	-1.109308752562325	0
2.4	0	-3.815097833426479	0	0	0	-1.103331832933236	0
2.401	0	-3.816459219255197	0	0	0	-1.097359770381787	0
2.402	0	-3.817820173690359	0	0	0	-1.091392924453564	0
2.403	0	-3.819180560406472	0	0	0	-1.08543166092646	0
2.404	0	-3.820540241633017	0	0	0	-1.07947634966405	0
2.405	0	-3.821899076955928	0	0	0	-1.073527367232183	0
2.406	0	-3.823256924386712	0	0	0	-1.067585094675654	0
2.407	0	-3.824613639319011	0	0	0	-1.06164991981054	0
2.408	0	-3.82596907536803	0	0	0	-1.055722235480228	0
2.409	0	-3.827323083605846	0	0	0	-1.049802441255581	0
2.41	0	-3.82867551308952	0	0	0	-1.043890942354049	0
2.411	0	-3.830026210397292	0	0	0	-1.037988150690049	0
2.412	0	-3.831375019843354	0	0	0	-1.032094484470482	0
2.413	0	-3.832721783590741	0	0	0	-1.026210367990433	0
2.414	0	-3.834066340850783	0	0	0	-1.02033623344214	0
2.415	0	-3.835408529072139	0	0	0	-1.014472518334794	0
2.416	0	-3.836748182666538	0	0	0	-1.008619668371751	0
2.417	0	-3.838085134171764	0	0	0	-1.00277813490547	0
2.418	0	-3.839419212710842	0	0	0	-0.9969483784110917	0
2.419	0	-3.840750245854818	0	0	0	-0.9911308643598763	0
2.42	0	-3.842078057804345	0	0	0	-0.9853260673418657	0
2.421	0	-3.843402470917196	0	0	0	-0.9795344676694534	0
2.422	0	-3.844723303845791	0	0	0	-0.973756555606669	0
2.423	0	-3.846040373861141	0	0	0	-0.9679928261396989	0
2.424	0	-3.847353494610926	0	0	0	-0.9622437841028518	0
2.425	0	-3.848662477901381	0	0	0	-0.9565099401584962	0
2.426	0	-3.849967131635147	0	0	0	-0.9507918155218297	0
2.427	0	-3.851267262468697	0	0	0	-0.9450899358943952	0
2.428	0	-3.852562673316519	0	0	0	-0.9394048372268955	0
2.429	0	-3.853853165052136	0	0	0	-0.9337370618392008	0
2.43	0	-3.85513853503886	0	0	0	-0.9280871617913672	0
2.431	0	-3.856418579117995	0	0	0	-0.9224556943360342	0
2.432	0	-3.857693088929025	0	0	0	-0.9168432281277716	0
2.433	0	-3.858961854992481	0	0	0	-0.911250336075452	0
2.434	0	-3.860224663847994	0	0	0	-0.9056776020151495	0
2.435	0	-3.861481300369109	0	0	0	-0.9001256153133751	0
2.436	0	-3.862731545696825	0	0	0	-0.8945949757237647	0
2.437	0	-3.86397517969188	0	0	0	-0.8890862876059967	0
2.438	0	-3.865211978328881	0	0	0	-0.8836001660746032	0
2.439	0	-3.866441716066989	0	0	0	-0.8781372314038947	0
2.44	0	-3.867664163661703	0	0	0	-0.8726981142018704	0
2.441	0	-3.868879090789708	0	0	0	-0.8672834491694689	0
2.442	0	-3.870086263325533	0	0	0	-0.8618938815631454	0
2.443	0	-3.871285445935411	0	0	0	-0.8565300610213572	0
2.444	0	-3.872476399536511	0	0	0	-0.8511926475910225	0
2.445	0	-3.873658884418086	0	0	0	-0.8458823042710794	0
2.446	0	-3.874832656754378	0	0	0	-0.8405997053242553	0
2.447	0	-3.875997472544258	0	0	0	-0.8353455268226924	0
2.448	0	-3.877153083510399	0	0	0	-0.8301204564619491	0
2.449	0	-3.878299241640748	0	0	0	-0.8249251826174521	0
2.45	0	-3.879435694618079	0	0	0	-0.8197604053217833	0
2.451	0	-3.880562190164807	0	0	0	-0.8146268257543303	0
2.452	0	-3.881678473091871	0	0	0	-0.8095251533378729	0
2.453	0	-3.882784287037007	0	0	0	-0.8044561014890513	0
2.454	0	-3.883879373420086	0	0	0	-0.7994203901216026	0
2.455	0	-3.884963472909204	0	0	0	-0.7944187420434176	0
2.456	0	-3.886036324241853	0	0	0	-0.7894518857809275	0
2.457	0	-3.887097665056193	0	0	0	-0.7845205535050476	0
2.458	0	-3.888147231457524	0	0	0	-0.7796254820481241	0
2.459	0	-3.889184758978715	0	0	0	-0.774767410508486	0
2.46	0	-3.890209981971023	0	0	0	-0.7699470816902331	0
2.461	0	-3.891222633771482	0	0	0	-0.7651652416375424	0
2.462	0	-3.892222447054885	0	0	0	-0.7604226387194379	0
2.463	0	-3.893209154144067	0	0	0	-0.7557200228151476	0
2.464	0	-3.894182486837113	0	0	0	-0.7510581456812527	0
2.465	0	-3.895142176293555	0	0	0	-0.7464377611687391	0
2.466	0	-3.89608795395244	0	0	0	-0.7418596229027993	0
2.467	0	-3.897019550762602	0	0	0	-0.7373244861288587	0
2.468	0	-3.897936698195563	0	0	0	-0.7328331051332836	0
2.469	0	-3.898839127661474	0	0	0	-0.728386234639405	0
2.47	0	-3.899726571190318	0	0	0	-0.7239846280455402	0
2.471	0	-3.900598760872219	0	0	0	-0.7196290387639743	0
2.472	0	-3.901455430424891	0	0	0	-0.7153202162354981	0
2.473	0	-3.902296313331604	0	0	0	-0.7110589105290013	0
2.474	0	-3.903121144903793	0	0	0	-0.7068458671110713	0
2.475	0	-3.903929660730343	0	0	0	-0.7026818306716185	0
2.476	0	-3.904721598999191	0	0	0	-0.6985675392277799	0
2.477	0	-3.905496697889833	0	0	0	-0.6945037306199712	0
2.478	0	-3.90625469821646	0	0	0	-0.6904911357950224	0
2.479	0	-3.906995341738223	0	0	0	-0.6865304829962939	0
2.48	0	-3.907718373164125	0	0	0	-0.6826224926516907	0
2.481	0	-3.908423537787471	0	0	0	-0.6787678832793037	0
2.482	0	-3.909110584896164	0	0	0	-0.6749673628059377	0
2.483	0	-3.909779263999594	0	0	0	-0.6712216380556747	0
2.484	0	-3.910429329111988	0	0	0	-0.6675314038421042	0
2.485	0	-3.911060535262146	0	0	0	-0.663897351755502	0
2.486	0	-3.911672641629642	0	0	0	-0.6603201621431223	0
2.487	0	-3.912265408469116	0	0	0	-0.6568005118707184	0
2.488	0	-3.912838601114628	0	0	0	-0.6533390640889236	0
2.489	0	-3.913391986274799	0	0	0	-0.6499364775983728	0
2.49	0	-3.913925335482325	0	0	0	-0.6465933980110499	0
2.491	0	-3.914438421595189	0	0	0	-0.643310466621385	0
2.492	0	-3.914931023293894	0	0	0	-0.6400883088896785	0
2.493	0	-3.915402921061757	0	0	0	-0.6369275446425489	0
2.494	0	-3.91585390051375	0	0	0	-0.6338287795239604	0
2.495	0	-3.916283749066707	0	0	0	-0.630792613463137	0
2.496	0	-3.91669226046442	0	0	0	-0.6278196290670912	0
2.497	0	-3.91707923067387	0	0	0	-0.6249104020617117	0
2.498	0	-3.917444460828142	0	0	0	-0.6220654937193187	0
2.499	0	-3.917787755001719	0	0	0	-0.6192854565315188	0
2.5	0	-3.91810892335205	0	0	0	-0.6165708260991168	0
2.501	0	-3.918407777997431	0	0	0	-0.6139221316850454	0
2.502	0	-3.918684137924124	0	0	0	-0.6113398835739944	0
2.503	0	-3.918937824597949	0	0	0	-0.60882458431542	0
2.504	0	-3.919168665372213	0	0	0	-0.6063767199283144	0
2.505	0	-3.919376490893128	0	0	0	-0.6039967665478627	0
2.506	0	-3.919561137991765	0	0	0	-0.6016851829533278	0
2.507	0	-3.919722446719399	0	0	0	-0.5994424181736543	0
2.508	0	-3.919860262937057	0	0	0	-0.5972689047862685	0
2.509	0	-3.919974436175051	0	0	0	-0.5951650644206103	0
2.51	0	-3.920064822081851	0	0	0	-0.5931313014073297	0
2.511	0	-3.920131280033316	0	0	0	-0.5911680089319542	0
2.512	0	-3.920173674900622	0	0	0	-0.5892755644383058	0
2.513	0	-3.920191875827021	0	0	0	-0.5874543327961147	0
2.514	0	-3.920185757702692	0	0	0	-0.5857046624392578	0
2.515	0	-3.920155199637357	0	0	0	-0.5840268893071935	0
2.516	0	-3.920100086126262	0	0	0	-0.5824213338262779	0
2.517	0	-3.9200203061274	0	0	0	-0.5808883032624906	0
2.518	0	-3.919915754170468	0	0	0	-0.5794280888459883	0
2.519	0	-3.919786329214672	0	0	0	-0.5780409687114785	0
2.52	0	-3.919631935596761	0	0	0	-0.5767272054300518	0
2.521	0	-3.919452482404764	0	0	0	-0.5754870476175236	0
2.522	0	-3.919247883770632	0	0	0	-0.5743207291649215	0
2.523	0	-3.919018058955253	0	0	0	-0.5732284690046527	0
2.524	0	-3.918762931859292	0	0	0	-0.572210472369014	0
2.525	0	-3.918482431950954	0	0	0	-0.5712669283712255	0
2.526	0	-3.918176492861849	0	0	0	-0.5703980136389847	0
2.527	0	-3.917845054294733	0	0	0	-0.56960388735237	0
2.528	0	-3.917488059640874	0	0	0	-0.5688846974173998	0
2.529	0	-3.917105458544339	0	0	0	-0.5682405738038387	0
2.53	0	-3.916697204511653	0	0	0	-0.5676716347381767	0
2.531	0	-3.916263257239138	0	0	0	-0.5671779806428309	0
2.532	0	-3.915803579707825	0	0	0	-0.5667597016834464	0
2.533	0	-3.915318141774173	0	0	0	-0.5664168684370576	0
2.534	0	-3.914806916544847	0	0	0	-0.5661495412859263	0
2.535	0	-3.914269883752251	0	0	0	-0.5659577616401297	0
2.536	0	-3.913707025944119	0	0	0	-0.5658415618344409	0
2.537	0	-3.913118332945006	0	0	0	-0.5658009535374608	0
2.538	0	-3.91250379763616	0	0	0	-0.5658359386903568	0
2.539	0	-3.911863419476818	0	0	0	-0.5659465003492343	0
2.54	0	-3.911197200697632	0	0	0	-0.5661326125705015	0
2.541	0	-3.910505150935615	0	0	0	-0.5663942283786019	0
2.542	0	-3.9097872828409	0	0	0	-0.5667312911447721	0
2.543	0	-3.909043615543195	0	0	0	-0.5671437255790076	0
2.544	0	-3.908274170904012	0	0	0	-0.5676314474534327	0
2.545	0	-3.907478978322513	0	0	0	-0.5681943511440689	0
2.546	0	-3.906658070215313	0	0	0	-0.5688323213221187	0
2.547	0	-3.905811485085151	0	0	0	-0.5695452249842098	0
2.548	0	-3.904939265017641	0	0	0	-0.5703329179679391	0
2.549	0	-3.904041458984807	0	0	0	-0.5711952363464943	0
2.55	0	-3.903118118330446	0	0	0	-0.572132008146265	0
2.551	0	-3.902169301960517	0	0	0	-0.5731430398778338	0
2.552	0	-3.901195071574776	0	0	0	-0.574228128893403	0
2.553	0	-3.900195495230832	0	0	0	-0.5753870541415239	0
2.554	0	-3.899170644476017	0	0	0	-0.5766195835894617	0
2.555	0	-3.898120597488483	0	0	0	-0.577925466098161	0
2.556	0	-3.897045435668223	0	0	0	-0.579304440236278	0
2.557	0	-3.895945246567119	0	0	0	-0.5807562266900893	0
2.558	0	-3.894820121262742	0	0	0	-0.5822805350659823	0
2.559	0	-3.893670157318863	0	0	0	-0.5838770562284976	0
2.56	0	-3.892495455636615	0	0	0	-0.5855454704435181	0
2.561	0	-3.891296123180821	0	0	0	-0.5872854403332792	0
2.562	0	-3.890072270313256	0	0	0	-0.5890966177732495	0
2.563	0	-3.888824013861492	0	0	0	-0.590978635960882	0
2.564	0	-3.887551473597686	0	0	0	-0.5929311185269631	0
2.565	0	-3.886254775864537	0	0	0	-0.5949536701690374	0
2.566	0	-3.884934049826136	0	0	0	-0.5970458863486563	0
2.567	0	-3.883589431200254	0	0	0	-0.5992073436603877	0
2.568	0	-3.882221058507496	0	0	0	-0.6014376095306133	0
2.569	0	-3.880829076229352	0	0	0	-0.6037362340770686	0
2.57	0	-3.879413632842844	0	0	0	-0.6061027551895706	0
2.571	0	-3.877974881194473	0	0	0	-0.6085366975986889	0
2.572	0	-3.876512978697475	0	0	0	-0.6110375723780384	0
2.573	0	-3.875028087193038	0	0	0	-0.6136048773148181	0
2.574	0	-3.873520373032039	0	0	0	-0.6162380967253124	0
2.575	0	-3.871990006205344	0	0	0	-0.6189367037281667	0
2.576	0	-3.870437161468951	0	0	0	-0.6217001573746769	0
2.577	0	-3.868862017348249	0	0	0	-0.6245279052258875	0
2.578	0	-3.86726475692682	0	0	0	-0.6274193813574914	0
2.579	0	-3.865645566215708	0	0	0	-0.630374010593405	0
2.58	0	-3.864004636120191	0	0	0	-0.6333912034950649	0
2.581	0	-3.862342160639305	0	0	0	-0.6364703609974143	0
2.582	0	-3.860658338169518	0	0	0	-0.639610871108779	0
2.583	0	-3.858953369440933	0	0	0	-0.6428121142513339	0
2.584	0	-3.857227459911422	0	0	0	-0.6460734571834075	0
2.585	0	-3.855480817627679	0	0	0	-0.6493942584900827	0
2.586	0	-3.853713654473719	0	0	0	-0.6527738654356723	0
2.587	0	-3.851926184525416	0	0	0	-0.6562116182563263	0
2.588	0	-3.850118626101965	0	0	0	-0.659706844935805	0
2.589	0	-3.848291199000503	0	0	0	-0.6632588683174075	0
2.59	0	-3.846444127117682	0	0	0	-0.6668669994932142	0
2.591	0	-3.84457763588547	0	0	0	-0.6705305443670923	0
2.592	0	-3.842691954124078	0	0	0	-0.6742487990200021	0
2.593	0	-3.840787311876308	0	0	0	-0.6780210552338488	0
2.594	0	-3.838863942819036	0	0	0	-0.6818465944887181	0
2.595	0	-3.836922081258184	0	0	0	-0.6857246955896055	0
2.596	0	-3.8349619648637	0	0	0	-0.6896546278259126	0
2.597	0	-3.832983831383082	0	0	0	-0.6936356593457967	0
2.598	0	-3.830987922116577	0	0	0	-0.6976670484402535	0
2.599	0	-3.82897447784365	0	0	0	-0.7017480538815636	0
2.6	0	-3.826943742738876	0	0	0	-0.7058779251289369	0
2.601	0	-3.824895960032485	0	0	0	-0.7100559133088474	0
2.602	0	-3.822831376168029	0	0	0	-0.7142812608373128	0
2.603	0	-3.820750236257566	0	0	0	-0.7185532128913767	0
2.604	0	-3.818652788383731	0	0	0	-0.7228710066941422	0
2.605	0	-3.81653927897659	0	0	0	-0.727233883155379	0
2.606	0	-3.814409957126996	0	0	0	-0.7316410761543416	0
2.607	0	-3.812265070028952	0	0	0	-0.7360918239878261	0
2.608	0	-3.810104867154129	0	0	0	-0.7405853590256828	0
2.609	0	-3.807929595920628	0	0	0	-0.7451209185649043	0
2.61	0	-3.805739505561203	0	0	0	-0.7496977352729135	0
2.611	0	-3.803534843196085	0	0	0	-0.7543150470079654	0
2.612	0	-3.801315857215655	0	0	0	-0.7589720884910147	0
2.613	0	-3.799082793929084	0	0	0	-0.7636680996711777	0
2.614	0	-3.796835900319402	0	0	0	-0.768402318970972	0
2.615	0	-3.794575421373074	0	0	0	-0.7731739899443167	0
2.616	0	-3.792301602137783	0	0	0	-0.7779823562577974	0
2.617	0	-3.79001468578372	0	0	0	-0.7828266665254869	0
2.618	0	-3.787714914925352	0	0	0	-0.787706171110692	0
2.619	0	-3.785402530447258	0	0	0	-0.7926201250676294	0
2.62	0	-3.783077772065177	0	0	0	-0.7975677868124145	0
2.621	0	-3.780740877935234	0	0	0	-0.8025484191371577	0
2.622	0	-3.778392084443507	0	0	0	-0.807561289763834	0
2.623	0	-3.776031626603131	0	0	0	-0.8126056704323968	0
2.624	0	-3.773659737075978	0	0	0	-0.817680839315524	0
2.625	0	-3.771276647347326	0	0	0	-0.822786078218927	0
2.626	0	-3.768882585997996	0	0	0	-0.827920676798871	0
2.627	0	-3.766477780631152	0	0	0	-0.8330839279497699	0
2.628	0	-3.764062455428342	0	0	0	-0.8382751337298924	0
2.629	0	-3.761636833787463	0	0	0	-0.8434935990486391	0
2.63	0	-3.759201135211658	0	0	0	-0.8487386391690396	0
2.631	0	-3.756755578601612	0	0	0	-0.8540095718445975	0
2.632	0	-3.754300378542148	0	0	0	-0.8593057262300982	0
2.633	0	-3.751835749175732	0	0	0	-0.8646264336556762	0
2.634	0	-3.749361899967881	0	0	0	-0.8699710377401412	0
2.635	0	-3.746879040072175	0	0	0	-0.8753388840277673	0
2.636	0	-3.744387373672222	0	0	0	-0.8807293310608455	0
2.637	0	-3.741887104731471	0	0	0	-0.8861417391427272	0
2.638	0	-3.739378432026535	0	0	0	-0.8915754820886561	0
2.639	0	-3.736861554157728	0	0	0	-0.8970299354166401	0
2.64	0	-3.734336664406026	0	0	0	-0.9025044884578314	0
2.641	0	-3.731803955862446	0	0	0	-0.9079985323149745	0
2.642	0	-3.72926361625883	0	0	0	-0.9135114719757103	0
2.643	0	-3.726715833055988	0	0	0	-0.9190427144164947	0
2.644	0	-3.724160788416837	0	0	0	-0.9245916803242104	0
2.645	0	-3.721598664074577	0	0	0	-0.9301577927617066	0
2.646	0	-3.719029636635539	0	0	0	-0.935740488065026	0
2.647	0	-3.716453882029843	0	0	0	-0.941339205524278	0
2.648	0	-3.713871571347294	0	0	0	-0.9469533969933293	0
2.649	0	-3.71128287466979	0	0	0	-0.9525825180402043	0
2.65	0	-3.708687957616862	0	0	0	-0.9582260358746952	0
2.651	0	-3.706086984423937	0	0	0	-0.9638834222665535	0
2.652	0	-3.703480115289066	0	0	0	-0.9695541595979301	0
2.653	0	-3.700867508634168	0	0	0	-0.9752377356754025	0
2.654	0	-3.69824931929947	0	0	0	-0.9809336478205238	0
2.655	0	-3.69562569994921	0	0	0	-0.9866413996437072	0
2.656	0	-3.69299680014375	0	0	0	-0.9923605031258386	0
2.657	0	-3.690362766866512	0	0	0	-0.9980904773856579	0
2.658	0	-3.687723744457824	0	0	0	-1.003830848810131	0
2.659	0	-3.68507987443244	0	0	0	-1.009581151414146	0
2.66	0	-3.682431295911094	0	0	0	-1.015340925852562	0
2.661	0	-3.679778144897084	0	0	0	-1.021109720988217	0
2.662	0	-3.677120555675377	0	0	0	-1.026887090745619	0
2.663	0	-3.674458659009708	0	0	0	-1.032672598056719	0
2.664	0	-3.671792583960535	0	0	0	-1.038465810815775	0
2.665	0	-3.669122456260052	0	0	0	-1.04426630540487	0
2.666	0	-3.666448400362552	0	0	0	-1.050073662153405	0
2.667	0	-3.663770537049472	0	0	0	-1.055887470521523	0
2.668	0	-3.66108898567181	0	0	0	-1.061707324172565	0
2.669	0	-3.658403862465168	0	0	0	-1.067532824582724	0
2.67	0	-3.655715282428506	0	0	0	-1.073363576918686	0
2.671	0	-3.653023356844251	0	0	0	-1.079199195342856	0
2.672	0	-3.650328196270701	0	0	0	-1.085039296515464	0
2.673	0	-3.647629907928009	0	0	0	-1.09088350515793	0
2.674	0	-3.644928597859093	0	0	0	-1.096731449372909	0
2.675	0	-3.642224368764276	0	0	0	-1.10258276520068	0
2.676	0	-3.63951732274182	0	0	0	-1.108437090742985	0
2.677	0	-3.636807558657448	0	0	0	-1.114294071682384	0
2.678	0	-3.63409517441611	0	0	0	-1.120153356423981	0
2.679	0	-3.631380264651798	0	0	0	-1.126014600894892	0
2.68	0	-3.628662923649869	0	0	0	-1.131877462364295	0
2.681	0	-3.625943242627987	0	0	0	-1.13774160506935	0
2.682	0	-3.623221311908866	0	0	0	-1.143606695622541	0
2.683	0	-3.62049721876561	0	0	0	-1.149472407425314	0
2.684	0	-3.617771050266108	0	0	0	-1.155338414735303	0
2.685	0	-3.615042890607419	0	0	0	-1.161204398098821	0
2.686	0	-3.612312823044507	0	0	0	-1.167070040315309	0
2.687	0	-3.609580928386201	0	0	0	-1.172935029478757	0
2.688	0	-3.606847287035087	0	0	0	-1.178799054751974	0
2.689	0	-3.604111976285136	0	0	0	-1.184661811787662	0
2.69	0	-3.601375073474297	0	0	0	-1.190522996309347	0
2.691	0	-3.598636653275283	0	0	0	-1.196382309508275	0
2.692	0	-3.595896789577322	0	0	0	-1.20223945421522	0
2.693	0	-3.593155554204293	0	0	0	-1.208094137383958	0
2.694	0	-3.59041301838183	0	0	0	-1.213946067169687	0
2.695	0	-3.587669251145948	0	0	0	-1.219794955992721	0
2.696	0	-3.584924320880201	0	0	0	-1.225640517461754	0
2.697	0	-3.58217829383729	0	0	0	-1.231482469246479	0
2.698	0	-3.579431235865513	0	0	0	-1.237320529641935	0
2.699	0	-3.576683210596013	0	0	0	-1.243154421066038	0
2.7	0	-3.573934281263954	0	0	0	-1.248983866482304	0
2.701	0	-3.571184509005433	0	0	0	-1.254808592659309	0
2.702	0	-3.568433954488994	0	0	0	-1.260628326992699	0
2.703	0	-3.565682676428918	0	0	0	-1.266442800330864	0
2.704	0	-3.562930732953659	0	0	0	-1.272251744330494	0
2.705	0	-3.560178180404052	0	0	0	-1.278054893725977	0
2.706	0	-3.55742507438831	0	0	0	-1.28385198430694	0
2.707	0	-3.554671468996749	0	0	0	-1.289642754395431	0
2.708	0	-3.551917417073259	0	0	0	-1.295426944309306	0
2.709	0	-3.54916297059406	0	0	0	-1.301204295668966	0
2.71	0	-3.546408179919089	0	0	0	-1.306974552779441	0
2.711	0	-3.543653094476029	0	0	0	-1.312737461375679	0
2.712	0	-3.540897762067866	0	0	0	-1.318492769892371	0
2.713	0	-3.538142229890972	0	0	0	-1.324240227633412	0
2.714	0	-3.535386543209571	0	0	0	-1.32997958720001	0
2.715	0	-3.532630746481372	0	0	0	-1.33571060247645	0
2.716	0	-3.529874882377775	0	0	0	-1.341433030415009	0
2.717	0	-3.527118993053473	0	0	0	-1.347146628813822	0
2.718	0	-3.524363118472114	0	0	0	-1.352851159339783	0
2.719	0	-3.521607297783421	0	0	0	-1.35854638512517	0
2.72	0	-3.51885156836648	0	0	0	-1.364232072497045	0
2.721	0	-3.51609596674784	0	0	0	-1.369907989440389	0
2.722	0	-3.513340527280802	0	0	0	-1.375573907954059	0
2.723	0	-3.510585283724981	0	0	0	-1.381229601361564	0
2.724	0	-3.507830267367644	0	0	0	-1.386874847636508	0
2.725	0	-3.50507550897397	0	0	0	-1.392509426101461	0
2.726	0	-3.502321036939101	0	0	0	-1.398133120679196	0
2.727	0	-3.499566878771442	0	0	0	-1.403745717421209	0
2.728	0	-3.496813059606561	0	0	0	-1.409347007120635	0
2.729	0	-3.494059603916502	0	0	0	-1.414936782477059	0
2.73	0	-3.491306533617136	0	0	0	-1.420514841379692	0
2.731	0	-3.48855386971292	0	0	0	-1.4260809842078	0
2.732	0	-3.485801630668767	0	0	0	-1.431635016641046	0
2.733	0	-3.483049834263065	0	0	0	-1.437176746626693	0
2.734	0	-3.480298495581143	0	0	0	-1.442705987792878	0
2.735	0	-3.477547628899216	0	0	0	-1.448222556414689	0
2.736	0	-3.474797245483299	0	0	0	-1.453726275074437	0
2.737	0	-3.47204735623621	0	0	0	-1.459216968403888	0
2.738	0	-3.469297969261214	0	0	0	-1.46469446711546	0
2.739	0	-3.466549091503795	0	0	0	-1.470158605403713	0
2.74	0	-3.46380072742136	0	0	0	-1.475609223109715	0
2.741	0	-3.461052880746087	0	0	0	-1.481046162977376	0
2.742	0	-3.458305552013832	0	0	0	-1.48646927460269	0
2.743	0	-3.455558741408759	0	0	0	-1.491878409972329	0
2.744	0	-3.452812446305778	0	0	0	-1.49727342736949	0
2.745	0	-3.450066663055925	0	0	0	-1.50265418860011	0
2.746	0	-3.447321385375157	0	0	0	-1.508020561512565	0
2.747	0	-3.444576606304732	0	0	0	-1.513372416970693	0
2.748	0	-3.441832316336453	0	0	0	-1.51870963176672	0
2.749	0	-3.439088504899126	0	0	0	-1.524032086331162	0
2.75	0	-3.436345158942798	0	0	0	-1.529339666886065	0
2.751	0	-3.433602264739405	0	0	0	-1.534632262701213	0
2.752	0	-3.430859806261439	0	0	0	-1.539909768548144	0
2.753	0	-3.428117766327357	0	0	0	-1.545172082932184	0
2.754	0	-3.425376125580251	0	0	0	-1.550419109605559	0
2.755	0	-3.422634863955913	0	0	0	-1.555650755352123	0
2.756	0	-3.419893959341147	0	0	0	-1.560866931963415	0
2.757	0	-3.417153388410612	0	0	0	-1.566067554926352	0
2.758	0	-3.414413126196179	0	0	0	-1.57125254404234	0
2.759	0	-3.411673146752669	0	0	0	-1.576421822412864	0
2.76	0	-3.408933422240854	0	0	0	-1.581575317706195	0
2.761	0	-3.406193924065881	0	0	0	-1.586712960481923	0
2.762	0	-3.403454622059399	0	0	0	-1.591834685300468	0
2.763	0	-3.400715484827099	0	0	0	-1.596940430190925	0
2.764	0	-3.397976479908174	0	0	0	-1.602030136332685	0
2.765	0	-3.395237573655447	0	0	0	-1.607103748201568	0
2.766	0	-3.392498731356425	0	0	0	-1.612161213326071	0
2.767	0	-3.389759917009029	0	0	0	-1.617202482553478	0
2.768	0	-3.38702109389216	0	0	0	-1.622227509164515	0
2.769	0	-3.384282224054219	0	0	0	-1.627236249545329	0
2.77	0	-3.381543268855223	0	0	0	-1.632228662393428	0
2.771	0	-3.378804188305066	0	0	0	-1.637204709515365	0
2.772	0	-3.376064941935206	0	0	0	-1.642164354614303	0
2.773	0	-3.373325488224534	0	0	0	-1.647107563987681	0
2.774	0	-3.370585785031997	0	0	0	-1.65203430591992	0
2.775	0	-3.367845789053754	0	0	0	-1.656944551276081	0
2.776	0	-3.365105456802191	0	0	0	-1.661838272214217	0
2.777	0	-3.36236474343667	0	0	0	-1.666715443615308	0
2.778	0	-3.359623604027945	0	0	0	-1.671576041402183	0
2.779	0	-3.356881992539067	0	0	0	-1.676420043780563	0
2.78	0	-3.354139862798905	0	0	0	-1.681247429958844	0
2.781	0	-3.351397167332146	0	0	0	-1.686058181544486	0
2.782	0	-3.348653858932817	0	0	0	-1.690852280526203	0
2.783	0	-3.345909889163077	0	0	0	-1.695629711091197	0
2.784	0	-3.343165209737853	0	0	0	-1.700390457866642	0
2.785	0	-3.340419771001596	0	0	0	-1.705134507720684	0
2.786	0	-3.337673523852982	0	0	0	-1.709861847369342	0
2.787	0	-3.334926417957724	0	0	0	-1.714572465499768	0
2.788	0	-3.332178403258995	0	0	0	-1.71926635090817	0
2.789	0	-3.329429428374725	0	0	0	-1.723943494353361	0
2.79	0	-3.326679442661454	0	0	0	-1.72860388606387	0
2.791	0	-3.32392839428302	0	0	0	-1.733247517982714	0
2.792	0	-3.321176231683301	0	0	0	-1.737874382000637	0
2.793	0	-3.318422902298571	0	0	0	-1.742484471394437	0
2.794	0	-3.31566835426176	0	0	0	-1.747077778835037	0
2.795	0	-3.312912534222547	0	0	0	-1.751654298845846	0
2.796	0	-3.310155389838474	0	0	0	-1.756214024921119	0
2.797	0	-3.307396867513889	0	0	0	-1.760756952060822	0
2.798	0	-3.304636914184739	0	0	0	-1.765283074717367	0
2.799	0	-3.301875475833371	0	0	0	-1.769792388433664	0
2.8	0	-3.299112499171843	0	0	0	-1.774284887926824	0
2.801	0	-3.296347929884021	0	0	0	-1.77876056901351	0
2.802	0	-3.293581714161378	0	0	0	-1.783219426885102	0
2.803	0	-3.290813797347538	0	0	0	-1.78766145756422	0
2.804	0	-3.288044125517798	0	0	0	-1.792086656156836	0
2.805	0	-3.28527264383905	0	0	0	-1.796495018601964	0
2.806	0	-3.282499298111945	0	0	0	-1.800886539996814	0
2.807	0	-3.279724033015081	0	0	0	-1.805261216428185	0
2.808	0	-3.276946794325041	0	0	0	-1.809619042613857	0
2.809	0	-3.274167526948562	0	0	0	-1.813960013945904	0
2.81	0	-3.271386176119088	0	0	0	-1.81828412522519	0
2.811	0	-3.268602686603462	0	0	0	-1.822591371450655	0
2.812	0	-3.265817003845688	0	0	0	-1.826881746639555	0
2.813	0	-3.263029072246954	0	0	0	-1.831155245553931	0
2.814	0	-3.260238837192752	0	0	0	-1.835411861633633	0
2.815	0	-3.257446243415729	0	0	0	-1.83965158862925	0
2.816	0	-3.254651235971835	0	0	0	-1.8438744196109	0
2.817	0	-3.251853759525623	0	0	0	-1.848080347659044	0
2.818	0	-3.249053759262907	0	0	0	-1.852269364952749	0
2.819	0	-3.246251180055272	0	0	0	-1.856441463577416	0
2.82	0	-3.243445966920962	0	0	0	-1.860596635063112	0
2.821	0	-3.24063806471269	0	0	0	-1.864734870672852	0
2.822	0	-3.237827418646442	0	0	0	-1.868856160883668	0
2.823	0	-3.235013973839145	0	0	0	-1.872960495820549	0
2.824	0	-3.232197675371785	0	0	0	-1.877047865185109	0
2.825	0	-3.229378468411752	0	0	0	-1.881118258132985	0
2.826	0	-3.226556298338894	0	0	0	-1.885171663143806	0
2.827	0	-3.223731110567269	0	0	0	-1.889208068182216	0
2.828	0	-3.220902850400233	0	0	0	-1.893227460826103	0
2.829	0	-3.218071463510544	0	0	0	-1.897229827818202	0
2.83	0	-3.215236895408467	0	0	0	-1.901215155539489	0
2.831	0	-3.212399091909385	0	0	0	-1.905183429591552	0
2.832	0	-3.209557998768812	0	0	0	-1.909134635107077	0
2.833	0	-3.206713562090253	0	0	0	-1.913068756396352	0
2.834	0	-3.203865727664917	0	0	0	-1.916985777503655	0
2.835	0	-3.201014441983008	0	0	0	-1.920885681350638	0
2.836	0	-3.198159651132639	0	0	0	-1.924768450658314	0
2.837	0	-3.195301301817351	0	0	0	-1.928634067091282	0
2.838	0	-3.192439340270638	0	0	0	-1.932482512157115	0
2.839	0	-3.189573713624038	0	0	0	-1.936313766079448	0
2.84	0	-3.186704368453077	0	0	0	-1.940127808987873	0
2.841	0	-3.183831252225305	0	0	0	-1.943924619729101	0
2.842	0	-3.180954311592154	0	0	0	-1.947704177261442	0
2.843	0	-3.178073494435564	0	0	0	-1.951466458997844	0
2.844	0	-3.17518874803233	0	0	0	-1.955211442281732	0
2.845	0	-3.172300020410796	0	0	0	-1.958939103298488	0
2.846	0	-3.169407259086262	0	0	0	-1.962649418087589	0
2.847	0	-3.166510412758554	0	0	0	-1.966342361202716	0
2.848	0	-3.163609429086039	0	0	0	-1.970017907450418	0
2.849	0	-3.160704257186788	0	0	0	-1.973676029957058	0
2.85	0	-3.157794845384235	0	0	0	-1.977316701904061	0
2.851	0	-3.154881143072897	0	0	0	-1.980939895103895	0
2.852	0	-3.151963098825866	0	0	0	-1.984545581435101	0
2.853	0	-3.149040662648627	0	0	0	-1.988133731156909	0
2.854	0	-3.146113783745226	0	0	0	-1.991704314575192	0
2.855	0	-3.143182412455142	0	0	0	-1.995257300612091	0
2.856	0	-3.140246498257687	0	0	0	-1.998792658272336	0
2.857	0	-3.137305992142515	0	0	0	-2.002310354926866	0
2.858	0	-3.134360844360022	0	0	0	-2.005810357940055	0
2.859	0	-3.131411006200087	0	0	0	-2.009292633398952	0
2.86	0	-3.128456428224005	0	0	0	-2.012757147370975	0
2.861	0	-3.125497062459385	0	0	0	-2.016203864368201	0
2.862	0	-3.122532860314756	0	0	0	-2.019632748808275	0
2.863	0	-3.119563774139521	0	0	0	-2.023043763939694	0
2.864	0	-3.116589755666408	0	0	0	-2.02643687291187	0
2.865	0	-3.11361075807172	0	0	0	-2.029812037383687	0
2.866	0	-3.110626734021095	0	0	0	-2.033169218848426	0
2.867	0	-3.107637636934241	0	0	0	-2.036508377794661	0
2.868	0	-3.104643420078141	0	0	0	-2.039829474310979	0
2.869	0	-3.101644037817229	0	0	0	-2.043132467271688	0
2.87	0	-3.098639443831287	0	0	0	-2.046417315509631	0
2.871	0	-3.095629593169527	0	0	0	-2.049683976487434	0
2.872	0	-3.092614440545972	0	0	0	-2.052932407409106	0
2.873	0	-3.089593941331838	0	0	0	-2.05616256458344	0
2.874	0	-3.086568051052962	0	0	0	-2.059374403763083	0
2.875	0	-3.083536725940375	0	0	0	-2.062567879795328	0
2.876	0	-3.080499922327486	0	0	0	-2.065742947014892	0
2.877	0	-3.077457597005567	0	0	0	-2.068899559021786	0
2.878	0	-3.074409707132193	0	0	0	-2.072037668761216	0
2.879	0	-3.071356210412642	0	0	0	-2.07515722840815	0
2.88	0	-3.068297064877669	0	0	0	-2.078258189516919	0
2.881	0	-3.065232228912063	0	0	0	-2.081340503014361	0
2.882	0	-3.062161661420122	0	0	0	-2.084404119108217	0
2.883	0	-3.059085321702387	0	0	0	-2.087448987368387	0
2.884	0	-3.056003169527467	0	0	0	-2.090475056698882	0
2.885	0	-3.052915165124805	0	0	0	-2.09348227534776	0
2.886	0	-3.049821269210242	0	0	0	-2.096470590906828	0
2.887	0	-3.046721442737415	0	0	0	-2.099439950455056	0
2.888	0	-3.043615647659388	0	0	0	-2.102390300150902	0
2.889	0	-3.040503845832499	0	0	0	-2.105321585848514	0
2.89	0	-3.03738600007171	0	0	0	-2.108233752525617	0
2.891	0	-3.034262073195083	0	0	0	-2.111126744813323	0
2.892	0	-3.031132029313413	0	0	0	-2.114000506316372	0
2.893	0	-3.027995832221878	0	0	0	-2.116854980485857	0
2.894	0	-3.024853446846839	0	0	0	-2.119690109856657	0
2.895	0	-3.021704838170238	0	0	0	-2.122505836623608	0
2.896	0	-3.018549972459949	0	0	0	-2.125302102021706	0
2.897	0	-3.015388815532205	0	0	0	-2.128078847227358	0
2.898	0	-3.012221334796066	0	0	0	-2.130836012324459	0
2.899	0	-3.00904749746691	0	0	0	-2.133573537226854	0
2.9	0	-3.005867272054726	0	0	0	-2.136291360935924	0
2.901	0	-3.002680626718188	0	0	0	-2.138989422379006	0
2.902	0	-2.999487531343265	0	0	0	-2.141667659390628	0
2.903	0	-2.996287955524623	0	0	0	-2.144326009718903	0
2.904	0	-2.993081870300102	0	0	0	-2.146964410188906	0
2.905	0	-2.989869246261672	0	0	0	-2.149582797631146	0
2.906	0	-2.986650055919327	0	0	0	-2.152181107761518	0
2.907	0	-2.983424271473892	0	0	0	-2.154759276254744	0
2.908	0	-2.980191866500582	0	0	0	-2.157317237958602	0
2.909	0	-2.976952814449503	0	0	0	-2.159854927614384	0
2.91	0	-2.973707090599141	0	0	0	-2.162372278961203	0
2.911	0	-2.970454669530426	0	0	0	-2.164869225911584	0
2.912	0	-2.967195527989428	0	0	0	-2.167345701259532	0
2.913	0	-2.963929642298365	0	0	0	-2.16980163786757	0
2.914	0	-2.960656990339189	0	0	0	-2.172236967788463	0
2.915	0	-2.957377549930112	0	0	0	-2.174651622999283	0
2.916	0	-2.954091300655475	0	0	0	-2.177045534614677	0
2.917	0	-2.950798221940553	0	0	0	-2.17941863373958	0
2.918	0	-2.947498294703889	0	0	0	-2.181770850766762	0
2.919	0	-2.944191499904833	0	0	0	-2.184102116013723	0
2.92	0	-2.940877820254202	0	0	0	-2.186412359013269	0
2.921	0	-2.937557238427041	0	0	0	-2.188701509281031	0
2.922	0	-2.93422973863296	0	0	0	-2.1909694956707	0
2.923	0	-2.930895305102863	0	0	0	-2.193216247019476	0
2.924	0	-2.927553923996012	0	0	0	-2.195441691376468	0
2.925	0	-2.924205581056657	0	0	0	-2.197645756975303	0
2.926	0	-2.920850264295626	0	0	0	-2.199828371162188	0
2.927	0	-2.917487961414391	0	0	0	-2.201989461448949	0
2.928	0	-2.914118661717108	0	0	0	-2.204128954761422	0
2.929	0	-2.91074235508129	0	0	0	-2.206246777864971	0
2.93	0	-2.907359032707852	0	0	0	-2.208342857085233	0
2.931	0	-2.903968686224546	0	0	0	-2.210417118673401	0
2.932	0	-2.900571308503554	0	0	0	-2.212469488503017	0
2.933	0	-2.897166893321781	0	0	0	-2.214499892218139	0
2.934	0	-2.893755435601201	0	0	0	-2.216508255157008	0
2.935	0	-2.890336930896088	0	0	0	-2.21849450256243	0
2.936	0	-2.886911375922163	0	0	0	-2.220458559397078	0
2.937	0	-2.883478768543406	0	0	0	-2.222400350364823	0
2.938	0	-2.880039107470647	0	0	0	-2.224319800039068	0
2.939	0	-2.8765923924076	0	0	0	-2.226216832823618	0
2.94	0	-2.873138624246827	0	0	0	-2.228091372897853	0
2.941	0	-2.869677804997685	0	0	0	-2.229943344262026	0
2.942	0	-2.86620993736582	0	0	0	-2.231772670896072	0
2.943	0	-2.862735025518884	0	0	0	-2.233579276509943	0
2.944	0	-2.859253074485973	0	0	0	-2.235363084769054	0
2.945	0	-2.8557640907001	0	0	0	-2.237124019124866	0
2.946	0	-2.852268081133208	0	0	0	-2.23886200312167	0
2.947	0	-2.848765054467869	0	0	0	-2.240576960016977	0
2.948	0	-2.84525502014886	0	0	0	-2.242268813118897	0
2.949	0	-2.84173798911267	0	0	0	-2.243937485560018	0
2.95	0	-2.838213972889662	0	0	0	-2.245582900603033	0
2.951	0	-2.834682984930625	0	0	0	-2.247204981229022	0
2.952	0	-2.831145039007798	0	0	0	-2.248803650670603	0
2.953	0	-2.827600150928138	0	0	0	-2.250378831873681	0
2.954	0	-2.824048336988528	0	0	0	-2.251930448011585	0
2.955	0	-2.820489615312649	0	0	0	-2.253458422071532	0
2.956	0	-2.816924004493817	0	0	0	-2.254962677306493	0
2.957	0	-2.81335152529419	0	0	0	-2.256443136705855	0
2.958	0	-2.809772198825146	0	0	0	-2.257899723590831	0
2.959	0	-2.806186048206129	0	0	0	-2.259332361107921	0
2.96	0	-2.802593096947211	0	0	0	-2.260740972750558	0
2.961	0	-2.798993370890005	0	0	0	-2.262125481769349	0
2.962	0	-2.795386896147088	0	0	0	-2.26348581182452	0
2.963	0	-2.791773701137834	0	0	0	-2.264821886384646	0
2.964	0	-2.788153814213685	0	0	0	-2.266133629451568	0
2.965	0	-2.784527266553519	0	0	0	-2.267420964710884	0
2.966	0	-2.780894089554837	0	0	0	-2.268683816326193	0
2.967	0	-2.777254316645666	0	0	0	-2.269922108419683	0
2.968	0	-2.77360798177943	0	0	0	-2.271135765522518	0
2.969	0	-2.769955121477094	0	0	0	-2.272324712002635	0
2.97	0	-2.766295771998438	0	0	0	-2.273488872892537	0
2.971	0	-2.762629972602289	0	0	0	-2.274628172968347	0
2.972	0	-2.758957762696024	0	0	0	-2.275742537580645	0
2.973	0	-2.755279183987744	0	0	0	-2.276831892057932	0
2.974	0	-2.751594278432626	0	0	0	-2.277896162299626	0
2.975	0	-2.747903090729388	0	0	0	-2.278935274087957	0
2.976	0	-2.744205665871334	0	0	0	-2.27994915379009	0
2.977	0	-2.740502051139954	0	0	0	-2.280937727816376	0
2.978	0	-2.736792294077659	0	0	0	-2.281900923194822	0
2.979	0	-2.733076445006725	0	0	0	-2.282838666890308	0
2.98	0	-2.729354554666641	0	0	0	-2.283750886470795	0
2.981	0	-2.725626675930924	0	0	0	-2.284637509645349	0
2.982	0	-2.721892862100488	0	0	0	-2.285498464746611	0
2.983	0	-2.718153169198051	0	0	0	-2.286333680120024	0
2.984	0	-2.714407653782156	0	0	0	-2.287143084732811	0
2.985	0	-2.710656374330933	0	0	0	-2.287926607802328	0
2.986	0	-2.706899390261118	0	0	0	-2.288684179083226	0
2.987	0	-2.703136763311151	0	0	0	-2.289415728508768	0
2.988	0	-2.699368555521541	0	0	0	-2.290121186733257	0
2.989	0	-2.695594831570068	0	0	0	-2.290800484535212	0
2.99	0	-2.691815656823823	0	0	0	-2.291453553335364	0
2.991	0	-2.688031098467358	0	0	0	-2.292080324922802	0
2.992	0	-2.684241224907376	0	0	0	-2.292680731600886	0
2.993	0	-2.680446106421989	0	0	0	-2.293254706055452	0
2.994	0	-2.676645814442221	0	0	0	-2.293802181534363	0
2.995	0	-2.672840421979441	0	0	0	-2.294323091762551	0
2.996	0	-2.669030003462293	0	0	0	-2.294817370969358	0
2.997	0	-2.665214634997774	0	0	0	-2.295284953861175	0
2.998	0	-2.661394394063529	0	0	0	-2.295725775698897	0
2.999	0	-2.657569359561522	0	0	0	-2.296139772282951	0
3	0	-2.653739611928974	0	0	0	-2.296526879952732	0
