DataType=double
version=3
OpenSimVersion=4.5
endheader
time	first_dorsal_posterior_cervical_rx	first_dorsal_posterior_cervical_rz	posterior_cervical_middle_cervical_rx	middle_cervical_anterior_cervical_rx	anterior_cervical_atlas_axis_rx	anterior_cervical_atlas_axis_rz	atlas_axis_skull_rx	posterior_cervical_float1_ty	anterior_cervical_float2_ty
0	0	0	0	0	0	0	0	0	0
0.001	0	-3.648423011281882e-09	0	0	0	4.238739419329102e-09	0	-0.009859647898425951	-0.003438168872876552
0.002	0	2.803631658427985e-08	0	0	0	-1.74197712360542e-07	0	-0.01744322267212716	-0.005373377039211826
0.003	0	1.331946009292704e-07	0	0	0	-7.39237059987192e-07	0	-0.02296882112148359	-0.006796533660851404
0.004	0	3.466639771563586e-07	0	0	0	-1.872390740808296e-06	0	-0.02691946260534725	-0.007495490206677798
0.005	0	6.916153334128035e-07	0	0	0	-3.703445516513022e-06	0	-0.02970552892856679	-0.007569211424450779
0.006	0	1.182731650789728e-06	0	0	0	-6.321748989943989e-06	0	-0.03165004998162404	-0.007675156079256544
0.007	0	1.831567731646581e-06	0	0	0	-9.795713244739205e-06	0	-0.03301329897867784	-0.008443151967857174
0.008	0	2.648785001689354e-06	0	0	0	-1.418275579471647e-05	0	-0.03399245935503461	-0.009419571459496016
0.009000000000000001	0	3.643544267598459e-06	0	0	0	-1.952927712473701e-05	0	-0.0347030303716831	-0.009574826793010008
0.01	0	4.821173564312841e-06	0	0	0	-2.586427107362403e-05	0	-0.03520070024160501	-0.008986066878752218
0.011	0	6.183663169437312e-06	0	0	0	-3.320225453498417e-05	0	-0.03554178362928832	-0.008840975505254116
0.012	0	7.733255130433392e-06	0	0	0	-4.155650816565554e-05	0	-0.03579490312311359	-0.009532628413198331
0.013	0	9.473816885040289e-06	0	0	0	-5.094442273598624e-05	0	-0.03599997208581536	-0.01001574818188128
0.014	0	1.140810933101657e-05	0	0	0	-6.137851599963804e-05	0	-0.03615387600135166	-0.009580402467550309
0.015	0	1.353587681668392e-05	0	0	0	-7.286013450195603e-05	0	-0.03625090287330696	-0.009071925892116167
0.016	0	1.58564220737777e-05	0	0	0	-8.538851307367853e-05	0	-0.03631518275026305	-0.009410883426379543
0.017	0	1.837128947749978e-05	0	0	0	-9.897015547446574e-05	0	-0.03637518012901076	-0.01002573332138939
0.018	0	2.108262937437009e-05	0	0	0	-0.000113613317105103	0	-0.03642756149581625	-0.009879756471663843
0.019	0	2.399021254206662e-05	0	0	0	-0.0001293178052889679	0	-0.03645297298465108	-0.009280482774201597
0.02	0	2.70924295268558e-05	0	0	0	-0.0001460784756876006	0	-0.03645698049944616	-0.009295667294164157
0.021	0	3.038942899040319e-05	0	0	0	-0.0001638960818113727	0	-0.03646506287071859	-0.009884656852377301
0.022	0	3.388295088257708e-05	0	0	0	-0.000182776742380936	0	-0.03648179130986772	-0.01001736726345195
0.023	0	3.757331362479259e-05	0	0	0	-0.0002027215999855632	0	-0.03648702865383954	-0.009492631339587311
0.024	0	4.145888953148549e-05	0	0	0	-0.0002237250310969688	0	-0.03647389811746744	-0.009250596204051898
0.025	0	4.553890735618467e-05	0	0	0	-0.0002457843079979473	0	-0.03646221738182084	-0.009697582571753821
0.026	0	4.981457685663135e-05	0	0	0	-0.0002689034854383009	0	-0.03646450636342382	-0.0100377220517977
0.027	0	5.428673917309693e-05	0	0	0	-0.0002930853268954136	0	-0.03646584065889579	-0.009693353827584725
0.028	0	5.895420967135118e-05	0	0	0	-0.0003183256031153388	0	-0.03645151724285214	-0.009292003093456463
0.029	0	6.381568126266622e-05	0	0	0	-0.0003446196464414826	0	-0.03643288453426541	-0.0095260627288526
0.03	0	6.887170243115296e-05	0	0	0	-0.0003719691648247012	0	-0.03642741268729806	-0.009967637739804839
0.031	0	7.41233855709207e-05	0	0	0	-0.0004003778040773341	0	-0.03642851219664722	-0.009852834914628539
0.032	0	7.957018861428084e-05	0	0	0	-0.0004298435126226191	0	-0.03641841481463847	-0.00940810480588216
0.033	0	8.521064015054357e-05	0	0	0	-0.0004603610353176571	0	-0.03639904031409692	-0.009412013136630329
0.034	0	9.104460109823956e-05	0	0	0	-0.0004919296994115856	0	-0.0363883063352345	-0.009839380736827099
0.035	0	9.70731354956876e-05	0	0	0	-0.0005245529749118011	0	-0.03638858656306861	-0.009944809459140468
0.036	0	0.0001032963360650978	0	0	0	-0.0005582309921197748	0	-0.03638367804742022	-0.009567910175083457
0.037	0	0.00010971290444168	0	0	0	-0.000592959093222464	0	-0.0363671576521289	-0.009378549938100467
0.038	0	0.0001163221255006912	0	0	0	-0.0006287346269394508	0	-0.03635307354183256	-0.009693350285944825
0.039	0	0.0001231247343271831	0	0	0	-0.0006655599353158076	0	-0.03635105491251735	-0.00995850826023166
0.04	0	0.0001301212876780295	0	0	0	-0.0007034367518309968	0	-0.03635017100922196	-0.009731227807642615
0.041	0	0.0001373109064867155	0	0	0	-0.0007423618704425074	0	-0.03633847884508569	-0.009427497058926681
0.042	0	0.000144692526678208	0	0	0	-0.0007823314484353285	0	-0.03632329640901161	-0.009570952082280121
0.043	0	0.0001522663845195348	0	0	0	-0.0008233461197198735	0	-0.0363180329611102	-0.009903451480371707
0.044	0	0.0001600332333029922	0	0	0	-0.0008654083024366547	0	-0.03631904313438869	-0.00986010713045073
0.045	0	0.0001679927188889135	0	0	0	-0.0009085166071644059	0	-0.03631272102361215	-0.009540240807111237
0.046	0	0.0001761437113673643	0	0	0	-0.0009526669753697477	0	-0.03629885031106394	-0.00950487063249985
0.047	0	0.0001844859239425199	0	0	0	-0.0009978582508173913	0	-0.03629047626733707	-0.009807007713216565
0.048	0	0.000193020023213995	0	0	0	-0.001044092561915689	0	-0.03629114362911796	-0.009929390721652418
0.049	0	0.0002017461308956965	0	0	0	-0.001091370166445612	0	-0.03628944815346437	-0.009683565434127184
0.05	0	0.0002106633135193173	0	0	0	-0.001139687692478947	0	-0.0362788944912069	-0.009510709075948223
0.051	0	0.00021977087605341	0	0	0	-0.001189042589106755	0	-0.03626862564697559	-0.009706278636718713
0.052	0	0.0002290691774442766	0	0	0	-0.001239435934702048	0	-0.03626730454190678	-0.0099334618021096
0.053	0	0.0002385586407863912	0	0	0	-0.001290869032848236	0	-0.03626855217994653	-0.009819648454532086
0.054	0	0.0002482387001537378	0	0	0	-0.001343339786279007	0	-0.03626240417000913	-0.009583572782647464
0.055	0	0.000258108462367124	0	0	0	-0.00139684497217526	0	-0.03625214238061707	-0.009636996561781365
0.056	0	0.0002681678738624406	0	0	0	-0.001451384258173825	0	-0.03624822182591404	-0.009886895903551358
0.057	0	0.0002784174229503822	0	0	0	-0.001506959180187975	0	-0.03625034938886276	-0.009917310753581763
0.058	0	0.0002888569504844118	0	0	0	-0.001563569049610957	0	-0.03624855097777357	-0.009700625233307524
0.059	0	0.0002994856015055175	0	0	0	-0.001621210784594272	0	-0.03624025219209102	-0.009623101998666615
0.06	0	0.0003103029380659802	0	0	0	-0.001679882738889714	0	-0.03623425442653973	-0.009818898228044159
0.061	0	0.0003213092925424305	0	0	0	-0.001739585919384494	0	-0.03623546758600059	-0.009961037813324261
0.062	0	0.000332504822032696	0	0	0	-0.001800320733532348	0	-0.03623693065634871	-0.009829039282506528
0.063	0	0.00034388889907422	0	0	0	-0.001862084891050866	0	-0.03623197666881055	-0.009670206490379567
0.064	0	0.0003554608393716966	0	0	0	-0.001924875906663519	0	-0.03622529511322005	-0.009763161217950593
0.065	0	0.0003672206779193856	0	0	0	-0.001988693771492983	0	-0.03622459612970253	-0.009954860338574912
0.066	0	0.0003791687113563544	0	0	0	-0.002053539380189607	0	-0.03622762668532462	-0.009937029570268685
0.067	0	0.0003913046275986788	0	0	0	-0.002119411535559237	0	-0.03622643152556491	-0.009765158956267632
0.068	0	0.000403627688853767	0	0	0	-0.002186307576524149	0	-0.03622078791932146	-0.009746760235994429
0.06900000000000001	0	0.0004161376051047175	0	0	0	-0.002254226383462009	0	-0.0362182137569965	-0.009919518186561345
0.07000000000000001	0	0.0004288346169422746	0	0	0	-0.002323168664785307	0	-0.03622111326974876	-0.01000407040059424
0.07100000000000001	0	0.0004417186972542248	0	0	0	-0.002393134210847384	0	-0.03622307763107581	-0.009881770989982051
0.07200000000000001	0	0.0004547892338454884	0	0	0	-0.002464120800436609	0	-0.03621989784829932	-0.009781766948086518
0.073	0	0.0004680456925615692	0	0	0	-0.002536126481433937	0	-0.0362163986006724	-0.009884157295762367
0.074	0	0.0004814881102006593	0	0	0	-0.002609151267585564	0	-0.03621802623459824	-0.01002691471969158
0.075	0	0.0004951166208162043	0	0	0	-0.002683195510054488	0	-0.03622183746838029	-0.009990694585819502
0.076	0	0.0005089308442905643	0	0	0	-0.00275825779313652	0	-0.03622178000833058	-0.009862429922943271
0.077	0	0.0005229301512762295	0	0	0	-0.002834335844456975	0	-0.03621878361049864	-0.009875519753829375
0.078	0	0.0005371143182478985	0	0	0	-0.002911428788681728	0	-0.03621888710234074	-0.01001925621652213
0.079	0	0.0005514834785321564	0	0	0	-0.002989536980342324	0	-0.03622304732536388	-0.01006997201801438
0.08	0	0.0005660374895552737	0	0	0	-0.003068659827275948	0	-0.03622584575214453	-0.009968746039523947
0.081	0	0.0005807757832615904	0	0	0	-0.003148795274804187	0	-0.03622468061865865	-0.009908685099434007
0.082	0	0.0005956979181679949	0	0	0	-0.003229941704308997	0	-0.03622388137995414	-0.010005192819915
0.083	0	0.0006108038894772288	0	0	0	-0.003312099000877289	0	-0.03622726433665456	-0.01011228769453841
0.08400000000000001	0	0.0006260937079091255	0	0	0	-0.00339526710537338	0	-0.03623192154140469	-0.01007503087307494
0.08500000000000001	0	0.0006415669729815776	0	0	0	-0.003479444545866648	0	-0.03623332232769655	-0.009982623494072838
0.08600000000000001	0	0.0006572231379362742	0	0	0	-0.003564629347981536	0	-0.0362327757579354	-0.01000929037966652
0.08700000000000001	0	0.0006730619937583126	0	0	0	-0.00365082070005381	0	-0.03623499618396637	-0.01012630314584482
0.08799999999999999	0	0.0006890835741646597	0	0	0	-0.003738018627326693	0	-0.0362402397931223	-0.01016011123263943
0.089	0	0.0007052876689043528	0	0	0	-0.003826222317911171	0	-0.03624413012122563	-0.01008219947909967
0.09	0	0.0007216737573120936	0	0	0	-0.003915429893261137	0	-0.03624500632019816	-0.01004716619082956
0.091	0	0.000738241446133592	0	0	0	-0.004005639913749783	0	-0.0362464748314669	-0.01013171240537431
0.092	0	0.0007549906721927826	0	0	0	-0.004096852076459715	0	-0.03625127601133531	-0.01021506824244731
0.093	0	0.0007719213570787253	0	0	0	-0.00418906602811568	0	-0.03625688906044519	-0.01018543663503991
0.094	0	0.0007890331025003889	0	0	0	-0.004282280316710826	0	-0.03625989490846776	-0.01012025567298826
0.095	0	0.0008063254172443741	0	0	0	-0.004376493171366469	0	-0.03626154786613799	-0.0101502326067836
0.096	0	0.0008237980772873694	0	0	0	-0.004471703741073982	0	-0.03626549847420014	-0.01024554882901916
0.097	0	0.0008414510315265823	0	0	0	-0.004567911771259625	0	-0.03627176555045206	-0.01027310271665509
0.098	0	0.0008592840312415558	0	0	0	-0.004665116329455845	0	-0.03627690515957818	-0.01021672892793119
0.099	0	0.0008772965956770236	0	0	0	-0.004763315686185218	0	-0.03627974238915651	-0.01019650901281793
0.1	0	0.0008954883496874712	0	0	0	-0.00486250847586418	0	-0.03628313917994724	-0.01026785431407543
0.101	0	0.0009138591684951292	0	0	0	-0.004962694195183875	0	-0.03628916757689359	-0.01033636198953794
0.102	0	0.0009324089094620561	0	0	0	-0.005063872281167051	0	-0.03629582312963221	-0.01031783650274105
0.103	0	0.000951137184457698	0	0	0	-0.005166041327935163	0	-0.03630046536099311	-0.0102727118791109
0.104	0	0.0009700435358041531	0	0	0	-0.005269199691179543	0	-0.03630408263544925	-0.01030082687613629
0.105	0	0.0009891277096518308	0	0	0	-0.005373346428383335	0	-0.03630950988419798	-0.01037945371201045
0.106	0	0.001008389584319449	0	0	0	-0.005478481053005778	0	-0.0363167843546157	-0.0104067408527668
0.107	0	0.001027828888344981	0	0	0	-0.005584602564999931	0	-0.03632324159282449	-0.01036896686795966
0.108	0	0.001047445170757691	0	0	0	-0.005691709348019027	0	-0.03632791902902558	-0.01035729270410076
0.109	0	0.001067238056047641	0	0	0	-0.0057998000458875	0	-0.03633299712542137	-0.01041630627867229
0.11	0	0.001087207360348441	0	0	0	-0.005908873962502189	0	-0.03634014429869867	-0.01047579746840218
0.111	0	0.001107352892680467	0	0	0	-0.006018930378819268	0	-0.03634788695022668	-0.01046912710785603
0.112	0	0.001127674275601805	0	0	0	-0.006129967935899114	0	-0.03635412969992123	-0.01043897137302926
0.113	0	0.001148171069414656	0	0	0	-0.006241985061496675	0	-0.03635951788037805	-0.01046310623505984
0.114	0	0.001168842984265484	0	0	0	-0.006354980699376103	0	-0.03636626071326576	-0.01052897186767125
0.115	0	0.001189689838728252	0	0	0	-0.006468954167375976	0	-0.03637453111885925	-0.01055890513090283
0.116	0	0.001210711345701096	0	0	0	-0.006583904421389022	0	-0.03638230975739845	-0.01053693118092053
0.117	0	0.00123190707469731	0	0	0	-0.006699829925294155	0	-0.036388702424329	-0.01053041319540184
0.118	0	0.00125327663969726	0	0	0	-0.006816729296542388	0	-0.03639529122064562	-0.01057864215054185
0.119	0	0.001274819801971369	0	0	0	-0.006934601659931651	0	-0.03640349148760523	-0.01063248687486103
0.12	0	0.001296536331018562	0	0	0	-0.007053446169873606	0	-0.03641232610509724	-0.01063710481505647
0.121	0	0.001318425857311577	0	0	0	-0.007173261504999372	0	-0.03642071685651639	-0.01061888944071575
0.122	0	0.001340487954172655	0	0	0	-0.007294046157089302	0	-0.03642922931954907	-0.01063909697516215
0.123	0	0.00136272230653066	0	0	0	-0.007415799015294104	0	-0.03643928734383958	-0.01069549943845082
0.124	0	0.001385128697493144	0	0	0	-0.007538519316776826	0	-0.03645103749929074	-0.01072967803782558
0.125	0	0.001407706846163786	0	0	0	-0.007662206086288998	0	-0.03646286863764736	-0.01072198163727212
0.126	0	0.001430456357447929	0	0	0	-0.007786857961207631	0	-0.0364738138747686	-0.01072002114185836
0.127	0	0.001453376854093129	0	0	0	-0.007912473643685365	0	-0.03648486875463002	-0.01076000384424908
0.128	0	0.001476468071697342	0	0	0	-0.008039052226350577	0	-0.03649720543278032	-0.01081066014512086
0.129	0	0.001499729769360467	0	0	0	-0.008166592884761712	0	-0.03651024670310192	-0.01082613530631691
0.13	0	0.001523161606053183	0	0	0	-0.008295094451904282	0	-0.03652261981337744	-0.01081856857733267
0.131	0	0.00154676317769922	0	0	0	-0.008424555545000141	0	-0.03653431028257315	-0.01083569188555281
0.132	0	0.001570534147053421	0	0	0	-0.008554975011588316	0	-0.03654657655764514	-0.01088418360792792
0.133	0	0.001594474257884708	0	0	0	-0.008686351978349695	0	-0.03655989263776434	-0.010921652464491
0.134	0	0.001618583218101669	0	0	0	-0.008818685449469331	0	-0.03657324299522664	-0.01092562352042339
0.135	0	0.001642860641681536	0	0	0	-0.008951974106799565	0	-0.0365857824743366	-0.01092738486520813
0.136	0	0.001667306136293239	0	0	0	-0.009086216610723048	0	-0.03659813510272057	-0.0109601106135981
0.137	0	0.001691919391433516	0	0	0	-0.009221411903080966	0	-0.03661133354032351	-0.01100714686317182
0.138	0	0.001716700130037633	0	0	0	-0.009357559041093666	0	-0.03662518448476128	-0.01103081658551906
0.139	0	0.001741648006794722	0	0	0	-0.009494656847927767	0	-0.03663864045847283	-0.01103217759137561
0.14	0	0.001766762614233215	0	0	0	-0.009632703933382588	0	-0.03665147363001498	-0.01104710372726445
0.141	0	0.001792043580668837	0	0	0	-0.009771699030358679	0	-0.03666457847989608	-0.01108861093534996
0.142	0	0.001817490602676697	0	0	0	-0.009911641106594921	0	-0.03667851937713298	-0.01112804125771675
0.143	0	0.001843103365769843	0	0	0	-0.0100525290922733	0	-0.03669267680863829	-0.01114186475138389
0.144	0	0.001868881482617084	0	0	0	-0.01019436166764436	0	-0.03670627283579084	-0.01114777269713402
0.145	0	0.001894824543293368	0	0	0	-0.01033713743550126	0	-0.03671958335453693	-0.01117491736878912
0.146	0	0.001920932193212473	0	0	0	-0.01048085518895298	0	-0.03673344953955058	-0.01121823022590686
0.147	0	0.001947204116842464	0	0	0	-0.01062551385565571	0	-0.0367479448169765	-0.01124824770127797
0.148	0	0.001973639957920645	0	0	0	-0.01077111222376702	0	-0.03676230986925627	-0.01125795515366041
0.149	0	0.002000239302866154	0	0	0	-0.01091764888481888	0	-0.03677616693972455	-0.01127227199262563
0.15	0	0.002027001749151715	0	0	0	-0.01106512246849445	0	-0.03679008163187848	-0.01130783332694997
0.151	0	0.002053926948370701	0	0	0	-0.01121353179066672	0	-0.03680463479082121	-0.01134791146252862
0.152	0	0.002081014559396088	0	0	0	-0.01136287569263702	0	-0.03681953079236817	-0.01137005774725938
0.153	0	0.002108264188849972	0	0	0	-0.01151315283661886	0	-0.03683410287751304	-0.01138088546032774
0.154	0	0.002135675410963856	0	0	0	-0.01166436177381867	0	-0.03684835542811506	-0.01140422398911403
0.155	0	0.002163247831621337	0	0	0	-0.01181650116438597	0	-0.03686291858957187	-0.01144361492237137
0.156	0	0.002190981095915543	0	0	0	-0.01196956980349579	0	-0.03687804642983127	-0.01147808436801494
0.157	0	0.002218874831050328	0	0	0	-0.01212356642531769	0	-0.03689325001339815	-0.01149563892475385
0.158	0	0.002246928615653244	0	0	0	-0.01227848959754214	0	-0.03690808950317376	-0.01151105805808701
0.159	0	0.002275142020786313	0	0	0	-0.01243433786212647	0	-0.0369228392609157	-0.01154177046291354
0.16	0	0.00230351465578471	0	0	0	-0.01259110989275591	0	-0.03693802945623792	-0.01158113683038771
0.161	0	0.002332046148835532	0	0	0	-0.01274880442826488	0	-0.03695362257269101	-0.01160996822011738
0.162	0	0.002360736095729005	0	0	0	-0.01290742009666361	0	-0.03696910327756611	-0.01162645427910229
0.163	0	0.00238958405660873	0	0	0	-0.01306695540388306	0	-0.03698429070815858	-0.01164789503387835
0.164	0	0.002418589602777545	0	0	0	-0.0132274088944482	0	-0.03699959170313034	-0.01168331389132244
0.165	0	0.002447752339526039	0	0	0	-0.01338877922993915	0	-0.03701534921340068	-0.01172025793970322
0.166	0	0.002477071871827099	0	0	0	-0.01355106507128519	0	-0.03703132692050901	-0.01174492299380545
0.167	0	0.002506547768239475	0	0	0	-0.01371426495479871	0	-0.03704709966586311	-0.01176312914085398
0.168	0	0.002536179577743251	0	0	0	-0.01387837734989317	0	-0.03706270771921279	-0.01179036844507396
0.169	0	0.002565966870877058	0	0	0	-0.01404340080031507	0	-0.03707856870913246	-0.01182783694884567
0.17	0	0.002595909241619865	0	0	0	-0.01420933393068875	0	-0.03709482330901301	-0.01186146787756645
0.171	0	0.002626006269530063	0	0	0	-0.01437617531658425	0	-0.03711114101933172	-0.0118840279464374
0.172	0	0.002656257501538839	0	0	0	-0.01454392342196115	0	-0.03712724486418828	-0.01190561039189104
0.173	0	0.002686662479627746	0	0	0	-0.01471257669412129	0	-0.03714332326947956	-0.01193743623044205
0.174	0	0.002717220770014552	0	0	0	-0.01488213366392617	0	-0.03715972079661952	-0.0119749286171356
0.175	0	0.002747931949941643	0	0	0	-0.01505259290052249	0	-0.03717641100155226	-0.01200550486322099
0.176	0	0.002778795574400745	0	0	0	-0.01522395289713543	0	-0.03719305623730657	-0.01202791320313703
0.177	0	0.002809811173863458	0	0	0	-0.01539621206321961	0	-0.03720953395726087	-0.01205344265724908
0.178	0	0.002840978284542466	0	0	0	-0.01556936882829313	0	-0.03722610500746409	-0.01208830043847466
0.179	0	0.002872296463990349	0	0	0	-0.01574342169552404	0	-0.03724300122149756	-0.01212463145421865
0.18	0	0.00290376526960918	0	0	0	-0.01591836916803155	0	-0.03726008210650725	-0.01215306743390498
0.181	0	0.002935384234349511	0	0	0	-0.01609420966547169	0	-0.03727706422093693	-0.01217678334453448
0.182	0	0.002967152875966674	0	0	0	-0.01627094155575039	0	-0.03729395234730664	-0.01220603602936966
0.183	0	0.002999070724048729	0	0	0	-0.01644856324777108	0	-0.03731101523921004	-0.01224248891570205
0.184	0	0.003031137323555562	0	0	0	-0.01662707320363373	0	-0.03732836910755381	-0.01227724274098615
0.185	0	0.003063352211021469	0	0	0	-0.01680646985701002	0	-0.03734581534604371	-0.01230466125454406
0.186	0	0.003095714900344812	0	0	0	-0.01698675156435355	0	-0.03736315273256482	-0.01233053758124971
0.187	0	0.003128224898645382	0	0	0	-0.01716791665927052	0	-0.03738047407087689	-0.01236284689756105
0.188	0	0.003160881726912158	0	0	0	-0.01734996352338041	0	-0.03739801326122377	-0.01239982159190914
0.189	0	0.003193684914630176	0	0	0	-0.01753289056793091	0	-0.03741578961185311	-0.01243313199785513
0.19	0	0.003226633977875621	0	0	0	-0.01771669615866025	0	-0.03743359188508304	-0.01246055988217976
0.191	0	0.003259728414157196	0	0	0	-0.01790137859806535	0	-0.03745130385678468	-0.0124889121104143
0.192	0	0.003292967720603184	0	0	0	-0.01808693618777111	0	-0.03746906774362502	-0.01252347162295117
0.193	0	0.003326351407324437	0	0	0	-0.0182733672743999	0	-0.03748706077266743	-0.01256031997766631
0.194	0	0.003359878986616844	0	0	0	-0.01846067021257307	0	-0.03750523269386376	-0.01259262660875003
0.195	0	0.003393549955279258	0	0	0	-0.01864884330425642	0	-0.03752339124814826	-0.01262083750650197
0.196	0	0.003427363796373765	0	0	0	-0.01883788480476645	0	-0.03754149343463394	-0.01265159718655785
0.197	0	0.003461319996681634	0	0	0	-0.01902779298263552	0	-0.03755969810059948	-0.01268766532668466
0.198	0	0.003495418053387806	0	0	0	-0.01921856614257124	0	-0.03757812152585594	-0.0127241106114264
0.199	0	0.003529657460876512	0	0	0	-0.01941020258019896	0	-0.03759667135374429	-0.01275595519619576
0.2	0	0.003564037698079588	0	0	0	-0.01960270053866085	0	-0.03761519113395663	-0.01278543161134525
0.201	0	0.00359855823476072	0	0	0	-0.01979605823014171	0	-0.03763369269086039	-0.01281831343094834
0.202	0	0.00363321854646045	0	0	0	-0.01999027388712413	0	-0.03765232896871883	-0.01285531498703067
0.203	0	0.00366801811586662	0	0	0	-0.02018534576712012	0	-0.03767116182959571	-0.01289134881309438
0.204	0	0.003702956419433523	0	0	0	-0.02038127210680631	0	-0.03769007877233966	-0.01292323863071062
0.205	0	0.003738032919508824	0	0	0	-0.02057805109501235	0	-0.03770896549093582	-0.01295420797362018
0.206	0	0.003773247073030953	0	0	0	-0.02077568090252399	0	-0.03772786980170091	-0.01298884519262191
0.207	0	0.003808598343226319	0	0	0	-0.02097415972220107	0	-0.03774692421150358	-0.01302639800939842
0.208	0	0.003844086197248866	0	0	0	-0.02117348576091356	0	-0.03776614840952407	-0.01306216834762824
0.209	0	0.003879710093998387	0	0	0	-0.02137365719778767	0	-0.03778542725929856	-0.01309450745761017
0.21	0	0.003915469480229595	0	0	0	-0.02157467217085059	0	-0.03780468517104291	-0.01312701001679482
0.211	0	0.003951363800045442	0	0	0	-0.02177652880956368	0	-0.03782399008156849	-0.01316304574611747
0.212	0	0.003987392503341293	0	0	0	-0.02197922526378565	0	-0.03784344826364867	-0.01320093928491072
0.213	0	0.004023555041161033	0	0	0	-0.02218275968787858	0	-0.03786304998680547	-0.01323666208343756
0.214	0	0.004059850855388219	0	0	0	-0.02238713020537493	0	-0.03788268854684337	-0.01326973058011238
0.215	0	0.004096279377838741	0	0	0	-0.02259233490585264	0	-0.03790231834358979	-0.01330369067666845
0.216	0	0.004132840039482428	0	0	0	-0.02279837187653777	0	-0.0379220175338626	-0.01334082631653904
0.217	0	0.004169532276043123	0	0	0	-0.02300523922151533	0	-0.03794186609660474	-0.01337897967011907
0.218	0	0.004206355522221137	0	0	0	-0.02321293504194872	0	-0.0379618345443975	-0.01341487687758948
0.219	0	0.004243309203424893	0	0	0	-0.02342145740774255	0	-0.03798183017229687	-0.01344884125725467
0.22	0	0.004280392736886093	0	0	0	-0.02363080436135159	0	-0.03800183173202153	-0.01348412618838826
0.221	0	0.004317605540014539	0	0	0	-0.02384097394641191	0	-0.0380219163314232	-0.0135221380569038
0.222	0	0.004354947033733987	0	0	0	-0.0240519642191893	0	-0.03804214215421353	-0.01356055535175193
0.223	0	0.004392416636388108	0	0	0	-0.02426377322771363	0	-0.03806246900293599	-0.01359682062725335
0.224	0	0.004430013757368787	0	0	0	-0.02447639898994386	0	-0.03808281950740821	-0.01363175852398824
0.225	0	0.004467737799452603	0	0	0	-0.02468983950176355	0	-0.03810318913719352	-0.0136682192607892
0.226	0	0.004505588166036108	0	0	0	-0.02490409276177397	0	-0.0381236492597652	-0.01370695553505885
0.227	0	0.0045435642628141	0	0	0	-0.02511915677706071	0	-0.03814424128174902	-0.01374568783898581
0.228	0	0.004581665491880393	0	0	0	-0.02533502954299552	0	-0.03816491944465481	-0.01378247232855104
0.229	0	0.00461989124695487	0	0	0	-0.02555170902688213	0	-0.03818562132598664	-0.01381839964174238
0.23	0	0.004658240916335717	0	0	0	-0.02576919317806203	0	-0.03820635363342999	-0.01385589635115159
0.231	0	0.004696713888992912	0	0	0	-0.02598747994879333	0	-0.03822717927457123	-0.01389526386819051
0.232	0	0.00473530955512316	0	0	0	-0.02620656729616747	0	-0.03824812654788399	-0.01393438146595153
0.233	0	0.004774027300725274	0	0	0	-0.0264264531635378	0	-0.03826915013614261	-0.01397179275831737
0.234	0	0.004812866504079677	0	0	0	-0.02664713546845817	0	-0.03829019934692347	-0.01400868778140554
0.235	0	0.004851826538896491	0	0	0	-0.02686861211346007	0	-0.03831128727887283	-0.01404710126859053
0.236	0	0.004890906779372426	0	0	0	-0.02709088100337817	0	-0.03833246822762048	-0.01408704957765936
0.237	0	0.004930106600053563	0	0	0	-0.02731394004489482	0	-0.03835376149483168	-0.01412662401553805
0.238	0	0.004969425371002012	0	0	0	-0.02753778712999515	0	-0.03837512424730479	-0.01416473232780343
0.239	0	0.005008862455199009	0	0	0	-0.02776242012707138	0	-0.03839651547219386	-0.01420255416513773
0.24	0	0.005048417211618431	0	0	0	-0.02798783689144417	0	-0.03841795088518211	-0.01424178914937502
0.241	0	0.005088088999410208	0	0	0	-0.02821403527969439	0	-0.038439477238561	-0.0142822956793421
0.242	0	0.005127877177393954	0	0	0	-0.02844101314794222	0	-0.03846110758977807	-0.01432239045250613
0.243	0	0.005167781099835143	0	0	0	-0.02866876833739121	0	-0.03848280337219104	-0.01436123711873424
0.244	0	0.005207800114488634	0	0	0	-0.02889729866762749	0	-0.03850453006519849	-0.01439993815694244
0.245	0	0.005247933565438702	0	0	0	-0.02912660194634155	0	-0.03852630489575881	-0.01443992132040757
0.246	0	0.00528818079658294	0	0	0	-0.0293566759812618	0	-0.0385481670855651	-0.01448097952272404
0.247	0	0.005328541150987293	0	0	0	-0.02958751857795851	0	-0.03857012556746799	-0.0145216456320235
0.248	0	0.005369013967234537	0	0	0	-0.02981912752734934	0	-0.03859214753461603	-0.01456125153353439
0.249	0	0.005409598577883314	0	0	0	-0.03005150060042235	0	-0.03861420316184352	-0.01460078515029329
0.25	0	0.005450294311990669	0	0	0	-0.03028463555687043	0	-0.0386363076524724	-0.0146414613781608
0.251	0	0.005491100498052622	0	0	0	-0.03051853015516275	0	-0.03865849683567162	-0.01468307216499833
0.252	0	0.005532016463380409	0	0	0	-0.03075318215041968	0	-0.03868077518927821	-0.0147243474848247
0.253	0	0.005573041530960768	0	0	0	-0.03098858928367299	0	-0.03870311522920004	-0.01476472041168521
0.254	0	0.005614175018161511	0	0	0	-0.03122474927743425	0	-0.03872549264049562	-0.01480504523991668
0.255	0	0.005655416238898346	0	0	0	-0.03146165984311016	0	-0.03874791826108019	-0.01484637359420318
0.256	0	0.005696764506162702	0	0	0	-0.03169931868965987	0	-0.03877042341798058	-0.01488853936007841
0.257	0	0.005738219131519309	0	0	0	-0.03193772352188439	0	-0.03879301391758719	-0.01493044947043833
0.258	0	0.005779779422422529	0	0	0	-0.0321768720312487	0	-0.03881566453260739	-0.01497158922845069
0.259	0	0.005821444681043677	0	0	0	-0.03241676189186919	0	-0.03883835485157228	-0.01501267127973738
0.26	0	0.005863214206071832	0	0	0	-0.03265739076667504	0	-0.03886109287767978	-0.01505462126166495
0.261	0	0.005905087294925798	0	0	0	-0.03289875631498267	0	-0.03888390512279228	-0.01509734255848607
0.262	0	0.005947063243436398	0	0	0	-0.03314085619141669	0	-0.03890679862908107	-0.01513990175943298
0.263	0	0.005989141343567874	0	0	0	-0.0333836880381195	0	-0.0389297518426984	-0.01518180410989086
0.264	0	0.006031320882289371	0	0	0	-0.03362724948089148	0	-0.03895274630255086	-0.0152236173708636
0.265	0	0.006073601143007794	0	0	0	-0.03387153813409257	0	-0.03897578753724181	-0.01526616644754844
0.266	0	0.006115981407530503	0	0	0	-0.03411655160736163	0	-0.0389988976088334	-0.01530944000888443
0.267	0	0.006158460955965721	0	0	0	-0.03436228750528351	0	-0.03902208502199626	-0.01535265268414981
0.268	0	0.006201039064814349	0	0	0	-0.03460874342086678	0	-0.03904533221117649	-0.01539531119936968
0.269	0	0.006243715005841875	0	0	0	-0.03485591693168693	0	-0.03906862186348348	-0.01543783770284755
0.27	0	0.006286488047147436	0	0	0	-0.03510380560354307	0	-0.03909195667524472	-0.01548096971815651
0.271	0	0.00632935745491291	0	0	0	-0.0353524069964445	0	-0.03911535558460827	-0.01552478797880139
0.272	0	0.006372322493533964	0	0	0	-0.03560171866506594	0	-0.03913882759537584	-0.01556864943079899
0.273	0	0.006415382424062385	0	0	0	-0.03585173815342551	0	-0.03916235938154901	-0.01561205597461195
0.274	0	0.006458536503064015	0	0	0	-0.0361024629909814	0	-0.03918593521668182	-0.01565528529283388
0.275	0	0.00650178398333323	0	0	0	-0.0363538906950755	0	-0.03920955457300927	-0.01569898998992951
0.276	0	0.006545124115436406	0	0	0	-0.03660601877621496	0	-0.03923323254032311	-0.01574334153291295
0.277	0	0.006588556148066543	0	0	0	-0.03685884473929119	0	-0.03925697969441772	-0.0157878385652374
0.278	0	0.006632079326830047	0	0	0	-0.03711236607943662	0	-0.0392807868500822	-0.01583198289774835
0.279	0	0.006675692893102812	0	0	0	-0.03736658027811625	0	-0.03930463873092521	-0.01587591103701753
0.28	0	0.006719396084402163	0	0	0	-0.03762148480440027	0	-0.03932853316347689	-0.01592018445526844
0.281	0	0.006763188135713583	0	0	0	-0.0378770771195026	0	-0.03935248118393591	-0.01596505558998531
0.282	0	0.006807068280042052	0	0	0	-0.03813335467867145	0	-0.0393764937981423	-0.01601016694613114
0.283	0	0.006851035747543686	0	0	0	-0.03839031492822607	0	-0.03940056656901211	-0.01605503490914822
0.284	0	0.0068950897644151	0	0	0	-0.0386479553017629	0	-0.03942468478810873	-0.01609966268153236
0.285	0	0.006939229552945874	0	0	0	-0.03890627322033663	0	-0.03944884456307166	-0.01614450791926589
0.286	0	0.00698345433260118	0	0	0	-0.03916526609616259	0	-0.03947305311951634	-0.01618988527153055
0.287	0	0.007027763320723353	0	0	0	-0.03942493133501984	0	-0.03949732177112902	-0.0162355825570231
0.288	0	0.007072155732007758	0	0	0	-0.03968526633446465	0	-0.03952164901855941	-0.0162811538285422
0.289	0	0.007116630777478348	0	0	0	-0.03994626848033294	0	-0.03954602354666886	-0.01632648410777378
0.29	0	0.007161187664261086	0	0	0	-0.04020793514596741	0	-0.03957043893384805	-0.01637191187704689
0.291	0	0.007205825596388493	0	0	0	-0.04047026369496878	0	-0.03959489886131803	-0.01641778579798727
0.292	0	0.007250543775584439	0	0	0	-0.04073325148388194	0	-0.03961941353249643	-0.01646403552555768
0.293	0	0.007295341401072073	0	0	0	-0.04099689586154436	0	-0.03964398554423063	-0.0165102813160925
0.294	0	0.007340217668701442	0	0	0	-0.04126119416610867	0	-0.03966860534087448	-0.01655631500417579
0.295	0	0.007385171770503793	0	0	0	-0.04152614372352233	0	-0.03969326602710789	-0.01660234311063327
0.296	0	0.007430202895191979	0	0	0	-0.04179174184923853	0	-0.03971796809218973	-0.01664871174472458
0.297	0	0.007475310228943596	0	0	0	-0.04205798585089515	0	-0.03974271884675722	-0.01669547891594506
0.298	0	0.007520492955506024	0	0	0	-0.04232487302867863	0	-0.03976752476332379	-0.01674236045337846
0.299	0	0.007565750255542352	0	0	0	-0.04259240067309242	0	-0.03979237910552821	-0.01678909130569933
0.3	0	0.007611081306051837	0	0	0	-0.04286056606298049	0	-0.03981727450127381	-0.01683574214652583
0.301	0	0.007656485280559866	0	0	0	-0.0431293664661774	0	-0.03984220887510601	-0.01688261496777893
0.302	0	0.007701961349804776	0	0	0	-0.043398799141857	0	-0.03986718679247152	-0.0169298687919512
0.303	0	0.007747508682075674	0	0	0	-0.04366886134169048	0	-0.03989221591677986	-0.0169773380481189
0.304	0	0.007793126442826282	0	0	0	-0.04393955030853082	0	-0.03991729324985756	-0.01702474710810946
0.305	0	0.007838813794067763	0	0	0	-0.04421086327434253	0	-0.03994241249536193	-0.01707204223056187
0.306	0	0.007884569894276963	0	0	0	-0.04448279745988939	0	-0.03996756885906076	-0.01711944158645636
0.307	0	0.007930393898897574	0	0	0	-0.04475535007644849	0	-0.03999276487323032	-0.01716716263498152
0.308	0	0.007976284960813955	0	0	0	-0.0450285183274314	0	-0.04001800707874289	-0.01721516665696636
0.309	0	0.008022242230248691	0	0	0	-0.04530229940803789	0	-0.04004329599388112	-0.01726321815207459
0.31	0	0.008068264854241839	0	0	0	-0.04557669050348123	0	-0.04006862775424639	-0.01731116996567076
0.311	0	0.008114351976348352	0	0	0	-0.0458516887879566	0	-0.04009399569520888	-0.01735912857120989
0.312	0	0.008160502736893097	0	0	0	-0.04612729142551392	0	-0.04011939999638356	-0.01740731567352305
0.313	0	0.008206716273459034	0	0	0	-0.04640349557172709	0	-0.0401448455898164	-0.01745580525451068
0.314	0	0.008252991721035746	0	0	0	-0.04668029837420417	0	-0.04017033479737617	-0.01750444638288134
0.315	0	0.00829932821168225	0	0	0	-0.04695769697143995	0	-0.04019586694913587	-0.01755304864256117
0.316	0	0.008345724874125772	0	0	0	-0.04723568849144805	0	-0.04022143583352512	-0.01760160139007757
0.317	0	0.008392180833760209	0	0	0	-0.04751427005175763	0	-0.04024703814856825	-0.01765027500389044
0.318	0	0.008438695213026067	0	0	0	-0.04779343876071255	0	-0.0402726777452775	-0.01769921656286942
0.319	0	0.008485267131722641	0	0	0	-0.04807319171853916	0	-0.04029835691674224	-0.01774838423070563
0.32	0	0.008531895706906814	0	0	0	-0.04835352601700452	0	-0.04032407718142669	-0.01779760477837525
0.321	0	0.008578580052524713	0	0	0	-0.04863443873816167	0	-0.04034983539084994	-0.01784677513253827
0.322	0	0.008625319279208997	0	0	0	-0.04891592695365922	0	-0.04037562581124949	-0.01789597320438746
0.323	0	0.008672112494461717	0	0	0	-0.04919798772536787	0	-0.04040144965014028	-0.01794535999220791
0.324	0	0.00871895880300126	0	0	0	-0.04948061810656579	0	-0.04042730880056486	-0.01799499526664507
0.325	0	0.008765857306880634	0	0	0	-0.04976381514234561	0	-0.0404532061952395	-0.0180447766490788
0.326	0	0.008812807105267207	0	0	0	-0.05004757586886523	0	-0.04047914114028466	-0.01809456136251597
0.327	0	0.008859807294151681	0	0	0	-0.0503318973123567	0	-0.04050510832785555	-0.01814432502198956
0.328	0	0.00890685696631404	0	0	0	-0.05061677648901214	0	-0.04053110666635023	-0.01819418096617094
0.329	0	0.008953955211573748	0	0	0	-0.05090221040583851	0	-0.04055713618082463	-0.01824424801042947
0.33	0	0.009001101117036498	0	0	0	-0.05118819606150214	0	-0.0405831997704438	-0.0182945203891499
0.331	0	0.009048293767076389	0	0	0	-0.05147473044627034	0	-0.04060929962204506	-0.01834488057996042
0.332	0	0.009095532243094116	0	0	0	-0.05176181054118839	0	-0.04063543171562349	-0.01839523206558058
0.333	0	0.009142815623329493	0	0	0	-0.05204943331744229	0	-0.04066159374082282	-0.01844560133872413
0.334	0	0.009190142982932461	0	0	0	-0.05233759573660202	0	-0.04068778470168887	-0.01849610184391259
0.335	0	0.009237513394203971	0	0	0	-0.05262629475144488	0	-0.04071400484097538	-0.01854680735296981
0.336	0	0.009284925926744254	0	0	0	-0.05291552730646394	0	-0.04074025800644226	-0.01859767527145486
0.337	0	0.009332379647363869	0	0	0	-0.05320529033756601	0	-0.0407665427310827	-0.01864859788093709
0.338	0	0.009379873619869167	0	0	0	-0.0534955807713425	0	-0.04079285738192038	-0.01869951913988938
0.339	0	0.009427406904963036	0	0	0	-0.05378639552473213	0	-0.04081919894983149	-0.01875048997512899
0.34	0	0.009474978560361022	0	0	0	-0.05407773150541823	0	-0.04084556659042878	-0.01880160824260462
0.341	0	0.009522587640993164	0	0	0	-0.05436958561251907	0	-0.04087196330397182	-0.01885291350659354
0.342	0	0.00957023319908238	0	0	0	-0.05466195473685632	0	-0.04089838885314571	-0.01890434877814205
0.343	0	0.009617914284029309	0	0	0	-0.05495483576056527	0	-0.04092484397306625	-0.01895582442976997
0.344	0	0.009665629942242212	0	0	0	-0.0552482255565156	0	-0.0409513251231751	-0.019007311732682
0.345	0	0.009713379217092722	0	0	0	-0.05554212098816242	0	-0.04097783114072055	-0.01905886819791045
0.346	0	0.009761161149041448	0	0	0	-0.05583651890997526	0	-0.04100436173178691	-0.01911057329237318
0.347	0	0.009808974775798463	0	0	0	-0.05613141616798698	0	-0.04103091755633683	-0.01916244588078509
0.348	0	0.009856819132359168	0	0	0	-0.05642680959991801	0	-0.04105750131226907	-0.01921442806972452
0.349	0	0.009904693250893588	0	0	0	-0.05672269603479991	0	-0.04108411056917911	-0.01926644740658134
0.35	0	0.00995259616061289	0	0	0	-0.05701907229252236	0	-0.04111074374187772	-0.01931848981253423
0.351	0	0.01000052688775505	0	0	0	-0.05731593518378512	0	-0.04113739927181493	-0.01937060965256109
0.352	0	0.01004848445570002	0	0	0	-0.05761328151049174	0	-0.04116407690857733	-0.01942287114027903
0.353	0	0.01009646788509709	0	0	0	-0.05791110806618519	0	-0.0411907784707082	-0.01947528364461703
0.354	0	0.01014447619388364	0	0	0	-0.05820941163611274	0	-0.04121750374954764	-0.01952779507446668
0.355	0	0.01019250839718787	0	0	0	-0.05850818899689657	0	-0.04124425278245817	-0.01958034596904693
0.356	0	0.01024056350722473	0	0	0	-0.05880743691617953	0	-0.04127102278325878	-0.01963292738572
0.357	0	0.01028864053329017	0	0	0	-0.05910715215260714	0	-0.04129781283152215	-0.01968558606071455
0.358	0	0.01033673848185899	0	0	0	-0.05940733145616157	0	-0.04132462345085446	-0.01973837536957022
0.359	0	0.01038485635668972	0	0	0	-0.05970797156852024	0	-0.04135145458566986	-0.01979130298031246
0.36	0	0.01043299315883983	0	0	0	-0.06000906922310911	0	-0.04137830776247924	-0.01984432560084923
0.361	0	0.01048114788658893	0	0	0	-0.06031062114484176	0	-0.04140518127415933	-0.01989739266450603
0.362	0	0.01052931953535246	0	0	0	-0.06061262404982674	0	-0.04143207374331478	-0.01995049415028991
0.363	0	0.01057750709767413	0	0	0	-0.06091507464534235	0	-0.04145898459096498	-0.02000366708891457
0.364	0	0.01062570956330353	0	0	0	-0.06121796963010193	0	-0.04148591273659466	-0.02005695741704881
0.365	0	0.01067392591928488	0	0	0	-0.0615213056945571	0	-0.0415128598875301	-0.02011037591137273
0.366	0	0.01072215514997946	0	0	0	-0.06182507952097505	0	-0.04153982542643642	-0.02016388964296802
0.367	0	0.01077039623700872	0	0	0	-0.06212928778324596	0	-0.04156680969706968	-0.02021745446011797
0.368	0	0.01081864815918213	0	0	0	-0.06243392714663782	0	-0.04159381088093907	-0.02027105574145916
0.369	0	0.01086690989248062	0	0	0	-0.06273899426774077	0	-0.04162082737797309	-0.02032471946288804
0.37	0	0.0109151804101121	0	0	0	-0.06304448579465695	0	-0.04164786022586556	-0.02037848554148805
0.371	0	0.01096345868258921	0	0	0	-0.06335039836726578	0	-0.04167490824624108	-0.02043237019992187
0.372	0	0.0110117436777604	0	0	0	-0.06365672861733057	0	-0.04170197346130203	-0.02048635214989475
0.373	0	0.01106003436077666	0	0	0	-0.06396347316838595	0	-0.04172905381629983	-0.02054039333375446
0.374	0	0.01110832969402992	0	0	0	-0.06427062863552915	0	-0.04175614946421746	-0.02059447334183531
0.375	0	0.01115662863712702	0	0	0	-0.0645781916253314	0	-0.04178325934439307	-0.02064860589565825
0.376	0	0.01120493014692272	0	0	0	-0.06488615873595083	0	-0.04181038191454688	-0.0207028241232093
0.377	0	0.01125323317758346	0	0	0	-0.06519452655735027	0	-0.04183751856018667	-0.02075714970009301
0.378	0	0.01130153668062957	0	0	0	-0.06550329167144127	0	-0.0418646685728979	-0.02081157399087008
0.379	0	0.0113498396049233	0	0	0	-0.06581245065204408	0	-0.04189183292984504	-0.02086606678450544
0.38	0	0.0113981408966232	0	0	0	-0.06612200006473239	0	-0.04191900983665244	-0.02092060312553849
0.381	0	0.01144643949914901	0	0	0	-0.06643193646671476	0	-0.04194619875673097	-0.02097518387116469
0.382	0	0.01149473435319232	0	0	0	-0.0667422564068709	0	-0.04197339938798895	-0.02102983283635233
0.383	0	0.01154302439676444	0	0	0	-0.06705295642591463	0	-0.04200061063900482	-0.02108457458212486
0.384	0	0.01159130856524236	0	0	0	-0.06736403305655098	0	-0.04202783372696949	-0.02113941302401243
0.385	0	0.01163958579137972	0	0	0	-0.06767548282351346	0	-0.04205506803168409	-0.02119432878785869
0.386	0	0.01168785500527885	0	0	0	-0.06798730224346974	0	-0.04208231384950058	-0.02124929624055399
0.387	0	0.01173611513435567	0	0	0	-0.06829948782490171	0	-0.04210956969329068	-0.02130430457544601
0.388	0	0.01178436510332989	0	0	0	-0.06861203606807276	0	-0.04213683487813868	-0.02135936527655409
0.389	0	0.01183260383425203	0	0	0	-0.06892494346511957	0	-0.04216410944771132	-0.02141450075938456
0.39	0	0.01188083024654651	0	0	0	-0.0692382065001986	0	-0.04219139256377245	-0.02146972482080527
0.391	0	0.01192904325703824	0	0	0	-0.06955182164957706	0	-0.04221868558387021	-0.02152503139025633
0.392	0	0.0119772417799479	0	0	0	-0.06986578538161656	0	-0.04224598727162673	-0.02158040004780657
0.393	0	0.01202542472686441	0	0	0	-0.0701800941566795	0	-0.04227329785282492	-0.02163581270251359
0.394	0	0.01207359100672389	0	0	0	-0.07049474442705776	0	-0.04230061626330636	-0.02169126729407173
0.395	0	0.01212173952581448	0	0	0	-0.07080973263698839	0	-0.04232794145515954	-0.02174677787253491
0.396	0	0.01216986918780569	0	0	0	-0.07112505522275389	0	-0.04235527408641948	-0.02180236198399355
0.397	0	0.01221797889378233	0	0	0	-0.07144070861279674	0	-0.0423826132031383	-0.02185802614454605
0.398	0	0.01226606754225893	0	0	0	-0.07175668922776894	0	-0.04240995997019287	-0.02191376088540352
0.399	0	0.01231413402917081	0	0	0	-0.07207299348050106	0	-0.04243731309490838	-0.02196954847069056
0.4	0	0.01236217724785259	0	0	0	-0.07238961777592899	0	-0.04246467285150496	-0.02202537646206927
0.401	0	0.01241019608902716	0	0	0	-0.07270655851105608	0	-0.04249203818442979	-0.02208124630902893
0.402	0	0.01245818944081574	0	0	0	-0.07302381207498693	0	-0.04251940809710036	-0.02213717082613375
0.403	0	0.01250615618876417	0	0	0	-0.07334137484901647	0	-0.04254678380568302	-0.02219316328101711
0.404	0	0.0125540952158696	0	0	0	-0.07365924320672006	0	-0.04257416367263134	-0.02224922686476443
0.405	0	0.01260200540258976	0	0	0	-0.07397741351398489	0	-0.04260154908666194	-0.02230535239285068
0.406	0	0.01264988562683576	0	0	0	-0.07429588212898464	0	-0.04262893880178721	-0.02236152528298185
0.407	0	0.01269773476395673	0	0	0	-0.07461464540212707	0	-0.04265633277334768	-0.02241773603537856
0.408	0	0.01274555168673401	0	0	0	-0.07493369967603322	0	-0.04268373040116537	-0.02247398627033141
0.409	0	0.01279333526539131	0	0	0	-0.07525304128557188	0	-0.04271113098895754	-0.02253028630770284
0.41	0	0.01284108436761702	0	0	0	-0.07557266655793422	0	-0.0427385349091669	-0.02258664664984597
0.411	0	0.01288879785858604	0	0	0	-0.07589257181270732	0	-0.04276594148328754	-0.02264306992154411
0.412	0	0.01293647460096916	0	0	0	-0.07621275336190565	0	-0.04279335103039308	-0.02269954895617533
0.413	0	0.01298411345492936	0	0	0	-0.07653320750995729	0	-0.04282076329793433	-0.02275607190544401
0.414	0	0.01303171327811213	0	0	0	-0.07685393055367042	0	-0.04284817741210048	-0.02281263026399094
0.415	0	0.01307927292564123	0	0	0	-0.07717491878221808	0	-0.04287559366296511	-0.02286922402045898
0.416	0	0.01312679125012726	0	0	0	-0.07749616847716609	0	-0.04290301112420594	-0.02292586057276845
0.417	0	0.0131742671016856	0	0	0	-0.07781767591253298	0	-0.04293042945958132	-0.02298254866204367
0.418	0	0.01322169932795547	0	0	0	-0.07813943735485424	0	-0.04295784909721791	-0.02303929181283416
0.419	0	0.01326908677411185	0	0	0	-0.07846144906322092	0	-0.04298526920727361	-0.02309608574939449
0.42	0	0.01331642828286602	0	0	0	-0.07878370728928112	0	-0.04301269043294722	-0.0231529212278075
0.421	0	0.0133637226944611	0	0	0	-0.07910620827722317	0	-0.04304011189696863	-0.02320978995590914
0.422	0	0.01341096884666884	0	0	0	-0.0794289482637637	0	-0.04306753331281114	-0.0232666894690595
0.423	0	0.01345816557479516	0	0	0	-0.07975192347816519	0	-0.04309495420761943	-0.02332362383814243
0.424	0	0.01350531171169404	0	0	0	-0.08007513014228158	0	-0.04312237435465126	-0.02338060007841036
0.425	0	0.01355240608778481	0	0	0	-0.08039856447061607	0	-0.04314979376361523	-0.02343762291621803
0.426	0	0.0135994475310662	0	0	0	-0.08072222267036674	0	-0.04317721166807085	-0.0234946913961314
0.427	0	0.01364643486712225	0	0	0	-0.08104610094144601	0	-0.04320462915866872	-0.02355179934450024
0.428	0	0.01369336691912316	0	0	0	-0.08137019547648124	0	-0.04323204474115468	-0.02360893907565229
0.429	0	0.01374024250782351	0	0	0	-0.08169450246080741	0	-0.04325945872784157	-0.02366610578546874
0.43	0	0.01378706045156572	0	0	0	-0.08201901807247745	0	-0.04328687071131299	-0.02372329982010941
0.431	0	0.01383381956628999	0	0	0	-0.08234373848229375	0	-0.04331427966356756	-0.02378052562199214
0.432	0	0.01388051866554847	0	0	0	-0.08266865985385521	0	-0.04334168677268289	-0.02383778825005619
0.433	0	0.01392715656052128	0	0	0	-0.0829937783436091	0	-0.0433690903963438	-0.02389508977220439
0.434	0	0.01397373206002692	0	0	0	-0.0833190901008851	0	-0.04339649106941764	-0.02395242773947168
0.435	0	0.0140202439705285	0	0	0	-0.08364459126791444	0	-0.0434238888902387	-0.02400979644378136
0.436	0	0.01406669109613629	0	0	0	-0.08397027797983624	0	-0.04345128277269326	-0.0240671900107662
0.437	0	0.01411307223860995	0	0	0	-0.08429614636470369	0	-0.0434786736244849	-0.02412460536538271
0.438	0	0.01415938619736582	0	0	0	-0.0846221925435061	0	-0.04350605978490457	-0.0241820433313975
0.439	0	0.01420563176948752	0	0	0	-0.0849484126302032	0	-0.04353344172554669	-0.02423950742303801
0.44	0	0.01425180774974069	0	0	0	-0.08527480273177264	0	-0.043560819205018	-0.02429700117724784
0.441	0	0.01429791293058718	0	0	0	-0.08560135894825584	0	-0.04358819113049014	-0.02435452568031494
0.442	0	0.01434394610219565	0	0	0	-0.08592807737279234	0	-0.04361555900151774	-0.02441207866318425
0.443	0	0.01438990605245004	0	0	0	-0.08625495409164528	0	-0.0436429212431647	-0.02446965551497689
0.444	0	0.01443579156695417	0	0	0	-0.08658198518421505	0	-0.04367027812430548	-0.02452725152740174
0.445	0	0.01448160142903767	0	0	0	-0.086909166723057	0	-0.04369762960637875	-0.02458486400361217
0.446	0	0.01452733441976453	0	0	0	-0.08723649477390766	0	-0.04372497467877405	-0.02464249312106655
0.447	0	0.01457298931794441	0	0	0	-0.08756396539572062	0	-0.04375231363236234	-0.02470014118854649
0.448	0	0.01461856490014699	0	0	0	-0.08789157464071254	0	-0.04377964580360475	-0.02475781082023912
0.449	0	0.01466405994071591	0	0	0	-0.08821931855440773	0	-0.04380697152097428	-0.02481550309981502
0.45	0	0.0147094732117816	0	0	0	-0.08854719317567879	0	-0.04383428994011775	-0.02487321667915004
0.451	0	0.01475480348327105	0	0	0	-0.08887519453677695	0	-0.04386160154506718	-0.02493094821472528
0.452	0	0.01480004952291637	0	0	0	-0.08920331866335852	0	-0.04388890584713008	-0.02498869378068979
0.453	0	0.01484521009626293	0	0	0	-0.08953156157450876	0	-0.04391620206051057	-0.02504645047038526
0.454	0	0.01489028396667851	0	0	0	-0.08985991928277082	0	-0.04394349109771225	-0.02510421736136836
0.455	0	0.01493526989536584	0	0	0	-0.09018838779418428	0	-0.04397077120263461	-0.0251619954036275
0.456	0	0.01498016664137567	0	0	0	-0.09051696310832716	0	-0.04399804324058293	-0.02521978641092449
0.457	0	0.01502497296162209	0	0	0	-0.09084564121836393	0	-0.04402530632415112	-0.02527759169674837
0.458	0	0.01506968761089631	0	0	0	-0.09117441811108946	0	-0.04405256064791228	-0.02533541107327103
0.459	0	0.01511430934187965	0	0	0	-0.09150328976696946	0	-0.04407980608312298	-0.02539324264620732
0.46	0	0.01515883690515493	0	0	0	-0.09183225216017574	0	-0.04410704178494808	-0.02545108343231461
0.461	0	0.01520326904921674	0	0	0	-0.09216130125861775	0	-0.044134268308033	-0.0255089304457315
0.462	0	0.0152476045204828	0	0	0	-0.09249043302397741	0	-0.04416148468378384	-0.02556678168463664
0.463	0	0.01529184206330575	0	0	0	-0.09281964341174552	0	-0.04418869132126891	-0.02562463659718191
0.464	0	0.01533598041998727	0	0	0	-0.09314892837126588	0	-0.04421588719105204	-0.02568249583731102
0.465	0	0.01538001833079266	0	0	0	-0.09347828384578133	0	-0.04424307264282066	-0.02574036051019334
0.466	0	0.01542395453396654	0	0	0	-0.09380770577248287	0	-0.04427024719972706	-0.02579823126936474
0.467	0	0.01546778776574785	0	0	0	-0.09413719008255679	0	-0.04429741015220698	-0.02585610769706103
0.468	0	0.01551151676038369	0	0	0	-0.094466732701228	0	-0.04432456272124789	-0.02591398820461917
0.469	0	0.01555514025014343	0	0	0	-0.09479632954780315	0	-0.04435170313936694	-0.02597187043678779
0.47	0	0.0155986569653308	0	0	0	-0.09512597653570851	0	-0.04437883211401403	-0.02602975198832394
0.471	0	0.01564206563429763	0	0	0	-0.09545566957253176	0	-0.04440594892644396	-0.02608763106337227
0.472	0	0.01568536498345759	0	0	0	-0.0957854045600649	0	-0.04443305336797129	-0.02614550683569727
0.473	0	0.01572855373730116	0	0	0	-0.09611517739435073	0	-0.04446014524766944	-0.02620337937416849
0.474	0	0.01577163061841165	0	0	0	-0.09644498396573253	0	-0.04448722405030697	-0.02626124920806392
0.475	0	0.01581459434748124	0	0	0	-0.09677482015890472	0	-0.0445142903789416	-0.02631911674795881
0.476	0	0.0158574436433278	0	0	0	-0.09710468185296485	0	-0.04454134292867393	-0.02637698179803283
0.477	0	0.01590017722291016	0	0	0	-0.09743456492146146	0	-0.04456838224064887	-0.02643484336253775
0.478	0	0.01594279380134412	0	0	0	-0.09776446523244353	0	-0.04459540758798377	-0.02649269979152992
0.479	0	0.01598529209191928	0	0	0	-0.09809437864851354	0	-0.04462241864964676	-0.02655054920939736
0.48	0	0.01602767080612084	0	0	0	-0.09842430102689693	0	-0.04464941611558957	-0.02660838991480805
0.481	0	0.01606992865365328	0	0	0	-0.09875422821951747	0	-0.04467639812620471	-0.02666622072084588
0.482	0	0.01611206434246338	0	0	0	-0.09908415607307096	0	-0.04470336564656145	-0.02672404109805983
0.483	0	0.01615407657876533	0	0	0	-0.09941408042910449	0	-0.04473031744860422	-0.02678185103896209
0.484	0	0.01619596406706503	0	0	0	-0.09974399712409333	0	-0.04475725355213668	-0.0268396507609589
0.485	0	0.01623772551018529	0	0	0	-0.1000739019895206	0	-0.04478417338883933	-0.02689744034364716
0.486	0	0.0162793596092907	0	0	0	-0.1004037908519553	0	-0.0448110768124271	-0.02695521945380677
0.487	0	0.01632086506391227	0	0	0	-0.1007336595331303	0	-0.04483796344766202	-0.02701298723898584
0.488	0	0.0163622405719719	0	0	0	-0.1010635038500186	0	-0.04486483246802301	-0.02707074241324614
0.489	0	0.01640348482980625	0	0	0	-0.1013933196149082	0	-0.0448916844789282	-0.0271284834896999
0.49	0	0.0164445965321914	0	0	0	-0.1017231026354794	0	-0.04491851796619586	-0.02718620905069621
0.491	0	0.01648557437236662	0	0	0	-0.1020528487148789	0	-0.0449453334367188	-0.02724391798660604
0.492	0	0.01652641704205951	0	0	0	-0.1023825536517986	0	-0.044972130181979	-0.02730160959496545
0.493	0	0.01656712323151084	0	0	0	-0.1027122132405531	0	-0.0449989073502171	-0.0273592835481159
0.494	0	0.01660769162949974	0	0	0	-0.1030418232711589	0	-0.0450256653976572	-0.02741693974292248
0.495	0	0.0166481209233697	0	0	0	-0.1033713795294153	0	-0.04505240292816243	-0.02747457808461962
0.496	0	0.01668840979905344	0	0	0	-0.1037008777969829	0	-0.04507912120389201	-0.0275321983041026
0.497	0	0.01672855694109938	0	0	0	-0.1040303138514655	0	-0.04510581804373771	-0.02758979982765294
0.498	0	0.01676856103269606	0	0	0	-0.1043596834664871	0	-0.04513249416421546	-0.02764738177827454
0.499	0	0.01680842075569798	0	0	0	-0.1046889824117724	0	-0.04515914888331495	-0.02770494304953075
0.5	0	0.0168481347906506	0	0	0	-0.1050182064532243	0	-0.04518578175638431	-0.02776248245447106
0.501	0	0.01688770181681552	0	0	0	-0.105347351353003	0	-0.04521239305049849	-0.02781999888368368
0.502	0	0.01692712051219617	0	0	0	-0.1056764128696057	0	-0.04523898108969997	-0.02787749141998955
0.503	0	0.01696638955356273	0	0	0	-0.1060053867579443	0	-0.04526554699136066	-0.02793495940220425
0.504	0	0.01700550761647874	0	0	0	-0.1063342687694285	0	-0.04529208907375164	-0.02799240239055982
0.505	0	0.01704447337532622	0	0	0	-0.1066630546520443	0	-0.04531860810504703	-0.02804982009482074
0.506	0	0.01708328550333249	0	0	0	-0.1069917401504371	0	-0.04534510275379413	-0.02810721224933966
0.507	0	0.01712194267259577	0	0	0	-0.1073203210059921	0	-0.04537157301383908	-0.02816457850968886
0.508	0	0.0171604435541114	0	0	0	-0.1076487929569158	0	-0.04539801903831197	-0.02822191837333151
0.509	0	0.01719878681779825	0	0	0	-0.107977151738318	0	-0.04542443964196275	-0.02827923114995369
0.51	0	0.01723697113252417	0	0	0	-0.1083053930822915	0	-0.04545083531006719	-0.02833651599472358
0.511	0	0.01727499516613253	0	0	0	-0.1086335127179942	0	-0.04547720477177912	-0.02839377196686702
0.512	0	0.01731285758546771	0	0	0	-0.1089615063717287	0	-0.04550354837090506	-0.02845099812208346
0.513	0	0.01735055705640154	0	0	0	-0.1092893697670246	0	-0.0455298654025285	-0.02850819358546475
0.514	0	0.01738809224385928	0	0	0	-0.1096170986247186	0	-0.0455561557076626	-0.02856535760969474
0.515	0	0.01742546181184592	0	0	0	-0.1099446886630374	0	-0.04558241869822494	-0.0286224895913673
0.516	0	0.01746266442347262	0	0	0	-0.1102721355976787	0	-0.04560865396579779	-0.02867958905429628
0.517	0	0.01749969874098303	0	0	0	-0.1105994351418942	0	-0.04563486188608523	-0.02873665560448328
0.518	0	0.01753656342578035	0	0	0	-0.1109265830065728	0	-0.04566104080775476	-0.028793688863771
0.519	0	0.01757325713845318	0	0	0	-0.1112535749003216	0	-0.04568719191061679	-0.02885068842182329
0.52	0	0.01760977853880306	0	0	0	-0.111580406529551	0	-0.04571331354877046	-0.02890765378033086
0.521	0	0.01764612628587039	0	0	0	-0.1119070735985556	0	-0.04573940572733212	-0.02896458434351862
0.522	0	0.01768229903796134	0	0	0	-0.1122335718095979	0	-0.04576546872499291	-0.0290214794207835
0.523	0	0.01771829545267473	0	0	0	-0.112559896862991	0	-0.04579150127745701	-0.02907833825012654
0.524	0	0.01775411418692822	0	0	0	-0.1128860444571809	0	-0.04581750393268412	-0.02913516004594997
0.525	0	0.01778975389698557	0	0	0	-0.1132120102888305	0	-0.0458434751633249	-0.0291919440337067
0.526	0	0.01782521323848282	0	0	0	-0.1135377900529011	0	-0.04586941581350624	-0.02924868949578239
0.527	0	0.0178604908664558	0	0	0	-0.1138633794427374	0	-0.04589532461355254	-0.02930539578378075
0.528	0	0.01789558543536646	0	0	0	-0.1141887741501497	0	-0.0459212020216427	-0.02936206233191073
0.529	0	0.01793049559913042	0	0	0	-0.114513969865499	0	-0.04594704739975778	-0.02941868863906421
0.53	0	0.01796522001114386	0	0	0	-0.1148389622777809	0	-0.04597285957995361	-0.02947527424648983
0.531	0	0.01799975732431045	0	0	0	-0.1151637470747087	0	-0.04599863963667751	-0.02953181871384183
0.532	0	0.01803410619106917	0	0	0	-0.1154883199428001	0	-0.04602438591812207	-0.02958832157864001
0.533	0	0.01806826526342093	0	0	0	-0.1158126765674593	0	-0.0460500990267986	-0.02964478234413681
0.534	0	0.01810223319295647	0	0	0	-0.1161368126330642	0	-0.04607577791522625	-0.0297012004576078
0.535	0	0.01813600863088324	0	0	0	-0.1164607238230491	0	-0.04610142278242399	-0.0297575753154785
0.536	0	0.01816959022805309	0	0	0	-0.1167844058199911	0	-0.04612703280942695	-0.02981390626731297
0.537	0	0.01820297663498954	0	0	0	-0.1171078543056945	0	-0.04615260775360377	-0.02987019263635321
0.538	0	0.0182361665019152	0	0	0	-0.1174310649612753	0	-0.04617814803379476	-0.0299264337404943
0.539	0	0.01826915847877972	0	0	0	-0.1177540334672488	0	-0.04620365177435824	-0.02998262890583394
0.54	0	0.01830195121528659	0	0	0	-0.1180767555036119	0	-0.04622912047689353	-0.03003877749519268
0.541	0	0.01833454336092186	0	0	0	-0.1183992267499326	0	-0.04625455183561162	-0.0300948789017663
0.542	0	0.01836693356498087	0	0	0	-0.1187214428854324	0	-0.04627994698504665	-0.0301509325667107
0.543	0	0.01839912047659687	0	0	0	-0.1190433995890755	0	-0.0463053050281429	-0.03020693796168289
0.544	0	0.01843110274476861	0	0	0	-0.1193650925396538	0	-0.04633062486361463	-0.03026289458194425
0.545	0	0.01846287901838799	0	0	0	-0.1196865174158735	0	-0.04635590803676374	-0.03031880193853004
0.546	0	0.018494447946269	0	0	0	-0.1200076698964437	0	-0.04638115207640642	-0.03037465952919837
0.547	0	0.01852580817717474	0	0	0	-0.1203285456601608	0	-0.04640635832221893	-0.03043046684318424
0.548	0	0.01855695835984652	0	0	0	-0.1206491403859988	0	-0.04643152508271325	-0.03048622333782371
0.549	0	0.01858789714303138	0	0	0	-0.1209694497531942	0	-0.04645665267823237	-0.0305419284456681
0.55	0	0.01861862317551069	0	0	0	-0.1212894694413347	0	-0.04648174102937236	-0.03059758157115186
0.551	0	0.01864913510612855	0	0	0	-0.1216091951304475	0	-0.04650678890829557	-0.03065318209391427
0.552	0	0.0186794315838198	0	0	0	-0.1219286225010859	0	-0.04653179697169103	-0.03070872938420808
0.553	0	0.01870951125763897	0	0	0	-0.1222477472344189	0	-0.04655676377072666	-0.0307642228038843
0.554	0	0.01873937277678819	0	0	0	-0.122566565012318	0	-0.04658169009427454	-0.03081966172520322
0.555	0	0.01876901479064638	0	0	0	-0.1228850715174472	0	-0.04660657445464152	-0.03087504552862493
0.556	0	0.01879843594879733	0	0	0	-0.1232032624333504	0	-0.04663141733809436	-0.03093037361665835
0.5570000000000001	0	0.01882763490105879	0	0	0	-0.1235211334445416	0	-0.04665621795993903	-0.03098564540848826
0.5580000000000001	0	0.01885661029751112	0	0	0	-0.1238386802365931	0	-0.0466809756485795	-0.03104086034106835
0.5590000000000001	0	0.01888536078852587	0	0	0	-0.1241558984962249	0	-0.04670569108462486	-0.03109601786778828
0.5600000000000001	0	0.01891388502479527	0	0	0	-0.1244727839113952	0	-0.04673036272526598	-0.03115111744445885
0.5610000000000001	0	0.01894218165736048	0	0	0	-0.1247893321713888	0	-0.04675499122655077	-0.03120615853221763
0.5620000000000001	0	0.01897024933764127	0	0	0	-0.1251055389669082	0	-0.04677957513344538	-0.03126114058168643
0.5630000000000001	0	0.0189980867174644	0	0	0	-0.1254213999901622	0	-0.046804115236551	-0.03131606303713787
0.5640000000000001	0	0.01902569244909342	0	0	0	-0.1257369109349584	0	-0.04682861007891775	-0.03137092532312049
0.5650000000000001	0	0.01905306518525727	0	0	0	-0.1260520674967907	0	-0.04685305974990034	-0.0314257268516183
0.5660000000000001	0	0.01908020357917967	0	0	0	-0.1263668653729318	0	-0.04687746434192933	-0.03148046701916978
0.5670000000000001	0	0.01910710628460864	0	0	0	-0.1266813002625233	0	-0.04690182264980639	-0.03153514520664369
0.5680000000000001	0	0.01913377195584524	0	0	0	-0.1269953678666662	0	-0.04692613513667311	-0.03158976078948792
0.5690000000000001	0	0.01916019924777353	0	0	0	-0.1273090638885123	0	-0.04695040052205771	-0.03164431313478092
0.5700000000000001	0	0.0191863868158893	0	0	0	-0.1276223840333541	0	-0.04697461918168284	-0.03169880161299953
0.5710000000000001	0	0.01921233331633003	0	0	0	-0.1279353240087175	0	-0.0469987903032869	-0.0317532255957774
0.5720000000000001	0	0.01923803740590404	0	0	0	-0.1282478795244517	0	-0.04702291334789479	-0.03180758446178671
0.5730000000000001	0	0.01926349774211987	0	0	0	-0.1285600462928208	0	-0.04704698892931723	-0.03186187760019125
0.5740000000000001	0	0.01928871298321635	0	0	0	-0.1288718200285964	0	-0.04707101525858041	-0.03191610440308187
0.5750000000000001	0	0.01931368178819143	0	0	0	-0.1291831964491474	0	-0.04709499313926435	-0.03197026427495885
0.5760000000000001	0	0.01933840281683236	0	0	0	-0.1294941712745332	0	-0.04711892143585824	-0.03202435662094714
0.577	0	0.01936287472974491	0	0	0	-0.1298047402275941	0	-0.04714280012749676	-0.03207838085025272
0.578	0	0.01938709618838324	0	0	0	-0.1301148990340444	0	-0.04716662880686973	-0.03213233637005324
0.579	0	0.01941106585507946	0	0	0	-0.1304246434225635	0	-0.04719040658033341	-0.03218622258215968
0.58	0	0.01943478239307309	0	0	0	-0.1307339691248871	0	-0.04721413417469122	-0.03224003888511041
0.581	0	0.01945824446654127	0	0	0	-0.131042871875901	0	-0.04723781002765598	-0.03229378466404383
0.582	0	0.01948145074062777	0	0	0	-0.1313513474137311	0	-0.04726143455331194	-0.0323474592990504
0.583	0	0.01950439988147324	0	0	0	-0.1316593914798367	0	-0.04728500677945116	-0.03240106215788252
0.584	0	0.01952709055624447	0	0	0	-0.1319669998191012	0	-0.04730852680938429	-0.032454592602321
0.585	0	0.01954952143316443	0	0	0	-0.1322741681799255	0	-0.0473319939003739	-0.03250804997415645
0.586	0	0.01957169118154239	0	0	0	-0.1325808923143214	0	-0.04735540785529595	-0.03256143353905581
0.587	0	0.01959359847180573	0	0	0	-0.1328871679780103	0	-0.04737876847717955	-0.03261474253949136
0.588	0	0.01961524197553248	0	0	0	-0.1331929909305251	0	-0.04740207444742438	-0.03266797621393436
0.589	0	0.01963662036548325	0	0	0	-0.1334983569353104	0	-0.04742532674425697	-0.03272113380657131
0.59	0	0.01965773231563428	0	0	0	-0.133803261759824	0	-0.0474485236036839	-0.03277421455822078
0.591	0	0.01967857650120903	0	0	0	-0.1341077011756365	0	-0.04747166567976227	-0.03282721771844492
0.592	0	0.01969915159871092	0	0	0	-0.1344116709585322	0	-0.04749475177050973	-0.03288014253660205
0.593	0	0.0197194562859551	0	0	0	-0.1347151668886084	0	-0.04751778166492877	-0.03293298826765261
0.594	0	0.01973948924210058	0	0	0	-0.1350181847503748	0	-0.04754075551562111	-0.03298575416994348
0.595	0	0.01975924914768257	0	0	0	-0.135320720332854	0	-0.04756367141678584	-0.03303843949894313
0.596	0	0.01977873468464359	0	0	0	-0.1356227694296783	0	-0.04758653072056175	-0.03309104351709212
0.597	0	0.0197979445363662	0	0	0	-0.1359243278391911	0	-0.04760933170632529	-0.03314356547912181
0.598	0	0.019816877387704	0	0	0	-0.1362253913645433	0	-0.04763207479054644	-0.03319600464185957
0.599	0	0.01983553192501377	0	0	0	-0.1365259558137923	0	-0.04765475869976715	-0.03324836025518339
0.6	0	0.01985390683618658	0	0	0	-0.1368260169999996	0	-0.04767738369586493	-0.0333006315683471
0.601	0	0.01987200081067956	0	0	0	-0.1371255707413286	0	-0.04769994917627323	-0.03335281782467952
0.602	0	0.01988981253954717	0	0	0	-0.1374246128611418	0	-0.04772245420542082	-0.03340491826288462
0.603	0	0.0199073407154721	0	0	0	-0.1377231391880966	0	-0.04774489990132002	-0.0334569321225725
0.604	0	0.01992458403279718	0	0	0	-0.138021145556244	0	-0.04776728378936612	-0.03350885863310622
0.605	0	0.01994154118755541	0	0	0	-0.1383186278051223	0	-0.04778960704952601	-0.03356069702972633
0.606	0	0.01995821087750172	0	0	0	-0.1386155817798549	0	-0.04781186818096148	-0.03361244654115056
0.607	0	0.0199745918021432	0	0	0	-0.1389120033312443	0	-0.04783406723011582	-0.03366410639936195
0.608	0	0.01999068266276996	0	0	0	-0.1392078883158678	0	-0.0478562042491134	-0.03371567583708798
0.609	0	0.02000648216248592	0	0	0	-0.1395032325961725	0	-0.04787827780453013	-0.03376715408529445
0.61	0	0.02002198900623874	0	0	0	-0.1397980320405685	0	-0.04790028836272905	-0.03381854038056616
0.611	0	0.02003720190085059	0	0	0	-0.1400922825235238	0	-0.04792223495696579	-0.03386983395831365
0.612	0	0.02005211955504794	0	0	0	-0.1403859799256572	0	-0.04794411771244617	-0.03392103405791456
0.613	0	0.02006674067949203	0	0	0	-0.1406791201338317	0	-0.04796593532278765	-0.03397213991718316
0.614	0	0.02008106398680819	0	0	0	-0.1409716990412461	0	-0.04798768872773105	-0.03402315077962261
0.615	0	0.02009508819161629	0	0	0	-0.1412637125475287	0	-0.04800937610109397	-0.03407406588344628
0.616	0	0.02010881201055969	0	0	0	-0.1415551565588274	0	-0.04803099809216256	-0.03412488447197263
0.617	0	0.02012223416233521	0	0	0	-0.141846026987902	0	-0.04805255385446604	-0.03417560578483023
0.618	0	0.0201353533677223	0	0	0	-0.142136319754215	0	-0.04807404261985387	-0.03422622906081513
0.619	0	0.02014816834961196	0	0	0	-0.1424260307840204	0	-0.04809546509976561	-0.03427675354037815
0.62	0	0.02016067783303639	0	0	0	-0.142715156010456	0	-0.04811681959643178	-0.03432717845741198
0.621	0	0.0201728805451971	0	0	0	-0.1430036913736302	0	-0.04813810689219274	-0.03437750304920518
0.622	0	0.0201847752154944	0	0	0	-0.1432916328207128	0	-0.04815932536464393	-0.03442772654642631
0.623	0	0.02019636057555519	0	0	0	-0.1435789763060215	0	-0.04818047595017719	-0.03447784818346925
0.624	0	0.02020763535926214	0	0	0	-0.1438657177911117	0	-0.0482015572141334	-0.03452786718854819
0.625	0	0.02021859830278127	0	0	0	-0.1441518532448619	0	-0.04822256932221154	-0.03457778279218064
0.626	0	0.02022924814459041	0	0	0	-0.1444373786435619	0	-0.04824351186651844	-0.03462759422302028
0.627	0	0.02023958362550713	0	0	0	-0.1447222899709986	0	-0.04826438377053804	-0.03467730070806177
0.628	0	0.02024960348871605	0	0	0	-0.1450065832185408	0	-0.04828518589425027	-0.0347269014782668
0.629	0	0.02025930647979714	0	0	0	-0.1452902543852262	0	-0.04830591646290057	-0.03477639575951628
0.63	0	0.02026869134675229	0	0	0	-0.145573299477844	0	-0.0483265762928039	-0.03482578278346683
0.631	0	0.02027775684003309	0	0	0	-0.1458557145110205	0	-0.04834716426995787	-0.03487506177796566
0.632	0	0.02028650171256688	0	0	0	-0.1461374955072993	0	-0.04836768049368755	-0.03492423197346373
0.633	0	0.02029492471978341	0	0	0	-0.1464186384972246	0	-0.04838812460802218	-0.0349732925998642
0.634	0	0.02030302461964098	0	0	0	-0.1466991395194212	0	-0.04840849529839355	-0.03502224288569284
0.635	0	0.02031080017265209	0	0	0	-0.1469789946206739	0	-0.04842879370035401	-0.03507108206505073
0.636	0	0.02031825014191	0	0	0	-0.1472581998560099	0	-0.04844901796882369	-0.03511980936661746
0.637	0	0.02032537329311362	0	0	0	-0.1475367512887752	0	-0.04846916873226826	-0.03516842402461281
0.638	0	0.02033216839459363	0	0	0	-0.1478146449907154	0	-0.0484892452393392	-0.03521692527094522
0.639	0	0.02033863421733756	0	0	0	-0.1480918770420531	0	-0.04850924714159462	-0.03526531233871923
0.64	0	0.02034476953501499	0	0	0	-0.1483684435315653	0	-0.04852917439546033	-0.03531358446193995
0.641	0	0.02035057312400272	0	0	0	-0.1486443405566615	0	-0.0485490259842037	-0.03536174087288654
0.642	0	0.02035604376340931	0	0	0	-0.148919564223459	0	-0.04856880246678198	-0.03540978080718434
0.643	0	0.02036118023510021	0	0	0	-0.1491941106468604	0	-0.04858850239969401	-0.03545770349657718
0.644	0	0.02036598132372176	0	0	0	-0.1494679759506276	0	-0.04860812620366635	-0.03550550817675192
0.645	0	0.02037044581672591	0	0	0	-0.1497411562674582	0	-0.04862767342709912	-0.035553194081838
0.646	0	0.02037457250439426	0	0	0	-0.1500136477390588	0	-0.04864714346946742	-0.03560076044593119
0.647	0	0.02037836017986189	0	0	0	-0.1502854465162195	0	-0.04866653641659606	-0.03564820650487559
0.648	0	0.02038180763914156	0	0	0	-0.1505565487588873	0	-0.04868585110568874	-0.03569553149247171
0.649	0	0.02038491368114675	0	0	0	-0.1508269506362377	0	-0.04870508840326385	-0.03574273464714495
0.65	0	0.02038767710771587	0	0	0	-0.1510966483267492	0	-0.04872424682734964	-0.03578981520334491
0.651	0	0.02039009672363482	0	0	0	-0.1513656380182724	0	-0.04874332696430739	-0.03583677240045798
0.652	0	0.0203921713366607	0	0	0	-0.1516339159081031	0	-0.04876232756831221	-0.03588360547515559
0.653	0	0.02039389975754424	0	0	0	-0.1519014782030514	0	-0.04878124916866167	-0.03593031366870011
0.654	0	0.02039528080005299	0	0	0	-0.1521683211195128	0	-0.04880009096081767	-0.0359768962208543
0.655	0	0.02039631328099365	0	0	0	-0.1524344408835371	0	-0.04881885266848118	-0.0360233523736826
0.656	0	0.02039699602023449	0	0	0	-0.1526998337308972	0	-0.04883753434100499	-0.03606968137122037
0.657	0	0.02039732784072775	0	0	0	-0.1529644959071579	0	-0.04885613503333743	-0.03611588245693142
0.658	0	0.02039730756853142	0	0	0	-0.1532284236677432	0	-0.04887465515155995	-0.0361619548784186
0.659	0	0.02039693403283151	0	0	0	-0.1534916132780038	0	-0.04889309348724137	-0.03620789788159271
0.66	0	0.02039620606596319	0	0	0	-0.1537540610132834	0	-0.04891145082498452	-0.03625371071785145
0.661	0	0.020395122503433	0	0	0	-0.1540157631589856	0	-0.04892972556840384	-0.0362993926354626
0.662	0	0.02039368218393943	0	0	0	-0.1542767160106381	0	-0.04894791895122363	-0.03634494288989841
0.663	0	0.0203918839493949	0	0	0	-0.1545369158739596	0	-0.04896602943096096	-0.03639036073277455
0.664	0	0.02038972664494611	0	0	0	-0.1547963590649225	0	-0.04898405712803591	-0.03643564542064191
0.665	0	0.02038720911899515	0	0	0	-0.1550550419098174	0	-0.0490020018880971	-0.03648079621118518
0.666	0	0.0203843302232202	0	0	0	-0.1553129607453172	0	-0.04901986288797704	-0.03652581236247993
0.667	0	0.02038108881259562	0	0	0	-0.1555701119185381	0	-0.0490376412293384	-0.03657069313809561
0.668	0	0.02037748374541303	0	0	0	-0.1558264917871048	0	-0.04905533457323583	-0.03661543779661451
0.669	0	0.02037351388330036	0	0	0	-0.1560820967192085	0	-0.04907294459736174	-0.03666004560627521
0.67	0	0.02036917809124287	0	0	0	-0.1563369230936717	0	-0.04909046944694374	-0.03670451583021991
0.671	0	0.02036447523760207	0	0	0	-0.1565909673000059	0	-0.04910791004286567	-0.03674884773888097
0.672	0	0.020359404194136	0	0	0	-0.1568442257384739	0	-0.04912526491202913	-0.03679304059991825
0.673	0	0.02035396383601799	0	0	0	-0.1570966948201474	0	-0.04914253532624436	-0.03683709368828632
0.674	0	0.02034815304185674	0	0	0	-0.1573483709669684	0	-0.04915971949639097	-0.03688100627497375
0.675	0	0.02034197069371457	0	0	0	-0.1575992506118053	0	-0.04917681831028371	-0.03692477763822165
0.676	0	0.02033541567712703	0	0	0	-0.1578493301985124	0	-0.0491938308208052	-0.03696840705479754
0.677	0	0.02032848688112128	0	0	0	-0.158098606181987	0	-0.04921075665808941	-0.0370118938047433
0.678	0	0.02032118319823467	0	0	0	-0.1583470750282257	0	-0.04922759643824473	-0.0370552371722031
0.679	0	0.02031350352453348	0	0	0	-0.1585947332143824	0	-0.04924434891870363	-0.03709843643997694
0.68	0	0.02030544675963084	0	0	0	-0.158841577228822	0	-0.04926101448664351	-0.03714149089632258
0.681	0	0.02029701180670506	0	0	0	-0.159087603571178	0	-0.0492775923542721	-0.03718439982958403
0.6820000000000001	0	0.02028819757251731	0	0	0	-0.1593328087524055	0	-0.04929408301012213	-0.03722716253297469
0.6830000000000001	0	0.02027900296742981	0	0	0	-0.1595771892948369	0	-0.04931048511822795	-0.0372697782986454
0.6840000000000001	0	0.02026942690542281	0	0	0	-0.159820741732235	0	-0.04932679983800292	-0.03731224642605385
0.6850000000000001	0	0.02025946830411281	0	0	0	-0.1600634626098471	0	-0.04934302552491011	-0.03735456621181816
0.6860000000000001	0	0.02024912608476906	0	0	0	-0.1603053484844565	0	-0.0493591631536604	-0.03739673696018085
0.6870000000000001	0	0.02023839917233136	0	0	0	-0.160546395924437	0	-0.04937521156278593	-0.03743875797392335
0.6880000000000001	0	0.02022728649542656	0	0	0	-0.1607866015098027	0	-0.04939117109524731	-0.03748062856138825
0.6890000000000001	0	0.02021578698638568	0	0	0	-0.1610259618322606	0	-0.04940704108551235	-0.03752234803170566
0.6900000000000001	0	0.02020389958126028	0	0	0	-0.1612644734952611	0	-0.04942282176580289	-0.03756391569847811
0.6910000000000001	0	0.02019162321983931	0	0	0	-0.1615021331140486	0	-0.04943851238601762	-0.03760533087622152
0.6920000000000001	0	0.02017895684566517	0	0	0	-0.1617389373157116	0	-0.04945411294079134	-0.03764659288370484
0.6930000000000001	0	0.02016589940604995	0	0	0	-0.1619748827392314	0	-0.04946962381483726	-0.03768770104329727
0.6940000000000001	0	0.02015244985209178	0	0	0	-0.1622099660355328	0	-0.04948504362159849	-0.03772865467688618
0.6950000000000001	0	0.02013860713869024	0	0	0	-0.1624441838675306	0	-0.0495003730547471	-0.03776945311324142
0.6960000000000001	0	0.02012437022456258	0	0	0	-0.1626775329101793	0	-0.04951561114354604	-0.03781009568092303
0.6970000000000001	0	0.02010973807225881	0	0	0	-0.1629100098505197	0	-0.04953075880413351	-0.03785058171505385
0.6980000000000001	0	0.02009470964817785	0	0	0	-0.1631416113877273	0	-0.04954581446766274	-0.03789091054904752
0.6990000000000001	0	0.02007928392258205	0	0	0	-0.1633723342331573	0	-0.04956077911922629	-0.03793108152419818
0.7000000000000001	0	0.02006345986961306	0	0	0	-0.1636021751103929	0	-0.04957565163016657	-0.03797109398085058
0.7010000000000001	0	0.02004723646730632	0	0	0	-0.1638311307552894	0	-0.04959043237273078	-0.03801094726527761
0.7020000000000001	0	0.02003061269760629	0	0	0	-0.1640591979160207	0	-0.04960512082397634	-0.03805064072516887
0.7030000000000001	0	0.02001358754638104	0	0	0	-0.1642863733531243	0	-0.04961971680049301	-0.03809017371198085
0.704	0	0.01999616000343679	0	0	0	-0.1645126538395447	0	-0.0496342205344624	-0.03812954558110435
0.705	0	0.01997832906253265	0	0	0	-0.1647380361606795	0	-0.04964863095333022	-0.03816875568864729
0.706	0	0.01996009372139445	0	0	0	-0.1649625171144207	0	-0.04966294925339006	-0.03820780339817773
0.707	0	0.01994145298172967	0	0	0	-0.1651860935112008	0	-0.04967717349962693	-0.03824668807058248
0.708	0	0.01992240584924064	0	0	0	-0.1654087621740327	0	-0.04969130487221712	-0.03828540907583237
0.709	0	0.01990295133363923	0	0	0	-0.1656305199385548	0	-0.04970534227511607	-0.0383239657828702
0.71	0	0.01988308844866002	0	0	0	-0.1658513636530713	0	-0.0497192862313988	-0.03836235756693671
0.711	0	0.01986281621207447	0	0	0	-0.1660712901785949	0	-0.04973313616232661	-0.03840058380448059
0.712	0	0.01984213364570414	0	0	0	-0.1662902963888872	0	-0.04974689188554571	-0.03843864387598341
0.713	0	0.01982103977543417	0	0	0	-0.1665083791705004	0	-0.04976055343063317	-0.03847653716563018
0.714	0	0.01979953363122666	0	0	0	-0.1667255354228176	0	-0.04977411995803824	-0.0385142630592927
0.715	0	0.01977761424713344	0	0	0	-0.166941762058092	0	-0.04978759278231119	-0.03855182095019358
0.716	0	0.01975528066130993	0	0	0	-0.1671570560014886	0	-0.0498009697107326	-0.03858921022835315
0.717	0	0.01973253191602696	0	0	0	-0.1673714141911211	0	-0.04981425211624853	-0.03862643029378016
0.718	0	0.01970936705768443	0	0	0	-0.1675848335780928	0	-0.0498274389869733	-0.03866348054540356
0.719	0	0.01968578513682341	0	0	0	-0.1677973111265341	0	-0.0498405307770896	-0.03870036038824006
0.72	0	0.01966178520813915	0	0	0	-0.1680088438136415	0	-0.0498535265664358	-0.03873706922812675
0.721	0	0.01963736633049294	0	0	0	-0.1682194286297148	0	-0.04986642719533994	-0.038773606477546
0.722	0	0.01961252756692511	0	0	0	-0.1684290625781953	0	-0.04987923121713547	-0.03880997154812181
0.723	0	0.01958726798466649	0	0	0	-0.1686377426757017	0	-0.04989193942459061	-0.03884616385901617
0.724	0	0.01956158665515099	0	0	0	-0.1688454659520686	0	-0.04990455141945607	-0.03888218283057723
0.725	0	0.01953548265402746	0	0	0	-0.169052229450382	0	-0.04991706664153182	-0.03891802788624857
0.726	0	0.01950895506117122	0	0	0	-0.169258030227015	0	-0.04992948579818467	-0.03895369845521413
0.727	0	0.01948200296069636	0	0	0	-0.1694628653516647	0	-0.04994180777976438	-0.03898919396670086
0.728	0	0.0194546254409668	0	0	0	-0.1696667319073868	0	-0.04995403317974798	-0.03902451385648074
0.729	0	0.01942682159460827	0	0	0	-0.1698696269906312	0	-0.04996616097943785	-0.03905965756075244
0.73	0	0.0193985905185192	0	0	0	-0.1700715477112757	0	-0.04997819217911702	-0.03909462452283283
0.731	0	0.01936993131388272	0	0	0	-0.1702724911926625	0	-0.04999012515821562	-0.0391294141846168
0.732	0	0.01934084308617698	0	0	0	-0.1704724545716299	0	-0.05000196113030839	-0.03916402599660579
0.733	0	0.01931132494518713	0	0	0	-0.1706714349985481	0	-0.05001369896789881	-0.03919845940839602
0.734	0	0.01928137600501554	0	0	0	-0.1708694296373515	0	-0.05002533919607949	-0.03923271387601051
0.735	0	0.01925099538409324	0	0	0	-0.1710664356655726	0	-0.05003688119081531	-0.03926678885675181
0.736	0	0.01922018220519033	0	0	0	-0.171262450274374	0	-0.05004832519044957	-0.03930068381289297
0.737	0	0.01918893559542689	0	0	0	-0.1714574706685819	0	-0.05005967074594408	-0.03933439820882438
0.738	0	0.0191572546862834	0	0	0	-0.1716514940667178	0	-0.05007091782102877	-0.03936793151307048
0.739	0	0.01912513861361135	0	0	0	-0.1718445177010305	0	-0.05008206610422955	-0.03940128319702432
0.74	0	0.01909258651764343	0	0	0	-0.1720365388175281	0	-0.05009311571273462	-0.0394344527362306
0.741	0	0.01905959754300403	0	0	0	-0.172227554676009	0	-0.05010406653859395	-0.03946743960917675
0.742	0	0.0190261708387194	0	0	0	-0.1724175625500932	0	-0.05011491775021817	-0.0395002432963896
0.743	0	0.01899230555822735	0	0	0	-0.1726065597272524	0	-0.05012567056856434	-0.03953286328547864
0.744	0	0.01895800085938811	0	0	0	-0.1727945435088426	0	-0.05013632290367093	-0.03956529906136932
0.745	0	0.01892325590449306	0	0	0	-0.1729815112101308	0	-0.05014687667831262	-0.03959755011961928
0.746	0	0.01888806986027569	0	0	0	-0.1731674601603285	0	-0.0501573304029584	-0.0396296159529063
0.747	0	0.01885244189792051	0	0	0	-0.1733523877026193	0	-0.05016768432274444	-0.03966149606037872
0.748	0	0.0188163711930731	0	0	0	-0.173536291194189	0	-0.0501779383423691	-0.03969318994387494
0.749	0	0.01877985692584949	0	0	0	-0.1737191680062544	0	-0.05018809218439552	-0.03972469710820692
0.75	0	0.01874289828084556	0	0	0	-0.1739010155240921	0	-0.05019814628413186	-0.03975601706276883
0.751	0	0.01870549444714676	0	0	0	-0.1740818311470683	0	-0.05020809918117839	-0.03978714931680855
0.752	0	0.0186676446183367	0	0	0	-0.1742616122886648	0	-0.05021795244308602	-0.03981809338832923
0.753	0	0.01862934799250723	0	0	0	-0.1744403563765097	0	-0.05022770429710106	-0.03984884879255918
0.754	0	0.01859060377226661	0	0	0	-0.1746180608524029	0	-0.05023735615532433	-0.03987941505374019
0.755	0	0.01855141116474942	0	0	0	-0.1747947231723457	0	-0.05024690653095208	-0.03990979169413174
0.756	0	0.01851176938162472	0	0	0	-0.1749703408065662	0	-0.05025635641772912	-0.03993997824370549
0.757	0	0.01847167763910555	0	0	0	-0.1751449112395482	0	-0.05026570465298904	-0.03996997423177995
0.758	0	0.01843113515795712	0	0	0	-0.1753184319700562	0	-0.05027495207554823	-0.03999977919449928
0.759	0	0.01839014116350609	0	0	0	-0.1754909005111637	0	-0.05028409768037832	-0.04002939266790283
0.76	0	0.01834869488564859	0	0	0	-0.1756623143902781	0	-0.05029314208918289	-0.04005881419415865
0.761	0	0.01830679555885922	0	0	0	-0.1758326711491678	0	-0.05030208498719867	-0.04008804331694524
0.762	0	0.01826444242219939	0	0	0	-0.1760019683439876	0	-0.05031092540389719	-0.04011707958195194
0.763	0	0.01822163471932528	0	0	0	-0.1761702035453036	0	-0.05031966479831826	-0.04014592254240353
0.764	0	0.01817837169849691	0	0	0	-0.1763373743381211	0	-0.05032830140510561	-0.04017457174890746
0.765	0	0.01813465261258548	0	0	0	-0.1765034783219057	0	-0.05033683666953851	-0.04020302676098509
0.766	0	0.01809047671908244	0	0	0	-0.1766685131106126	0	-0.05034526874764549	-0.04023128713541872
0.767	0	0.01804584328010652	0	0	0	-0.1768324763327075	0	-0.05035359936590634	-0.04025935243851771
0.768	0	0.01800075156241276	0	0	0	-0.1769953656311941	0	-0.05036182673214842	-0.0402872222334305
0.769	0	0.01795520083739952	0	0	0	-0.177157178663636	0	-0.05036995208226035	-0.04031489609184086
0.77	0	0.01790919038111703	0	0	0	-0.1773179131021825	0	-0.05037797418217268	-0.04034237358413587
0.771	0	0.01786271947427458	0	0	0	-0.1774775666335908	0	-0.05038589394770714	-0.04036965428764435
0.772	0	0.01781578740224875	0	0	0	-0.1776361369592512	0	-0.05039371029597924	-0.04039673777922869
0.773	0	0.01776839345509051	0	0	0	-0.177793621795209	0	-0.05040142401098988	-0.04042362364216585
0.774	0	0.01772053692753321	0	0	0	-0.1779500188721888	0	-0.05040903421229041	-0.04045031145984975
0.775	0	0.01767221711899977	0	0	0	-0.1781053259356166	0	-0.05041654102803953	-0.04047680082054265
0.776	0	0.01762343333361007	0	0	0	-0.1782595407456427	0	-0.05042394504853309	-0.04050309131639157
0.777	0	0.01757418488018875	0	0	0	-0.1784126610771651	0	-0.05043124459628626	-0.04052918253857019
0.778	0	0.01752447107227162	0	0	0	-0.1785646847198498	0	-0.0504384414137123	-0.04055507408737565
0.779	0	0.01747429122811385	0	0	0	-0.1787156094781557	0	-0.05044553372972711	-0.04058076555990613
0.78	0	0.01742364467069614	0	0	0	-0.1788654331713535	0	-0.05045252303591582	-0.04060625656208755
0.781	0	0.0173725307277327	0	0	0	-0.1790141536335501	0	-0.05045940759925548	-0.04063154669714868
0.782	0	0.01732094873167737	0	0	0	-0.1791617687137074	0	-0.05046618866336575	-0.04065663557661515
0.783	0	0.01726889801973129	0	0	0	-0.1793082762756664	0	-0.05047286513882763	-0.04068152281089137
0.784	0	0.0172163779338491	0	0	0	-0.1794536741981657	0	-0.05047943799342452	-0.04070620801702714
0.785	0	0.01716338782074646	0	0	0	-0.1795979603748645	0	-0.05048590552283965	-0.04073069081034388
0.786	0	0.01710992703190587	0	0	0	-0.1797411327143614	0	-0.05049226937887323	-0.04075497081509066
0.787	0	0.0170559949235843	0	0	0	-0.1798831891402167	0	-0.0504985280098087	-0.04077904765283875
0.788	0	0.01700159085681889	0	0	0	-0.1800241275909708	0	-0.05050468257926952	-0.04080292095293332
0.789	0	0.01694671419743421	0	0	0	-0.1801639460201661	0	-0.05051073221856773	-0.0408265903441059
0.79	0	0.01689136431604831	0	0	0	-0.180302642396366	0	-0.05051667662497604	-0.04085005545905605
0.791	0	0.0168355405880791	0	0	0	-0.1804402147031742	0	-0.05052251633811614	-0.04087331593492897
0.792	0	0.01677924239375094	0	0	0	-0.1805766609392551	0	-0.05052825088287035	-0.04089637141003739
0.793	0	0.01672246911810067	0	0	0	-0.1807119791183524	0	-0.05053388044597924	-0.04091922152681376
0.794	0	0.01666522015098406	0	0	0	-0.1808461672693093	0	-0.05053940437481769	-0.04094186592915935
0.795	0	0.01660749488708158	0	0	0	-0.1809792234360857	0	-0.0505448235367129	-0.04096430426659208
0.796	0	0.01654929272590507	0	0	0	-0.1811111456777794	0	-0.05055013637094486	-0.04098653618730008
0.797	0	0.01649061307180295	0	0	0	-0.1812419320686414	0	-0.05055534458316319	-0.04100856134814305
0.798	0	0.01643145533396714	0	0	0	-0.181371580698098	0	-0.05056044638040804	-0.0410303794027719
0.799	0	0.016371818926438	0	0	0	-0.1815000896707659	0	-0.0505654430169819	-0.04105199001311084
0.8	0	0.01631170326811095	0	0	0	-0.1816274571064723	0	-0.05057033350320199	-0.04107339284007362
0.801	0	0.01625110778274176	0	0	0	-0.1817536811402714	0	-0.05057511827304599	-0.04109458754999174
0.802	0	0.01619003189895249	0	0	0	-0.1818787599224629	0	-0.05057979688293505	-0.04111557381057766
0.803	0	0.01612847505023708	0	0	0	-0.1820026916186094	0	-0.05058436912833621	-0.04113635129288083
0.804	0	0.01606643667496675	0	0	0	-0.1821254744095529	0	-0.05058883606648561	-0.04115691967307163
0.805	0	0.01600391621639617	0	0	0	-0.1822471064914334	0	-0.05059319581115608	-0.04117727862508483
0.806	0	0.015940913122668	0	0	0	-0.182367586075704	0	-0.05059744975781034	-0.04119742783150405
0.8070000000000001	0	0.01587742684681917	0	0	0	-0.1824869113891494	0	-0.05060159704185649	-0.04121736697387143
0.8080000000000001	0	0.01581345684678567	0	0	0	-0.1826050806739013	0	-0.05060563802333776	-0.04123709573877565
0.8090000000000001	0	0.01574900258540824	0	0	0	-0.1827220921874559	0	-0.05060957190768508	-0.04125661381369494
0.8100000000000001	0	0.01568406353043711	0	0	0	-0.1828379442026884	0	-0.05061339978211363	-0.04127592089229297
0.8110000000000001	0	0.01561863915453798	0	0	0	-0.1829526350078716	0	-0.05061711977636501	-0.04129501666598026
0.8120000000000001	0	0.015552728935296	0	0	0	-0.1830661629066886	0	-0.05062073422310673	-0.04131390083639086
0.8130000000000001	0	0.01548633235522221	0	0	0	-0.183178526218252	0	-0.05062424082026533	-0.04133257309998276
0.8140000000000001	0	0.01541944890175729	0	0	0	-0.1832897232771166	0	-0.05062764109313996	-0.041351033162775
0.8150000000000001	0	0.01535207806727746	0	0	0	-0.1833997524332968	0	-0.05063093366434035	-0.04136928072863035
0.8160000000000001	0	0.0152842193490987	0	0	0	-0.1835086120522801	0	-0.05063411933411047	-0.04138731550809084
0.8170000000000001	0	0.01521587224948198	0	0	0	-0.1836163005150433	0	-0.05063719778777503	-0.04140513721265091
0.8180000000000001	0	0.01514703627563798	0	0	0	-0.1837228162180671	0	-0.05064016884292485	-0.04142274555692339
0.8190000000000001	0	0.01507771093973169	0	0	0	-0.1838281575733506	0	-0.05064303252400255	-0.04144014025876639
0.8200000000000001	0	0.01500789575888722	0	0	0	-0.1839323230084261	0	-0.05064578875877687	-0.04145732103875465
0.8210000000000001	0	0.01493759025519229	0	0	0	-0.184035310966373	0	-0.05064843756293196	-0.04147428762049896
0.8220000000000001	0	0.01486679395570299	0	0	0	-0.1841371199058328	0	-0.05065097841115254	-0.04149103972955208
0.8230000000000001	0	0.01479550639244797	0	0	0	-0.184237748301022	0	-0.05065341187865571	-0.04150757709625436
0.8240000000000001	0	0.01472372710243326	0	0	0	-0.1843371946417472	0	-0.05065573719703838	-0.04152389945149582
0.8250000000000001	0	0.01465145562764626	0	0	0	-0.1844354574334176	0	-0.0506579551116655	-0.04154000653166501
0.8260000000000001	0	0.01457869151506055	0	0	0	-0.1845325351970597	0	-0.05066006472451288	-0.04155589807318198
0.8270000000000001	0	0.01450543431663964	0	0	0	-0.1846284264693294	0	-0.05066206686989721	-0.04157157381834079
0.8280000000000001	0	0.01443168358934175	0	0	0	-0.1847231298025266	0	-0.05066396056787382	-0.04158703350917244
0.8290000000000001	0	0.01435743889512352	0	0	0	-0.184816643764607	0	-0.05066574615497356	-0.0416022768928608
0.8300000000000001	0	0.01428269980094436	0	0	0	-0.1849089669391955	0	-0.05066742388603299	-0.04161730371932703
0.8310000000000001	0	0.0142074658787706	0	0	0	-0.1850000979255992	0	-0.05066899302152744	-0.04163211373965005
0.8320000000000001	0	0.0141317367055792	0	0	0	-0.1850900353388192	0	-0.05067045425892998	-0.04164670671027226
0.833	0	0.01405551186336217	0	0	0	-0.185178777809564	0	-0.05067180643126561	-0.04166108238729774
0.834	0	0.01397879093912979	0	0	0	-0.1852663239842601	0	-0.05067305102421987	-0.04167524053429316
0.835	0	0.01390157352491536	0	0	0	-0.1853526725250666	0	-0.05067418643514136	-0.04168918091238208
0.836	0	0.01382385921777814	0	0	0	-0.1854378221098842	0	-0.05067521366401678	-0.04170290329006639
0.837	0	0.01374564761980769	0	0	0	-0.185521771432369	0	-0.05067613218593001	-0.04171640743610762
0.838	0	0.01366693833812724	0	0	0	-0.1856045192019434	0	-0.05067694230626896	-0.04172969312359461
0.839	0	0.01358773098489764	0	0	0	-0.1856860641438078	0	-0.0506776430491035	-0.04174276012629941
0.84	0	0.01350802517732041	0	0	0	-0.1857664049989508	0	-0.05067823568424244	-0.04175560822476389
0.841	0	0.01342782053764205	0	0	0	-0.185845540524162	0	-0.05067871878592738	-0.04176823719778641
0.842	0	0.01334711669315668	0	0	0	-0.1859234694920412	0	-0.05067909366975695	-0.04178064683178358
0.843	0	0.01326591327621035	0	0	0	-0.1860001906910111	0	-0.0506793587778051	-0.04179283691113244
0.844	0	0.01318420992420343	0	0	0	-0.1860757029253256	0	-0.05067951592954461	-0.04180480722891867
0.845	0	0.0131020062795951	0	0	0	-0.1861500050150831	0	-0.05067956297211681	-0.04181655757430428
0.846	0	0.01301930198990546	0	0	0	-0.1862230957962337	0	-0.05067950147455716	-0.04182808774574922
0.847	0	0.01293609670771967	0	0	0	-0.1862949741205921	0	-0.05067933061609198	-0.04183939754051157
0.848	0	0.01285239009069056	0	0	0	-0.1863656388558459	0	-0.05067905075301809	-0.04185048676077192
0.849	0	0.01276818180154216	0	0	0	-0.1864350888855663	0	-0.05067866122757648	-0.04186135520987266
0.85	0	0.01268347150807234	0	0	0	-0.1865033231092172	0	-0.05067816292010792	-0.04187200269669743
0.851	0	0.01259825888315635	0	0	0	-0.1865703404421654	0	-0.05067755476673861	-0.04188242902969355
0.852	0	0.0125125436047493	0	0	0	-0.1866361398156894	0	-0.0506768373093761	-0.04189263402296246
0.853	0	0.01242632535588938	0	0	0	-0.1867007201769887	0	-0.05067601057959242	-0.04190261749262988
0.854	0	0.01233960382470076	0	0	0	-0.1867640804891937	0	-0.05067507395237672	-0.04191237925659719
0.855	0	0.01225237870439607	0	0	0	-0.1868262197313731	0	-0.05067402827645806	-0.04192191913818995
0.856	0	0.01216464969327975	0	0	0	-0.1868871368985445	0	-0.0506728725556617	-0.04193123696047775
0.857	0	0.01207641649475012	0	0	0	-0.1869468310016815	0	-0.05067160756732654	-0.04194033255246116
0.858	0	0.01198767881730267	0	0	0	-0.1870053010677232	0	-0.05067023239380034	-0.04194920574315243
0.859	0	0.01189843637453205	0	0	0	-0.1870625461395813	0	-0.05066874815473746	-0.04195785636795433
0.86	0	0.0118086888851354	0	0	0	-0.18711856527615	0	-0.05066715349855858	-0.04196628426095222
0.861	0	0.01171843607291407	0	0	0	-0.1871733575523126	0	-0.050665449534994	-0.041974489263354
0.862	0	0.01162767766677681	0	0	0	-0.18722692205895	0	-0.05066363531988181	-0.04198247121577434
0.863	0	0.0115364134007416	0	0	0	-0.1872792579029478	0	-0.05066171164941868	-0.04199022996472118
0.864	0	0.01144464301393862	0	0	0	-0.1873303642072056	0	-0.05065967757614701	-0.04199776535664896
0.865	0	0.01135236625061189	0	0	0	-0.1873802401106416	0	-0.05065753422870777	-0.0420050772444843
0.866	0	0.01125958286012241	0	0	0	-0.1874288847682028	0	-0.05065527998196411	-0.04201216547938477
0.867	0	0.01116629259694938	0	0	0	-0.1874762973508695	0	-0.05065291651705837	-0.04201902992108347
0.868	0	0.01107249522069339	0	0	0	-0.1875224770456649	0	-0.05065044246708477	-0.04202567042704997
0.869	0	0.01097819049607776	0	0	0	-0.1875674230556595	0	-0.05064785854707457	-0.04203208686124379
0.87	0	0.01088337819295113	0	0	0	-0.1876111345999791	0	-0.05064516452077007	-0.04203827908894123
0.871	0	0.01078805808628928	0	0	0	-0.1876536109138116	0	-0.05064236023253831	-0.04204424697849651
0.872	0	0.01069222995619713	0	0	0	-0.1876948512484121	0	-0.05063944586472632	-0.04204999040178137
0.873	0	0.01059589358791081	0	0	0	-0.1877348548711104	0	-0.05063642107467178	-0.04205550923271246
0.874	0	0.01049904877179932	0	0	0	-0.1877736210653163	0	-0.05063328648128381	-0.04206080334978426
0.875	0	0.01040169530336677	0	0	0	-0.1878111491305264	0	-0.05063004106041553	-0.04206587263163252
0.876	0	0.01030383298325362	0	0	0	-0.1878474383823284	0	-0.05062668579922837	-0.04207071696325553
0.877	0	0.01020546161723907	0	0	0	-0.1878824881524086	0	-0.05062321991027265	-0.04207533622956803
0.878	0	0.0101065810162422	0	0	0	-0.1879162977885557	0	-0.0506196439729358	-0.04207973032074977
0.879	0	0.0100071909963241	0	0	0	-0.1879488666546676	0	-0.05061595726768695	-0.04208389912769533
0.88	0	0.009907291378689001	0	0	0	-0.1879801941307551	0	-0.05061216072931194	-0.04208784254707035
0.881	0	0.009806881989686435	0	0	0	-0.1880102796129491	0	-0.05060825316909563	-0.04209156047484998
0.882	0	0.009705962660812051	0	0	0	-0.188039122513503	0	-0.05060423568114255	-0.04209505281383311
0.883	0	0.009604533228709805	0	0	0	-0.1880667222607996	0	-0.05060010729291483	-0.04209831946624529
0.884	0	0.009502593535172719	0	0	0	-0.188093078299354	0	-0.05059586888248899	-0.04210136034039991
0.885	0	0.009400143427144859	0	0	0	-0.1881181900898198	0	-0.05059151962621466	-0.04210417534466283
0.886	0	0.009297182756722193	0	0	0	-0.1881420571089921	0	-0.05058705988993715	-0.04210676439236818
0.887	0	0.009193711381154093	0	0	0	-0.1881646788498123	0	-0.0505824898686573	-0.04210912739951304
0.888	0	0.009089729162844635	0	0	0	-0.1881860548213721	0	-0.05057780911994005	-0.04211126428396292
0.889	0	0.00898523596935363	0	0	0	-0.1882061845489174	0	-0.05057301776179857	-0.0421131749674952
0.89	0	0.008880231673397814	0	0	0	-0.1882250675738517	0	-0.05056811605550329	-0.04211485937509029
0.891	0	0.008774716152852051	0	0	0	-0.1882427034537406	0	-0.05056310368439508	-0.04211631743371055
0.892	0	0.008668689290750282	0	0	0	-0.1882590917623144	0	-0.05055798061463489	-0.04211754907376507
0.893	0	0.008562150975286517	0	0	0	-0.1882742320894717	0	-0.05055274699541896	-0.04211855422893884
0.894	0	0.008455101099815905	0	0	0	-0.188288124041283	0	-0.05054740261812868	-0.04211933283527816
0.895	0	0.008347539562855468	0	0	0	-0.1883007672399931	0	-0.05054194793014342	-0.04211988483291065
0.896	0	0.008239466268085248	0	0	0	-0.1883121613240246	0	-0.05053638235181188	-0.04212021016319201
0.897	0	0.008130881124348809	0	0	0	-0.1883223059479804	0	-0.05053070634061724	-0.04212030877220084
0.898	0	0.008021784045654295	0	0	0	-0.1883312007826464	0	-0.05052491943371795	-0.04212018060742496
0.899	0	0.007912174951174916	0	0	0	-0.1883388455149937	0	-0.0505190220281705	-0.04211982562077279
0.9	0	0.007802053765249858	0	0	0	-0.1883452398481813	0	-0.05051301380410107	-0.04211924376590354
0.901	0	0.007691420417384656	0	0	0	-0.1883503835015579	0	-0.05050689542580736	-0.04211843500110401
0.902	0	0.007580274842252246	0	0	0	-0.1883542762106652	0	-0.05050066573407744	-0.0421173992845368
0.903	0	0.007468616979692831	0	0	0	-0.1883569177272375	0	-0.05049432589997383	-0.04211613658126798
0.904	0	0.007356446774715124	0	0	0	-0.188358307819206	0	-0.05048787493600433	-0.04211464685567265
0.905	0	0.007243764177496143	0	0	0	-0.1883584462706984	0	-0.05048131368558528	-0.04211293007818367
0.906	0	0.007130569143382199	0	0	0	-0.1883573328820421	0	-0.0504746412879248	-0.04211098621931209
0.907	0	0.007016861632888672	0	0	0	-0.1883549674697634	0	-0.05046785887249886	-0.04210881525589863
0.908	0	0.006902641611701009	0	0	0	-0.1883513498665915	0	-0.05046096523436194	-0.04210641716380031
0.909	0	0.006787909050674305	0	0	0	-0.1883464799214568	0	-0.05045396126699558	-0.0421037919253885
0.91	0	0.006672663925834059	0	0	0	-0.1883403574994941	0	-0.05044684659394931	-0.04210093952385669
0.911	0	0.006556906218376098	0	0	0	-0.1883329824820417	0	-0.05043962122292459	-0.04209785994601901
0.912	0	0.006440635914666771	0	0	0	-0.1883243547666429	0	-0.05043228511974198	-0.04209455318159069
0.913	0	0.006323853006242978	0	0	0	-0.1883144742670461	0	-0.05042483866791252	-0.0420910192239661
0.914	0	0.006206557489812439	0	0	0	-0.1883033409132056	0	-0.0504172812674144	-0.0420872580678633
0.915	0	0.006088749367253334	0	0	0	-0.1882909546512816	0	-0.05040961349299254	-0.04208326971295565
0.916	0	0.005970428645614616	0	0	0	-0.1882773154436399	0	-0.05040183496985301	-0.04207905416029315
0.917	0	0.005851595337115678	0	0	0	-0.1882624232688525	0	-0.05039394580056993	-0.04207461141471092
0.918	0	0.005732249459146284	0	0	0	-0.1882462781216965	0	-0.05038594615253245	-0.04206994148413343
0.919	0	0.005612391034266438	0	0	0	-0.1882288800131549	0	-0.0503778359299468	-0.0420650443790151
0.92	0	0.005492020090206055	0	0	0	-0.1882102289704147	0	-0.05036961541270819	-0.04205992011342492
0.921	0	0.005371136659864973	0	0	0	-0.1881903250368682	0	-0.05036128350403368	-0.04205456870208577
0.922	0	0.005249740781311885	0	0	0	-0.1881691682721091	0	-0.05035284216535905	-0.04204899016785048
0.923	0	0.005127832497785163	0	0	0	-0.1881467587519355	0	-0.05034428938166585	-0.04204318452983247
0.924	0	0.00500541185769114	0	0	0	-0.1881230965683452	0	-0.05033562687765919	-0.04203715181642804
0.925	0	0.004882478914604841	0	0	0	-0.1880981818295374	0	-0.05032685305560243	-0.04203089205339439
0.926	0	0.004759033727268368	0	0	0	-0.1880720146599085	0	-0.05031796955834885	-0.04202440527492481
0.927	0	0.004635076359591407	0	0	0	-0.1880445952000535	0	-0.05030897510761556	-0.04201769151324991
0.928	0	0.004510606880649733	0	0	0	-0.1880159236067621	0	-0.05029987058933113	-0.04201075080721844
0.929	0	0.00438562536468524	0	0	0	-0.1879860000530179	0	-0.05029065530934859	-0.0420035831959794
0.93	0	0.004260131891104687	0	0	0	-0.1879548247279959	0	-0.05028133016021084	-0.04199618872432609
0.931	0	0.00413412654447958	0	0	0	-0.1879223978370617	0	-0.05027189401347823	-0.04198856743661049
0.9320000000000001	0	0.00400760941454462	0	0	0	-0.1878887196017671	0	-0.05026234828183262	-0.04198071938443763
0.9330000000000001	0	0.003880580596197782	0	0	0	-0.1878537902598503	0	-0.05025269151879988	-0.04197264461756232
0.9340000000000001	0	0.003753040189498461	0	0	0	-0.1878176100652306	0	-0.05024292517519311	-0.04196434319359879
0.9350000000000001	0	0.003624988299667518	0	0	0	-0.1877801792880084	0	-0.05023304789097074	-0.04195581516838225
0.9360000000000001	0	0.003496425037085395	0	0	0	-0.1877414982144599	0	-0.05022306085737455	-0.04194706060502999
0.9370000000000001	0	0.00336735051729187	0	0	0	-0.1877015671470363	0	-0.05021296331532788	-0.04193807956634839
0.9380000000000001	0	0.003237764860984387	0	0	0	-0.1876603864043588	0	-0.05020275605394098	-0.0419288721207191
0.9390000000000001	0	0.003107668194017501	0	0	0	-0.1876179563212173	0	-0.05019243815310977	-0.0419194383366169
0.9400000000000001	0	0.002977060647401091	0	0	0	-0.1875742772485647	0	-0.05018201066971732	-0.04190977828881969
0.9410000000000001	0	0.002845942357299829	0	0	0	-0.1875293495535156	0	-0.05017147264593817	-0.04189989205167951
0.9420000000000001	0	0.002714313465031253	0	0	0	-0.1874831736193405	0	-0.05016082504940136	-0.04188977970576091
0.9430000000000001	0	0.002582174117065116	0	0	0	-0.1874357498454639	0	-0.0501500669712855	-0.04187944133143093
0.9440000000000001	0	0.002449524465021374	0	0	0	-0.1873870786474583	0	-0.0501391994616177	-0.04186887701532439
0.9450000000000001	0	0.002316364665669466	0	0	0	-0.187337160457042	0	-0.05012822158436406	-0.0418580868436868
0.9460000000000001	0	0.002182694880926243	0	0	0	-0.1872859957220731	0	-0.05011713400710775	-0.04184707090842885
0.9470000000000001	0	0.002048515277854898	0	0	0	-0.1872335849065461	0	-0.05010593658314898	-0.04183582930304568
0.9480000000000001	0	0.001913826028663242	0	0	0	-0.1871799284905867	0	-0.05009462931456027	-0.04182436212423923
0.9490000000000001	0	0.001778627310702067	0	0	0	-0.1871250269704472	0	-0.05008321265969149	-0.04181266947243376
0.9500000000000001	0	0.001642919306463882	0	0	0	-0.1870688808585022	0	-0.05007168532764142	-0.04180075144806032
0.9510000000000001	0	0.001506702203580343	0	0	0	-0.1870114906832417	0	-0.05006004934472957	-0.04178860816009287
0.9520000000000001	0	0.00136997619482175	0	0	0	-0.1869528569892684	0	-0.05004830289995842	-0.04177623971398981
0.9530000000000001	0	0.001232741478093991	0	0	0	-0.1868929803372895	0	-0.05003644766507757	-0.04176364622403089
0.9540000000000001	0	0.001094998256437895	0	0	0	-0.1868318613041142	0	-0.05002448190934072	-0.04175082780171221
0.9550000000000001	0	0.0009567467380261032	0	0	0	-0.1867695004826448	0	-0.05001240762242136	-0.04173778456775273
0.9560000000000001	0	0.0008179871361624192	0	0	0	-0.1867058984818739	0	-0.05000022310179594	-0.04172451663959346
0.9570000000000001	0	0.0006787196692786522	0	0	0	-0.1866410559268753	0	-0.04998792966377021	-0.04171102414273212
0.9580000000000001	0	0.0005389445609335059	0	0	0	-0.186574973458801	0	-0.04997552629917491	-0.04169730720167255
0.9590000000000001	0	0.0003986620398096375	0	0	0	-0.1865076517348718	0	-0.04996301455230635	-0.04168336594818228
0.96	0	0.0002578723397125726	0	0	0	-0.1864390914283737	0	-0.04995039255500031	-0.04166920051123515
0.961	0	0.0001165756995671905	0	0	0	-0.1863692932286482	0	-0.04993766223777053	-0.04165481102913733
0.962	0	-2.52276365831335e-05	0	0	0	-0.1862982578410887	0	-0.04992482193671663	-0.04164019763709062
0.963	0	-0.0001675374195800533	0	0	0	-0.1862259859871303	0	-0.04991187306868757	-0.04162536047843005
0.964	0	-0.0003103533951516522	0	0	0	-0.1861524784042456	0	-0.04989881480848836	-0.0416102996956526
0.965	0	-0.0004536753039155175	0	0	0	-0.1860777358459351	0	-0.04988564795211209	-0.04159501543692697
0.966	0	-0.0005975028813806198	0	0	0	-0.1860017590817213	0	-0.04987237165511534	-0.04157950785059052
0.967	0	-0.0007418358579504433	0	0	0	-0.1859245488971396	0	-0.04985898700835803	-0.04156377709117769
0.968	0	-0.000886673958924831	0	0	0	-0.1858461060937321	0	-0.04984549299607326	-0.0415478233126012
0.969	0	-0.001032016904503337	0	0	0	-0.1857664314890382	0	-0.04983189072132039	-0.04153164667527436
0.97	0	-0.001177864409787153	0	0	0	-0.1856855259165879	0	-0.0498181792430397	-0.04151524733908951
0.971	0	-0.001324216184782514	0	0	0	-0.1856033902258915	0	-0.04980435948819267	-0.04149862547001235
0.972	0	-0.001471071934402876	0	0	0	-0.1855200252824335	0	-0.0497904309145451	-0.0414817812344533
0.973	0	-0.001618431358472131	0	0	0	-0.1854354319676623	0	-0.04977639374154452	-0.04146471480302388
0.974	0	-0.001766294151727393	0	0	0	-0.1853496111789814	0	-0.04976224843333205	-0.04144742634966931
0.975	0	-0.0019146600038217	0	0	0	-0.1852625638297419	0	-0.04974799440228569	-0.04142991604948213
0.976	0	-0.002063528599327402	0	0	0	-0.1851742908492314	0	-0.04973363233804658	-0.04141218408261571
0.977	0	-0.002212899617738778	0	0	0	-0.1850847931826663	0	-0.0497191617716899	-0.04139423063018684
0.978	0	-0.002362772733475496	0	0	0	-0.184994071791181	0	-0.04970458316072608	-0.0413760558777851
0.979	0	-0.002513147615885465	0	0	0	-0.1849021276518195	0	-0.0496898962443952	-0.04135766001270025
0.98	0	-0.002664023929248264	0	0	0	-0.1848089617575244	0	-0.04967510125900421	-0.04133904322596945
0.981	0	-0.002815401332778267	0	0	0	-0.1847145751171277	0	-0.04966019823304865	-0.0413202057111829
0.982	0	-0.002967279480628088	0	0	0	-0.1846189687553401	0	-0.04964518762848376	-0.04130114766557835
0.983	0	-0.003119658021891683	0	0	0	-0.1845221437127409	0	-0.04963006890855111	-0.04128186928759833
0.984	0	-0.003272536600608182	0	0	0	-0.1844241010457674	0	-0.04961484276371947	-0.04126237078066069
0.985	0	-0.003425914855764876	0	0	0	-0.1843248418267045	0	-0.04959950829167522	-0.04124265234839181
0.986	0	-0.003579792421301413	0	0	0	-0.1842243671436724	0	-0.04958406670199639	-0.04122271420088
0.987	0	-0.003734168926112652	0	0	0	-0.1841226781006177	0	-0.0495685171154469	-0.04120255654757612
0.988	0	-0.003889043994053033	0	0	0	-0.1840197758173003	0	-0.04955286051128523	-0.04118217960395967
0.989	0	-0.004044417243939622	0	0	0	-0.1839156614292831	0	-0.04953709604343339	-0.04116158358531188
0.99	0	-0.00420028828955652	0	0	0	-0.1838103360879194	0	-0.04952122453786852	-0.04114076871262094
0.991	0	-0.00435665673965819	0	0	0	-0.1837038009603419	0	-0.04950524568307758	-0.04111973520783338
0.992	0	-0.004513522197973685	0	0	0	-0.1835960572294503	0	-0.04948915991150436	-0.04109848329702737
0.993	0	-0.004670884263210264	0	0	0	-0.1834871060938995	0	-0.04947296652235613	-0.04107701320723954
0.994	0	-0.004828742529057982	0	0	0	-0.1833769487680858	0	-0.04945666692961685	-0.04105532517195253
0.995	0	-0.00498709658419283	0	0	0	-0.1832655864821374	0	-0.04944025946294282	-0.0410334194223012
0.996	0	-0.005145946012282042	0	0	0	-0.1831530204818975	0	-0.04942374593330218	-0.0410112961981713
0.997	0	-0.005305290391987082	0	0	0	-0.1830392520289157	0	-0.04940712494734338	-0.04098895573689215
0.998	0	-0.005465129296969	0	0	0	-0.1829242824004308	0	-0.04939039804020946	-0.04096639828360598
0.999	0	-0.005625462295891704	0	0	0	-0.1828081128893609	0	-0.04937356388531725	-0.04094362408146956
1	0	-0.005786288952427329	0	0	0	-0.1826907448042873	0	-0.04935662387368567	-0.04092063338109243
1.001	0	-0.005947608825259767	0	0	0	-0.182572179469443	0	-0.04933957693548378	-0.04089742643177142
1.002	0	-0.006109421468089895	0	0	0	-0.1824524182246965	0	-0.04932242418336915	-0.04087400348934568
1.003	0	-0.006271726429639579	0	0	0	-0.1823314624255402	0	-0.04930516464438996	-0.04085036480896929
1.004	0	-0.006434523253656775	0	0	0	-0.1822093134430735	0	-0.0492877994941948	-0.04082651065227737
1.005	0	-0.006597811478919687	0	0	0	-0.1820859726639909	0	-0.04927032753163677	-0.04080244127972002
1.006	0	-0.006761590639242224	0	0	0	-0.1819614414905646	0	-0.04925275069774859	-0.04077815695990555
1.007	0	-0.006925860263477838	0	0	0	-0.1818357213406327	0	-0.04923506714931636	-0.04075365795786515
1.008	0	-0.007090619875525435	0	0	0	-0.1817088136475811	0	-0.04921727850526849	-0.04072894454732547
1.009	0	-0.00725586899433344	0	0	0	-0.1815807198603306	0	-0.04919938358233549	-0.04070401700009085
1.01	0	-0.007421607133905451	0	0	0	-0.1814514414433196	0	-0.04918138345031077	-0.04067887559460731
1.011	0	-0.007587833803304905	0	0	0	-0.18132097987649	0	-0.04916327771125635	-0.04065352060965122
1.012	0	-0.007754548506660331	0	0	0	-0.18118933665527	0	-0.04914506674962774	-0.04062795232814081
1.013	0	-0.007921750743170565	0	0	0	-0.1810565132905588	0	-0.04912675029831592	-0.04060217103470103
1.014	0	-0.008089440007110009	0	0	0	-0.1809225113087099	0	-0.04910832896637486	-0.0405761770182505
1.015	0	-0.008257615787833874	0	0	0	-0.1807873322515151	0	-0.04908980221147744	-0.04054997056856381
1.016	0	-0.008426277569783735	0	0	0	-0.1806509776761868	0	-0.04907117082774899	-0.04052355198046418
1.017	0	-0.008595424832492829	0	0	0	-0.1805134491553426	0	-0.0490524344519011	-0.04049692154963155
1.018	0	-0.008765057050591583	0	0	0	-0.1803747482769867	0	-0.0490335932563332	-0.04047007957543409
1.019	0	-0.008935173693813445	0	0	0	-0.1802348766444934	0	-0.04901464756754532	-0.04044302636029411
1.02	0	-0.009105774227000107	0	0	0	-0.1800938358765892	0	-0.04899559712059075	-0.04041576220841425
1.021	0	-0.009276858110107779	0	0	0	-0.1799516276073351	0	-0.04897644252538873	-0.04038828742826572
1.022	0	-0.009448424798212302	0	0	0	-0.1798082534861095	0	-0.0489571830040937	-0.04036060232873923
1.023	0	-0.009620473741515983	0	0	0	-0.1796637151775876	0	-0.04893782018325837	-0.04033270722558632
1.024	0	-0.009793004385352157	0	0	0	-0.1795180143617267	0	-0.04891835236652049	-0.04030460243168151
1.025	0	-0.009966016170192781	0	0	0	-0.1793711527337434	0	-0.04889878148737066	-0.04027628826883735
1.026	0	-0.01013950853165297	0	0	0	-0.1792231320040992	0	-0.04887910571547181	-0.0402477650552287
1.027	0	-0.01031348090049843	0	0	0	-0.1790739538984769	0	-0.04885932695327491	-0.04021903311814058
1.028	0	-0.01048793270265067	0	0	0	-0.1789236201577651	0	-0.04883944407314456	-0.04019009278245751
1.029	0	-0.01066286335919393	0	0	0	-0.1787721325380366	0	-0.04881945793640625	-0.04016094437920204
1.03	0	-0.01083827228638113	0	0	0	-0.1786194928105297	0	-0.04879936792773489	-0.04013158823962865
1.031	0	-0.01101415889564068	0	0	0	-0.1784657027616273	0	-0.04877917538430709	-0.04010202470106225
1.032	0	-0.01119052259358236	0	0	0	-0.1783107641928385	0	-0.04875887882297888	-0.04007225409876388
1.033	0	-0.01136736278200472	0	0	0	-0.1781546789207755	0	-0.04873848003117912	-0.04004227677630102
1.034	0	-0.01154467885790066	0	0	0	-0.1779974487771366	0	-0.04871797722624704	-0.04001209307388927
1.035	0	-0.01172247021346534	0	0	0	-0.1778390756086814	0	-0.04869737255592358	-0.03998170334117155
1.036	0	-0.01190073623610182	0	0	0	-0.1776795612772134	0	-0.0486766646037489	-0.03995110792443674
1.037	0	-0.01207947630842866	0	0	0	-0.1775189076595563	0	-0.04865585438671336	-0.03992030717684157
1.038	0	-0.01225868980828647	0	0	0	-0.1773571166475339	0	-0.04863494141091418	-0.03988930145168259
1.039	0	-0.01243837610874505	0	0	0	-0.1771941901479475	0	-0.04861392628897246	-0.03985809110684758
1.04	0	-0.01261853457811043	0	0	0	-0.1770301300825544	0	-0.04859280891193622	-0.03982667650170729
1.041	0	-0.01279916457993184	0	0	0	-0.176864938388046	0	-0.04857158921003144	-0.03979505799839796
1.042	0	-0.01298026547300938	0	0	0	-0.1766986170160243	0	-0.04855026796138229	-0.03976323596319923
1.043	0	-0.01316183661140051	0	0	0	-0.1765311679329814	0	-0.04852884452436928	-0.03973121076266007
1.044	0	-0.01334387734442841	0	0	0	-0.1763625931202737	0	-0.04850731995833556	-0.0396989827689251
1.045	0	-0.01352638701668826	0	0	0	-0.176192894574102	0	-0.04848569311099538	-0.03966655235304345
1.046	0	-0.01370936496805598	0	0	0	-0.1760220743054854	0	-0.04846396529300458	-0.03963391989295464
1.047	0	-0.01389281053369465	0	0	0	-0.1758501343402399	0	-0.04844213578410422	-0.03960108576580142
1.048	0	-0.01407672304406311	0	0	0	-0.1756770767189532	0	-0.04842020533527244	-0.03956805035391573
1.049	0	-0.01426110182492294	0	0	0	-0.1755029034969613	0	-0.0483981736444292	-0.03953481404049449
1.05	0	-0.01444594619734695	0	0	0	-0.1753276167443241	0	-0.04837604154413003	-0.03950137721334163
1.051	0	-0.01463125547772619	0	0	0	-0.1751512185458014	0	-0.04835380807152495	-0.03946774025984517
1.052	0	-0.014817028977779	0	0	0	-0.1749737110008268	0	-0.04833147435912651	-0.0394339035736375
1.053	0	-0.0150032660045579	0	0	0	-0.1747950962234851	0	-0.04830903964408957	-0.03939986754775367
1.054	0	-0.01518996586045883	0	0	0	-0.1746153763424839	0	-0.04828650527508382	-0.03936563258149196
1.055	0	-0.01537712784322817	0	0	0	-0.1744345535011317	0	-0.0482638699751602	-0.03933119907195141
1.056	0	-0.01556475124597274	0	0	0	-0.1742526298573072	0	-0.04824113509558969	-0.03929656742235559
1.057	0	-0.01575283535716776	0	0	0	-0.1740696075834348	0	-0.04821829996440397	-0.03926173803416994
1.058	0	-0.01594137946066694	0	0	0	-0.1738854888664534	0	-0.04819536525791404	-0.0392267113130844
1.059	0	-0.01613038283571105	0	0	0	-0.1737002759077894	0	-0.04817233060543492	-0.03919148766503771
1.06	0	-0.01631984475693801	0	0	0	-0.1735139709233266	0	-0.04814919652085416	-0.03915606749963854
1.061	0	-0.01650976449439183	0	0	0	-0.1733265761433778	0	-0.04812596294350575	-0.0391204512277302
1.062	0	-0.01670014131353273	0	0	0	-0.1731380938126537	0	-0.04810263016912616	-0.0390846392630424
1.063	0	-0.01689097447524632	0	0	0	-0.1729485261902342	0	-0.0480791979491632	-0.03904863202067418
1.064	0	-0.0170822632358541	0	0	0	-0.1727578755495366	0	-0.04805566666106805	-0.03901242991913054
1.065	0	-0.01727400684712287	0	0	0	-0.1725661441782858	0	-0.04803203688068632	-0.03897603337960569
1.066	0	-0.01746620455627491	0	0	0	-0.172373334378483	0	-0.04800830772804256	-0.03893944282313996
1.067	0	-0.01765885560599843	0	0	0	-0.1721794484663738	0	-0.04798448030069168	-0.03890265867653653
1.068	0	-0.0178519592344575	0	0	0	-0.1719844887724165	0	-0.04796055421446176	-0.03886568136640411
1.069	0	-0.01804551467530253	0	0	0	-0.1717884576412502	0	-0.04793652963250815	-0.03882851132265211
1.07	0	-0.01823952115768104	0	0	0	-0.1715913574316622	0	-0.04791240666780939	-0.03879114897745514
1.071	0	-0.01843397790624802	0	0	0	-0.1713931905165544	0	-0.04788818602119306	-0.03875359476635236
1.072	0	-0.01862888414117655	0	0	0	-0.1711939592829115	0	-0.04786386665430809	-0.03871584912422284
1.073	0	-0.01882423907816921	0	0	0	-0.1709936661317656	0	-0.04783945007636571	-0.03867791249267966
1.074	0	-0.01902004192846827	0	0	0	-0.1707923134781643	0	-0.04781493485900429	-0.03863978531059321
1.075	0	-0.0192162918988677	0	0	0	-0.1705899037511336	0	-0.04779032278181151	-0.03860146802469581
1.076	0	-0.01941298819172341	0	0	0	-0.1703864393936465	0	-0.04776561244179554	-0.03856296107853472
1.077	0	-0.01961013000496548	0	0	0	-0.1701819228625849	0	-0.0477408052039411	-0.03852426492274884
1.078	0	-0.01980771653210896	0	0	0	-0.1699763566287064	0	-0.04771590036409807	-0.03848538000669652
1.079	0	-0.02000574696226585	0	0	0	-0.1697697431766067	0	-0.04769089880115451	-0.03844630678476563
1.08	0	-0.02020422048015651	0	0	0	-0.169562085004685	0	-0.04766579978393703	-0.03840704571083745
1.081	0	-0.02040313626612175	0	0	0	-0.1693533846251061	0	-0.04764060420465743	-0.03836759724387932
1.082	0	-0.02060249349613457	0	0	0	-0.1691436445637644	0	-0.04761531151636478	-0.03832796184263087
1.083	0	-0.02080229134181239	0	0	0	-0.1689328673602458	0	-0.04758992250323348	-0.03828813997039326
1.084	0	-0.02100252897042912	0	0	0	-0.1687210555677906	0	-0.04756443659105611	-0.03824813209036212
1.085	0	-0.02120320554492767	0	0	0	-0.1685082117532545	0	-0.04753885481283949	-0.03820793867076097
1.086	0	-0.02140432022393203	0	0	0	-0.1682943384970716	0	-0.04751317604357599	-0.03816756017830109
1.087	0	-0.02160587216176051	0	0	0	-0.1680794383932131	0	-0.04748740193107256	-0.03812699708672936
1.088	0	-0.02180786050843762	0	0	0	-0.167863514049151	0	-0.04746153118389274	-0.03808624986690007
1.089	0	-0.02201028440970776	0	0	0	-0.1676465680858154	0	-0.0474355651141578	-0.03804531899640182
1.09	0	-0.02221314300704747	0	0	0	-0.1674286031375567	0	-0.04740950288917384	-0.03800420495128973
1.091	0	-0.02241643543767902	0	0	0	-0.1672096218521034	0	-0.04738334515017997	-0.03796290821237348
1.092	0	-0.02262016083458354	0	0	0	-0.1669896268905221	0	-0.04735709192941438	-0.03792142926158268
1.093	0	-0.0228243183265142	0	0	0	-0.1667686209271762	0	-0.04733074334542672	-0.03787976858317095
1.094	0	-0.02302890703801004	0	0	0	-0.1665466066496833	0	-0.04730429943248214	-0.03783792666340874
1.095	0	-0.02323392608940925	0	0	0	-0.166323586758874	0	-0.04727776017482069	-0.03779590399063523
1.096	0	-0.02343937459686354	0	0	0	-0.1660995639687482	0	-0.04725112651915416	-0.03775370105701673
1.097	0	-0.02364525167235107	0	0	0	-0.1658745410064338	0	-0.04722439724217881	-0.03771131835307573
1.098	0	-0.02385155642369187	0	0	0	-0.1656485206121405	0	-0.04719757388075022	-0.03766875637627947
1.099	0	-0.02405828795456053	0	0	0	-0.1654215055391195	0	-0.04717065509167775	-0.03762601562119112
1.1	0	-0.02426544536450209	0	0	0	-0.1651934985536153	0	-0.04714364261554826	-0.03758309658987709
1.101	0	-0.02447302774894492	0	0	0	-0.1649645024348247	0	-0.04711653499535429	-0.03753999978091993
1.102	0	-0.02468103419921699	0	0	0	-0.164734519974848	0	-0.04708933385097386	-0.03749672570038842
1.103	0	-0.02488946380255902	0	0	0	-0.1645035539786469	0	-0.04706203793421587	-0.03745327485141822
1.104	0	-0.02509831564214087	0	0	0	-0.1642716072639953	0	-0.0470346485006153	-0.03740964774361343
1.105	0	-0.0253075887970753	0	0	0	-0.1640386826614353	0	-0.04700716466993041	-0.03736584488491418
1.106	0	-0.02551728234243435	0	0	0	-0.1638047830142282	0	-0.04697958755632122	-0.03732186678882313
1.107	0	-0.0257273953492635	0	0	0	-0.1635699111783092	0	-0.04695191612844511	-0.03727771396714159
1.108	0	-0.02593792688459849	0	0	0	-0.1633340700222367	0	-0.04692415194984331	-0.03723338693827471
1.109	0	-0.02614887601147941	0	0	0	-0.1630972624271479	0	-0.04689629348573345	-0.0371888862172359
1.11	0	-0.02636024178896818	0	0	0	-0.1628594912867056	0	-0.04686834248068848	-0.03714421232683527
1.111	0	-0.02657202327216287	0	0	0	-0.1626207595070529	0	-0.04684029778656579	-0.03709936578683137
1.112	0	-0.0267842195122152	0	0	0	-0.1623810700067607	0	-0.04681216054800922	-0.03705434712303498
1.113	0	-0.02699682955634544	0	0	0	-0.1621404257167799	0	-0.04678392961237125	-0.03700915685923361
1.114	0	-0.02720985244786024	0	0	0	-0.1618988295803879	0	-0.04675560634304859	-0.03696379552564995
1.115	0	-0.02742328722616777	0	0	0	-0.161656284553141	0	-0.04672719002030828	-0.03691826365084228
1.116	0	-0.02763713292679559	0	0	0	-0.1614127936028194	0	-0.0466986814745804	-0.03687256176809298
1.117	0	-0.02785138858140641	0	0	0	-0.1611683597093784	0	-0.04667007988956904	-0.03682669040977141
1.118	0	-0.0280660532178163	0	0	0	-0.160922985864893	0	-0.04664138643606715	-0.03678065011373152
1.119	0	-0.02828112586001059	0	0	0	-0.1606766750735073	0	-0.04661260030817406	-0.03673444141631536
1.12	0	-0.02849660552816234	0	0	0	-0.1604294303513791	0	-0.04658372243924461	-0.03668806485890229
1.121	0	-0.02871249123864868	0	0	0	-0.1601812547266282	0	-0.04655475181343623	-0.03664152098139075
1.122	0	-0.02892878200406975	0	0	0	-0.1599321512392791	0	-0.04652569003127575	-0.03659481033025798
1.123	0	-0.02914547683326496	0	0	0	-0.1596821229412093	0	-0.04649653577426507	-0.03654793344876923
1.124	0	-0.02936257473133247	0	0	0	-0.159431172896091	0	-0.04646729034418409	-0.03650089088676886
1.125	0	-0.02958007469964588	0	0	0	-0.1591793041793378	0	-0.04643795285927585	-0.03645368319217239
1.126	0	-0.02979797573587374	0	0	0	-0.1589265198780461	0	-0.04640852418896054	-0.03640631091792736
1.127	0	-0.0300162768339969	0	0	0	-0.1586728230909401	0	-0.04637900402243073	-0.03635877461681624
1.128	0	-0.03023497698432787	0	0	0	-0.1584182169283132	0	-0.04634939240258402	-0.03631107484416745
1.129	0	-0.0304540751735291	0	0	0	-0.1581627045119709	0	-0.0463196897279014	-0.0362632121578531
1.13	0	-0.03067357038463212	0	0	0	-0.1579062889751723	0	-0.04628989579440751	-0.03621518711658643
1.131	0	-0.03089346159705648	0	0	0	-0.1576489734625708	0	-0.04626001116043397	-0.03616700028233756
1.132	0	-0.03111374778662888	0	0	0	-0.1573907611301562	0	-0.04623003511916811	-0.03611865221672445
1.133	0	-0.03133442792560293	0	0	0	-0.1571316551451927	0	-0.04619996894615579	-0.03607014348678501
1.134	0	-0.0315555009826781	0	0	0	-0.1568716586861611	0	-0.04616981174005884	-0.03602147465757019
1.135	0	-0.03177696592301994	0	0	0	-0.1566107749426959	0	-0.04613956403565549	-0.0359726462985737
1.136	0	-0.03199882170827974	0	0	0	-0.1563490071155251	0	-0.04610922579847001	-0.03592365898015124
1.137	0	-0.03222106729661445	0	0	0	-0.1560863584164085	0	-0.04607879719399714	-0.03587451327488887
1.138	0	-0.03244370164270711	0	0	0	-0.1558228320680749	0	-0.04604827799244602	-0.03582520975653712
1.139	0	-0.03266672369778713	0	0	0	-0.1555584313041591	0	-0.04601766919291926	-0.03577574900290618
1.14	0	-0.03289013240965052	0	0	0	-0.1552931593691397	0	-0.04598696987638168	-0.03572613159024008
1.141	0	-0.03311392672268094	0	0	0	-0.1550270195182743	0	-0.04595618093467913	-0.03567635809987814
1.142	0	-0.03333810557787022	0	0	0	-0.1547600150175359	0	-0.04592530143266878	-0.03562642911174058
1.143	0	-0.03356266791283988	0	0	0	-0.154492149143547	0	-0.04589433300424987	-0.03557634521219898
1.144	0	-0.03378761266186141	0	0	0	-0.1542234251835164	0	-0.04586327406478191	-0.03552610698370372
1.145	0	-0.03401293875587862	0	0	0	-0.1539538464351706	0	-0.04583212633782677	-0.03547571501647641
1.146	0	-0.03423864512252808	0	0	0	-0.1536834162066907	0	-0.0458008883501923	-0.03542516989684415
1.147	0	-0.03446473068616168	0	0	0	-0.1534121378166427	0	-0.04576956131014639	-0.03537447221777982
1.148	0	-0.03469119436786779	0	0	0	-0.1531400145939124	0	-0.04573814463381515	-0.03532362257086997
1.149	0	-0.03491803508549362	0	0	0	-0.1528670498776362	0	-0.04570663922437541	-0.03527262155220334
1.15	0	-0.03514525175366686	0	0	0	-0.1525932470171342	0	-0.04567504387688422	-0.03522146975589993
1.151	0	-0.03537284328381871	0	0	0	-0.1523186093718398	0	-0.04564336028717264	-0.03517016778312506
1.152	0	-0.03560080858420535	0	0	0	-0.1520431403112327	0	-0.04561158715799626	-0.03511871623147311
1.153	0	-0.0358291465599314	0	0	0	-0.1517668432147667	0	-0.04557972558869192	-0.03506711570467429
1.154	0	-0.03605785611297191	0	0	0	-0.1514897214718019	0	-0.04554777453451934	-0.03501536680440542
1.155	0	-0.03628693614219621	0	0	0	-0.1512117784815316	0	-0.04551573540039946	-0.03496347013857543
1.156	0	-0.03651638554338964	0	0	0	-0.1509330176529141	0	-0.04548360709464327	-0.0349114263123966
1.157	0	-0.0367462032092782	0	0	0	-0.1506534424045979	0	-0.04545139080916555	-0.03485923593701271
1.158	0	-0.0369763880295505	0	0	0	-0.1503730561648529	0	-0.04541908551478399	-0.03480689962135606
1.159	0	-0.03720693889088253	0	0	0	-0.1500918623714945	0	-0.04538669223772832	-0.03475441797988188
1.16	0	-0.03743785467696028	0	0	0	-0.1498098644718139	0	-0.04535421034661423	-0.03470179162584201
1.161	0	-0.03766913426850441	0	0	0	-0.1495270659225013	0	-0.0453216407711003	-0.03464902117711752
1.162	0	-0.0379007765432931	0	0	0	-0.1492434701895759	0	-0.04528898219902099	-0.03459610724931626
1.163	0	-0.03813278037618774	0	0	0	-0.1489590807483067	0	-0.0452562366054465	-0.03454305046581228
1.164	0	-0.03836514463915516	0	0	0	-0.148673901083143	0	-0.04522340235184633	-0.03448985144520435
1.165	0	-0.03859786820129388	0	0	0	-0.1483879346876347	0	-0.04519048041595419	-0.03443651081263689
1.166	0	-0.0388309499288574	0	0	0	-0.1481011850643593	0	-0.04515747085179571	-0.03438302919336342
1.167	0	-0.03906438868527932	0	0	0	-0.1478136557248445	0	-0.04512437343940653	-0.03432940721392802
1.168	0	-0.03929818333119793	0	0	0	-0.1475253501894925	0	-0.04509118833922739	-0.03427564550334531
1.169	0	-0.03953233272448153	0	0	0	-0.1472362719875022	0	-0.04505791597134577	-0.03422174469289303
1.17	0	-0.03976683572025269	0	0	0	-0.146946424656793	0	-0.04502455559431812	-0.03416770541350814
1.171	0	-0.04000169117091456	0	0	0	-0.1466558117439249	0	-0.04499110859670945	-0.03411352830179488
1.172	0	-0.04023689792617482	0	0	0	-0.1463644368040236	0	-0.04495757383075031	-0.03405921399150304
1.173	0	-0.0404724548330724	0	0	0	-0.1460723034006984	0	-0.04492395202504511	-0.03400476312158732
1.174	0	-0.04070836073600197	0	0	0	-0.1457794151059663	0	-0.04489024291219021	-0.03395017633095115
1.175	0	-0.04094461447674055	0	0	0	-0.1454857755001699	0	-0.04485644713166512	-0.03389545426193344
1.176	0	-0.04118121489447223	0	0	0	-0.1451913881719007	0	-0.04482256376208858	-0.0338405975557808
1.177	0	-0.04141816082581548	0	0	0	-0.1448962567179156	0	-0.04478859440908367	-0.03378560686014132
1.178	0	-0.04165545110484741	0	0	0	-0.1446003847430604	0	-0.04475453765688631	-0.03373048281888206
1.179	0	-0.04189308456313164	0	0	0	-0.1443037758601849	0	-0.04472039452914046	-0.03367522608211416
1.18	0	-0.04213106002974312	0	0	0	-0.1440064336900656	0	-0.04468616448539012	-0.03361983729883207
1.181	0	-0.04236937633129562	0	0	0	-0.1437083618613211	0	-0.044651848366325	-0.03356431712233134
1.182	0	-0.04260803229196699	0	0	0	-0.1434095640103331	0	-0.04461744543516709	-0.03350866620475745
1.183	0	-0.04284702673352689	0	0	0	-0.1431100437811619	0	-0.04458295639495505	-0.03345288520265784
1.184	0	-0.04308635847536239	0	0	0	-0.1428098048254658	0	-0.04454838093180466	-0.03339697477245758
1.185	0	-0.04332602633450552	0	0	0	-0.1425088508024173	0	-0.04451371967187318	-0.03334093557406172
1.186	0	-0.04356602912565923	0	0	0	-0.1422071853786214	0	-0.04447897194828237	-0.0332847682667272
1.187	0	-0.04380636566122517	0	0	0	-0.1419048122280306	0	-0.04444413848383535	-0.03322847351402025
1.188	0	-0.04404703475132995	0	0	0	-0.1416017350318631	0	-0.04440921923664672	-0.03317205197983014
1.189	0	-0.04428803520385264	0	0	0	-0.141297957478518	0	-0.04437421418919864	-0.03311550432981924
1.19	0	-0.04452936582445149	0	0	0	-0.1409934832634921	0	-0.04433912340510544	-0.03305883123152762
1.191	0	-0.04477102541659159	0	0	0	-0.1406883160892949	0	-0.04430394692505783	-0.03300203335417673
1.192	0	-0.04501301278157183	0	0	0	-0.1403824596653645	0	-0.04426868522650563	-0.03294511136951637
1.193	0	-0.04525532671855227	0	0	0	-0.1400759177079832	0	-0.04423333806255531	-0.03288806594966356
1.194	0	-0.04549796602458154	0	0	0	-0.1397686939401921	0	-0.04419790591157952	-0.03283089776979058
1.195	0	-0.04574092949462423	0	0	0	-0.1394607920917068	0	-0.04416238801815522	-0.03277360750447732
1.196	0	-0.04598421592158873	0	0	0	-0.1391522158988311	0	-0.04412678563971293	-0.03271619583374848
1.197	0	-0.04622782409635424	0	0	0	-0.1388429691043728	0	-0.0440910981363273	-0.03265866343577925
1.198	0	-0.04647175280779867	0	0	0	-0.1385330554575571	0	-0.04405532594524523	-0.03260101099244267
1.199	0	-0.04671600084282635	0	0	0	-0.1382224787139417	0	-0.0440194688396972	-0.0325432391860454
1.2	0	-0.04696056698639546	0	0	0	-0.1379112426353303	0	-0.04398352735289842	-0.03248534870198241
1.201	0	-0.04720545002154596	0	0	0	-0.1375993509896872	0	-0.04394750121226239	-0.03242734022580656
1.202	0	-0.04745064872942723	0	0	0	-0.1372868075510507	0	-0.04391139119761073	-0.03236921444669368
1.203	0	-0.04769616188932559	0	0	0	-0.1369736160994479	0	-0.04387519605256117	-0.03231097205164744
1.204	0	-0.04794198827869287	0	0	0	-0.1366597804208065	0	-0.04383891767707843	-0.0322526137352285
1.205	0	-0.0481881266731732	0	0	0	-0.1363453043068708	0	-0.04380255484323603	-0.03219414018775453
1.206	0	-0.04843457584663155	0	0	0	-0.1360301915551134	0	-0.04376610865010599	-0.0321355521055285
1.207	0	-0.04868133457118116	0	0	0	-0.1357144459686504	0	-0.04372957817507082	-0.03207685018266442
1.208	0	-0.04892840161721182	0	0	0	-0.135398071356153	0	-0.04369296483723245	-0.03201803511927581
1.209	0	-0.04917577575341715	0	0	0	-0.1350810715317628	0	-0.04365626758084216	-0.03195910761240292
1.21	0	-0.04942345574682294	0	0	0	-0.1347634503150039	0	-0.04361948726969314	-0.03190006836427637
1.211	0	-0.04967144036281473	0	0	0	-0.1344452115306973	0	-0.04358262350598158	-0.03184091807630933
1.212	0	-0.04991972836516583	0	0	0	-0.1341263590088732	0	-0.04354567744457379	-0.03178165745439682
1.213	0	-0.05016831851606478	0	0	0	-0.133806896584686	0	-0.04350864805022635	-0.03172228720183112
1.214	0	-0.05041720957614362	0	0	0	-0.133486828098326	0	-0.04347153642212595	-0.03166280802746523
1.215	0	-0.0506664003045053	0	0	0	-0.133166157394935	0	-0.04343434182735003	-0.03160322063819056
1.216	0	-0.05091588945875179	0	0	0	-0.1328448883245173	0	-0.0433970653871138	-0.03154352574590814
1.217	0	-0.05116567579501139	0	0	0	-0.1325230247418559	0	-0.0433597061184663	-0.0314837240600062
1.218	0	-0.0514157580679671	0	0	0	-0.1322005705064239	0	-0.04332226561596033	-0.0314238162962309
1.219	0	-0.05166613503088336	0	0	0	-0.1318775294823008	0	-0.04328474253541696	-0.0313638031661911
1.22	0	-0.05191680543563482	0	0	0	-0.1315539055380829	0	-0.04324713864182238	-0.03130368538884071
1.221	0	-0.05216776803273283	0	0	0	-0.1312297025468012	0	-0.04320945271647707	-0.0312434636788683
1.222	0	-0.05241902157135392	0	0	0	-0.1309049243858323	0	-0.04317168598466534	-0.03118313875701338
1.223	0	-0.05267056479936664	0	0	0	-0.1305795749368145	0	-0.04313383769855186	-0.03112271134163177
1.224	0	-0.05292239646335951	0	0	0	-0.1302536580855607	0	-0.0430959087953293	-0.03106218215565234
1.225	0	-0.05317451530866819	0	0	0	-0.1299271777219742	0	-0.04305789898668429	-0.03100155192100561
1.226	0	-0.05342692007940295	0	0	0	-0.1296001377399619	0	-0.04301980912204902	-0.03094082136311638
1.227	0	-0.05367960951847577	0	0	0	-0.1292725420373508	0	-0.0429816385059266	-0.03087999120575106
1.228	0	-0.05393258236762795	0	0	0	-0.1289443945158008	0	-0.0429433883322952	-0.03081906217757533
1.229	0	-0.0541858373674568	0	0	0	-0.128615699080722	0	-0.04290505760326191	-0.03075803500430941
1.23	0	-0.05443937325744342	0	0	0	-0.1282864596411875	0	-0.04286664801051559	-0.03069691041807036
1.231	0	-0.05469318877597897	0	0	0	-0.1279566801098516	0	-0.04282815853506792	-0.03063568914698176
1.232	0	-0.0549472826603923	0	0	0	-0.127626364402863	0	-0.04278959028081501	-0.0305743719244381
1.233	0	-0.05520165364697637	0	0	0	-0.1272955164397827	0	-0.04275094259629132	-0.03051295948162219
1.234	0	-0.05545630047101546	0	0	0	-0.1269641401434983	0	-0.04271221646907694	-0.03045145255401473
1.235	0	-0.05571122186681169	0	0	0	-0.1266322394401414	0	-0.04267341182624724	-0.03038985187617525
1.236	0	-0.05596641656771172	0	0	0	-0.126299818259004	0	-0.04263452908035031	-0.03032815818468904
1.237	0	-0.05622188330613335	0	0	0	-0.1259668805324546	0	-0.0425955682425895	-0.03026637221643687
1.238	0	-0.05647762081359197	0	0	0	-0.1256334301958562	0	-0.04255652971938245	-0.03020449471010536
1.239	0	-0.05673362782072729	0	0	0	-0.1252994711874826	0	-0.04251741402894973	-0.0301425264056126
1.24	0	-0.05698990305732888	0	0	0	-0.124965007448437	0	-0.04247822059969175	-0.03008046804175659
1.241	0	-0.05724644525236355	0	0	0	-0.1246300429225679	0	-0.04243895053724823	-0.03001832036154774
1.242	0	-0.05750325313400038	0	0	0	-0.1242945815563889	0	-0.04239960394672986	-0.02995608410699539
1.243	0	-0.05776032542963749	0	0	0	-0.1239586272989965	0	-0.04236018081292672	-0.02989376002077759
1.244	0	-0.05801766086592758	0	0	0	-0.1236221841019883	0	-0.04232068142299303	-0.02983134884704011
1.245	0	-0.05827525816880436	0	0	0	-0.1232852559193814	0	-0.0422811065786459	-0.02976885133178402
1.246	0	-0.05853311606350736	0	0	0	-0.1229478467075329	0	-0.04224145608381667	-0.02970626821988839
1.247	0	-0.0587912332746087	0	0	0	-0.1226099604250577	0	-0.04220173053714806	-0.02964360025857431
1.248	0	-0.05904960852603761	0	0	0	-0.1222716010327499	0	-0.04216192976062098	-0.02958084819431044
1.249	0	-0.05930824054110694	0	0	0	-0.1219327724935002	0	-0.04212205485914706	-0.02951801277680834
1.25	0	-0.05956712804253731	0	0	0	-0.1215934787722196	0	-0.04208210502187458	-0.02945509475273654
1.251	0	-0.05982626975248373	0	0	0	-0.1212537238357563	0	-0.04204208163002716	-0.02939209487372542
1.252	0	-0.0600856643925595	0	0	0	-0.1209135116528193	0	-0.04200198443432032	-0.02932901388885969
1.253	0	-0.06034531068386229	0	0	0	-0.1205728461938981	0	-0.04196181407342029	-0.02926585254957561
1.254	0	-0.06060520734699806	0	0	0	-0.1202317314311852	0	-0.04192157027629959	-0.02920261160610805
1.255	0	-0.06086535310210726	0	0	0	-0.1198901713384956	0	-0.0418812545414262	-0.02913929181272041
1.256	0	-0.0611257466688878	0	0	0	-0.1195481698911928	0	-0.04184086576639732	-0.02907589391908464
1.257	0	-0.06138638676662158	0	0	0	-0.1192057310661067	0	-0.04180040541188227	-0.02901241868040104
1.258	0	-0.06164727211419735	0	0	0	-0.1188628588414599	0	-0.04175987287896432	-0.0289488668482758
1.259	0	-0.06190840143013666	0	0	0	-0.1185195571967877	0	-0.04171926980069453	-0.02888523917914242
1.26	0	-0.06216977343261644	0	0	0	-0.1181758301128646	0	-0.04167859504289807	-0.02882153642436964
1.261	0	-0.0624313868394951	0	0	0	-0.1178316815716242	0	-0.04163785020263705	-0.02875775934108326
1.262	0	-0.06269324036833494	0	0	0	-0.1174871155560869	0	-0.0415970348478651	-0.0286939086827366
1.263	0	-0.06295533273642748	0	0	0	-0.1171421360502807	0	-0.04155614988159188	-0.02862998520572058
1.264	0	-0.06321766266081613	0	0	0	-0.1167967470391689	0	-0.04151519494291088	-0.02856598966419397
1.265	0	-0.06348022885832146	0	0	0	-0.1164509525085713	0	-0.04147417155452779	-0.02850192281629112
1.266	0	-0.06374303004556302	0	0	0	-0.1161047564450938	0	-0.04143307876421212	-0.02843778541544301
1.267	0	-0.06400606493898491	0	0	0	-0.115758162836049	0	-0.04139191831189711	-0.02837357822060272
1.268	0	-0.06426933225487724	0	0	0	-0.1154111756693866	0	-0.04135068938615203	-0.02830930198579817
1.269	0	-0.06453283070940136	0	0	0	-0.1150637989336158	0	-0.04130939330905238	-0.0282449574694155
1.27	0	-0.06479655901861159	0	0	0	-0.1147160366177345	0	-0.04126802947561747	-0.028180545426088
1.271	0	-0.06506051589847965	0	0	0	-0.1143678927111531	0	-0.04122659946904591	-0.0281160666148612
1.272	0	-0.06532470006491632	0	0	0	-0.114019371203625	0	-0.04118510251245568	-0.02805152179009759
1.273	0	-0.06558911023379589	0	0	0	-0.1136704760851701	0	-0.04114354017648792	-0.02798691171083716
1.274	0	-0.06585374512097757	0	0	0	-0.1133212113460062	0	-0.04110191177188674	-0.02792223713156616
1.275	0	-0.06611860344232952	0	0	0	-0.1129715809764736	0	-0.04106021872017994	-0.02785749881092403
1.276	0	-0.0663836839137501	0	0	0	-0.1126215889669661	0	-0.04101846038564789	-0.0277926975033357
1.277	0	-0.06664898525119201	0	0	0	-0.1122712393078567	0	-0.0409766382862027	-0.02772783396741002
1.278	0	-0.06691450617068298	0	0	0	-0.1119205359894297	0	-0.04093475181670266	-0.02766290895734492
1.279	0	-0.06718024538834978	0	0	0	-0.1115694830018064	0	-0.04089280234830489	-0.02759792323111674
1.28	0	-0.06744620162043895	0	0	0	-0.1112180843348776	0	-0.04085078956604139	-0.02753287754310215
1.281	0	-0.06771237358334008	0	0	0	-0.1108663439782309	0	-0.04080871441112181	-0.02746777264996162
1.282	0	-0.06797875999360713	0	0	0	-0.1105142659210822	0	-0.04076657696026793	-0.0274026093063408
1.283	0	-0.0682453595679806	0	0	0	-0.1101618541522055	0	-0.04072437777534702	-0.02733738826756827
1.284	0	-0.06851217102340955	0	0	0	-0.1098091126598633	0	-0.04068211727519058	-0.0272721102883553
1.285	0	-0.06877919307707286	0	0	0	-0.1094560454317376	0	-0.04063979602825699	-0.02720677612336505
1.286	0	-0.06904642444640147	0	0	0	-0.1091026564548611	0	-0.04059741467152392	-0.02714138652701264
1.287	0	-0.06931386384909907	0	0	0	-0.1087489497155496	0	-0.04055497270584465	-0.02707594225101757
1.288	0	-0.06958151000316493	0	0	0	-0.1083949291993307	0	-0.04051247217595874	-0.02701044405180648
1.289	0	-0.06984936162691328	0	0	0	-0.1080405988908804	0	-0.04046991190212379	-0.02694489267882809
1.29	0	-0.07011741743899678	0	0	0	-0.1076859627739506	0	-0.04042729361936527	-0.02687928888694315
1.291	0	-0.07038567615842564	0	0	0	-0.1073310248313057	0	-0.04038461670138601	-0.02681363342572179
1.292	0	-0.07065413650459054	0	0	0	-0.1069757890446521	0	-0.04034188267571596	-0.02674792704857121
1.293	0	-0.07092279719728189	0	0	0	-0.1066202593945742	0	-0.04029909131628961	-0.02668217050478068
1.294	0	-0.07119165695671216	0	0	0	-0.1062644398604657	0	-0.04025624326297337	-0.02661636454481581
1.295	0	-0.07146071450353547	0	0	0	-0.1059083344204645	0	-0.0402133386296105	-0.02655050991747087
1.296	0	-0.07172996855886969	0	0	0	-0.1055519470513848	0	-0.04017037907603992	-0.0264846073740577
1.297	0	-0.07199941784431525	0	0	0	-0.1051952817286548	0	-0.04012736354231106	-0.02641865765969958
1.298	0	-0.07226906108197763	0	0	0	-0.1048383424262467	0	-0.04008429381509943	-0.02635266152464763
1.299	0	-0.07253889699448593	0	0	0	-0.1044811331166154	0	-0.04004116922869461	-0.02628661971345994
1.3	0	-0.07280892430501508	0	0	0	-0.1041236577706301	0	-0.03999799149825421	-0.02622053297483744
1.301	0	-0.07307914173730416	0	0	0	-0.1037659203575133	0	-0.03995475956382954	-0.02615440205107677
1.302	0	-0.07334954801567863	0	0	0	-0.1034079248447717	0	-0.03991147554913629	-0.02608822769022653
1.303	0	-0.07362014186506836	0	0	0	-0.1030496751981365	0	-0.03986813871720087	-0.02602201063370703
1.304	0	-0.07389092201102951	0	0	0	-0.1026911753814959	0	-0.03982475039955942	-0.02595575162637629
1.305	0	-0.07416188717976271	0	0	0	-0.1023324293568343	0	-0.03978131002906531	-0.02588945140838762
1.306	0	-0.07443303609813488	0	0	0	-0.1019734410841652	0	-0.03973781969837417	-0.02582311072451129
1.307	0	-0.07470436749369658	0	0	0	-0.1016142145214726	0	-0.0396942782139065	-0.02575673031192264
1.308	0	-0.07497588009470417	0	0	0	-0.1012547536246432	0	-0.03965068763376655	-0.02569031091360802
1.309	0	-0.07524757263013705	0	0	0	-0.1008950623474084	0	-0.03960704682249876	-0.02562385326509437
1.31	0	-0.07551944382971935	0	0	0	-0.1005351446412771	0	-0.03956335769669448	-0.02555735810728543
1.311	0	-0.07579149242393743	0	0	0	-0.1001750044554779	0	-0.03951961974501936	-0.02549082617516247
1.312	0	-0.07606371714406078	0	0	0	-0.09981464573689361	0	-0.03947583409038671	-0.02542425820613498
1.313	0	-0.07633611672215999	0	0	0	-0.09945407243000183	0	-0.03943200106374935	-0.02535765493502554
1.314	0	-0.07660868989112686	0	0	0	-0.09909328847681242	0	-0.03938812108982719	-0.02529101709587769
1.315	0	-0.07688143538469296	0	0	0	-0.09873229781680654	0	-0.03934419506550121	-0.02522434542272391
1.316	0	-0.07715435193744857	0	0	0	-0.09837110438687621	0	-0.0393002224873954	-0.02515764064570441
1.317	0	-0.07742743828486234	0	0	0	-0.09800971212126179	0	-0.03925620527291027	-0.02509090349895088
1.318	0	-0.07770069316329895	0	0	0	-0.09764812495149462	0	-0.03921214226159511	-0.02502413470918833
1.319	0	-0.07797411531003917	0	0	0	-0.09728634680633277	0	-0.03916803575667745	-0.0249573350092759
1.32	0	-0.07824770346329736	0	0	0	-0.09692438161170526	0	-0.03912388486788959	-0.02489050512439669
1.321	0	-0.07852145636224085	0	0	0	-0.09656223329064881	0	-0.03907969113439057	-0.02482364578370485
1.322	0	-0.07879537274700804	0	0	0	-0.09619990576325103	0	-0.03903545400664544	-0.02475675771093079
1.323	0	-0.07906945135872716	0	0	0	-0.09583740294658895	0	-0.03899117496441489	-0.02468984163292594
1.324	0	-0.07934369093953426	0	0	0	-0.09547472875467169	0	-0.03894685385407314	-0.02462289827203617
1.325	0	-0.07961809023259174	0	0	0	-0.09511188709838095	0	-0.03890249163837613	-0.02455592835182116
1.326	0	-0.07989264798210641	0	0	0	-0.09474888188541263	0	-0.03885808829047432	-0.02448893259263872
1.327	0	-0.08016736293334778	0	0	0	-0.09438571702021818	0	-0.0388136451198191	-0.02442191171648464
1.328	0	-0.08044223383266559	0	0	0	-0.09402239640394801	0	-0.03876916150725697	-0.02435486644019155
1.329	0	-0.08071725942750868	0	0	0	-0.09365892393439118	0	-0.03872463929391304	-0.02428779748455294
1.33	0	-0.08099243846644168	0	0	0	-0.09329530350592084	0	-0.0386800778994113	-0.02422070556413673
1.331	0	-0.08126776969916383	0	0	0	-0.09293153900943464	0	-0.03863547851184043	-0.02415359139601786
1.332	0	-0.08154325187652603	0	0	0	-0.09256763433229888	0	-0.03859084131131558	-0.02408645569397259
1.333	0	-0.08181888375054862	0	0	0	-0.09220359335829162	0	-0.03854616672516192	-0.024019299171088
1.334	0	-0.08209466407443924	0	0	0	-0.09183941996754533	0	-0.03850145562052252	-0.02395212254015821
1.335	0	-0.08237059160260965	0	0	0	-0.09147511803649219	0	-0.03845670808884375	-0.02388492651113352
1.336	0	-0.08264666509069388	0	0	0	-0.09111069143780598	0	-0.03841192525928479	-0.02381771179490471
1.337	0	-0.08292288329556446	0	0	0	-0.09074614404034902	0	-0.03836710657646634	-0.02375047909759507
1.338	0	-0.08319924497535136	0	0	0	-0.09038147970911288	0	-0.03832225419547068	-0.0236832291297604
1.339	0	-0.08347574888945664	0	0	0	-0.09001670230516812	0	-0.03827736664827189	-0.02361596259309933
1.34	0	-0.08375239379857419	0	0	0	-0.08965181568560363	0	-0.03823244619255792	-0.02354868019586998
1.341	0	-0.08402917846470428	0	0	0	-0.08928682370347711	0	-0.03818749194068158	-0.0234813826384474
1.342	0	-0.08430610165117254	0	0	0	-0.08892173020775598	0	-0.03814250579392556	-0.02341407062579553
1.343	0	-0.08458316212264477	0	0	0	-0.08855653904326762	0	-0.0380974867701274	-0.02334674485552246
1.344	0	-0.08486035864514567	0	0	0	-0.08819125405064038	0	-0.03805243705544048	-0.02327940603061443
1.345	0	-0.08513768998607324	0	0	0	-0.08782587906625558	0	-0.03800735535214995	-0.02321205484541779
1.346	0	-0.08541515491421771	0	0	0	-0.08746041792218805	0	-0.03796224363496613	-0.02314469199986677
1.347	0	-0.08569275219977565	0	0	0	-0.08709487444615827	0	-0.03791710106702285	-0.02307731818665642
1.348	0	-0.08597048061436871	0	0	0	-0.08672925246147457	0	-0.03787192968523282	-0.02300993410321091
1.349	0	-0.08624833893105742	0	0	0	-0.08636355578698525	0	-0.03782672877514651	-0.02294254042745902
1.35	0	-0.08652632592435915	0	0	0	-0.08599778823702359	0	-0.03778149962090543	-0.02287513781243502
1.351	0	-0.08680444037026176	0	0	0	-0.08563195362136163	0	-0.03773624217448801	-0.02280772690365467
1.352	0	-0.08708268104623969	0	0	0	-0.08526605574515965	0	-0.03769095703883354	-0.02274030834566855
1.353	0	-0.08736104673126825	0	0	0	-0.08490009840891914	0	-0.03764564492244986	-0.02267288278114308
1.354	0	-0.08763953620583878	0	0	0	-0.08453408540843479	0	-0.03760030580039318	-0.02260545084925689
1.355	0	-0.08791814825197351	0	0	0	-0.08416802053474552	0	-0.03755494144670596	-0.02253801319119891
1.356	0	-0.08819688165323947	0	0	0	-0.08380190757408974	0	-0.03750955062750036	-0.02247057044006704
1.357	0	-0.08847573519476418	0	0	0	-0.08343575030785455	0	-0.03746413506699527	-0.02240312323359495
1.358	0	-0.08875470766324928	0	0	0	-0.08306955251253183	0	-0.03741869415434088	-0.0223356722029781
1.359	0	-0.08903379784698562	0	0	0	-0.08270331795966858	0	-0.03737322976098392	-0.02226821798313453
1.36	0	-0.08931300453586691	0	0	0	-0.0823370504158237	0	-0.03732774112948579	-0.02220076120188661
1.361	0	-0.08959232652140449	0	0	0	-0.08197075364251888	0	-0.03728222938211356	-0.02213330248955736
1.362	0	-0.08987176259674134	0	0	0	-0.08160443139619419	0	-0.0372366946459354	-0.02206584247288271
1.363	0	-0.09015131155666621	0	0	0	-0.08123808742816153	0	-0.03719113810964967	-0.02199838177940114
1.364	0	-0.09043097219762702	0	0	0	-0.08087172548456104	0	-0.03714555867500102	-0.02193092103033609
1.365	0	-0.09071074331774617	0	0	0	-0.08050534930631204	0	-0.03709995887516156	-0.02186346085320835
1.366	0	-0.09099062371683256	0	0	0	-0.08013896262907304	0	-0.03705433757019327	-0.02179600186628732
1.367	0	-0.09127061219639673	0	0	0	-0.07977256918319302	0	-0.0370086963675378	-0.02172854469228606
1.368	0	-0.09155070755966363	0	0	0	-0.07940617269367006	0	-0.03696303436456198	-0.02166108994715119
1.369	0	-0.09183090861158684	0	0	0	-0.07903977688010447	0	-0.03691735322955302	-0.02159363825091339
1.37	0	-0.0921112141588615	0	0	0	-0.07867338545665724	0	-0.03687165286744516	-0.0215261902184538
1.371	0	-0.09239162300993797	0	0	0	-0.07830700213200531	0	-0.03682593412536782	-0.02145874646527458
1.372	0	-0.09267213397503497	0	0	0	-0.07794063060929893	0	-0.03678019691545611	-0.02139130760351634
1.373	0	-0.09295274586615287	0	0	0	-0.07757427458611789	0	-0.03673444218566913	-0.02132387424615532
1.374	0	-0.09323345749708682	0	0	0	-0.07720793775442937	0	-0.03668867021373858	-0.02125644700339291
1.375	0	-0.09351426768343954	0	0	0	-0.07684162380054557	0	-0.03664288120374109	-0.0211890264839144
1.376	0	-0.09379517524263482	0	0	0	-0.07647533640508032	0	-0.03659707625171199	-0.02112161329697509
1.377	0	-0.09407617899392942	0	0	0	-0.07610907924290956	0	-0.03655125477760555	-0.02105420804691303
1.378	0	-0.09435727775842713	0	0	0	-0.07574285598312622	0	-0.03650541854814704	-0.02098681134176896
1.379	0	-0.09463847035908982	0	0	0	-0.07537667028900298	0	-0.03645956654447856	-0.02091942378230763
1.38	0	-0.09491975562075207	0	0	0	-0.07501052581794648	0	-0.03641370082904781	-0.02085204597458428
1.381	0	-0.09520113237013128	0	0	0	-0.07464442622146139	0	-0.03636782036719217	-0.02078467851672494
1.382	0	-0.09548259943584242	0	0	0	-0.07427837514510517	0	-0.03632192690466904	-0.02071732201153756
1.383	0	-0.09576415564840828	0	0	0	-0.07391237622845211	0	-0.0362760195528155	-0.02064997705489899
1.384	0	-0.09604579984027357	0	0	0	-0.07354643310504894	0	-0.03623009999264817	-0.0205826442469376
1.385	0	-0.0963275308458154	0	0	0	-0.0731805494023791	0	-0.0361841676552982	-0.02051532418170067
1.386	0	-0.0966093475013568	0	0	0	-0.07281472874181992	0	-0.0361382238162376	-0.0204480174559515
1.387	0	-0.09689124864517731	0	0	0	-0.07244897473860633	0	-0.03609226798260372	-0.02038072466142611
1.388	0	-0.09717323311752644	0	0	0	-0.07208329100178851	0	-0.03604630181596315	-0.02031344639327063
1.389	0	-0.09745529976063366	0	0	0	-0.07171768113419721	0	-0.03600032459008864	-0.02024618324029372
1.39	0	-0.09773744741872188	0	0	0	-0.07135214873240144	0	-0.03595433747978503	-0.02017893579419686
1.391	0	-0.09801967493801761	0	0	0	-0.07098669738667332	0	-0.03590834041575802	-0.02011170464282069
1.392	0	-0.09830198116676375	0	0	0	-0.07062133068094778	0	-0.0358623343429092	-0.02004449037502057
1.393	0	-0.09858436495522979	0	0	0	-0.0702560521927873	0	-0.03581631902889722	-0.01997729357595817
1.394	0	-0.09886682515572449	0	0	0	-0.06989086549334189	0	-0.03577029564985122	-0.01991011483268065
1.395	0	-0.09914936062260594	0	0	0	-0.06952577414731478	0	-0.03572426407864774	-0.01984295472829349
1.396	0	-0.09943197021229384	0	0	0	-0.06916078171292304	0	-0.03567822511634085	-0.01977581384677731
1.397	0	-0.09971465278327971	0	0	0	-0.06879589174186301	0	-0.0356321789918048	-0.01970869276976819
1.398	0	-0.09999740719613846	0	0	0	-0.06843110777927278	0	-0.03558612594948022	-0.01964159207783567
1.399	0	-0.1002802323135392	0	0	0	-0.06806643336369629	0	-0.03554006680306541	-0.01957451235168913
1.4	0	-0.1005631270002561	0	0	0	-0.06770187202704807	0	-0.03549400149620811	-0.01950745416908402
1.401	0	-0.1008460901231791	0	0	0	-0.06733742729457698	0	-0.03544793107718068	-0.01944041810909627
1.402	0	-0.1011291205513246	0	0	0	-0.06697310268483209	0	-0.03540185497767373	-0.01937340474626036
1.403	0	-0.1014122171558464	0	0	0	-0.06660890170962548	0	-0.03535577496228644	-0.01930641465911107
1.404	0	-0.1016953788100455	0	0	0	-0.06624482787400057	0	-0.03530969019599586	-0.01923944841954046
1.405	0	-0.1019786043893814	0	0	0	-0.06588088467619448	0	-0.03526360210898997	-0.01917250660332319
1.406	0	-0.1022618927714817	0	0	0	-0.06551707560760651	0	-0.03521751017643944	-0.0191055897810052
1.407	0	-0.102545242836153	0	0	0	-0.06515340415276179	0	-0.03517141561036036	-0.01903869852589667
1.408	0	-0.1028286534653903	0	0	0	-0.06478987378927982	0	-0.03512531785606156	-0.01897183340650981
1.409	0	-0.1031121235433887	0	0	0	-0.06442648798783808	0	-0.03507921862088176	-0.01890499499528129
1.41	0	-0.1033956519565509	0	0	0	-0.06406325021214265	0	-0.0350331171486759	-0.01883818385836197
1.411	0	-0.1036792375934998	0	0	0	-0.06370016391889118	0	-0.03498701465292101	-0.01877140056522061
1.412	0	-0.1039628793450863	0	0	0	-0.0633372325577438	0	-0.03494091084301675	-0.01870464568113029
1.413	0	-0.1042465761044006	0	0	0	-0.06297445957128747	0	-0.03489480669673856	-0.01863791977318961
1.414	0	-0.1045303267667807	0	0	0	-0.06261184839500637	0	-0.03484870222084635	-0.0185712234054744
1.415	0	-0.1048141302298228	0	0	0	-0.0622494024572482	0	-0.03480259774035956	-0.01850455714184753
1.416	0	-0.1050979853933907	0	0	0	-0.06188712517919265	0	-0.03475649450665883	-0.01843792154728038
1.417	0	-0.1053818911596249	0	0	0	-0.06152501997482158	0	-0.03471039171536349	-0.01837131718140517
1.418	0	-0.1056658464329525	0	0	0	-0.06116309025088522	0	-0.03466429054915552	-0.01830474460728537
1.419	0	-0.1059498501200962	0	0	0	-0.06080133940687291	0	-0.03461819123235581	-0.01823820438503852
1.42	0	-0.1062339011300833	0	0	0	-0.06043977083498196	0	-0.03457209430846928	-0.0181716970746175
1.421	0	-0.1065179983742553	0	0	0	-0.06007838792008766	0	-0.03452599914595309	-0.01810522323257535
1.422	0	-0.1068021407662771	0	0	0	-0.05971719403971063	0	-0.0344799078306104	-0.01803878342052156
1.423	0	-0.107086327222145	0	0	0	-0.05935619256399072	0	-0.03443381921855567	-0.01797237819221873
1.424	0	-0.1073705566601969	0	0	0	-0.05899538685565353	0	-0.03438773466294234	-0.01790600810602323
1.425	0	-0.1076548280011203	0	0	0	-0.05863478026998317	0	-0.03434165414073753	-0.01783967371648327
1.426	0	-0.107939140167961	0	0	0	-0.05827437615479181	0	-0.03429557837670468	-0.01777337557895678
1.427	0	-0.1082234920861323	0	0	0	-0.05791417785039182	0	-0.03424950682285888	-0.01770711424522297
1.428	0	-0.1085078826834237	0	0	0	-0.05755418868956449	0	-0.03420344122566935	-0.01764089027124225
1.429	0	-0.1087923108900083	0	0	0	-0.05719441199753479	0	-0.03415738072302163	-0.01757470420650734
1.43	0	-0.1090767756384526	0	0	0	-0.05683485109193977	0	-0.03411132676589536	-0.01750855660474078
1.431	0	-0.1093612758637242	0	0	0	-0.05647550928280331	0	-0.0340652785443661	-0.01744244801396482
1.432	0	-0.1096458105032003	0	0	0	-0.05611638987250527	0	-0.03401923761290911	-0.01737637898654826
1.433	0	-0.1099303784966755	0	0	0	-0.05575749615575658	0	-0.03397320352309576	-0.01731035006972372
1.434	0	-0.1102149787863705	0	0	0	-0.0553988314195699	0	-0.03392717710138327	-0.01724436181271666
1.435	0	-0.1104996103169402	0	0	0	-0.05504039894323329	0	-0.03388115841833301	-0.01717841476232913
1.436	0	-0.1107842720354809	0	0	0	-0.0546822019982832	0	-0.03383514770712795	-0.01711250946494187
1.437	0	-0.1110689628915395	0	0	0	-0.05432424384847624	0	-0.03378914638550758	-0.017046646468735
1.438	0	-0.1113536818371197	0	0	0	-0.05396652774976654	0	-0.03374315295500628	-0.01698082631477297
1.439	0	-0.1116384278266919	0	0	0	-0.05360905695027347	0	-0.03369716973266872	-0.01691504955164636
1.44	0	-0.1119231998171987	0	0	0	-0.05325183469026195	0	-0.03365119560436359	-0.01684931671970007
1.441	0	-0.1122079967680644	0	0	0	-0.05289486420211117	0	-0.03360523204669761	-0.01678362836414601
1.442	0	-0.1124928176412008	0	0	0	-0.05253814871029335	0	-0.03355927833724977	-0.01671798502462486
1.443	0	-0.1127776614010168	0	0	0	-0.05218169143134429	0	-0.03351333595921302	-0.01665238724480182
1.444	0	-0.1130625270144235	0	0	0	-0.05182549557384224	0	-0.03346740423145645	-0.01658683556284623
1.445	0	-0.1133474134508436	0	0	0	-0.051469564338379	0	-0.03342148439333666	-0.01652133052032895
1.446	0	-0.113632319682217	0	0	0	-0.05111390091753888	0	-0.03337557587583847	-0.01645587265409234
1.447	0	-0.1139172446830094	0	0	0	-0.05075850849587058	0	-0.03332967990240537	-0.0163904625040919
1.448	0	-0.1142021874302186	0	0	0	-0.05040339024986612	0	-0.0332837963005662	-0.01632510060644853
1.449	0	-0.1144871469033817	0	0	0	-0.05004854934793433	0	-0.03323792568322019	-0.01625978749819274
1.45	0	-0.1147721220845822	0	0	0	-0.0496939889503786	0	-0.03319206823313199	-0.01619452371461597
1.451	0	-0.1150571119584568	0	0	0	-0.04933971220937231	0	-0.03314622405930336	-0.01612930979003691
1.452	0	-0.1153421155122029	0	0	0	-0.04898572226893488	0	-0.03310039464603084	-0.01606414626095823
1.453	0	-0.1156271317355839	0	0	0	-0.04863202226491136	0	-0.03305457847388778	-0.01599903365650417
1.454	0	-0.1159121596209376	0	0	0	-0.04827861532494487	0	-0.03300877763072152	-0.01593397251283617
1.455	0	-0.1161971981631818	0	0	0	-0.04792550456845812	0	-0.03296299143356101	-0.01586896335923445
1.456	0	-0.1164822463598212	0	0	0	-0.04757269310662827	0	-0.03291722065195059	-0.01580400672730007
1.457	0	-0.1167673032109537	0	0	0	-0.04722018404236566	0	-0.03287146509467391	-0.01573910314568292
1.458	0	-0.1170523677192776	0	0	0	-0.04686798047029036	0	-0.03282572624895094	-0.0156742531458288
1.459	0	-0.1173374388900966	0	0	0	-0.0465160854767129	0	-0.03278000295615503	-0.01560945725254097
1.46	0	-0.1176225157313274	0	0	0	-0.04616450213960903	0	-0.03273429677329754	-0.01554471599566533
1.461	0	-0.1179075972535053	0	0	0	-0.04581323352860119	0	-0.03268860727824287	-0.01548002989983686
1.462	0	-0.1181926824697907	0	0	0	-0.04546228270493499	0	-0.03264293567966783	-0.01541539949235129
1.463	0	-0.1184777703959742	0	0	0	-0.04511165272146086	0	-0.03259728057632583	-0.01535082529389262
1.464	0	-0.1187628600504847	0	0	0	-0.04476134662260857	0	-0.03255164451889234	-0.015286307832841
1.465	0	-0.1190479504543929	0	0	0	-0.04441136744437223	0	-0.03250602606865401	-0.01522184762794153
1.466	0	-0.1193330406314192	0	0	0	-0.044061718214285	0	-0.03246042658287192	-0.01515744520309806
1.467	0	-0.1196181296079383	0	0	0	-0.0437124019514018	0	-0.03241484573594897	-0.01509310107756674
1.468	0	-0.1199032164129855	0	0	0	-0.04336342166627758	0	-0.03236928438957663	-0.01502881577222539
1.469	0	-0.1201883000782626	0	0	0	-0.04301478036094823	0	-0.03232374278219353	-0.01496458980561116
1.47	0	-0.1204733796381423	0	0	0	-0.04266648102891169	0	-0.03227822045745755	-0.01490042369374411
1.471	0	-0.1207584541296761	0	0	0	-0.04231852665510558	0	-0.03223271900621069	-0.01483631795610457
1.472	0	-0.121043522592597	0	0	0	-0.04197092021589225	0	-0.03218723757641145	-0.01477227310581184
1.473	0	-0.1213285840693275	0	0	0	-0.04162366467903532	0	-0.03214177757605598	-0.01470828965988443
1.474	0	-0.1216136376049829	0	0	0	-0.04127676300368514	0	-0.03209633808149116	-0.01464436812920534
1.475	0	-0.1218986822473783	0	0	0	-0.04093021814035556	0	-0.03205092070313655	-0.01458050902909745
1.476	0	-0.1221837170470324	0	0	0	-0.04058403303091032	0	-0.03200552454307136	-0.01451671286835742
1.477	0	-0.1224687410571739	0	0	0	-0.04023821060854012	0	-0.03196015104857627	-0.01445298015980123
1.478	0	-0.1227537533337455	0	0	0	-0.03989275379774913	0	-0.03191479929859858	-0.01438931140994255
1.479	0	-0.1230387529354104	0	0	0	-0.03954766551433234	0	-0.03186947103045989	-0.01432570712999796
1.48	0	-0.1233237389235553	0	0	0	-0.03920294866536322	0	-0.03182416507771033	-0.01426216782368075
1.481	0	-0.1236087103622974	0	0	0	-0.03885860614917092	0	-0.03177888301994902	-0.01419869399955677
1.482	0	-0.1238936663184875	0	0	0	-0.03851464085532808	0	-0.03173362382542377	-0.01413528615931844
1.483	0	-0.1241786058617166	0	0	0	-0.03817105566462842	0	-0.03168838964113837	-0.01407194481041619
1.484	0	-0.1244635280643184	0	0	0	-0.03782785344907619	0	-0.03164317886794605	-0.01400867045091204
1.485	0	-0.1247484320013763	0	0	0	-0.03748503707186317	0	-0.03159799315158241	-0.01394546358474286
1.486	0	-0.1250333167507261	0	0	0	-0.03714260938735738	0	-0.03155283185448769	-0.01388232470961939
1.487	0	-0.1253181813929621	0	0	0	-0.03680057324108301	0	-0.03150769588114361	-0.01381925432537806
1.488	0	-0.1256030250114402	0	0	0	-0.03645893146970688	0	-0.03146258541257038	-0.01375625292900621
1.489	0	-0.1258878466922833	0	0	0	-0.03611768690102182	0	-0.03141750007062533	-0.01369332101498475
1.49	0	-0.1261726455243856	0	0	0	-0.03577684235392933	0	-0.03137244165833447	-0.01363045908127535
1.491	0	-0.1264574205994161	0	0	0	-0.035436400638428	0	-0.03132740863478833	-0.01356766761720672
1.492	0	-0.1267421710118241	0	0	0	-0.03509636455559306	0	-0.03128240321045997	-0.01350494711898895
1.493	0	-0.1270268958588417	0	0	0	-0.03475673689756689	0	-0.03123742365745512	-0.01344229807286866
1.494	0	-0.1273115942404901	0	0	0	-0.0344175204475385	0	-0.03119247194704905	-0.01337972097183189
1.495	0	-0.1275962652595815	0	0	0	-0.03407871797973358	0	-0.03114754721772367	-0.01331721630129339
1.496	0	-0.1278809080217247	0	0	0	-0.03374033225939658	0	-0.03110265052428873	-0.01325478454945908
1.497	0	-0.1281655216353279	0	0	0	-0.03340236604277855	0	-0.03105778158967902	-0.01319242620021929
1.498	0	-0.1284501052116035	0	0	0	-0.03306482207712171	0	-0.03101294090175495	-0.01313014173771442
1.499	0	-0.1287346578645717	0	0	0	-0.03272770310064533	0	-0.0309681292705776	-0.01306793164535568
1.5	0	-0.1290191787110634	0	0	0	-0.03239101184253414	0	-0.03092334585516425	-0.01300579640148942
1.501	0	-0.1293036668707254	0	0	0	-0.03205475102292093	0	-0.03087859198361479	-0.01294373648773421
1.502	0	-0.1295881214660227	0	0	0	-0.03171892335287703	0	-0.03083386731234404	-0.01288175238056668
1.503	0	-0.1298725416222429	0	0	0	-0.03138353153439634	0	-0.03078917216260411	-0.01281984455642033
1.504	0	-0.1301569264674995	0	0	0	-0.0310485782603835	0	-0.03074450695226719	-0.01275801349042543
1.505	0	-0.1304412751327355	0	0	0	-0.03071406621464024	0	-0.03069987224698627	-0.01269625965650904
1.506	0	-0.1307255867517264	0	0	0	-0.03037999807185427	0	-0.03065526772020381	-0.01263458352509832
1.507	0	-0.1310098604610842	0	0	0	-0.03004637649758442	0	-0.03061069415201802	-0.01257298556748301
1.508	0	-0.13129409540026	0	0	0	-0.02971320414825076	0	-0.03056615123077648	-0.0125114662509955
1.509	0	-0.1315782907115482	0	0	0	-0.02938048367111978	0	-0.03052163995611994	-0.01245002604424962
1.51	0	-0.1318624455400884	0	0	0	-0.02904821770429549	0	-0.03047715969986008	-0.01238866541069658
1.511	0	-0.1321465590338701	0	0	0	-0.02871640887670423	0	-0.03043271161203211	-0.01232738481606171
1.512	0	-0.1324306303437343	0	0	0	-0.02838505980808639	0	-0.03038829513792158	-0.01226618472071227
1.513	0	-0.1327146586233778	0	0	0	-0.02805417310898167	0	-0.03034391136847475	-0.01220506558697168
1.514	0	-0.1329986430293549	0	0	0	-0.02772375138072126	0	-0.03029955955832125	-0.01214402787412261
1.515	0	-0.1332825827210817	0	0	0	-0.02739379721541371	0	-0.03025524113416674	-0.01208307205465253
1.516	0	-0.1335664768608364	0	0	0	-0.02706431319594108	0	-0.03021095535882985	-0.01202219859502895
1.517	0	-0.1338503246137624	0	0	0	-0.02673530189594803	0	-0.03016670307250221	-0.01196140796221076
1.518	0	-0.1341341251478693	0	0	0	-0.02640676587983737	0	-0.03012248407857221	-0.01190070061820005
1.519	0	-0.1344178776340356	0	0	0	-0.02607870770276078	0	-0.03007829880958772	-0.01184007702388344
1.52	0	-0.1347015812460093	0	0	0	-0.02575112991061297	0	-0.03003414761503679	-0.01177953763761505
1.521	0	-0.1349852351604104	0	0	0	-0.02542403504002454	0	-0.02999003003999302	-0.01171908291374233
1.522	0	-0.1352688385567326	0	0	0	-0.02509742561835336	0	-0.02994594752903063	-0.0116587133085984
1.523	0	-0.1355523906173442	0	0	0	-0.02477130416368068	0	-0.0299018991007529	-0.01159842927108925
1.524	0	-0.1358358905274905	0	0	0	-0.02444567318480106	0	-0.02985788592893399	-0.01153823125276847
1.525	0	-0.1361193374752949	0	0	0	-0.02412053518121846	0	-0.02981390728587836	-0.01147811969898354
1.526	0	-0.1364027306517609	0	0	0	-0.02379589264313702	0	-0.02976996434194323	-0.0114180950572122
1.527	0	-0.1366860692507731	0	0	0	-0.02347174805145714	0	-0.02972605635327343	-0.01135815776872365
1.528	0	-0.1369693524690991	0	0	0	-0.02314810387776641	0	-0.02968218449223613	-0.01129830827696826
1.529	0	-0.1372525795063907	0	0	0	-0.02282496258433579	0	-0.02963834814384409	-0.01123854701946198
1.53	0	-0.1375357495651854	0	0	0	-0.02250232662411151	0	-0.0295945478109032	-0.01117887443414606
1.531	0	-0.137818861850908	0	0	0	-0.02218019844070933	0	-0.02955078397610744	-0.01111929095688841
1.532	0	-0.1381019155718714	0	0	0	-0.02185858046840968	0	-0.02950705633450887	-0.01105979701979682
1.533	0	-0.1383849099392788	0	0	0	-0.02153747513214965	0	-0.02946336555135276	-0.01100039305507133
1.534	0	-0.1386678441672239	0	0	0	-0.02121688484751941	0	-0.02941971124943656	-0.01094107949059496
1.535	0	-0.1389507174726937	0	0	0	-0.02089681202075358	0	-0.02937609469151144	-0.01088185675579796
1.536	0	-0.1392335290755677	0	0	0	-0.02057725904872963	0	-0.02933251466931288	-0.01082272527266938
1.537	0	-0.1395162781986214	0	0	0	-0.02025822831895746	0	-0.02928897257116253	-0.01076368546682318
1.538	0	-0.1397989640675257	0	0	0	-0.01993972220957802	0	-0.02924546783210633	-0.0107047377575251
1.539	0	-0.140081585910849	0	0	0	-0.01962174308935532	0	-0.02920200114084098	-0.01064588256471028
1.54	0	-0.1403641429600581	0	0	0	-0.01930429331767242	0	-0.02915857235644438	-0.01058712030440857
1.541	0	-0.140646634449519	0	0	0	-0.01898737524452561	0	-0.02911518188940959	-0.01052845139176952
1.542	0	-0.1409290596164986	0	0	0	-0.01867099121051958	0	-0.02907182955816022	-0.01046987623855442
1.543	0	-0.1412114177011653	0	0	0	-0.01835514354686181	0	-0.02902851595438577	-0.01041139525612456
1.544	0	-0.1414937079465906	0	0	0	-0.018039834575358	0	-0.0289852412588142	-0.01035300885284543
1.545	0	-0.1417759295987489	0	0	0	-0.01772506660840772	0	-0.02894200524323281	-0.01029471743408236
1.546	0	-0.1420580819065204	0	0	0	-0.01741084194899776	0	-0.02889880876687465	-0.01023652140547225
1.547	0	-0.1423401641216899	0	0	0	-0.0170971628907001	0	-0.02885565122592438	-0.01017842116731999
1.548	0	-0.1426221754989496	0	0	0	-0.01678403171766406	0	-0.02881253357802423	-0.0101204171212248
1.549	0	-0.1429041152958989	0	0	0	-0.01647145070461516	0	-0.02876945505345863	-0.01006250966286127
1.55	0	-0.1431859827730459	0	0	0	-0.01615942211684667	0	-0.02872641696143247	-0.01000469919032341
1.551	0	-0.1434677771938075	0	0	0	-0.01584794821021953	0	-0.02868341835880645	-0.009946986094628215
1.552	0	-0.1437494978245116	0	0	0	-0.01553703123115356	0	-0.0286404605025784	-0.009889370769480193
1.553	0	-0.1440311439343963	0	0	0	-0.01522667341662751	0	-0.02859754239502424	-0.009831853601496058
1.554	0	-0.1443127147956122	0	0	0	-0.01491687699417026	0	-0.02855466553026961	-0.009774434980618887
1.555	0	-0.1445942096832219	0	0	0	-0.01460764418186156	0	-0.02851182879154714	-0.009717115288896253
1.556	0	-0.1448756278752022	0	0	0	-0.01429897718832321	0	-0.02846903332937465	-0.009659894911205938
1.557	0	-0.145156968652443	0	0	0	-0.01399087821271882	0	-0.02842627881769256	-0.009602774227019719
1.558	0	-0.1454382312987499	0	0	0	-0.0136833494447476	0	-0.02838356545619129	-0.009545753614807492
1.559	0	-0.1457194151008439	0	0	0	-0.01337639306464144	0	-0.02834089346316957	-0.009488833450865165
1.56	0	-0.1460005193483621	0	0	0	-0.01307001124316057	0	-0.0282982630575358	-0.00943201410937064
1.561	0	-0.1462815433338585	0	0	0	-0.01276420614159041	0	-0.0282556744347473	-0.009375295962272398
1.562	0	-0.1465624863528049	0	0	0	-0.01245897991173749	0	-0.02821312758257653	-0.009318679378899028
1.563	0	-0.1468433477035912	0	0	0	-0.01215433469592576	0	-0.02817062299498255	-0.009262164727524485
1.564	0	-0.1471241266875261	0	0	0	-0.01185027262699384	0	-0.02812816013377054	-0.009205752371979962
1.565	0	-0.147404822608838	0	0	0	-0.01154679582828975	0	-0.02808574012972354	-0.009149442677587756
1.566	0	-0.1476854347746747	0	0	0	-0.01124390641367007	0	-0.02804336216177266	-0.009093236003202314
1.567	0	-0.1479659624951051	0	0	0	-0.01094160648749379	0	-0.02800102732789407	-0.009037132709717788
1.568	0	-0.1482464050831188	0	0	0	-0.01063989814462181	0	-0.02795873483876804	-0.008981133151702793
1.569	0	-0.1485267618546273	0	0	0	-0.01033878347041098	0	-0.02791648571063839	-0.008925237685524079
1.57	0	-0.1488070321284641	0	0	0	-0.01003826454071328	0	-0.0278742795471634	-0.008869446662277895
1.571	0	-0.149087215226385	0	0	0	-0.009738343421871468	0	-0.02783211657593574	-0.00881376043225471
1.572	0	-0.1493673104730693	0	0	0	-0.009439022170716042	0	-0.02778999699232112	-0.008758179343534029
1.573	0	-0.1496473171961194	0	0	0	-0.009140302834562866	0	-0.02774792096454573	-0.008702703741924755
1.574	0	-0.1499272347260617	0	0	0	-0.008842187451209413	0	-0.02770588896720582	-0.008647333971748848
1.575	0	-0.1502070623963468	0	0	0	-0.008544678048933838	0	-0.02766390020465695	-0.008592070372365524
1.576	0	-0.1504867995433506	0	0	0	-0.008247776646488521	0	-0.02762195624211471	-0.008536913286162903
1.577	0	-0.1507664455063727	0	0	0	-0.007951485253102597	0	-0.02758005560214762	-0.008481863046670068
1.578	0	-0.1510459996276397	0	0	0	-0.007655805868473434	0	-0.02753819990868632	-0.008426919992086853
1.579	0	-0.1513254612523026	0	0	0	-0.007360740482769709	0	-0.02749638799360617	-0.008372084452313041
1.58	0	-0.1516048297284396	0	0	0	-0.007066291076623833	0	-0.02745462113169837	-0.008317356760474227
1.581	0	-0.1518841044070538	0	0	0	-0.006772459621133828	0	-0.02741289867226686	-0.008262737243300957
1.582	0	-0.1521632846420762	0	0	0	-0.006479248077857692	0	-0.02737122119657177	-0.008208226228087237
1.583	0	-0.1524423697903639	0	0	0	-0.006186658398813211	0	-0.02732958868459462	-0.008153824038656231
1.584	0	-0.1527213592117012	0	0	0	-0.005894692526474662	0	-0.02728800115378023	-0.00809953099676957
1.585	0	-0.1530002522687997	0	0	0	-0.005603352393770825	0	-0.02724645902859182	-0.008045347422954617
1.586	0	-0.1532790483272984	0	0	0	-0.005312639924083364	0	-0.02720496204114132	-0.007991273634088254
1.587	0	-0.1535577467557642	0	0	0	-0.005022557031243897	0	-0.02716351085435959	-0.007937309946972603
1.588	0	-0.1538363469256912	0	0	0	-0.004733105619533621	0	-0.02712210469063457	-0.007883456673117789
1.589	0	-0.154114848211502	0	0	0	-0.004444287583678663	0	-0.02708074509305351	-0.007829714127035287
1.59	0	-0.1543932499905463	0	0	0	-0.004156104808852424	0	-0.02703943064049237	-0.00777608261458749
1.591	0	-0.1546715516431028	0	0	0	-0.003868559170669274	0	-0.02699816276798628	-0.007722562445831072
1.592	0	-0.1549497525523774	0	0	0	-0.003581652535187067	0	-0.02695694048212141	-0.007669153923368093
1.593	0	-0.1552278521045047	0	0	0	-0.003295386758902123	0	-0.02691576488055877	-0.007615857352324407
1.594	0	-0.1555058496885473	0	0	0	-0.003009763688750489	0	-0.02687463550364512	-0.007562673032313913
1.595	0	-0.1557837446964956	0	0	0	-0.002724785162105068	0	-0.02683355260514532	-0.007509601262451485
1.596	0	-0.1560615365232681	0	0	0	-0.002440453006774532	0	-0.02679251637261345	-0.007456642339637894
1.597	0	-0.1563392245667114	0	0	0	-0.002156769041002718	0	-0.02675152682851493	-0.007403796558350262
1.598	0	-0.1566168082275997	0	0	0	-0.001873735073466544	0	-0.0267105843938912	-0.007351064211895118
1.599	0	-0.1568942869096348	0	0	0	-0.001591352903276821	0	-0.02666968840701939	-0.007298445589137252
1.6	0	-0.1571716600194464	0	0	0	-0.001309624319974139	0	-0.02662884019357548	-0.007245940981299913
1.601	0	-0.1574489269665908	0	0	0	-0.001028551103532395	0	-0.02658803875321098	-0.007193550672442837
1.602	0	-0.1577260871635522	0	0	0	-0.000748135024353973	0	-0.02654728486129134	-0.007141274948537699
1.603	0	-0.1580031400257409	0	0	0	-0.0004683778432720756	0	-0.02650657834394032	-0.00708911409145599
1.604	0	-0.1582800849714938	0	0	0	-0.0001892813115485489	0	-0.0264659194449816	-0.00703706838199885
1.605	0	-0.1585569214220742	0	0	0	8.915282912558987e-05	0	-0.0264253083905455	-0.006985138098942071
1.606	0	-0.1588336488016707	0	0	0	0.0003669228466302929	0	-0.02638474472646002	-0.006933323517579461
1.607	0	-0.1591102665373977	0	0	0	0.0006440270184179607	0	-0.0263442294113997	-0.006881624914365463
1.608	0	-0.1593867740592944	0	0	0	0.0009204636315111282	0	-0.02630376167272119	-0.00683004255997282
1.609	0	-0.1596631708003242	0	0	0	0.001196230982504949	0	-0.02626334251325977	-0.006778576727061992
1.61	0	-0.1599394561963745	0	0	0	0.00147132737756425	0	-0.02622297116008612	-0.0067272276824402
1.611	0	-0.1602156296862564	0	0	0	0.001745751132425912	0	-0.02618264874969834	-0.006675995695231422
1.612	0	-0.1604916907117027	0	0	0	0.002019500572395304	0	-0.02614237439823836	-0.006624881028180579
1.613	0	-0.1607676387173692	0	0	0	0.00229257403234832	0	-0.02610214882973107	-0.006573883945705868
1.614	0	-0.1610434731508321	0	0	0	0.002564969856728852	0	-0.02606197194348108	-0.006523004708518138
1.615	0	-0.1613191934625889	0	0	0	0.002836686399548174	0	-0.02602184379008725	-0.006472243575799498
1.616	0	-0.1615947991060567	0	0	0	0.003107722024384393	0	-0.02598176474240656	-0.006421600805595159
1.617	0	-0.1618702895375708	0	0	0	0.003378075104379561	0	-0.02594173427530007	-0.006371076652129753
1.618	0	-0.1621456642163855	0	0	0	0.003647744022241104	0	-0.02590175371232901	-0.006320671371913138
1.619	0	-0.162420922604671	0	0	0	0.003916727170235583	0	-0.02586182166876787	-0.006270385213644224
1.62	0	-0.1626960641675146	0	0	0	0.00418502295019227	0	-0.02582193958429796	-0.006220218430501184
1.621	0	-0.1629710883729171	0	0	0	0.004452629773495937	0	-0.02578210649287635	-0.006170171268549385
1.622	0	-0.1632459946917942	0	0	0	0.004719546061089102	0	-0.02574232348510086	-0.006120243976655322
1.623	0	-0.1635207825979735	0	0	0	0.004985770243465536	0	-0.02570258972260265	-0.00607043679766499
1.624	0	-0.1637954515681941	0	0	0	0.005251300760671487	0	-0.02566290621572535	-0.006020749976806678
1.625	0	-0.1640700010821044	0	0	0	0.005516136062299144	0	-0.02562327223340044	-0.005971183753734291
1.626	0	-0.1643444306222622	0	0	0	0.005780274607487004	0	-0.02558368860401877	-0.005921738369880468
1.627	0	-0.1646187396741316	0	0	0	0.00604371486491371	0	-0.02554415504573805	-0.005872414062543923
1.628	0	-0.1648929277260824	0	0	0	0.006306455312796115	0	-0.02550467138129187	-0.005823211067598243
1.629	0	-0.1651669942693882	0	0	0	0.006568494438886151	0	-0.02546523876510148	-0.005774129622244317
1.63	0	-0.1654409387982247	0	0	0	0.006829830740464039	0	-0.0254258560549551	-0.00572516995695143
1.631	0	-0.1657147608096678	0	0	0	0.007090462724337743	0	-0.02538652441704659	-0.005676332305727707
1.632	0	-0.1659884598036919	0	0	0	0.007350388906835057	0	-0.02534724303014418	-0.005627616896583206
1.633	0	-0.1662620352831684	0	0	0	0.007609607813801871	0	-0.02530801294477067	-0.005579023960135507
1.634	0	-0.1665354867538624	0	0	0	0.007868117980594206	0	-0.02526883332274365	-0.005530553721263013
1.635	0	-0.1668088137244319	0	0	0	0.008125917952075918	0	-0.02522970526992129	-0.005482206407657448
1.636	0	-0.1670820157064248	0	0	0	0.008383006282610125	0	-0.02519062802675604	-0.005433982241351211
1.637	0	-0.1673550922142769	0	0	0	0.008639381536055684	0	-0.02515160206958199	-0.005385881445649833
1.638	0	-0.1676280427653097	0	0	0	0.0088950422857603	0	-0.02511262783695537	-0.005337904242315164
1.639	0	-0.167900866879727	0	0	0	0.009149987114552801	0	-0.02507370484710201	-0.005290050849621395
1.64	0	-0.1681735640806136	0	0	0	0.009404214614738527	0	-0.02503483358756974	-0.005242321486591751
1.641	0	-0.1684461338939317	0	0	0	0.009657723388090485	0	-0.02499601413427989	-0.005194716369942704
1.642	0	-0.1687185758485183	0	0	0	0.009910512045842961	0	-0.02495724681222333	-0.005147235715574358
1.643	0	-0.168990889476082	0	0	0	0.01016257920868206	0	-0.0249185308400692	-0.005099879735570941
1.644	0	-0.1692630743112011	0	0	0	0.01041392350674122	0	-0.0248798678242345	-0.00505264864600819
1.645	0	-0.1695351298913187	0	0	0	0.01066454357958747	0	-0.02484125647468567	-0.005005542655192732
1.646	0	-0.1698070557567412	0	0	0	0.01091443807621801	0	-0.02480269808275338	-0.004958561975907009
1.647	0	-0.1700788514506333	0	0	0	0.01116360565504625	0	-0.02476419170832799	-0.00491170681469492
1.648	0	-0.1703505165190161	0	0	0	0.01141204498389631	0	-0.02472573826264886	-0.004864977380992595
1.649	0	-0.1706220505107623	0	0	0	0.01165975473999008	0	-0.02468733765407406	-0.004818373880791521
1.65	0	-0.1708934529775929	0	0	0	0.01190673360993819	0	-0.02464898978640036	-0.004771896518875895
1.651	0	-0.1711647234740735	0	0	0	0.01215298028972942	0	-0.02461069518933369	-0.004725545500252816
1.652	0	-0.1714358615576098	0	0	0	0.01239849348471888	0	-0.02457245377642769	-0.004679321027402207
1.653	0	-0.1717068667884438	0	0	0	0.01264327190961659	0	-0.02453426557139539	-0.004633223301923545
1.654	0	-0.1719777387296498	0	0	0	0.01288731428847598	0	-0.02449613065809773	-0.00458725252444737
1.655	0	-0.1722484769471296	0	0	0	0.01313061935468202	0	-0.02445805026338782	-0.004541408897084591
1.656	0	-0.1725190810096076	0	0	0	0.01337318585093507	0	-0.02442002275682878	-0.004495692614505094
1.657	0	-0.1727895504886272	0	0	0	0.01361501252924297	0	-0.02438204984304961	-0.004450103877798104
1.658	0	-0.1730598849585448	0	0	0	0.01385609815090197	0	-0.02434413041875517	-0.004404642880759189
1.659	0	-0.1733300839965259	0	0	0	0.01409644148648691	0	-0.02430626567629498	-0.004359309821324668
1.66	0	-0.1736001471825387	0	0	0	0.01433604131583309	0	-0.02426845493142228	-0.004314104892262647
1.661	0	-0.1738700740993505	0	0	0	0.01457489642802404	0	-0.02423069919003241	-0.004269028289175965
1.662	0	-0.1741398643325203	0	0	0	0.0148130056213734	0	-0.02419299792837954	-0.004224080203320963
1.663	0	-0.1744095174703948	0	0	0	0.01505036770341068	0	-0.0241553515620622	-0.004179260827158155
1.664	0	-0.1746790331041022	0	0	0	0.01528698149086418	0	-0.02411776042599689	-0.00413457035208521
1.665	0	-0.1749484108275457	0	0	0	0.01552284580964292	0	-0.02408022410279724	-0.004090008966948951
1.666	0	-0.1752176502373984	0	0	0	0.01575795949482165	0	-0.02404274379776621	-0.004045576863387234
1.667	0	-0.1754867509330961	0	0	0	0.01599232139061874	0	-0.02400531812430977	-0.004001274226409741
1.668	0	-0.1757557125168323	0	0	0	0.016225930350383	0	-0.0239679490720961	-0.003957101247786486
1.669	0	-0.1760245345935497	0	0	0	0.01645878523656901	0	-0.02393063554860841	-0.003913058111599707
1.67	0	-0.1762932167709351	0	0	0	0.01669088492072145	0	-0.02389337808002587	-0.003869145004798753
1.671	0	-0.1765617586594123	0	0	0	0.01692222828345387	0	-0.02385617714003233	-0.003825362113470076
1.672	0	-0.1768301598721337	0	0	0	0.01715281421442698	0	-0.02381903240205905	-0.003781709621178943
1.673	0	-0.1770984200249752	0	0	0	0.01738264161232977	0	-0.02378194474233309	-0.00373818771347421
1.674	0	-0.1773665387365269	0	0	0	0.01761170938485481	0	-0.02374491348712367	-0.003694796571731561
1.675	0	-0.177634515628087	0	0	0	0.01784001644867955	0	-0.02370793964757976	-0.003651536380426032
1.676	0	-0.1779023503236526	0	0	0	0.01806756172943999	0	-0.02367102256752253	-0.003608407319630784
1.677	0	-0.1781700424499136	0	0	0	0.01829434416171125	0	-0.02363416363131184	-0.003565409573353334
1.678	0	-0.1784375916362425	0	0	0	0.0185203626889793	0	-0.02359736188725547	-0.003522543319724115
1.679	0	-0.1787049975146885	0	0	0	0.01874561626362118	0	-0.02356061852242453	-0.003479808741056512
1.68	0	-0.1789722597199664	0	0	0	0.0189701038468758	0	-0.02352393266996653	-0.003437206014441298
1.681	0	-0.1792393778894508	0	0	0	0.01919382440882254	0	-0.02348730529397699	-0.003394735320481962
1.682	0	-0.1795063516631652	0	0	0	0.01941677692835255	0	-0.02345073672467447	-0.003352396837775073
1.683	0	-0.179773180683774	0	0	0	0.01963896039314268	0	-0.02341422660088783	-0.003310190742784635
1.684	0	-0.1800398645965733	0	0	0	0.01986037379962979	0	-0.02337777583232355	-0.00326811721427021
1.685	0	-0.1803064030494815	0	0	0	0.02008101615298113	0	-0.02334138390989554	-0.003226176427248997
1.686	0	-0.1805727956930299	0	0	0	0.0203008864670687	0	-0.0233050519814458	-0.003184368559912183
1.687	0	-0.1808390421803527	0	0	0	0.02051998376443745	0	-0.02326877900504908	-0.003142693784987693
1.688	0	-0.1811051421671785	0	0	0	0.02073830707628019	0	-0.02323256654860737	-0.003101152280532963
1.689	0	-0.1813710953118186	0	0	0	0.02095585544240378	0	-0.02319641388641202	-0.00305974421891383
1.69	0	-0.1816369012751578	0	0	0	0.02117262791120193	0	-0.02316032162361336	-0.003018469774963313
1.691	0	-0.1819025597206445	0	0	0	0.0213886235396238	0	-0.02312429054605104	-0.00297732912340088
1.692	0	-0.1821680703142791	0	0	0	0.02160384139314087	0	-0.02308831987352792	-0.002936322434902845
1.693	0	-0.1824334327246047	0	0	0	0.02181828054571886	0	-0.02305241083545141	-0.002895449884148655
1.694	0	-0.1826986466226954	0	0	0	0.02203194007978148	0	-0.02301656262143338	-0.002854711640709845
1.695	0	-0.1829637116821458	0	0	0	0.02224481908618222	0	-0.02298077680060226	-0.002814107878991293
1.696	0	-0.1832286275790596	0	0	0	0.02245691666416628	0	-0.02294505241717637	-0.002773638767192532
1.697	0	-0.1834933939920392	0	0	0	0.02266823192134167	0	-0.02290939065181178	-0.002733304477798649
1.698	0	-0.1837580106021731	0	0	0	0.02287876397364141	0	-0.02287379124260548	-0.002693105179522844
1.699	0	-0.1840224770930256	0	0	0	0.02308851194529134	0	-0.02283825455913782	-0.002653041041969778
1.7	0	-0.1842867931506244	0	0	0	0.02329747496877441	0	-0.02280278123493623	-0.002613112234805272
1.701	0	-0.184550958463449	0	0	0	0.02350565218479423	0	-0.02276737061583418	-0.002573318924253873
1.702	0	-0.1848149727224192	0	0	0	0.02371304274224232	0	-0.02273202446590885	-0.002533661281435795
1.703	0	-0.1850788356208819	0	0	0	0.02391964579815719	0	-0.02269674152031056	-0.002494139470093227
1.704	0	-0.1853425468546008	0	0	0	0.02412546051769292	0	-0.02266152351655788	-0.002454753660161286
1.705	0	-0.1856061061217419	0	0	0	0.02433048607407689	0	-0.02262636914323081	-0.002415504014138192
1.706	0	-0.1858695131228634	0	0	0	0.02453472164857773	0	-0.02259128012534192	-0.002376390700778296
1.707	0	-0.1861327675609011	0	0	0	0.02473816643046287	0	-0.02255625588757134	-0.002337413883055538
1.708	0	-0.1863958691411572	0	0	0	0.02494081961696349	0	-0.02252129714055973	-0.002298573726232695
1.709	0	-0.1866588175712869	0	0	0	0.02514268041323475	0	-0.02248640416124541	-0.002259870393974355
1.71	0	-0.1869216125612856	0	0	0	0.02534374803231704	0	-0.02245157711411421	-0.002221304049056237
1.711	0	-0.1871842538234764	0	0	0	0.02554402169509763	0	-0.02241681648905729	-0.00218287485433891
1.712	0	-0.1874467410724962	0	0	0	0.02574350063027004	0	-0.02238212219386571	-0.002144582970708319
1.713	0	-0.187709074025284	0	0	0	0.02594218407429615	0	-0.02234749495942637	-0.002106428560228301
1.714	0	-0.187971252401066	0	0	0	0.02614007127136434	0	-0.02231293474784056	-0.002068411782533321
1.715	0	-0.1882332759213441	0	0	0	0.0263371614733515	0	-0.02227844264473895	-0.002030532799079772
1.716	0	-0.1884951443098805	0	0	0	0.02653345393977918	0	-0.02224401762712289	-0.001992791765834823
1.717	0	-0.1887568572926867	0	0	0	0.02672894793777787	0	-0.0222096613603265	-0.001955188844086109
1.718	0	-0.1890184145980078	0	0	0	0.02692364274204087	0	-0.02217537300881591	-0.001917724188712047
1.719	0	-0.1892798159563108	0	0	0	0.02711753763478793	0	-0.02214115377703244	-0.001880397958413688
1.72	0	-0.1895410611002695	0	0	0	0.02731063190572059	0	-0.02210700363836527	-0.001843210308305861
1.721	0	-0.189802149764752	0	0	0	0.02750292485198241	0	-0.02207292263980724	-0.00180616139285004
1.722	0	-0.1900630816868067	0	0	0	0.02769441577811804	0	-0.02203891190552171	-0.00176925136809924
1.723	0	-0.1903238566056482	0	0	0	0.02788510399602924	0	-0.02200497075111161	-0.001732480385153119
1.724	0	-0.1905844742626439	0	0	0	0.02807498882493607	0	-0.02197110019816235	-0.001695848598087378
1.725	0	-0.1908449344013007	0	0	0	0.02826406959133299	0	-0.02193730032151715	-0.001659356157936329
1.726	0	-0.1911052367672504	0	0	0	0.02845234562894757	0	-0.02190357142565047	-0.001623003215323825
1.727	0	-0.1913653811082365	0	0	0	0.02863981627869891	0	-0.02186991395952783	-0.001586789920259735
1.728	0	-0.1916253671740999	0	0	0	0.02882648088865463	0	-0.02183632792932543	-0.001550716420789666
1.729	0	-0.1918851947167662	0	0	0	0.02901233881399051	0	-0.02180281421588648	-0.001514782865944721
1.73	0	-0.1921448634902301	0	0	0	0.02919738941694595	0	-0.02176937247232342	-0.001478989400979491
1.731	0	-0.1924043732505436	0	0	0	0.02938163206678476	0	-0.02173600362963229	-0.001443336173006452
1.732	0	-0.1926637237558005	0	0	0	0.02956506613975051	0	-0.02170270756151449	-0.001407823325701823
1.733	0	-0.1929229147661243	0	0	0	0.0297476910190267	0	-0.02166948505085512	-0.001372451003725948
1.734	0	-0.1931819460436525	0	0	0	0.02992950609469231	0	-0.02163633549070893	-0.001337219347507391
1.735	0	-0.1934408173525251	0	0	0	0.03011051076368386	0	-0.02160326068441789	-0.001302128501816545
1.736	0	-0.1936995284588691	0	0	0	0.03029070442974818	0	-0.02157025956241685	-0.001267178603799838
1.737	0	-0.1939580791307858	0	0	0	0.03047008650340587	0	-0.02153733323667737	-0.001232369794386706
1.738	0	-0.1942164691383368	0	0	0	0.03064865640190632	0	-0.02150448180560528	-0.001197702211045342
1.739	0	-0.1944746982535309	0	0	0	0.03082641354918734	0	-0.02147170525016947	-0.001163175989790727
1.74	0	-0.1947327662503103	0	0	0	0.0310033573758346	0	-0.02143900455972687	-0.001128791267714239
1.741	0	-0.1949906729045368	0	0	0	0.03117948731903812	0	-0.02140637902729151	-0.001094548176844734
1.742	0	-0.1952484179939796	0	0	0	0.03135480282255504	0	-0.02137383052350353	-0.001060446853801398
1.743	0	-0.1955060012983001	0	0	0	0.03152930333666353	0	-0.02134135781233636	-0.001026487426915662
1.744	0	-0.1957634225990407	0	0	0	0.03170298831812734	0	-0.02130896221968516	-0.0009926700290393013
1.745	0	-0.19602068167961	0	0	0	0.03187585723015145	0	-0.02127664340255345	-0.0009589947879528348
1.746	0	-0.1962777783252705	0	0	0	0.03204790954234426	0	-0.02124440213600473	-0.0009254618326584845
1.747	0	-0.1965347123231256	0	0	0	0.03221914473067581	0	-0.02121223828319626	-0.0008920712887734487
1.748	0	-0.1967914834621063	0	0	0	0.03238956227743945	0	-0.02118015254354638	-0.000858823282468091
1.749	0	-0.1970480915329586	0	0	0	0.03255916167121141	0	-0.02114814535947045	-0.0008257179379775479
1.75	0	-0.19730453632823	0	0	0	0.03272794240681053	0	-0.0211162161564474	-0.0007927553758696773
1.751	0	-0.1975608176422584	0	0	0	0.03289590398526219	0	-0.02108436616380794	-0.0007599357194134932
1.752	0	-0.1978169352711578	0	0	0	0.03306304591375602	0	-0.02105259503149728	-0.0007272590869118399
1.753	0	-0.1980728890128073	0	0	0	0.03322936770561056	0	-0.02102090375857379	-0.000694725598318046
1.754	0	-0.1983286786668369	0	0	0	0.03339486888023199	0	-0.02098929190481691	-0.000662335368913242
1.755	0	-0.1985843040346174	0	0	0	0.03355954896307876	0	-0.02095775981416557	-0.0006300885143264831
1.756	0	-0.1988397649192467	0	0	0	0.03372340748562368	0	-0.02092630854872012	-0.0005979851503787249
1.757	0	-0.199095061125538	0	0	0	0.03388644398531453	0	-0.02089493739501021	-0.0005660253874233811
1.758	0	-0.1993501924600084	0	0	0	0.03404865800554037	0	-0.02086364758629734	-0.0005342093387709762
1.759	0	-0.1996051587308663	0	0	0	0.03421004909559157	0	-0.02083243837605485	-0.0005025371117879624
1.76	0	-0.1998599597480005	0	0	0	0.0343706168106268	0	-0.02080131081628778	-0.000471008816443737
1.761	0	-0.200114595322968	0	0	0	0.03453036071163505	0	-0.02077026519458937	-0.0004396245595004974
1.762	0	-0.2003690652689822	0	0	0	0.0346892803653992	0	-0.02073930051529505	-0.0004083844433363924
1.763	0	-0.2006233694009033	0	0	0	0.03484737534446557	0	-0.02070841906846242	-0.0003772885762804921
1.764	0	-0.2008775075352243	0	0	0	0.03500464522710188	0	-0.02067761933212919	-0.0003463370565384315
1.765	0	-0.2011314794900627	0	0	0	0.0351610895972698	0	-0.02064690276821396	-0.0003155299875775513
1.766	0	-0.2013852850851473	0	0	0	0.03531670804458551	0	-0.02061626880165109	-0.0002848674667555381
1.767	0	-0.2016389241418088	0	0	0	0.03547150016428987	0	-0.02058571837307752	-0.0002543495933587156
1.768	0	-0.2018923964829681	0	0	0	0.03562546555721175	0	-0.02055525088041443	-0.000223976461676231
1.769	0	-0.2021457019331267	0	0	0	0.03577860382973877	0	-0.02052486765942492	-0.0001937481688809229
1.77	0	-0.202398840318355	0	0	0	0.03593091459378063	0	-0.02049456807108294	-0.000163664806163298
1.771	0	-0.2026518114662831	0	0	0	0.03608239746674022	0	-0.0204643525664726	-0.0001337264656784854
1.772	0	-0.2029046152060901	0	0	0	0.03623305207148066	0	-0.02043422183962822	-0.0001039332386216707
1.773	0	-0.2031572513684937	0	0	0	0.03638287803629248	0	-0.02040417491674256	-7.428521090666846e-05
1.774	0	-0.2034097197857412	0	0	0	0.03653187499486653	0	-0.02037421366312565	-4.478247337132379e-05
1.775	0	-0.2036620202915984	0	0	0	0.0366800425862581	0	-0.02034433698249992	-1.542510864327516e-05
1.776	0	-0.2039141527213414	0	0	0	0.03682738045486153	0	-0.02031454600890194	1.378679710297764e-05
1.777	0	-0.2041661169117455	0	0	0	0.03697388825037664	0	-0.02028484006772805	4.285316328776331e-05
1.778	0	-0.2044179127010774	0	0	0	0.03711956562778269	0	-0.02025522036189316	7.177390657497682e-05
1.779	0	-0.2046695399290845	0	0	0	0.03726441224730596	0	-0.02022568615531505	0.0001005489495114643
1.78	0	-0.2049209984369865	0	0	0	0.03740842777439399	0	-0.02019623810821448	0.0001291782129710218
1.781	0	-0.2051722880674668	0	0	0	0.03755161187968616	0	-0.02016687665121591	0.0001576616198296627
1.782	0	-0.2054234086646623	0	0	0	0.03769396423898513	0	-0.0201376015436445	0.0001859990959644708
1.783	0	-0.2056743600741564	0	0	0	0.03783548453323133	0	-0.0201084136025904	0.0002141905663314248
1.784	0	-0.2059251421429683	0	0	0	0.03797617244847281	0	-0.02007931177516399	0.000242235961587188
1.785	0	-0.2061757547195472	0	0	0	0.03811602767584352	0	-0.0200502978143503	0.0002701352074975803
1.786	0	-0.2064261976537609	0	0	0	0.0382550499115311	0	-0.020021370589717	0.0002978882378161597
1.787	0	-0.2066764707968904	0	0	0	0.03839323885675656	0	-0.0199925313491148	0.0003254949823564639
1.788	0	-0.2069265740016197	0	0	0	0.03853059421774399	0	-0.01996377915827171	0.0003529553773156938
1.789	0	-0.2071765071220297	0	0	0	0.03866711570570033	0	-0.01993511549732897	0.0003802693548618119
1.79	0	-0.2074262700135884	0	0	0	0.0388028030367857	0	-0.01990653953429919	0.0004074368538212465
1.791	0	-0.2076758625331448	0	0	0	0.03893765593209293	0	-0.01987805169379754	0.0004344578115975291
1.792	0	-0.2079252845389208	0	0	0	0.03907167411762231	0	-0.01984965257384677	0.0004613321666133298
1.793	0	-0.208174535890503	0	0	0	0.03920485732425647	0	-0.01982134123607283	0.0004880598621713371
1.794	0	-0.2084236164488374	0	0	0	0.03933720528774125	0	-0.019793119328288	0.0005146408371122714
1.795	0	-0.2086725260762195	0	0	0	0.03946871774865728	0	-0.01976498541491693	0.0005410750386462437
1.796	0	-0.20892126463629	0	0	0	0.03959939445240376	0	-0.01973694125783392	0.0005673624081211645
1.797	0	-0.2091698319940253	0	0	0	0.03972923514917005	0	-0.01970898543997706	0.0005935028954475749
1.798	0	-0.2094182280157334	0	0	0	0.03985823959392057	0	-0.01968111987624112	0.0006194964443527718
1.799	0	-0.2096664525690439	0	0	0	0.03998640754636645	0	-0.019653343056658	0.0006453430076650998
1.8	0	-0.2099145055229046	0	0	0	0.04011373877095093	0	-0.01962565613225602	0.0006710425335284242
1.801	0	-0.2101623867475731	0	0	0	0.04024023303682419	0	-0.01959805864188013	0.0006965949750678833
1.802	0	-0.2104100961146114	0	0	0	0.0403658901178256	0	-0.01957055084036603	0.0007220002851075728
1.803	0	-0.210657633496879	0	0	0	0.04049070979246341	0	-0.01954313354748585	0.0007472584165023808
1.804	0	-0.2109049987685271	0	0	0	0.04061469184389314	0	-0.01951580593173353	0.0007723693271454519
1.805	0	-0.2111521918049928	0	0	0	0.04073783605990163	0	-0.01948856892173716	0.0007973329722367886
1.806	0	-0.2113992124829926	0	0	0	0.0408601422328846	0	-0.01946142171210502	0.000822149312180653
1.807	0	-0.2116460606805177	0	0	0	0.04098161015983181	0	-0.01943436552914267	0.0008468183040530169
1.808	0	-0.2118927362768269	0	0	0	0.04110223964230468	0	-0.0194073993822609	0.0008713399112048698
1.809	0	-0.2121392391524427	0	0	0	0.04122203048642251	0	-0.01938052446944198	0.0008957140932892051
1.81	0	-0.2123855691891439	0	0	0	0.04134098250284085	0	-0.01935373987961559	0.0009199408159659366
1.811	0	-0.2126317262699623	0	0	0	0.04145909550673773	0	-0.01932704648544003	0.0009440200420956903
1.812	0	-0.2128777102791758	0	0	0	0.04157636931779411	0	-0.01930044404532431	0.0009679517382725208
1.813	0	-0.213123521102304	0	0	0	0.04169280376017805	0	-0.01927393231247529	0.0009917358723139857
1.814	0	-0.2133691586261039	0	0	0	0.04180839866253003	0	-0.01924751260532523	0.001015372409696051
1.815	0	-0.2136146227385629	0	0	0	0.04192315385794262	0	-0.01922118373176371	0.0010388613227577
1.816	0	-0.2138599133288961	0	0	0	0.04203706918394944	0	-0.01919494648702396	0.001062202580523508
1.817	0	-0.2141050302875402	0	0	0	0.04215014448250626	0	-0.01916880060267187	0.001085396155598608
1.818	0	-0.21434997350615	0	0	0	0.04226237959997782	0	-0.01914274641679674	0.001108442020371171
1.819	0	-0.2145947428775923	0	0	0	0.04237377438712159	0	-0.01911678393643729	0.001131340149126143
1.82	0	-0.2148393382959427	0	0	0	0.04248432869907369	0	-0.01909091302676505	0.00115409051760499
1.821	0	-0.2150837596564812	0	0	0	0.04259404239533498	0	-0.01906513430277292	0.00117669310098621
1.822	0	-0.2153280068556872	0	0	0	0.04270291533975534	0	-0.01903944712890927	0.001199147878391573
1.823	0	-0.2155720797912358	0	0	0	0.04281094740052223	0	-0.01901385229440833	0.0012214548268342
1.824	0	-0.2158159783619938	0	0	0	0.04291813845014463	0	-0.01898834942419038	0.00124361392705873
1.825	0	-0.2160597024680152	0	0	0	0.04302448836544171	0	-0.01896293896753888	0.001265625159038785
1.826	0	-0.2163032520105375	0	0	0	0.04312999702752778	0	-0.01893762027160501	0.001287488506316607
1.827	0	-0.2165466268919788	0	0	0	0.04323466432180234	0	-0.01891239437836187	0.001309203949675823
1.828	0	-0.2167898270159322	0	0	0	0.04333849013793403	0	-0.01888726052862515	0.001330771475031376
1.829	0	-0.2170328522871635	0	0	0	0.04344147436985112	0	-0.01886221914476911	0.00135219106668471
1.83	0	-0.2172757026116076	0	0	0	0.04354361691572869	0	-0.01883727075465381	0.001373462709743977
1.831	0	-0.2175183778963637	0	0	0	0.04364491767797481	0	-0.01881241423556161	0.001394586394508901
1.832	0	-0.2177608780496953	0	0	0	0.04374537656322586	0	-0.01878765103604447	0.001415562108789502
1.833	0	-0.2180032029810253	0	0	0	0.04384499348233426	0	-0.01876297973496158	0.001436389850353381
1.834	0	-0.2182453526009381	0	0	0	0.0439437683503689	0	-0.01873840170596601	0.001457069613491056
1.835	0	-0.2184873268211758	0	0	0	0.04404170108660439	0	-0.01871391595190996	0.001477601400140571
1.836	0	-0.2187291255546386	0	0	0	0.04413879161452036	0	-0.01868952332774656	0.001497985209976167
1.837	0	-0.2189707487153824	0	0	0	0.04423503986179274	0	-0.0186652228618124	0.001518221048405407
1.838	0	-0.2192121962186191	0	0	0	0.04433044576029315	0	-0.01864101580025661	0.001538308917211036
1.839	0	-0.219453467980714	0	0	0	0.04442500924607981	0	-0.01861690137424635	0.001558248823925857
1.84	0	-0.2196945639191856	0	0	0	0.04451873025939569	0	-0.01859287925162993	0.001578040776159107
1.841	0	-0.2199354839527047	0	0	0	0.04461160874466476	0	-0.01856895045890484	0.001597684779415474
1.842	0	-0.2201762280010921	0	0	0	0.04470364465048394	0	-0.01854511366431708	0.001617180845396322
1.843	0	-0.2204167959853195	0	0	0	0.04479483792962352	0	-0.01852137005751315	0.001636528980933743
1.844	0	-0.2206571878275067	0	0	0	0.04488518853901873	0	-0.01849771902832175	0.001655729197687237
1.845	0	-0.2208974034509215	0	0	0	0.04497469643976781	0	-0.01847416069547385	0.001674781506412436
1.846	0	-0.2211374427799787	0	0	0	0.04506336159712739	0	-0.0184506953455192	0.001693685918191042
1.847	0	-0.2213773057402384	0	0	0	0.04515118398050717	0	-0.01842732242043969	0.001712442446692979
1.848	0	-0.2216169922584065	0	0	0	0.045238163563468	0	-0.01840404254130172	0.001731051103598397
1.849	0	-0.2218565022623316	0	0	0	0.04532430032371491	0	-0.01838085491075995	0.001749511904436409
1.85	0	-0.2220958356810065	0	0	0	0.04540959424309673	0	-0.018357760662963	0.001767824861027956
1.851	0	-0.2223349924445648	0	0	0	0.04549404530759692	0	-0.01833475805234803	0.001785989992321807
1.852	0	-0.2225739724842828	0	0	0	0.04557765350733639	0	-0.01831184895420806	0.001804007309741776
1.853	0	-0.2228127757325755	0	0	0	0.04566041883656249	0	-0.01828903212227884	0.00182187683237172
1.854	0	-0.2230514021229984	0	0	0	0.04574234129365036	0	-0.01826630817190726	0.001839598575724083
1.855	0	-0.2232898515902446	0	0	0	0.04582342088109594	0	-0.01824367681624144	0.001857172557962533
1.856	0	-0.2235281240701452	0	0	0	0.04590365760551323	0	-0.01822113770661375	0.001874598798008594
1.857	0	-0.2237662194996685	0	0	0	0.04598305147763188	0	-0.01819869204854517	0.001891877311899522
1.858	0	-0.2240041378169176	0	0	0	0.04606160251228905	0	-0.01817633819215384	0.001909008122717848
1.859	0	-0.2242418789611319	0	0	0	0.04613931072843164	0	-0.0181540776570247	0.001925991247026666
1.86	0	-0.224479442872684	0	0	0	0.0462161761491062	0	-0.01813190883536021	0.001942826709040692
1.861	0	-0.224716829493081	0	0	0	0.04629219880146165	0	-0.01810983339549471	0.001959514526212954
1.862	0	-0.2249540387649618	0	0	0	0.04636737871673925	0	-0.01808784993280191	0.001976054723527993
1.863	0	-0.2251910706320977	0	0	0	0.0464417159302744	0	-0.01806595948689679	0.001992447321078045
1.864	0	-0.2254279250393909	0	0	0	0.04651521048148865	0	-0.01804416116063573	0.00200869234392469
1.865	0	-0.2256646019328742	0	0	0	0.04658786241388965	0	-0.0180224556883012	0.002024789814070703
1.866	0	-0.2259011012597096	0	0	0	0.04665967177506487	0	-0.01800084270434326	0.002040739756606092
1.867	0	-0.2261374229681883	0	0	0	0.04673063861667918	0	-0.01797932188984734	0.002056542197125878
1.868	0	-0.2263735670077299	0	0	0	0.04680076299447276	0	-0.01795789436133806	0.002072197158611569
1.869	0	-0.2266095333288805	0	0	0	0.04687004496825306	0	-0.01793655836118464	0.002087704671115963
1.87	0	-0.2268453218833144	0	0	0	0.04693848460189812	0	-0.01791531557664073	0.002103064757558454
1.871	0	-0.2270809326238304	0	0	0	0.04700608196334608	0	-0.01789416458617456	0.002118277448455222
1.872	0	-0.2273163655043542	0	0	0	0.04707283712459807	0	-0.0178731067275226	0.002133342768736587
1.873	0	-0.227551620479935	0	0	0	0.04713875016170938	0	-0.01785214102208701	0.0021482607491463
1.874	0	-0.2277866975067468	0	0	0	0.04720382115478967	0	-0.01783126740161086	0.002163031418998059
1.875	0	-0.2280215965420868	0	0	0	0.0472680501879993	0	-0.01781048660990234	0.002177654806395099
1.876	0	-0.2282563175443751	0	0	0	0.04733143734954402	0	-0.01778979799384503	0.002192130943189724
1.877	0	-0.2284908604731538	0	0	0	0.04739398273167392	0	-0.01776920185369022	0.002206459859704048
1.878	0	-0.2287252252890868	0	0	0	0.0474556864306784	0	-0.01774869759703663	0.002220641588878435
1.879	0	-0.2289594119539591	0	0	0	0.04751654854688569	0	-0.01772828637188635	0.002234676160360478
1.88	0	-0.2291934204306757	0	0	0	0.04757656918465547	0	-0.0177079670397573	0.002248563609540628
1.881	0	-0.2294272506832619	0	0	0	0.04763574845237985	0	-0.01768774019676154	0.002262303968535056
1.882	0	-0.2296609026768621	0	0	0	0.04769408646247774	0	-0.01766760556187427	0.002275897272045285
1.883	0	-0.2298943763777391	0	0	0	0.04775158333139249	0	-0.01764756295272932	0.002289343555166259
1.884	0	-0.230127671753275	0	0	0	0.04780823917959014	0	-0.01762761329021288	0.002302642851133887
1.885	0	-0.2303607887719679	0	0	0	0.0478640541315525	0	-0.01760775505294224	0.002315795199273608
1.886	0	-0.2305937274034347	0	0	0	0.04791902831577984	0	-0.01758798961308666	0.002328800633042262
1.887	0	-0.230826487618408	0	0	0	0.04797316186478238	0	-0.01756831597745084	0.002341659191816768
1.888	0	-0.2310590693887371	0	0	0	0.04802645491508167	0	-0.01754873484159877	0.002354370911807789
1.889	0	-0.2312914726873865	0	0	0	0.0480789076072043	0	-0.0175292455743961	0.002366935832823752
1.89	0	-0.2315236974884364	0	0	0	0.04813052008568198	0	-0.01750984874121592	0.002379353992607604
1.891	0	-0.2317557437670816	0	0	0	0.04818129249904591	0	-0.01749054371101463	0.002391625432205144
1.892	0	-0.2319876114996314	0	0	0	0.04823122499982664	0	-0.01747133106073049	0.00240375019057366
1.893	0	-0.232219300663509	0	0	0	0.04828031774454913	0	-0.0174522106067598	0.002415728308997816
1.894	0	-0.2324508112372507	0	0	0	0.04832857089373029	0	-0.01743318163430044	0.002427559830573486
1.895	0	-0.2326821432005068	0	0	0	0.04837598461187888	0	-0.01741424546944386	0.00243924479445231
1.896	0	-0.2329132965340394	0	0	0	0.04842255906748812	0	-0.01739540088809491	0.002450783246122154
1.897	0	-0.2331442712197233	0	0	0	0.04846829443303743	0	-0.01737664851364611	0.00246217522756143
1.898	0	-0.2333750672405457	0	0	0	0.04851319088498718	0	-0.01735798808210001	0.002473420783360089
1.899	0	-0.2336056845806044	0	0	0	0.04855724860377701	0	-0.01733941961850273	0.002484519958087319
1.9	0	-0.2338361232251094	0	0	0	0.04860046777382319	0	-0.01732094304173256	0.002495472797176091
1.901	0	-0.2340663831603813	0	0	0	0.0486428485835161	0	-0.01730255850296155	0.002506279346168429
1.902	0	-0.2342964643738514	0	0	0	0.04868439122521762	0	-0.0172842660936708	0.002516939651376004
1.903	0	-0.2345263668540607	0	0	0	0.04872509589525761	0	-0.01726606490461379	0.002527453761978658
1.904	0	-0.2347560905906615	0	0	0	0.04876496279393498	0	-0.01724795641591685	0.002537821722446688
1.905	0	-0.2349856355744145	0	0	0	0.04880399212550957	0	-0.01722993907741932	0.002548043584659433
1.906	0	-0.2352150017971907	0	0	0	0.04884218409820608	0	-0.01721201421408395	0.002558119394698992
1.907	0	-0.2354441892519697	0	0	0	0.04887953892420595	0	-0.01719418068243699	0.002568049204805136
1.908	0	-0.2356731979328408	0	0	0	0.0489160568196498	0	-0.0171764392595332	0.002577833063560386
1.909	0	-0.2359020278350014	0	0	0	0.0489517380046318	0	-0.01715878966957269	0.002587471022539648
1.91	0	-0.2361306789547575	0	0	0	0.04898658270319843	0	-0.01714123128853594	0.002596963134734599
1.911	0	-0.2363591512895237	0	0	0	0.04902059114334847	0	-0.01712376544266195	0.002606309449423115
1.912	0	-0.2365874448378223	0	0	0	0.04905376355702584	0	-0.01710639065626823	0.002615510022782369
1.913	0	-0.2368155595992839	0	0	0	0.04908610018012314	0	-0.01708910796606731	0.002624564906021475
1.914	0	-0.2370434955746463	0	0	0	0.04911760125247461	0	-0.01707191638900983	0.002633474155503271
1.915	0	-0.2372712527657558	0	0	0	0.04914826701785888	0	-0.0170548173652767	0.002642237822829948
1.916	0	-0.237498831175565	0	0	0	0.04917809772399087	0	-0.01703780920174179	0.002650855967238222
1.917	0	-0.2377262308081348	0	0	0	0.04920709362252624	0	-0.01702089306115408	0.002659328642249337
1.918	0	-0.2379534516686329	0	0	0	0.04923525496905479	0	-0.01700406864439351	0.002667655905289704
1.919	0	-0.2381804937633334	0	0	0	0.04926258202309938	0	-0.01698733501158225	0.002675837815869283
1.92	0	-0.2384073570996192	0	0	0	0.04928907504811742	0	-0.01697069382800341	0.002683874428339615
1.921	0	-0.2386340416859782	0	0	0	0.04931473431149276	0	-0.01695414345058296	0.002691765805084538
1.922	0	-0.2388605475320063	0	0	0	0.04933956008454051	0	-0.01693768522792532	0.002699512002472818
1.923	0	-0.2390868746484057	0	0	0	0.04936355264249932	0	-0.01692131794220104	0.002707113083251814
1.924	0	-0.2393130230469857	0	0	0	0.04938671226453465	0	-0.01690504250371365	0.002714569106085668
1.925	0	-0.2395389927406621	0	0	0	0.04940903923373294	0	-0.01688885817870244	0.002721880133960171
1.926	0	-0.2397647837434574	0	0	0	0.04943053383710284	0	-0.01687276533196617	0.002729046228074828
1.927	0	-0.2399903960705013	0	0	0	0.04945119636557217	0	-0.01685676406898258	0.002736067450872107
1.928	0	-0.2402158297380295	0	0	0	0.04947102711398595	0	-0.0168408539550616	0.002742943866661997
1.929	0	-0.2404410847633855	0	0	0	0.04949002638110644	0	-0.0168250355806382	0.002749675538139413
1.93	0	-0.2406661611650182	0	0	0	0.04950819446960862	0	-0.01680930776959706	0.002756262532596746
1.931	0	-0.240891058962485	0	0	0	0.0495255316860836	0	-0.01679367207017683	0.002762704911934023
1.932	0	-0.2411157781764489	0	0	0	0.04954203834103087	0	-0.01677812707729503	0.002769002745293338
1.933	0	-0.2413403188286806	0	0	0	0.04955771474886222	0	-0.01676267331453757	0.002775156098198298
1.934	0	-0.2415646809420583	0	0	0	0.04957256122789827	0	-0.01674731129024478	0.002781165036882278
1.935	0	-0.2417888645405664	0	0	0	0.04958657810036513	0	-0.01673203978174786	0.002787029632104738
1.936	0	-0.2420128696492981	0	0	0	0.04959976569239809	0	-0.0167168603413696	0.002792749949129389
1.937	0	-0.2422366962944525	0	0	0	0.04961212433403356	0	-0.01670177107992343	0.002798326061552761
1.938	0	-0.2424603445033381	0	0	0	0.04962365435921545	0	-0.01668677371400566	0.002803758035636006
1.939	0	-0.2426838143043699	0	0	0	0.04963435610578672	0	-0.01667186687119191	0.002809045945187627
1.94	0	-0.2429071057270717	0	0	0	0.04964422991549416	0	-0.01665705162054621	0.002814189859271663
1.941	0	-0.2431302188020754	0	0	0	0.04965327613398256	0	-0.01664232696139989	0.00281918985224006
1.942	0	-0.2433531535611214	0	0	0	0.0496614951107975	0	-0.01662769358284782	0.002824045995379537
1.943	0	-0.2435759100370588	0	0	0	0.04966888719938168	0	-0.01661315137289703	0.002828758362442871
1.944	0	-0.2437984882638454	0	0	0	0.04967545275707417	0	-0.01659869957404413	0.002833327029309369
1.945	0	-0.244020888276549	0	0	0	0.04968119214511228	0	-0.0165843395104491	0.002837752067925211
1.946	0	-0.2442431101113457	0	0	0	0.04968610572862538	0	-0.01657006955589466	0.002842033557480957
1.947	0	-0.2444651538055229	0	0	0	0.04969019387664041	0	-0.01655589119234467	0.002846171570963799
1.948	0	-0.2446870193974767	0	0	0	0.04969345696207494	0	-0.0165418033180273	0.002850166187792184
1.949	0	-0.2449087069267144	0	0	0	0.04969589536174077	0	-0.01652780621366563	0.00285401748501479
1.95	0	-0.2451302164338543	0	0	0	0.04969750945634183	0	-0.01651390038860178	0.002857725539875247
1.951	0	-0.2453515479606249	0	0	0	0.04969829963047157	0	-0.01650008471766997	0.002861290433945591
1.952	0	-0.2455727015498674	0	0	0	0.04969826627261679	0	-0.01648636065878458	0.002864712243770692
1.953	0	-0.2457936772455339	0	0	0	0.04969740977515091	0	-0.01647272659339019	0.002867991053424735
1.954	0	-0.2460144750926896	0	0	0	0.04969573053433997	0	-0.01645918383381938	0.00287112694118791
1.955	0	-0.2462350951375117	0	0	0	0.04969322895033634	0	-0.016445731301526	0.002874119991349616
1.956	0	-0.2464555374272911	0	0	0	0.04968990542718271	0	-0.01643236970343289	0.00287697028495203
1.957	0	-0.2466758020104322	0	0	0	0.04968576037280861	0	-0.01641909864475394	0.002879677906189891
1.958	0	-0.2468958889364532	0	0	0	0.0496807941990317	0	-0.01640591823464042	0.002882242938853535
1.959	0	-0.2471157982559875	0	0	0	0.04967500732155702	0	-0.01639282863023414	0.002884665467348556
1.96	0	-0.2473355300207825	0	0	0	0.04966840015997556	0	-0.01637982908122919	0.002886945578801194
1.961	0	-0.2475550842837026	0	0	0	0.04966097313776713	0	-0.01636692068631863	0.00288908335695956
1.962	0	-0.2477744610987272	0	0	0	0.04965272668229572	0	-0.0163541023900104	0.002891078891061141
1.963	0	-0.247993660520953	0	0	0	0.04964366122481351	0	-0.0163413747244832	0.002892932267551522
1.964	0	-0.2482126826065937	0	0	0	0.04963377720045822	0	-0.016328737550634	0.002894643575083347
1.965	0	-0.2484315274129808	0	0	0	0.04962307504825361	0	-0.01631619056242679	0.002896212903400122
1.966	0	-0.2486501949985647	0	0	0	0.04961155521111096	0	-0.01630373452045347	0.002897640340615014
1.967	0	-0.2488686854229138	0	0	0	0.04959921813582542	0	-0.01629136807066516	0.002898925980245417
1.968	0	-0.2490869987467177	0	0	0	0.04958606427308152	0	-0.01627909250891344	0.002900069910669494
1.969	0	-0.2493051350317851	0	0	0	0.04957209407744795	0	-0.01626690700271117	0.002901072225704615
1.97	0	-0.2495230943410464	0	0	0	0.04955730800738164	0	-0.01625481207789425	0.002901933016896043
1.971	0	-0.2497408767385534	0	0	0	0.04954170652522508	0	-0.01624280706974384	0.00290265237915158
1.972	0	-0.2499584822894806	0	0	0	0.04952529009720964	0	-0.01623089269639089	0.00290323040505315
1.973	0	-0.2501759110601251	0	0	0	0.04950805919345257	0	-0.0162190681558772	0.002903667191282404
1.974	0	-0.2503931631179086	0	0	0	0.04949001428796022	0	-0.01620733367680059	0.002903962832975629
1.975	0	-0.2506102385313775	0	0	0	0.04947115585862816	0	-0.01619569024453097	0.002904117424332625
1.976	0	-0.2508271373702023	0	0	0	0.04945148438723766	0	-0.01618413588595705	0.002904131066830355
1.977	0	-0.2510438597051814	0	0	0	0.04943100035946325	0	-0.01617267211153225	0.002904003854983509
1.978	0	-0.2512604056082395	0	0	0	0.04940970426486704	0	-0.0161612982190795	0.002903735888935326
1.979	0	-0.251476775152429	0	0	0	0.04938759659690291	0	-0.01615001443615282	0.002903327267521852
1.98	0	-0.2516929684119313	0	0	0	0.04936467785291587	0	-0.01613882084029911	0.002902778090647043
1.981	0	-0.2519089854620571	0	0	0	0.04934094853414217	0	-0.01612771670295849	0.002902088460740599
1.982	0	-0.2521248263792483	0	0	0	0.04931640914571313	0	-0.01611670319018581	0.002901258476786713
1.983	0	-0.2523404912410768	0	0	0	0.04929106019665108	0	-0.01610577904402547	0.002900288243859975
1.984	0	-0.2525559801262482	0	0	0	0.04926490219987518	0	-0.01609494490531955	0.00289917786362416
1.985	0	-0.2527712931146006	0	0	0	0.04923793567219952	0	-0.01608420082469815	0.002897927439755634
1.986	0	-0.2529864302871061	0	0	0	0.04921016113433421	0	-0.01607354627852976	0.002896537077953024
1.987	0	-0.2532013917258726	0	0	0	0.04918157911088807	0	-0.01606298165182288	0.002895006882656561
1.988	0	-0.2534161775141437	0	0	0	0.04915219013036791	0	-0.01605250665225789	0.002893336960550774
1.989	0	-0.2536307877363009	0	0	0	0.04912199472518156	0	-0.01604212188644094	0.002891527417087283
1.99	0	-0.2538452224778622	0	0	0	0.04909099343163573	0	-0.01603182588333281	0.002889578363052354
1.991	0	-0.2540594818254871	0	0	0	0.04905918678994314	0	-0.0160216203374955	0.002887489902994595
1.992	0	-0.2542735658669737	0	0	0	0.04902657534421721	0	-0.01601150416544712	0.002885262148344713
1.993	0	-0.2544874746912622	0	0	0	0.04899315964247768	0	-0.01600147742370705	0.002882895208764082
1.994	0	-0.2547012083884352	0	0	0	0.04895894023665153	0	-0.01599154056187708	0.002880389193797499
1.995	0	-0.2549147670497188	0	0	0	0.04892391768257198	0	-0.01598169248438164	0.002877744217148136
1.996	0	-0.2551281507674847	0	0	0	0.04888809253998527	0	-0.01597193503924693	0.002874960386780662
1.997	0	-0.2553413596352493	0	0	0	0.04885146537254441	0	-0.01596226608954541	0.002872037820195861
1.998	0	-0.2555543937476772	0	0	0	0.04881403674781957	0	-0.0159526873676829	0.002868976627115043
1.999	0	-0.2557672532005803	0	0	0	0.04877580723729205	0	-0.01594319739112664	0.002865776925093876
2	0	-0.2559799380909211	0	0	0	0.04873677741636218	0	-0.01593379705685583	0.002862438827208921
2.001	0	-0.2561924485168123	0	0	0	0.04869694786434719	0	-0.01592448620211235	0.002858962449612679
2.002	0	-0.2564047845775186	0	0	0	0.04865631916448389	0	-0.0159152641335563	0.002855347910374885
2.003	0	-0.2566169463734586	0	0	0	0.04861489190393293	0	-0.01590613180807635	0.002851595324662438
2.004	0	-0.2568289340062048	0	0	0	0.04857266667377697	0	-0.01589708845088034	0.002847704812242924
2.005	0	-0.2570407475784862	0	0	0	0.04852964406902637	0	-0.01588813471076836	0.002843676490462312
2.006	0	-0.2572523871941884	0	0	0	0.04848582468861728	0	-0.01587926921533226	0.002839510481885575
2.007	0	-0.2574638529583567	0	0	0	0.04844120913541978	0	-0.01587049377802235	0.002835206902805944
2.008	0	-0.2576751449771951	0	0	0	0.04839579801623245	0	-0.01586180670842768	0.002830765877986634
2.009	0	-0.2578862633580703	0	0	0	0.048349591941792	0	-0.01585320924006632	0.002826187526492532
2.01	0	-0.2580972082095107	0	0	0	0.04830259152676977	0	-0.01584470048022861	0.002821471972815255
2.011	0	-0.2583079796412096	0	0	0	0.0482547973897778	0	-0.01583628056070867	0.00281661933993235
2.012	0	-0.2585185777640261	0	0	0	0.04820621015337045	0	-0.01582795006573159	0.002811629750562642
2.013	0	-0.2587290026899858	0	0	0	0.04815683044404472	0	-0.01581970795049708	0.002806503331760659
2.014	0	-0.2589392545322836	0	0	0	0.04810665889224656	0	-0.01581155501918659	0.002801240207246455
2.015	0	-0.259149333405284	0	0	0	0.04805569613237017	0	-0.01580349077736614	0.00279584050434334
2.016	0	-0.2593592394245235	0	0	0	0.04800394280276293	0	-0.01579551573540746	0.002790304348900083
2.017	0	-0.2595689727067118	0	0	0	0.04795139954572526	0	-0.01578762860956437	0.00278463187145579
2.018	0	-0.2597785333697338	0	0	0	0.04789806700751843	0	-0.01577983096511163	0.00277882319700644
2.019	0	-0.2599879215326497	0	0	0	0.04784394583836094	0	-0.0157721213666724	0.002772878457890294
2.02	0	-0.2601971373156988	0	0	0	0.04778903669243735	0	-0.01576450069708558	0.002766797782067296
2.021	0	-0.2604061808402997	0	0	0	0.04773334022789739	0	-0.01575696878767043	0.002760581300539392
2.022	0	-0.260615052229052	0	0	0	0.04767685710685971	0	-0.01574952509031546	0.0027542291458733
2.023	0	-0.2608237516057387	0	0	0	0.0476195879954172	0	-0.01574217047544102	0.002747741448239318
2.024	0	-0.2610322790953266	0	0	0	0.04756153356363557	0	-0.01573490348348735	0.002741118343665793
2.025	0	-0.2612406348239699	0	0	0	0.04750269448556276	0	-0.01572772569554532	0.002734359962193188
2.026	0	-0.2614488189190098	0	0	0	0.0474430714392251	0	-0.0157206355611936	0.002727466441478154
2.027	0	-0.2616568315089783	0	0	0	0.04738266510663774	0	-0.01571363446995493	0.002720437913436355
2.028	0	-0.2618646727235978	0	0	0	0.04732147617380104	0	-0.01570672092680132	0.002713274517036408
2.029	0	-0.2620723426937853	0	0	0	0.04725950533071095	0	-0.01569989654482136	0.002705976385113355
2.03	0	-0.2622798415516521	0	0	0	0.04719675327135563	0	-0.01569315999379242	0.002698543657686599
2.031	0	-0.2624871694305064	0	0	0	0.04713322069372421	0	-0.01568651155872052	0.002690976471918825
2.032	0	-0.2626943264648556	0	0	0	0.04706890829980799	0	-0.0156799512415072	0.002683274966296389
2.033	0	-0.2629013127904078	0	0	0	0.04700381679560459	0	-0.01567347905315019	0.002675439279985488
2.034	0	-0.2631081285440734	0	0	0	0.04693794689112171	0	-0.01566709513945551	0.002667469552553466
2.035	0	-0.2633147738639668	0	0	0	0.04687129930037993	0	-0.01566079876770171	0.002659365926191916
2.036	0	-0.2635212488894099	0	0	0	0.04680387474141896	0	-0.01565459075477583	0.002651128540372612
2.037	0	-0.2637275537609316	0	0	0	0.0467356739362984	0	-0.01564847054974748	0.002642757538255942
2.038	0	-0.2639336886202722	0	0	0	0.04666669761110373	0	-0.0156424381181327	0.002634253062549071
2.039	0	-0.2641396536103836	0	0	0	0.04659694649595047	0	-0.01563649392734503	0.002625615255525769
2.04	0	-0.2643454488754315	0	0	0	0.04652642132498542	0	-0.01563063678286135	0.002616844263782298
2.041	0	-0.2645510745607992	0	0	0	0.04645512283639602	0	-0.01562486817431435	0.002607940228683216
2.042	0	-0.2647565308130869	0	0	0	0.04638305177240791	0	-0.0156191866556231	0.002598903298709382
2.043	0	-0.2649618177801161	0	0	0	0.04631020887929552	0	-0.01561359328418352	0.002589733617495224
2.044	0	-0.2651669356109296	0	0	0	0.0462365949073809	0	-0.01560808699880581	0.002580431333990261
2.045	0	-0.2653718844557963	0	0	0	0.04616221061104294	0	-0.0156026688411032	0.002570996593171895
2.046	0	-0.2655766644662103	0	0	0	0.04608705674871687	0	-0.01559733765527973	0.002561429545491746
2.047	0	-0.2657812757948951	0	0	0	0.04601113408290358	0	-0.01559209425278389	0.002551730337720182
2.048	0	-0.2659857185958048	0	0	0	0.04593444338017013	0	-0.01558693818672912	0.002541899119609868
2.049	0	-0.2661899930241269	0	0	0	0.04585698541115611	0	-0.01558186926977471	0.002531936034257458
2.05	0	-0.2663940992362837	0	0	0	0.04577876095057752	0	-0.01557688818850323	0.002521841220363821
2.051	0	-0.2665980373899335	0	0	0	0.04569977077722619	0	-0.0155719937641246	0.00251161482210902
2.052	0	-0.2668018076439737	0	0	0	0.04562001567397717	0	-0.01556718707493148	0.002501256979892765
2.053	0	-0.2670054101585403	0	0	0	0.04553949642778631	0	-0.01556246705832388	0.002490767839844743
2.054	0	-0.2672088450950121	0	0	0	0.04545821382969754	0	-0.01555783433655453	0.002480147545300481
2.055	0	-0.2674121126160102	0	0	0	0.04537616867484269	0	-0.01555328859249487	0.002469396242462045
2.056	0	-0.2676152128854008	0	0	0	0.04529336176244537	0	-0.0155488293052781	0.002458514078711793
2.057	0	-0.2678181460682976	0	0	0	0.04520979389582604	0	-0.01554445770632621	0.002447501198249689
2.058	0	-0.2680209123310616	0	0	0	0.04512546588240009	0	-0.01554017236561052	0.002436357751751853
2.059	0	-0.2682235118413049	0	0	0	0.04504037853368628	0	-0.01553597392077026	0.002425083885936109
2.06	0	-0.2684259447678909	0	0	0	0.04495453266530653	0	-0.01553186200751089	0.002413679750271097
2.061	0	-0.2686282112809376	0	0	0	0.04486792909699042	0	-0.01552783665389114	0.002402145493894853
2.062	0	-0.2688303115518177	0	0	0	0.04478056865257841	0	-0.01552389809022869	0.002390481266001612
2.063	0	-0.2690322457531617	0	0	0	0.0446924521600232	0	-0.01552004523353229	0.002378687219149987
2.064	0	-0.2692340140588596	0	0	0	0.0446035804513975	0	-0.01551627944438925	0.002366763500988577
2.065	0	-0.2694356166440615	0	0	0	0.04451395436289111	0	-0.01551259932184783	0.002354710265685792
2.066	0	-0.2696370536851815	0	0	0	0.04442357473482046	0	-0.01550900583477763	0.002342527662634768
2.067	0	-0.2698383253598977	0	0	0	0.0443324424116268	0	-0.01550549802901087	0.002330215845886301
2.068	0	-0.2700394318471555	0	0	0	0.04424055824188407	0	-0.01550207662363291	0.002317774966218068
2.069	0	-0.2702403733271679	0	0	0	0.04414792307829832	0	-0.01549874079315997	0.002305205178213499
2.07	0	-0.2704411499814192	0	0	0	0.04405453777771451	0	-0.01549549087266389	0.002292506634307987
2.071	0	-0.2706417619926657	0	0	0	0.0439604032011183	0	-0.01549232691996597	0.002279679487898864
2.072	0	-0.2708422095449373	0	0	0	0.04386552021363944	0	-0.01548924839506746	0.002266723894098039
2.073	0	-0.2710424928235411	0	0	0	0.04376988968455683	0	-0.01548625576103704	0.002253640006173616
2.074	0	-0.2712426120150613	0	0	0	0.04367351248729982	0	-0.01548334817598696	0.002240427980610735
2.075	0	-0.2714425673073631	0	0	0	0.04357638949945502	0	-0.01548052647632644	0.002227087970553903
2.076	0	-0.2716423588895924	0	0	0	0.04347852160276629	0	-0.01547778962098265	0.002213620133606715
2.077	0	-0.2718419869521805	0	0	0	0.04337990968314243	0	-0.01547513856895275	0.002200024623303887
2.078	0	-0.272041451686844	0	0	0	0.04328055463065665	0	-0.01547257230583322	0.002186301597838006
2.079	0	-0.272240753286587	0	0	0	0.04318045733955433	0	-0.01547009133817995	0.002172451212367599
2.08	0	-0.2724398919457046	0	0	0	0.04307961870825414	0	-0.0154676952588678	0.00215847362436192
2.081	0	-0.2726388678597824	0	0	0	0.04297803963935264	0	-0.01546538369500339	0.002144368991508144
2.082	0	-0.272837681225702	0	0	0	0.04287572103962996	0	-0.01546315757450955	0.0021301374689192
2.083	0	-0.273036332241639	0	0	0	0.04277266382004945	0	-0.01546101566805378	0.002115779216727778
2.084	0	-0.2732348211070684	0	0	0	0.04266886889576686	0	-0.01545895886692417	0.002101294390670519
2.085	0	-0.2734331480227646	0	0	0	0.04256433718612932	0	-0.01545698614214283	0.00208668315095831
2.086	0	-0.2736313131908046	0	0	0	0.04245906961468369	0	-0.01545509816177918	0.002071945654319523
2.087	0	-0.2738293168145695	0	0	0	0.04235306710917701	0	-0.015453294284519	0.002057082060598027
2.088	0	-0.2740271590987466	0	0	0	0.04224633060156339	0	-0.01545157477683767	0.002042092527875624
2.089	0	-0.2742248402493324	0	0	0	0.04213886102800646	0	-0.01544993972925887	0.002026977214830217
2.09	0	-0.2744223604736323	0	0	0	0.0420306593288825	0	-0.01544838803777355	0.002011736282990366
2.091	0	-0.2746197199802671	0	0	0	0.04192172644878879	0	-0.01544692101615008	0.001996369888784929
2.092	0	-0.2748169189791693	0	0	0	0.04181206333654167	0	-0.01544553708953053	0.001980878195163714
2.093	0	-0.275013957681591	0	0	0	0.04170167094518729	0	-0.01544423754627084	0.001965261358985906
2.094	0	-0.275210836300102	0	0	0	0.04159055023200001	0	-0.01544302148614068	0.001949519542092779
2.095	0	-0.2754075550485934	0	0	0	0.04147870215849042	0	-0.01544188905802953	0.001933652904188477
2.096	0	-0.2756041141422804	0	0	0	0.04136612769040841	0	-0.01544084023270749	0.001917661605532166
2.097	0	-0.2758005137977027	0	0	0	0.04125282779774638	0	-0.01543987416030876	0.001901545808335029
2.098	0	-0.2759967542327293	0	0	0	0.04113880345474743	0	-0.01543899221624654	0.001885305670061847
2.099	0	-0.2761928356665578	0	0	0	0.0410240556399032	0	-0.01543819261040166	0.00186894135526951
2.1	0	-0.276388758319719	0	0	0	0.04090858533596613	0	-0.01543747680055588	0.001852453021506348
2.101	0	-0.2765845224140769	0	0	0	0.04079239352994632	0	-0.01543684337973747	0.001835840832730684
2.102	0	-0.2767801281728337	0	0	0	0.04067548121312236	0	-0.01543629336202192	0.001819104947692794
2.103	0	-0.2769755758205292	0	0	0	0.04055784938104051	0	-0.01543582564507135	0.001802245529901686
2.104	0	-0.2771708655830449	0	0	0	0.04043949903352369	0	-0.0154354407313467	0.001785262739430358
2.105	0	-0.2773659976876053	0	0	0	0.0403204311746729	0	-0.01543513835407616	0.001768156738130305
2.106	0	-0.277560972362781	0	0	0	0.04020064681287318	0	-0.01543491841186438	0.001750927687572404
2.107	0	-0.2777557898384902	0	0	0	0.04008014696079829	0	-0.01543478123379931	0.001733575748453441
2.108	0	-0.2779504503460005	0	0	0	0.03995893263541289	0	-0.01543472537397586	0.001716101085430631
2.109	0	-0.2781449541179335	0	0	0	0.0398370048579828	0	-0.01543475244719677	0.001698503856501067
2.11	0	-0.278339301388264	0	0	0	0.03971436465407255	0	-0.01543486116696732	0.001680784226082757
2.111	0	-0.2785334923923248	0	0	0	0.03959101305355538	0	-0.01543505181201412	0.001662942355203412
2.112	0	-0.2787275273668074	0	0	0	0.03946695109061618	0	-0.0154353246104418	0.001644978405039357
2.113	0	-0.278921406549765	0	0	0	0.03934217980375423	0	-0.01543567832305368	0.001626892540016778
2.114	0	-0.2791151301806154	0	0	0	0.03921670023579327	0	-0.01543611448634915	0.001608684918502093
2.115	0	-0.2793086985001418	0	0	0	0.03909051343387875	0	-0.01543663137917743	0.001590355706027014
2.116	0	-0.2795021117504967	0	0	0	0.03896362044949074	0	-0.01543723043042926	0.001571905061229117
2.117	0	-0.2796953701752025	0	0	0	0.03883602233844079	0	-0.01543790993434908	0.001553333149629084
2.118	0	-0.2798884740191565	0	0	0	0.03870772016088411	0	-0.01543867106575979	0.001534640130433978
2.119	0	-0.2800814235286303	0	0	0	0.03857871498131851	0	-0.01543951303263092	0.001515826167164118
2.12	0	-0.2802742189512736	0	0	0	0.03844900786859281	0	-0.01544043574618317	0.001496891421787153
2.121	0	-0.2804668605361173	0	0	0	0.03831859989591083	0	-0.0154414394907455	0.001477836055445864
2.122	0	-0.2806593485335741	0	0	0	0.03818749214083509	0	-0.01544252367912653	0.001458660231179444
2.123	0	-0.2808516831954426	0	0	0	0.03805568568529402	0	-0.01544368888655825	0.001439364109458063
2.124	0	-0.2810438647749077	0	0	0	0.03792318161558354	0	-0.01544493384168988	0.001419947854781774
2.125	0	-0.2812358935265457	0	0	0	0.03778998102237686	0	-0.01544625976557537	0.001400411626158465
2.126	0	-0.2814277697063238	0	0	0	0.03765608500072352	0	-0.01544766532647869	0.001380755588163638
2.127	0	-0.281619493571605	0	0	0	0.0375214946500604	0	-0.01544915164310314	0.00136097989996986
2.128	0	-0.2818110653811478	0	0	0	0.03738621107421057	0	-0.01545071711511024	0.001341084726678423
2.129	0	-0.2820024853951116	0	0	0	0.03725023538139449	0	-0.01545236276750551	0.00132107022759907
2.13	0	-0.2821937538750573	0	0	0	0.03711356868423079	0	-0.01545408861929415	0.001300936564209462
2.131	0	-0.2823848710839493	0	0	0	0.03697621209974065	0	-0.01545589325991394	0.001280683901076851
2.132	0	-0.2825758372861596	0	0	0	0.03683816674935805	0	-0.01545777792392876	0.001260312396936966
2.133	0	-0.2827666527474686	0	0	0	0.03669943375892842	0	-0.01545974156417564	0.001239822215475886
2.134	0	-0.2829573177350687	0	0	0	0.03656001425871854	0	-0.01546178465182977	0.001219213517017489
2.135	0	-0.2831478325175659	0	0	0	0.0364199093834186	0	-0.01546390681109299	0.001198486463694212
2.136	0	-0.2833381973649823	0	0	0	0.0362791202721489	0	-0.01546610798161123	0.001177641216904157
2.137	0	-0.2835284125487594	0	0	0	0.03613764806846442	0	-0.01546838829113705	0.001156677937598251
2.138	0	-0.2837184783417588	0	0	0	0.03599549392035838	0	-0.01547074667337372	0.001135596789291368
2.139	0	-0.2839083950182674	0	0	0	0.03585265898027125	0	-0.0154731841911825	0.001114397930804779
2.14	0	-0.2840981628539962	0	0	0	0.03570914440509088	0	-0.01547569978899243	0.001093081525551253
2.141	0	-0.2842877821260861	0	0	0	0.03556495135616194	0	-0.0154782941421923	0.001071647733122635
2.142	0	-0.2844772531131079	0	0	0	0.03542008099928699	0	-0.01548096623644659	0.001050096716768841
2.143	0	-0.2846665760950668	0	0	0	0.03527453450473603	0	-0.0154837171328113	0.001028428635169204
2.144	0	-0.2848557513534015	0	0	0	0.03512831304724594	0	-0.01548654513882433	0.001006643652988999
2.145	0	-0.2850447791709917	0	0	0	0.03498141780603187	0	-0.01548945129301815	0.0009847419289010875
2.146	0	-0.2852336598321558	0	0	0	0.03483384996478751	0	-0.01549243532114024	0.0009627236244218235
2.147	0	-0.2854223936226556	0	0	0	0.03468561071169117	0	-0.01549549648602014	0.0009405889020564352
2.148	0	-0.2856109808296984	0	0	0	0.03453670123941368	0	-0.01549863578219706	0.0009183379205154637
2.149	0	-0.2857994217419391	0	0	0	0.03438712274511802	0	-0.0155018518244867	0.0008959708436909673
2.15	0	-0.2859877166494831	0	0	0	0.03423687643047028	0	-0.0155051454355701	0.0008734878306478286
2.151	0	-0.2861758658438881	0	0	0	0.0340859635016395	0	-0.01550851562372284	0.0008508890444119699
2.152	0	-0.2863638696181669	0	0	0	0.0339343851693068	0	-0.01551196268445091	0.0008281746452011293
2.153	0	-0.28655172826679	0	0	0	0.03378214264866845	0	-0.01551548692006187	0.0008053447932237824
2.154	0	-0.2867394420856873	0	0	0	0.03362923715943914	0	-0.01551908711498766	0.0007823996520219579
2.155	0	-0.2869270113722517	0	0	0	0.03347566992586185	0	-0.01552276462140283	0.0007593393795543419
2.156	0	-0.2871144364253391	0	0	0	0.03332144217670641	0	-0.01552651792087308	0.0007361641400650636
2.157	0	-0.2873017175452742	0	0	0	0.03316655514528015	0	-0.01553034761211122	0.000712874093217335
2.158	0	-0.2874888550338495	0	0	0	0.03301101006942897	0	-0.01553425315442564	0.0006894694012033533
2.159	0	-0.2876758491943305	0	0	0	0.03285480819154471	0	-0.01553823488013242	0.0006659502243581359
2.16	0	-0.2878627003314558	0	0	0	0.03269795075856778	0	-0.01554229202825808	0.0006423167254563823
2.161	0	-0.2880494087514409	0	0	0	0.03254043902199449	0	-0.01554642510829553	0.000618569064571819
2.162	0	-0.2882359747619799	0	0	0	0.03238227423787959	0	-0.01555063382554456	0.0005947074036027823
2.163	0	-0.2884223986722479	0	0	0	0.03222345766684076	0	-0.01555491696004005	0.000570731906543
2.164	0	-0.288608680792904	0	0	0	0.0320639905740686	0	-0.01555927633639386	0.0005466427308504652
2.165	0	-0.2887948214360918	0	0	0	0.03190387422932273	0	-0.0155637102571289	0.000522440041749073
2.166	0	-0.2889808209154443	0	0	0	0.0317431099069439	0	-0.01556821919369957	0.0004981239998509077
2.167	0	-0.2891666795460838	0	0	0	0.03158169888585477	0	-0.01557280281821146	0.0004736947676297911
2.168	0	-0.2893523976446258	0	0	0	0.03141964244956606	0	-0.01557746099441344	0.0004491525072679071
2.169	0	-0.2895379755291805	0	0	0	0.03125694188618115	0	-0.01558219407003256	0.0004244973800372525
2.17	0	-0.2897234135193547	0	0	0	0.03109359848839788	0	-0.01558700047633573	0.0003997295515221588
2.171	0	-0.2899087119362562	0	0	0	0.03092961355351934	0	-0.01559188190596307	0.0003748491803781018
2.172	0	-0.2900938711024924	0	0	0	0.03076498838345073	0	-0.01559683688350403	0.0003498564323158835
2.173	0	-0.2902788913421759	0	0	0	0.03059972428470984	0	-0.01560186601163709	0.0003247514687122764
2.174	0	-0.2904637729809249	0	0	0	0.03043382256842749	0	-0.01560696857787473	0.0002995344539947047
2.175	0	-0.2906485163458659	0	0	0	0.03026728455035474	0	-0.0156121448855719	0.0002742055505877546
2.176	0	-0.2908331217656357	0	0	0	0.03010011155086487	0	-0.01561739425370248	0.0002487649232665363
2.177	0	-0.2910175895703841	0	0	0	0.02993230489495994	0	-0.01562271710326706	0.0002232127346408005
2.178	0	-0.2912019200917754	0	0	0	0.02976386591227284	0	-0.01562811307563484	0.0001975491492538099
2.179	0	-0.2913861136629902	0	0	0	0.02959479593707206	0	-0.01563358151201967	0.0001717743325438833
2.18	0	-0.2915701706187298	0	0	0	0.02942509630826788	0	-0.01563912323888913	0.0001458884469985218
2.181	0	-0.2917540912952145	0	0	0	0.02925476836941245	0	-0.01564473705796912	0.0001198916597628788
2.182	0	-0.2919378760301893	0	0	0	0.02908381346870811	0	-0.01565042364063196	9.378413422172059e-05
2.183	0	-0.2921215251629238	0	0	0	0.0289122329590076	0	-0.01565618224406723	6.756603711596106e-05
2.184	0	-0.292305039034215	0	0	0	0.02874002819782037	0	-0.01566201276946961	4.123753411072445e-05
2.185	0	-0.2924884179863892	0	0	0	0.02856720054731701	0	-0.01566791601055801	1.47987892592934e-05
2.186	0	-0.2926716623633037	0	0	0	0.02839375137432807	0	-0.01567389005351581	-1.175002719331312e-05
2.187	0	-0.2928547725103502	0	0	0	0.02821968205035589	0	-0.0156799364944624	-3.840875223583451e-05
2.188	0	-0.2930377487744541	0	0	0	0.02804499395156967	0	-0.01568605375900902	-6.517721564763353e-05
2.189	0	-0.2932205915040795	0	0	0	0.0278696884588167	0	-0.01569224288398379	-9.205525247379931e-05
2.19	0	-0.2934033010492287	0	0	0	0.0276937669576188	0	-0.0156985023222023	-0.0001190426917923478
2.191	0	-0.2935858777614455	0	0	0	0.02751723083818278	0	-0.01570483320097817	-0.000146139368051609
2.192	0	-0.2937683219938163	0	0	0	0.02734008149539754	0	-0.01571123451556335	-0.0001733451106778155
2.193	0	-0.2939506341009727	0	0	0	0.0271623203288423	0	-0.01571770673467848	-0.0002006597518701087
2.194	0	-0.2941328144390924	0	0	0	0.02698394874278605	0	-0.01572424918649876	-0.0002280831209079538
2.195	0	-0.294314863365902	0	0	0	0.02680496814619308	0	-0.01573086170073865	-0.0002556150477088832
2.196	0	-0.2944967812406783	0	0	0	0.02662537995272601	0	-0.01573754460608302	-0.0002832553627985559
2.197	0	-0.2946785684242495	0	0	0	0.02644518558074656	0	-0.015744296814798	-0.000311003893169322
2.198	0	-0.2948602252789984	0	0	0	0.02626438645332244	0	-0.01575111920102418	-0.0003388604695493875
2.199	0	-0.2950417521688626	0	0	0	0.02608298399822575	0	-0.01575801092926014	-0.0003668249184809183
2.2	0	-0.295223149459337	0	0	0	0.02590097964793928	0	-0.01576497228759973	-0.0003948970684045227
2.201	0	-0.2954044175174749	0	0	0	0.02571837483965623	0	-0.01577200208772926	-0.0004230767440592558
2.202	0	-0.2955855567118909	0	0	0	0.02553517101528726	0	-0.0157791015836946	-0.0004513637748865719
2.203	0	-0.2957665674127603	0	0	0	0.02535136962145677	0	-0.01578626923536263	-0.0004797579837709913
2.204	0	-0.2959474499918235	0	0	0	0.02516697210951168	0	-0.01579350585428607	-0.0005082591980751531
2.205	0	-0.2961282048223847	0	0	0	0.02498197993551938	0	-0.01580081082994744	-0.0005368672415286379
2.206	0	-0.2963088322793154	0	0	0	0.02479639456027155	0	-0.01580818378399406	-0.0005655819377630562
2.207	0	-0.2964893327390554	0	0	0	0.02461021744928749	0	-0.01581562515154283	-0.0005944031115455745
2.208	0	-0.2966697065796134	0	0	0	0.02442345007281321	0	-0.01582313397977797	-0.0006233305840483899
2.209	0	-0.29684995418057	0	0	0	0.02423609390582752	0	-0.01583071089125711	-0.0006523641791851104
2.21	0	-0.2970300759230773	0	0	0	0.02404815042803931	0	-0.01583835476379372	-0.0006815037164898167
2.211	0	-0.2972100721898623	0	0	0	0.02385962112389433	0	-0.01584606641453389	-0.0007107490189907576
2.212	0	-0.297389943365226	0	0	0	0.02367050748257208	0	-0.0158538449080733	-0.000740099905288213
2.213	0	-0.2975696898350464	0	0	0	0.02348081099799086	0	-0.0158616899951371	-0.0007695561947765015
2.214	0	-0.2977493119867799	0	0	0	0.02329053316880902	0	-0.01586960225135451	-0.0007991177079197776
2.215	0	-0.2979288102094605	0	0	0	0.02309967549842352	0	-0.01587758055507938	-0.0008287842608387814
2.216	0	-0.2981081848937033	0	0	0	0.02290823949497533	0	-0.01588562538767174	-0.0008585556723668449
2.217	0	-0.2982874364317049	0	0	0	0.02271622667134759	0	-0.0158937361971409	-0.0008884317584001186
2.218	0	-0.2984665652172437	0	0	0	0.02252363854516851	0	-0.01590191309337613	-0.0009184123355059617
2.219	0	-0.298645571645682	0	0	0	0.02233047663881052	0	-0.01591015516380156	-0.0009484972173093033
2.22	0	-0.2988244561139677	0	0	0	0.02213674247939501	0	-0.01591846350480329	-0.0009786862209570622
2.221	0	-0.2990032190206328	0	0	0	0.02194243759878714	0	-0.01592683633019976	-0.001008979156674996
2.222	0	-0.299181860765798	0	0	0	0.02174756353360369	0	-0.01593527481059017	-0.001039375840197808
2.223	0	-0.2993603817511701	0	0	0	0.0215521218252073	0	-0.01594377786633566	-0.001069876081669342
2.224	0	-0.2995387823800456	0	0	0	0.02135611401971122	0	-0.0159523456286397	-0.001100479692827962
2.225	0	-0.2997170630573104	0	0	0	0.02115954166797831	0	-0.01596097814925282	-0.001131186466754277
2.226	0	-0.2998952241894398	0	0	0	0.02096240632561772	0	-0.01596967403026798	-0.001161996169346839
2.227	0	-0.3000732661845009	0	0	0	0.02076470955298892	0	-0.01597843486023086	-0.001192908569965686
2.228	0	-0.3002511894521498	0	0	0	0.02056645291519074	0	-0.01598725878715206	-0.001223923428699238
2.229	0	-0.3004289944036339	0	0	0	0.02036763798206751	0	-0.0159961469185027	-0.001255040510148469
2.23	0	-0.3006066814517907	0	0	0	0.02016826632819883	0	-0.0160050977785542	-0.001286259571829016
2.231	0	-0.3007842510110491	0	0	0	0.01996833953290341	0	-0.01601411205961948	-0.00131758037435545
2.232	0	-0.3009617034974276	0	0	0	0.01976785918023203	0	-0.01602318936775492	-0.001349002674645434
2.233	0	-0.3011390393285353	0	0	0	0.01956682685896564	0	-0.01603232865787812	-0.00138052622691098
2.234	0	-0.3013162589235724	0	0	0	0.01936524416261534	0	-0.01604153086820364	-0.001412150788282565
2.235	0	-0.3014933627033286	0	0	0	0.01916311268941473	0	-0.0160507949808474	-0.001443876110517765
2.236	0	-0.3016703510901845	0	0	0	0.0189604340423208	0	-0.01606012126722438	-0.001475701946890606
2.237	0	-0.3018472245081092	0	0	0	0.01875720982900756	0	-0.0160695085572518	-0.001507628046445503
2.238	0	-0.3020239833826628	0	0	0	0.01855344166186684	0	-0.01607895776610098	-0.00153965416145269
2.239	0	-0.302200628140994	0	0	0	0.01834913115799968	0	-0.0160884676716945	-0.001571780038510185
2.24	0	-0.3023771592118406	0	0	0	0.01814427993921757	0	-0.0160980386372921	-0.001604005426397362
2.241	0	-0.3025535770255292	0	0	0	0.01793888963203651	0	-0.01610767061510971	-0.001636330071867699
2.242	0	-0.3027298820139737	0	0	0	0.01773296186767164	0	-0.01611736224784252	-0.001668753717769261
2.243	0	-0.3029060746106775	0	0	0	0.01752649828203872	0	-0.01612711474541586	-0.00170127611117759
2.244	0	-0.3030821552507296	0	0	0	0.01731950051574313	0	-0.01613692660696034	-0.001733896992309718
2.245	0	-0.3032581243708068	0	0	0	0.01711197021408251	0	-0.01614679845756249	-0.001766616104682628
2.246	0	-0.3034339824091714	0	0	0	0.01690390902703685	0	-0.01615672912920577	-0.001799433186866102
2.247	0	-0.303609729805672	0	0	0	0.01669531860926947	0	-0.01616671943951042	-0.001832347980417265
2.248	0	-0.3037853670017412	0	0	0	0.01648620062011706	0	-0.01617676806582408	-0.001865360221208185
2.249	0	-0.3039608944403966	0	0	0	0.01627655672359092	0	-0.01618687566013075	-0.00189846964805514
2.25	0	-0.3041363125662391	0	0	0	0.01606638858836721	0	-0.0161970414791435	-0.00193167599563354
2.251	0	-0.3043116218254523	0	0	0	0.01585569788778483	0	-0.01620726501264723	-0.001964978997891898
2.252	0	-0.3044868226658022	0	0	0	0.01564448629984145	0	-0.01621754690153619	-0.001998378389954611
2.253	0	-0.304661915536635	0	0	0	0.0154327555071846	0	-0.01622788559879719	-0.002031873901132602
2.254	0	-0.3048369008888787	0	0	0	0.01522050719711241	0	-0.01623828234639241	-0.002065465265308698
2.255	0	-0.3050117791750386	0	0	0	0.01500774306156129	0	-0.01624873540030352	-0.002099152208874966
2.256	0	-0.3051865508492004	0	0	0	0.01479446479710758	0	-0.01625924556581811	-0.002132934462273323
2.257	0	-0.3053612163670258	0	0	0	0.01458067410495712	0	-0.0162698120567585	-0.002166811751337359
2.258	0	-0.3055357761857533	0	0	0	0.01436637269094191	0	-0.01628043467003016	-0.002200783801822491
2.259	0	-0.3057102307641968	0	0	0	0.01415156226551407	0	-0.01629111321411121	-0.002234850338209474
2.26	0	-0.3058845805627446	0	0	0	0.01393624454373986	0	-0.01630184748274379	-0.002269011083630207
2.261	0	-0.3060588260433569	0	0	0	0.0137204212452939	0	-0.01631263706730266	-0.00230326575947181
2.262	0	-0.3062329676695672	0	0	0	0.01350409409445263	0	-0.01632348141035809	-0.00233761408547298
2.263	0	-0.3064070059064789	0	0	0	0.0132872648200906	0	-0.01633438130103206	-0.002372055782822966
2.264	0	-0.3065809412207646	0	0	0	0.0130699351556688	0	-0.01634533493325481	-0.002406590565968583
2.265	0	-0.3067547740806653	0	0	0	0.01285210683923614	0	-0.01635634353109646	-0.002441218154267291
2.266	0	-0.3069285049559882	0	0	0	0.01263378161341503	0	-0.0163674057183808	-0.002475938260317856
2.267	0	-0.3071021343181063	0	0	0	0.01241496122540086	0	-0.01637852182185559	-0.002510750598848247
2.268	0	-0.3072756626399565	0	0	0	0.01219564742695171	0	-0.0163896912539766	-0.002545654881299199
2.269	0	-0.307449090396038	0	0	0	0.01197584197438365	0	-0.01640091379569903	-0.002580650818459996
2.27	0	-0.3076224180624109	0	0	0	0.01175554662856318	0	-0.01641218949502068	-0.002615738120250213
2.271	0	-0.3077956461166946	0	0	0	0.01153476315489869	0	-0.01642351718888929	-0.00265091649266454
2.272	0	-0.3079687750380674	0	0	0	0.01131349332333793	0	-0.01643489811589441	-0.002686185645197005
2.273	0	-0.3081418053072623	0	0	0	0.01109173890835388	0	-0.01644633031386186	-0.002721545279306182
2.274	0	-0.3083147374065683	0	0	0	0.01086950168894511	0	-0.01645781489708846	-0.002756995101313688
2.275	0	-0.3084875718198267	0	0	0	0.0106467834486215	0	-0.01646935048818159	-0.002792534810951736
2.276	0	-0.3086603090324305	0	0	0	0.01042358597540242	0	-0.01648093767975118	-0.002828164110510685
2.277	0	-0.3088329495313212	0	0	0	0.01019991106180472	0	-0.01649257539324109	-0.002863882697365655
2.278	0	-0.30900549380499	0	0	0	0.00997576050483906	0	-0.01650426431393348	-0.002899690271002441
2.279	0	-0.309177942343472	0	0	0	0.009751136105997371	0	-0.01651600302474701	-0.002935586525095888
2.28	0	-0.3093502956383478	0	0	0	0.009526039671250057	0	-0.01652779197002934	-0.002971571155603756
2.281	0	-0.3095225541827396	0	0	0	0.009300473011035083	0	-0.01653963092698828	-0.003007643855598089
2.282	0	-0.3096947184713099	0	0	0	0.009074437940249239	0	-0.0165515189653666	-0.003043804315161662
2.283	0	-0.3098667890002602	0	0	0	0.008847936278243835	0	-0.01656345701138734	-0.003080052226625584
2.284	0	-0.3100387662673274	0	0	0	0.00862096984881012	0	-0.01657544325760814	-0.003116387275194323
2.285	0	-0.3102106507717841	0	0	0	0.008393540480178966	0	-0.01658747885522985	-0.003152809150535823
2.286	0	-0.3103824430144334	0	0	0	0.008165650005004046	0	-0.01659956208941725	-0.003189317534920876
2.287	0	-0.3105541434976106	0	0	0	0.007937300260360979	0	-0.01661169378634987	-0.003225912114203544
2.288	0	-0.3107257527251781	0	0	0	0.007708493087733073	0	-0.01662387324521353	-0.003262592569560686
2.289	0	-0.3108972712025243	0	0	0	0.007479230333005799	0	-0.01663610029980862	-0.003299358581657395
2.29	0	-0.3110686994365617	0	0	0	0.007249513846456238	0	-0.01664837441315643	-0.003336209828814742
2.291	0	-0.3112400379357246	0	0	0	0.007019345482746086	0	-0.01666069578508577	-0.003373145989243658
2.292	0	-0.3114112872099662	0	0	0	0.006788727100910288	0	-0.01667306367691368	-0.003410166737647825
2.293	0	-0.311582447770757	0	0	0	0.006557660564350263	0	-0.01668547777709028	-0.003447271747979814
2.294	0	-0.3117535201310827	0	0	0	0.006326147740824351	0	-0.01669793831898601	-0.003484460693675046
2.295	0	-0.3119245048054411	0	0	0	0.00609419050243642	0	-0.01671044412470725	-0.003521733243699253
2.296	0	-0.3120954023098404	0	0	0	0.005861790725630834	0	-0.01672299589664618	-0.00355908906917751
2.297	0	-0.3122662131617964	0	0	0	0.0056289502911786	0	-0.01673559254331526	-0.003596527835995236
2.298	0	-0.3124369378803304	0	0	0	0.005395671084171974	0	-0.01674823462062397	-0.003634049211717177
2.299	0	-0.3126075769859668	0	0	0	0.00516195499401084	0	-0.01676092095377301	-0.003671652858787898
2.3	0	-0.31277813100073	0	0	0	0.004927803914397552	0	-0.01677365204759191	-0.003709338441387617
2.301	0	-0.3129486004481424	0	0	0	0.004693219743323128	0	-0.01678642667267078	-0.003747105618574524
2.302	0	-0.3131189858532225	0	0	0	0.00445820438306211	0	-0.01679924570347604	-0.003784954051979923
2.303	0	-0.3132892877424807	0	0	0	0.004222759740157307	0	-0.01681210775287265	-0.003822883397062674
2.304	0	-0.3134595066439186	0	0	0	0.003986887725415268	0	-0.01682501323543193	-0.003860893311240127
2.305	0	-0.313629643087025	0	0	0	0.003750590253893547	0	-0.01683796197074969	-0.003898983449092107
2.306	0	-0.3137996976027733	0	0	0	0.003513869244889114	0	-0.0168509524464222	-0.003937153460899586
2.307	0	-0.3139696707236212	0	0	0	0.003276726621934795	0	-0.01686398627965276	-0.003975403001537477
2.308	0	-0.3141395629835035	0	0	0	0.003039164312779866	0	-0.01687706143311137	-0.0040137317169578
2.309	0	-0.3143093749178346	0	0	0	0.002801184249389268	0	-0.01689017918653843	-0.00405213925807403
2.31	0	-0.3144791070635006	0	0	0	0.002562788367924989	0	-0.01690333765140893	-0.004090625267864173
2.311	0	-0.3146487599588618	0	0	0	0.002323978608743523	0	-0.01691653792064098	-0.004129189393593025
2.312	0	-0.3148183341437449	0	0	0	0.002084756916378231	0	-0.01692977839053644	-0.004167831275547866
2.313	0	-0.3149878301594449	0	0	0	0.001845125239536638	0	-0.01694306055929551	-0.00420655055853173
2.314	0	-0.3151572485487174	0	0	0	0.001605085531081155	0	-0.01695638224631073	-0.004245346878447353
2.315	0	-0.3153265898557807	0	0	0	0.00136463974802734	0	-0.01696974447400204	-0.004284219875917143
2.316	0	-0.3154958546263086	0	0	0	0.001123789851526513	0	-0.01698314616487986	-0.004323169185807513
2.317	0	-0.3156650434074309	0	0	0	0.0008825378068596069	0	-0.01699658755666009	-0.004362194443974283
2.318	0	-0.3158341567477282	0	0	0	0.000640885583424555	0	-0.01701006846590585	-0.004401295283851295
2.319	0	-0.3160031951972293	0	0	0	0.0003988351547239625	0	-0.01702358757720082	-0.004440471335060983
2.32	0	-0.3161721593074104	0	0	0	0.0001563884983596425	0	-0.01703714600111668	-0.004479722230416393
2.321	0	-0.316341049631189	0	0	0	-8.64524039849097e-05	0	-0.01705074252735106	-0.00451904759660337
2.322	0	-0.316509866722923	0	0	0	-0.0003296855665496704	0	-0.01706437747524343	-0.004558447061756283
2.323	0	-0.3166786111384062	0	0	0	-0.000573308999514127	0	-0.01707804942060046	-0.004597920249043086
2.324	0	-0.3168472834348675	0	0	0	-0.0008173207090013515	0	-0.0170917598937731	-0.0046374667858836
2.325	0	-0.3170158841709653	0	0	0	-0.001061718697098133	0	-0.01710550688041613	-0.004677086291239624
2.326	0	-0.3171844139067863	0	0	0	-0.001306500961856624	0	-0.01711929134359442	-0.004716778388382111
2.327	0	-0.3173528732038408	0	0	0	-0.001551665497313103	0	-0.01713311210880364	-0.00475654269491511
2.328	0	-0.3175212626250616	0	0	0	-0.001797210293493444	0	-0.01714696965715827	-0.004796378830189746
2.329	0	-0.3176895827347986	0	0	0	-0.002043133336428876	0	-0.01716086294307342	-0.004836286409114752
2.33	0	-0.3178578340988175	0	0	0	-0.002289432608162458	0	-0.01717479250889014	-0.004876265048237296
2.331	0	-0.3180260172842956	0	0	0	-0.002536106086765554	0	-0.01718875716277642	-0.004916314359301814
2.332	0	-0.3181941328598192	0	0	0	-0.002783151746343673	0	-0.01720275760264965	-0.004956433956305424
2.333	0	-0.3183621813953798	0	0	0	-0.003030567557053023	0	-0.01721679277956392	-0.004996623448451193
2.334	0	-0.3185301634623713	0	0	0	-0.003278351485107496	0	-0.01723086273762693	-0.005036882445683441
2.335	0	-0.3186980796335872	0	0	0	-0.003526501492792175	0	-0.0172449675553495	-0.005077210556644791
2.336	0	-0.3188659304832154	0	0	0	-0.003775015538476192	0	-0.01725910599038248	-0.005117607386084989
2.337	0	-0.319033716586838	0	0	0	-0.0040238915766197	0	-0.01727327886894048	-0.005158072541426127
2.338	0	-0.3192014385214252	0	0	0	-0.004273127557790828	0	-0.01728748482223762	-0.005198605624549339
2.339	0	-0.3193690968653344	0	0	0	-0.004522721428671653	0	-0.01730172475797123	-0.005239206240444483
2.34	0	-0.3195366921983038	0	0	0	-0.004772671132075905	0	-0.01731599710624537	-0.005279873988072821
2.341	0	-0.3197042251014529	0	0	0	-0.005022974606953416	0	-0.01733030311393363	-0.005320608470579397
2.342	0	-0.3198716961572753	0	0	0	-0.005273629788409186	0	-0.01734464114039518	-0.005361409284337035
2.343	0	-0.320039105949639	0	0	0	-0.005524634607708553	0	-0.01735901181033218	-0.005402276028889337
2.344	0	-0.3202064550637796	0	0	0	-0.005775986992293844	0	-0.01737341408332415	-0.005443208299415965
2.345	0	-0.3203737440863001	0	0	0	-0.006027684865791805	0	-0.01738784849189928	-0.005484205692968534
2.346	0	-0.3205409736051648	0	0	0	-0.006279726148028624	0	-0.01740231443385314	-0.005525267803312794
2.347	0	-0.3207081442096971	0	0	0	-0.006532108755040791	0	-0.01741681128790675	-0.00556639422309259
2.348	0	-0.3208752564905769	0	0	0	-0.006784830599085178	0	-0.01743133930929406	-0.00560758454555787
2.349	0	-0.3210423110398352	0	0	0	-0.007037889588653679	0	-0.01744589773822731	-0.005648838360985694
2.35	0	-0.3212093084508528	0	0	0	-0.00729128362848144	0	-0.01746048705342018	-0.005690155261005691
2.351	0	-0.3213762493183545	0	0	0	-0.007545010619563304	0	-0.01747510615813454	-0.00573153483326923
2.352	0	-0.3215431342384079	0	0	0	-0.007799068459160835	0	-0.01748975551439518	-0.005772976667429984
2.353	0	-0.321709963808418	0	0	0	-0.00805345504081882	0	-0.01750443400515479	-0.005814480349223973
2.354	0	-0.3218767386271252	0	0	0	-0.008308168254371884	0	-0.0175191423968375	-0.005856045467060665
2.355	0	-0.3220434592946009	0	0	0	-0.008563205985962337	0	-0.01753387960344579	-0.00589767160497118
2.356	0	-0.3222101264122443	0	0	0	-0.008818566118047145	0	-0.01754864589800233	-0.005939358348718043
2.357	0	-0.3223767405827784	0	0	0	-0.009074246529413396	0	-0.0175634405999106	-0.005981105281452796
2.358	0	-0.3225433024102469	0	0	0	-0.009330245095187848	0	-0.01757826350310737	-0.006022911986446458
2.359	0	-0.3227098125000109	0	0	0	-0.009586559686849483	0	-0.01759311494329035	-0.006064778047235863
2.36	0	-0.3228762714587445	0	0	0	-0.009843188172243776	0	-0.01760799392332657	-0.006106703044129804
2.361	0	-0.3230426798944322	0	0	0	-0.01010012841559163	0	-0.01762290046872002	-0.006148686558670046
2.362	0	-0.3232090384163638	0	0	0	-0.01035737827750306	0	-0.0176378341639781	-0.006190728170913256
2.363	0	-0.3233753476351327	0	0	0	-0.01061493561498805	0	-0.01765279553978037	-0.006232827462058536
2.364	0	-0.3235416081626304	0	0	0	-0.0108727982814726	0	-0.01766778292339417	-0.00627498400857387
2.365	0	-0.3237078206120451	0	0	0	-0.01113096412680338	0	-0.01768279792616019	-0.00631719739251301
2.366	0	-0.3238739855978545	0	0	0	-0.01138943099726997	0	-0.01769783798417648	-0.006359467187574091
2.367	0	-0.3240401037358269	0	0	0	-0.01164819673560528	0	-0.01771290513757161	-0.0064017929755601
2.368	0	-0.3242061756430127	0	0	0	-0.01190725918100947	0	-0.01772799742360787	-0.006444174330312599
2.369	0	-0.3243722019377449	0	0	0	-0.0121666161691525	0	-0.01774311590183723	-0.006486610830868452
2.37	0	-0.3245381832396315	0	0	0	-0.01242626553219374	0	-0.01775825904783387	-0.006529102051028876
2.371	0	-0.3247041201695555	0	0	0	-0.01268620509878782	0	-0.01777342782671089	-0.00657164756884083
2.372	0	-0.3248700133496683	0	0	0	-0.01294643269410323	0	-0.01778862088078529	-0.006614246957674443
2.373	0	-0.3250358634033879	0	0	0	-0.01320694613982843	0	-0.01780383903030067	-0.006656899794615325
2.374	0	-0.3252016709553937	0	0	0	-0.01346774325418959	0	-0.01781908116967008	-0.006699605652870482
2.375	0	-0.3253674366316236	0	0	0	-0.01372882185195884	0	-0.01783434759849304	-0.006742364107983533
2.376	0	-0.3255331610592703	0	0	0	-0.01399017974446935	0	-0.01784963777370663	-0.006785174733692143
2.377	0	-0.3256988448667769	0	0	0	-0.0142518147396267	0	-0.01786495122554912	-0.006828037103651762
2.378	0	-0.3258644886838339	0	0	0	-0.01451372464191867	0	-0.01788028900318963	-0.006870950794137039
2.379	0	-0.3260300931413738	0	0	0	-0.01477590725243532	0	-0.01789564882982912	-0.00691391537511924
2.38	0	-0.3261956588715701	0	0	0	-0.01503836036887051	0	-0.01791103243397271	-0.006956930423825454
2.381	0	-0.3263611865078306	0	0	0	-0.01530108178554553	0	-0.01792643788106615	-0.006999995510617646
2.382	0	-0.3265266766847951	0	0	0	-0.01556406929341112	0	-0.01794186656878381	-0.007043110211910781
2.383	0	-0.3266921300383308	0	0	0	-0.01582732068006994	0	-0.01795731678535007	-0.007086274098345154
2.384	0	-0.3268575472055297	0	0	0	-0.01609083372978081	0	-0.01797278914014114	-0.007129486744784658
2.385	0	-0.3270229288247031	0	0	0	-0.01635460622347616	0	-0.01798828334913859	-0.007172747724446506
2.386	0	-0.3271882755353785	0	0	0	-0.01661863593877325	0	-0.01800379886776362	-0.007216056610082728
2.387	0	-0.3273535879782959	0	0	0	-0.01688292064998606	0	-0.01801933586095351	-0.007259412975776262
2.388	0	-0.3275188667954035	0	0	0	-0.0171474581281399	0	-0.01803489353536178	-0.007302816393915431
2.389	0	-0.3276841126298543	0	0	0	-0.01741224614098074	0	-0.01805047261309728	-0.007346266439733064
2.39	0	-0.3278493261259998	0	0	0	-0.01767728245299353	0	-0.01806607112403158	-0.007389762683646757
2.391	0	-0.328014507929391	0	0	0	-0.01794256482540594	0	-0.01808169112388422	-0.007433304703535267
2.392	0	-0.3281796586867687	0	0	0	-0.01820809101621272	0	-0.01809733033640433	-0.00747689206951227
2.393	0	-0.3283447790460641	0	0	0	-0.01847385878017762	0	-0.01811298983228983	-0.007520524357945024
2.394	0	-0.3285098696563915	0	0	0	-0.01873986586885329	0	-0.01812866884696602	-0.007564201142035362
2.395	0	-0.328674931168046	0	0	0	-0.0190061100305912	0	-0.01814436729303195	-0.007607921996394504
2.396	0	-0.3288399642324996	0	0	0	-0.01927258901055491	0	-0.01816008518436558	-0.007651686496027306
2.397	0	-0.3290049695023958	0	0	0	-0.01953930055073468	0	-0.01817582162799051	-0.007695494214510104
2.398	0	-0.3291699476315469	0	0	0	-0.01980624238995683	0	-0.01819157700324691	-0.007739344727957186
2.399	0	-0.3293348992749292	0	0	0	-0.0200734122639004	0	-0.01820735096926661	-0.007783237611421334
2.4	0	-0.3294998250886791	0	0	0	-0.02034080790510851	0	-0.01822314328237166	-0.007827172440390716
2.401	0	-0.3296647257300889	0	0	0	-0.0206084270430025	0	-0.01823895322048649	-0.007871148789755455
2.402	0	-0.3298296018576027	0	0	0	-0.02087626740389167	0	-0.01825478166187034	-0.007915166237574683
2.403	0	-0.3299944541308116	0	0	0	-0.02114432671099314	0	-0.01827062691060804	-0.007959224357553436
2.404	0	-0.3301592832104512	0	0	0	-0.02141260268443652	0	-0.01828649032707193	-0.008003322729198369
2.405	0	-0.3303240897583954	0	0	0	-0.02168109304128606	0	-0.01830237035433049	-0.008047460927071327
2.406	0	-0.3304888744376538	0	0	0	-0.02194979549554579	0	-0.01831826782704175	-0.008091638530347237
2.407	0	-0.3306536379123656	0	0	0	-0.02221870775817995	0	-0.01833418163228463	-0.008135855115018046
2.408	0	-0.3308183808477982	0	0	0	-0.0224878275371207	0	-0.01835011229361317	-0.008180110260337195
2.409	0	-0.3309831039103396	0	0	0	-0.0227571525372861	0	-0.01836605907882179	-0.008224403543634405
2.41	0	-0.3311478077674962	0	0	0	-0.02302668046059022	0	-0.01838202197865937	-0.008268734543864745
2.411	0	-0.3313124930878882	0	0	0	-0.02329640900595908	0	-0.01839800065810823	-0.008313102839734951
2.412	0	-0.331477160541245	0	0	0	-0.02356633586934253	0	-0.01841399529825087	-0.008357508011208293
2.413	0	-0.3316418107984002	0	0	0	-0.02383645874373052	0	-0.01843000501830855	-0.008401949636692017
2.414	0	-0.3318064445312885	0	0	0	-0.02410677531916303	0	-0.01844603021265847	-0.00844642729720051
2.415	0	-0.3319710624129404	0	0	0	-0.0243772832827476	0	-0.01846207049047919	-0.008490940572685042
2.416	0	-0.3321356651174774	0	0	0	-0.02464798031867181	0	-0.01847812531942296	-0.008535489043183516
2.417	0	-0.332300253320109	0	0	0	-0.02491886410821634	0	-0.01849419486778637	-0.008580072290308884
2.418	0	-0.3324648276971269	0	0	0	-0.02518993232977006	0	-0.01851027889604786	-0.008624689895278989
2.419	0	-0.3326293889258999	0	0	0	-0.02546118265884487	0	-0.01852637680378391	-0.008669341439002165
2.42	0	-0.3327939376848719	0	0	0	-0.02573261276808744	0	-0.01854248897090293	-0.008714026504438574
2.421	0	-0.3329584746535547	0	0	0	-0.0260042203272963	0	-0.01855861496309265	-0.008758744673426733
2.422	0	-0.3331230005125237	0	0	0	-0.02627600300343539	0	-0.01857475377394794	-0.008803495527104568
2.423	0	-0.3332875159434162	0	0	0	-0.0265479584606451	0	-0.01859090662560918	-0.008848278650851766
2.424	0	-0.3334520216289221	0	0	0	-0.02682008436026336	0	-0.01860707211737283	-0.008893093625710851
2.425	0	-0.3336165182527833	0	0	0	-0.02709237836083347	0	-0.01862325102995399	-0.008937940036864834
2.426	0	-0.3337810064997856	0	0	0	-0.02736483811812468	0	-0.01863944196777381	-0.008982817465940063
2.427	0	-0.3339454870557574	0	0	0	-0.02763746128514073	0	-0.01865564604609384	-0.009027725499256562
2.428	0	-0.3341099606075617	0	0	0	-0.0279102455121415	0	-0.01867186196910599	-0.009072663719152513
2.429	0	-0.3342744278430934	0	0	0	-0.02818318844665219	0	-0.01868809011683144	-0.00911763171116838
2.43	0	-0.3344388894512733	0	0	0	-0.02845628773348175	0	-0.01870432988527594	-0.009162629059353333
2.431	0	-0.3346033461220439	0	0	0	-0.02872954101473591	0	-0.0187205815983295	-0.009207655349615401
2.432	0	-0.3347677985463641	0	0	0	-0.02900294592983515	0	-0.01873684432175127	-0.009252710165877306
2.433	0	-0.3349322474162046	0	0	0	-0.0292765001155261	0	-0.01875311862153541	-0.009297793094896874
2.434	0	-0.3350966934245422	0	0	0	-0.02955020120590129	0	-0.01876940367432055	-0.009342903721190711
2.435	0	-0.3352611372653552	0	0	0	-0.02982404683241069	0	-0.01878569967903635	-0.009388041631245127
2.436	0	-0.3354255796336191	0	0	0	-0.03009803462388068	0	-0.01880200608010872	-0.009433206410400085
2.437	0	-0.3355900212253001	0	0	0	-0.03037216220652705	0	-0.01881832305495671	-0.009478397645419943
2.438	0	-0.3357544627373507	0	0	0	-0.03064642720397303	0	-0.01883465026807416	-0.009523614922325351
2.439	0	-0.3359189048677039	0	0	0	-0.03092082723726479	0	-0.01885098679944035	-0.009568857826238428
2.44	0	-0.3360833483152701	0	0	0	-0.03119535992488427	0	-0.01886733381716504	-0.009614125945942341
2.441	0	-0.3362477937799285	0	0	0	-0.0314700228827715	0	-0.01888368967684178	-0.009659418864754311
2.442	0	-0.3364122419625262	0	0	0	-0.03174481372433122	0	-0.01890005559020586	-0.009704736170186011
2.443	0	-0.3365766935648702	0	0	0	-0.0320197300604551	0	-0.01891643009587935	-0.009750077444469806
2.444	0	-0.3367411492897255	0	0	0	-0.03229476949953033	0	-0.01893281371797296	-0.009795442272759511
2.445	0	-0.3369056098408075	0	0	0	-0.03256992964745882	0	-0.0189492055924966	-0.009840830237356209
2.446	0	-0.3370700759227802	0	0	0	-0.0328452081076681	0	-0.01896560630552869	-0.009886240922699293
2.447	0	-0.3372345482412487	0	0	0	-0.03312060248113016	0	-0.01898201493052692	-0.009931673910286744
2.448	0	-0.3373990275027566	0	0	0	-0.03339611036637327	0	-0.01899843170459172	-0.009977128783331596
2.449	0	-0.3375635144147792	0	0	0	-0.03367172935949968	0	-0.01901485596094706	-0.0100226051232298
2.45	0	-0.3377280096857201	0	0	0	-0.03394745705419842	0	-0.01903128796513724	-0.0100681025127377
2.451	0	-0.3378925140249049	0	0	0	-0.03422329104176301	0	-0.01904772704963311	-0.01011362053277088
2.452	0	-0.3380570281425768	0	0	0	-0.03449922891110517	0	-0.01906417322058167	-0.01015915876517679
2.453	0	-0.3382215527498916	0	0	0	-0.03477526824877152	0	-0.01908062621964227	-0.01020471679112071
2.454	0	-0.3383860885589124	0	0	0	-0.03505140663895924	0	-0.01909708566245853	-0.01025029419132208
2.455	0	-0.3385506362826043	0	0	0	-0.03532764166353063	0	-0.01911355159300277	-0.01029589054700392
2.456	0	-0.3387151966348296	0	0	0	-0.03560397090203172	0	-0.01913002327708961	-0.01034150543781612
2.457	0	-0.3388797703303425	0	0	0	-0.03588039193170457	0	-0.01914650144638211	-0.01038713844567124
2.458	0	-0.3390443580847824	0	0	0	-0.03615690232750954	0	-0.01916298440341298	-0.01043278914806027
2.459	0	-0.3392089606146712	0	0	0	-0.03643349966213329	0	-0.01917947335654912	-0.01047845712718233
2.46	0	-0.3393735786374054	0	0	0	-0.03671018150601413	0	-0.01919596704056277	-0.01052414196072156
2.461	0	-0.3395382128712524	0	0	0	-0.03698694542735176	0	-0.01921246602961552	-0.01056984322921071
2.462	0	-0.3397028640353437	0	0	0	-0.03726378899212968	0	-0.01922896918881754	-0.01061556050995521
2.463	0	-0.3398675328496705	0	0	0	-0.03754070976412631	0	-0.01924547725688355	-0.01066129338314001
2.464	0	-0.3400322200350764	0	0	0	-0.03781770530493882	0	-0.01926198892500919	-0.01070704142511564
2.465	0	-0.3401969263132544	0	0	0	-0.03809477317399376	0	-0.0192785049352138	-0.01075280421538228
2.466	0	-0.3403616524067385	0	0	0	-0.0383719109285704	0	-0.01929502428135841	-0.01079858133010481
2.467	0	-0.3405263990388996	0	0	0	-0.03864911612381319	0	-0.01931154737774242	-0.0108443723474768
2.468	0	-0.3406911669339392	0	0	0	-0.03892638631275391	0	-0.01932807366211213	-0.01089017684364404
2.469	0	-0.340855956816883	0	0	0	-0.0392037190463278	0	-0.01934460234511038	-0.0109359943939631
2.47	0	-0.3410207694135766	0	0	0	-0.03948111187338942	0	-0.01936113421290014	-0.01098182457604207
2.471	0	-0.3411856054506777	0	0	0	-0.03975856234073542	0	-0.01937766825874495	-0.01102766696401217
2.472	0	-0.3413504656556513	0	0	0	-0.04003606799311864	0	-0.01939420496629393	-0.01107352113408256
2.473	0	-0.341515350756762	0	0	0	-0.04031362637327197	0	-0.01941074267076408	-0.01111938665837104
2.474	0	-0.3416802614830707	0	0	0	-0.04059123502191886	0	-0.01942728302335891	-0.01116526311411959
2.475	0	-0.3418451985644254	0	0	0	-0.04086889147780257	0	-0.01944382403272314	-0.01121115007193167
2.476	0	-0.342010162731457	0	0	0	-0.04114659327769569	0	-0.01946036675295184	-0.01125704710704792
2.477	0	-0.3421751547155715	0	0	0	-0.04142433795642738	0	-0.01947690982382151	-0.0113029537901276
2.478	0	-0.3423401752489457	0	0	0	-0.04170212304689603	0	-0.0194934541128004	-0.01134886969505162
2.479	0	-0.3425052250645176	0	0	0	-0.04197994608009523	0	-0.01950999823609816	-0.01139479439137393
2.48	0	-0.3426703048959838	0	0	0	-0.04225780458512735	0	-0.01952654322805463	-0.01144072745216789
2.481	0	-0.3428354154777886	0	0	0	-0.04253569608923131	0	-0.01954308705514082	-0.01148666844478464
2.482	0	-0.3430005575451219	0	0	0	-0.04281361811779311	0	-0.01955963129421362	-0.0115326169420642
2.483	0	-0.3431657318339088	0	0	0	-0.04309156819437582	0	-0.01957617440293406	-0.01157857251102654
2.484	0	-0.3433309390808049	0	0	0	-0.04336954384073318	0	-0.01959271689882234	-0.0116245347215466
2.485	0	-0.3434961800231884	0	0	0	-0.04364754257683497	0	-0.01960925806799265	-0.01167050314083051
2.486	0	-0.3436614553991544	0	0	0	-0.04392556192088596	0	-0.01962579745496621	-0.0117164773358985
2.487	0	-0.3438267659475074	0	0	0	-0.04420359938934498	0	-0.0196423359235318	-0.01176245687534645
2.488	0	-0.3439921124077532	0	0	0	-0.04448165249695353	0	-0.01965887150742611	-0.01180844132240372
2.489	0	-0.344157495520094	0	0	0	-0.04475971875674763	0	-0.01967540551164899	-0.01185443024511124
2.49	0	-0.3443229160254191	0	0	0	-0.04503779568008948	0	-0.01969193615849348	-0.01190042320571053
2.491	0	-0.3444883746652996	0	0	0	-0.04531588077667979	0	-0.01970846468995269	-0.01194641977080654
2.492	0	-0.3446538721819788	0	0	0	-0.04559397155458938	0	-0.01972498977749283	-0.01199241950204564
2.493	0	-0.3448194093183683	0	0	0	-0.04587206552027444	0	-0.01974151184357257	-0.01203842196330253
2.494	0	-0.3449849868180361	0	0	0	-0.04615016017860498	0	-0.01975802952337426	-0.01208442671479031
2.495	0	-0.3451506054252035	0	0	0	-0.0464282530328804	0	-0.01977454413933191	-0.0121304333204755
2.496	0	-0.3453162658847342	0	0	0	-0.04670634158486264	0	-0.01979105363869465	-0.01217644133801844
2.497	0	-0.3454819689421295	0	0	0	-0.04698442333478851	0	-0.01980755946743927	-0.01222245033015844
2.498	0	-0.3456477153435173	0	0	0	-0.04726249578140362	0	-0.01982405995546812	-0.01226845985374451
2.499	0	-0.3458135058356476	0	0	0	-0.04754055642197747	0	-0.0198405557655248	-0.01231446946875612
2.5	0	-0.3459793411658818	0	0	0	-0.04781860275233466	0	-0.01985704565549171	-0.01236047873127949
2.501	0	-0.3461452220821881	0	0	0	-0.04809663226687247	0	-0.01987353050844241	-0.01240648720016761
2.502	0	-0.3463111493331296	0	0	0	-0.04837464245859228	0	-0.01989000901187617	-0.01245249442988916
2.503	0	-0.346477123667859	0	0	0	-0.04865263081911815	0	-0.01990648140148716	-0.01249849997670745
2.504	0	-0.3466431458361098	0	0	0	-0.04893059483872583	0	-0.01992294723339979	-0.01254450339499866
2.505	0	-0.3468092165881871	0	0	0	-0.04920853200636607	0	-0.0199394063929105	-0.01259050423890339
2.506	0	-0.3469753366749606	0	0	0	-0.04948643980969181	0	-0.01995585810394194	-0.01263650206069777
2.507	0	-0.3471415068478554	0	0	0	-0.04976431573508033	0	-0.01997230296858211	-0.01268249641413477
2.508	0	-0.3473077278588434	0	0	0	-0.0500421572676653	0	-0.01998873945233421	-0.01272848684866823
2.509	0	-0.3474740004604358	0	0	0	-0.0503199618913559	0	-0.02000516822006412	-0.01277447291656315
2.51	0	-0.3476403254056731	0	0	0	-0.05059772708886896	0	-0.02002158860019254	-0.01282045416709497
2.511	0	-0.3478067034481171	0	0	0	-0.05087545034175264	0	-0.02003800026530096	-0.01286643014928734
2.512	0	-0.3479731353418425	0	0	0	-0.05115312913041394	0	-0.02005440335478013	-0.01291240041212137
2.513	0	-0.3481396218414263	0	0	0	-0.05143076093414811	0	-0.0200707968016617	-0.0129583645017919
2.514	0	-0.3483061637019413	0	0	0	-0.05170834323116199	0	-0.02008718117641515	-0.01300432196634034
2.515	0	-0.3484727616789444	0	0	0	-0.05198587349860733	0	-0.0201035547998912	-0.01305027234931228
2.516	0	-0.3486394165284706	0	0	0	-0.05226334921260116	0	-0.02011991920322687	-0.01309621519866138
2.517	0	-0.3488061290070194	0	0	0	-0.05254076784826426	0	-0.02013627224040922	-0.01314215005551114
2.518	0	-0.3489728998715505	0	0	0	-0.05281812687973906	0	-0.02015261519759797	-0.01318807646573496
2.519	0	-0.3491397298794701	0	0	0	-0.0530954237802277	0	-0.02016894653929555	-0.01323399396977392
2.52	0	-0.3493066197886239	0	0	0	-0.05337265602201451	0	-0.02018526673583688	-0.01327990211048505
2.521	0	-0.3494735703572865	0	0	0	-0.05364982107650061	0	-0.02020157459352559	-0.01332580042716979
2.522	0	-0.3496405823441524	0	0	0	-0.05392691641422796	0	-0.02021787109799532	-0.01337168846181047
2.523	0	-0.3498076565083247	0	0	0	-0.05420393950491666	0	-0.02023415446458209	-0.01341756575104155
2.524	0	-0.3499747936093074	0	0	0	-0.0544808878174872	0	-0.02025042571193555	-0.01346343183517623
2.525	0	-0.3501419944069937	0	0	0	-0.05475775882009879	0	-0.02026668355091408	-0.01350928624992519
2.526	0	-0.3503092596616563	0	0	0	-0.0550345499801747	0	-0.02028292797514687	-0.01355512853221215
2.527	0	-0.3504765901339379	0	0	0	-0.05531125876443591	0	-0.0202991585385865	-0.01360095821736878
2.528	0	-0.3506439865848401	0	0	0	-0.05558788263893202	0	-0.02031537514173237	-0.01364677484041643
2.529	0	-0.3508114497757137	0	0	0	-0.0558644190690739	0	-0.02033157725716601	-0.01369257793480869
2.53	0	-0.3509789804682474	0	0	0	-0.05614086551966503	0	-0.02034776461019966	-0.01373836703351974
2.531	0	-0.351146579424458	0	0	0	-0.05641721945493417	0	-0.02036393673947118	-0.0137841416683426
2.532	0	-0.3513142474066794	0	0	0	-0.05669347833856789	0	-0.02038009364713281	-0.01382990137092412
2.533	0	-0.3514819851775515	0	0	0	-0.05696963963374545	0	-0.02039623437806325	-0.01387564567048442
2.534	0	-0.3516497935000106	0	0	0	-0.05724570080316919	0	-0.02041235915805428	-0.0139213740972425
2.535	0	-0.3518176731372765	0	0	0	-0.05752165930910071	0	-0.02042846752198169	-0.01396708617940741
2.536	0	-0.3519856248528426	0	0	0	-0.0577975126133949	0	-0.02044455891778217	-0.01401278144415039
2.537	0	-0.3521536494104646	0	0	0	-0.05807325817753322	0	-0.02046063306248064	-0.01405845941816424
2.538	0	-0.3523217475741487	0	0	0	-0.05834889346265991	0	-0.02047668930536201	-0.01410411962664933
2.539	0	-0.3524899201081414	0	0	0	-0.05862441592961396	0	-0.02049272830590034	-0.01414976159598118
2.54	0	-0.3526581677769154	0	0	0	-0.05889982303897099	0	-0.02050874846474905	-0.01419538484801583
2.541	0	-0.3528264913451609	0	0	0	-0.05917511225107225	0	-0.02052475001580792	-0.01424098890661442
2.542	0	-0.3529948915777723	0	0	0	-0.05945028102606472	0	-0.02054073267620989	-0.01428657329389039
2.543	0	-0.3531633692398359	0	0	0	-0.05972532682393646	0	-0.0205566962052431	-0.0143321375310927
2.544	0	-0.3533319250966188	0	0	0	-0.060000247104556	0	-0.02057263929434106	-0.01437768113684736
2.545	0	-0.3535005599135571	0	0	0	-0.06027503932770394	0	-0.02058856291520989	-0.01442320363245999
2.546	0	-0.3536692744562415	0	0	0	-0.06054970095311899	0	-0.02060446526166912	-0.01446870453389483
2.547	0	-0.3538380694904081	0	0	0	-0.06082422944052687	0	-0.02062034721975753	-0.01451418336043244
2.548	0	-0.3540069457819228	0	0	0	-0.0610986222496873	0	-0.02063620753564631	-0.01455963962702365
2.549	0	-0.3541759040967716	0	0	0	-0.06137287684042616	0	-0.02065204672735904	-0.01460507285045237
2.55	0	-0.3543449452010446	0	0	0	-0.06164699067268126	0	-0.02066786317411758	-0.01465048254317841
2.551	0	-0.3545140698609265	0	0	0	-0.06192096120653433	0	-0.02068365772187757	-0.01469586822058639
2.552	0	-0.3546832788426804	0	0	0	-0.06219478590225946	0	-0.02069942886135511	-0.01474122939337464
2.553	0	-0.3548525729126377	0	0	0	-0.06246846222035593	0	-0.02071517734583935	-0.01478656557483083
2.554	0	-0.355021952837182	0	0	0	-0.06274198762159655	0	-0.02073090166526154	-0.014831876273704
2.555	0	-0.3551914193827382	0	0	0	-0.06301535956706159	0	-0.02074660248149151	-0.01487716100116646
2.556	0	-0.3553609733157564	0	0	0	-0.06328857551818814	0	-0.02076227833018688	-0.01492241926405842
2.557	0	-0.355530615402701	0	0	0	-0.06356163293680547	0	-0.02077792969459145	-0.01496765057127454
2.558	0	-0.3557003464100342	0	0	0	-0.0638345292851837	0	-0.02079355545625857	-0.01501285442819227
2.559	0	-0.3558701671042039	0	0	0	-0.06410726202607175	0	-0.02080915586934648	-0.01505803034132066
2.56	0	-0.3560400782516288	0	0	0	-0.06437982862274581	0	-0.02082472997077578	-0.01510317781424779
2.561	0	-0.3562100806186838	0	0	0	-0.06465222653904977	0	-0.02084027766607906	-0.01514829635088432
2.562	0	-0.3563801749716867	0	0	0	-0.06492445323944172	0	-0.02085579857127368	-0.01519338545364819
2.563	0	-0.3565503620768821	0	0	0	-0.06519650618903958	0	-0.02087129172364067	-0.01523844462301398
2.564	0	-0.3567206427004283	0	0	0	-0.0654683828536633	0	-0.02088675751873414	-0.01528347336051033
2.565	0	-0.3568910176083807	0	0	0	-0.06574008069988611	0	-0.02090219484711691	-0.01532847116425943
2.566	0	-0.3570614875666783	0	0	0	-0.06601159719507686	0	-0.02091760345823228	-0.01537343753264411
2.567	0	-0.3572320533411276	0	0	0	-0.06628292980744885	0	-0.02093298311047554	-0.01541837196297031
2.568	0	-0.3574027156973871	0	0	0	-0.06655407600610731	0	-0.02094833324386575	-0.01546327395095617
2.569	0	-0.3575734754009524	0	0	0	-0.06682503326109823	0	-0.02096365320449242	-0.01550814299106679
2.57	0	-0.3577443332171404	0	0	0	-0.06709579904345501	0	-0.02097894308140754	-0.01555297857779267
2.571	0	-0.3579152899110724	0	0	0	-0.06736637082525131	0	-0.02099420168998014	-0.01559778020252875
2.572	0	-0.3580863462476594	0	0	0	-0.067636746079646	0	-0.02100942936027325	-0.01564254735785189
2.573	0	-0.3582575029915847	0	0	0	-0.0679069222809396	0	-0.02102462455631773	-0.0156872795323157
2.574	0	-0.3584287609072886	0	0	0	-0.06817689690461783	0	-0.02103978827279331	-0.01573197621718346
2.575	0	-0.3586001207589504	0	0	0	-0.06844666742741193	0	-0.02105491866572981	-0.01577663689817272
2.576	0	-0.3587715833104729	0	0	0	-0.06871623132734263	0	-0.02107001605964993	-0.01582126106312337
2.577	0	-0.3589431493254645	0	0	0	-0.06898558608377846	0	-0.02108507968853615	-0.01586584819698643
2.578	0	-0.3591148195672225	0	0	0	-0.06925472917748662	0	-0.021100109254312	-0.01591039778419027
2.579	0	-0.3592865947987157	0	0	0	-0.06952365809068842	0	-0.02111510407455168	-0.01595490930732379
2.58	0	-0.3594584757825665	0	0	0	-0.06979237030711224	0	-0.02113006388649412	-0.0159993822483421
2.581	0	-0.3596304632810325	0	0	0	-0.07006086331205168	0	-0.02114498772217512	-0.0160438160868359
2.582	0	-0.3598025580559908	0	0	0	-0.07032913459241784	0	-0.02115987578410188	-0.0160882103028585
2.583	0	-0.3599747608689165	0	0	0	-0.07059718163680077	0	-0.02117472669526801	-0.01613256437273941
2.584	0	-0.3601470724808673	0	0	0	-0.07086500193552098	0	-0.02118954107850371	-0.01617687777448417
2.585	0	-0.3603194936524617	0	0	0	-0.07113259298069516	0	-0.02120431703143217	-0.01622114998089521
2.586	0	-0.3604920251438639	0	0	0	-0.07139995226628608	0	-0.02121905563050464	-0.01626538046787844
2.587	0	-0.3606646677147605	0	0	0	-0.07166707728817251	0	-0.02123375464420211	-0.01630956870492901
2.588	0	-0.360837422124345	0	0	0	-0.07193396554419834	0	-0.02124841525856096	-0.01635371416523271
2.589	0	-0.3610102891312947	0	0	0	-0.07220061453424535	0	-0.02126303527063762	-0.01639781631540999
2.59	0	-0.3611832694937542	0	0	0	-0.07246702176028445	0	-0.02127761550563291	-0.01644187462511828
2.591	0	-0.361356363969312	0	0	0	-0.07273318472644762	0	-0.02129215438376043	-0.01648588855888009
2.592	0	-0.3615295733149828	0	0	0	-0.07299910093908396	0	-0.02130665210277179	-0.01652985758231285
2.593	0	-0.3617028982871849	0	0	0	-0.07326476790683005	0	-0.02132110765725302	-0.01657378115763842
2.594	0	-0.3618763396417209	0	0	0	-0.07353018314067188	0	-0.021335520514091	-0.01661765874616321
2.595	0	-0.3620498981337556	0	0	0	-0.07379534415401158	0	-0.02134989057859889	-0.01666148980818205
2.596	0	-0.3622235745177937	0	0	0	-0.07406024846273636	0	-0.02136421663445313	-0.0167052738006259
2.597	0	-0.3623973695476601	0	0	0	-0.07432489358528423	0	-0.02137849838441786	-0.01674901018006199
2.598	0	-0.3625712839764764	0	0	0	-0.07458927704271401	0	-0.0213927353953707	-0.01679269840108108
2.599	0	-0.3627453185566389	0	0	0	-0.07485339635877666	0	-0.02140692654129655	-0.01683633791544491
2.6	0	-0.362919474039796	0	0	0	-0.07511724905998286	0	-0.02142107174608702	-0.01687992817460777
2.601	0	-0.3630937511768246	0	0	0	-0.07538083267567858	0	-0.0214351702764622	-0.01692346862716303
2.602	0	-0.3632681507178083	0	0	0	-0.07564414473811652	0	-0.02144922135658937	-0.01696695871970603
2.603	0	-0.3634426734120118	0	0	0	-0.07590718278253032	0	-0.02146322436157133	-0.01701039789706578
2.604	0	-0.3636173200078584	0	0	0	-0.07616994434720971	0	-0.02147717853400976	-0.01705378560184558
2.605	0	-0.3637920912529055	0	0	0	-0.07643242697357626	0	-0.02149108367704195	-0.01709712127538959
2.606	0	-0.363966987893819	0	0	0	-0.07669462820626309	0	-0.02150493867720741	-0.01714040435556018
2.607	0	-0.3641420106763495	0	0	0	-0.07695654559319058	0	-0.02151874334441166	-0.01718363427938334
2.608	0	-0.3643171603453049	0	0	0	-0.07721817668565038	0	-0.02153249574416523	-0.01722681047910989
2.609	0	-0.3644924376445285	0	0	0	-0.07747951903837846	0	-0.0215461973854903	-0.01726993238966968
2.61	0	-0.3646678433168671	0	0	0	-0.07774057020965039	0	-0.02155984528329665	-0.0173129994371321
2.611	0	-0.3648433781041503	0	0	0	-0.07800132776135058	0	-0.02157344074895737	-0.01735601105134056
2.612	0	-0.3650190427471581	0	0	0	-0.07826178925907101	0	-0.02158698094787683	-0.01739896665367904
2.613	0	-0.3651948379855987	0	0	0	-0.07852195227218482	0	-0.02160046717304796	-0.01744186566889981
2.614	0	-0.3653707645580755	0	0	0	-0.07878181437394617	0	-0.02161389715103278	-0.01748470751401064
2.615	0	-0.3655468232020631	0	0	0	-0.0790413731415698	0	-0.02162727123829409	-0.01752749160708232
2.616	0	-0.3657230146538752	0	0	0	-0.07930062615632899	0	-0.0216405878592685	-0.01757021736064502
2.617	0	-0.3658993396486375	0	0	0	-0.07955957100364325	0	-0.0216538467991561	-0.01761288418631443
2.618	0	-0.3660757989202565	0	0	0	-0.07981820527317592	0	-0.02166704668192895	-0.01765549149110756
2.619	0	-0.3662523932013911	0	0	0	-0.08007652655892605	0	-0.02168018748902034	-0.01769803868094467
2.62	0	-0.3664291232234182	0	0	0	-0.08033453245933042	0	-0.0216932674401204	-0.01774052515614607
2.621	0	-0.366605989716406	0	0	0	-0.0805922205773571	0	-0.02170628669316251	-0.0177829503165553
2.622	0	-0.3667829934090782	0	0	0	-0.08084958852061246	0	-0.0217192434722184	-0.01782531355600167
2.623	0	-0.3669601350287844	0	0	0	-0.08110663390143788	0	-0.02173213781684136	-0.01786761426745093
2.624	0	-0.3671374153014644	0	0	0	-0.08136335433701963	0	-0.02174496815250773	-0.01790985183811824
2.625	0	-0.3673148349516167	0	0	0	-0.08161974744949184	0	-0.02175773386486643	-0.01795202565295248
2.626	0	-0.3674923947022632	0	0	0	-0.08187581086604713	0	-0.02177043388483741	-0.017994135092552
2.627	0	-0.3676700952749147	0	0	0	-0.08213154221904606	0	-0.02178306755637771	-0.01803617953425235
2.628	0	-0.3678479373895349	0	0	0	-0.08238693914613096	0	-0.02179563382818646	-0.01807815835089342
2.629	0	-0.3680259217645041	0	0	0	-0.08264199929034137	0	-0.0218081314820434	-0.01812007091101437
2.63	0	-0.3682040491165831	0	0	0	-0.08289672030022913	0	-0.02182056015637558	-0.0181619165801314
2.631	0	-0.3683823201608745	0	0	0	-0.08315109982998292	0	-0.02183291781485284	-0.01820369471712875
2.632	0	-0.3685607356107847	0	0	0	-0.08340513553954368	0	-0.0218452044091253	-0.01824540467914431
2.633	0	-0.3687392961779847	0	0	0	-0.08365882509473574	0	-0.02185741857282984	-0.0182870458169027
2.634	0	-0.3689180025723695	0	0	0	-0.08391216616739122	0	-0.02186955905996167	-0.01832861747653616
2.635	0	-0.3690968555020183	0	0	0	-0.0841651564354805	0	-0.02188162477414181	-0.01837011899946579
2.636	0	-0.3692758556731523	0	0	0	-0.08441779358324387	0	-0.02189361511760438	-0.01841154972271723
2.637	0	-0.3694550037900912	0	0	0	-0.08467007530133125	0	-0.02190552824540168	-0.01845290897640127
2.638	0	-0.3696343005552111	0	0	0	-0.08492199928693592	0	-0.02191736363390101	-0.01849419608700332
2.639	0	-0.3698137466688991	0	0	0	-0.08517356324394112	0	-0.02192911955243731	-0.01853541037382021
2.64	0	-0.3699933428295082	0	0	0	-0.08542476488306086	0	-0.02194079530072598	-0.01857655115175505
2.641	0	-0.3701730897333106	0	0	0	-0.08567560192199286	0	-0.02195238895373474	-0.01861761772813814
2.642	0	-0.3703529880744508	0	0	0	-0.08592607208556584	0	-0.02196389989967231	-0.01865860940589369
2.643	0	-0.370533038544896	0	0	0	-0.0861761731058989	0	-0.02197532648495047	-0.01869952548023067
2.644	0	-0.370713241834387	0	0	0	-0.0864259027225581	0	-0.02198666751607417	-0.01874036524041562
2.645	0	-0.3708935986303869	0	0	0	-0.08667525868272134	0	-0.02199792139910471	-0.01878112796842306
2.646	0	-0.3710741096180296	0	0	0	-0.08692423874134314	0	-0.02200908729714938	-0.01882181294021458
2.647	0	-0.3712547754800652	0	0	0	-0.08717284066132942	0	-0.02202016293743608	-0.01886241942268275
2.648	0	-0.3714355968968069	0	0	0	-0.08742106221370811	0	-0.02203114739586528	-0.01890294667699886
2.649	0	-0.3716165745460733	0	0	0	-0.08766890117781254	0	-0.02204203927575303	-0.01894339395602234
2.65	0	-0.3717977091031321	0	0	0	-0.08791635534146588	0	-0.02205283649022777	-0.01898376050379126
2.651	0	-0.3719790012406405	0	0	0	-0.08816342250116811	0	-0.02206353784861652	-0.01902404555726438
2.652	0	-0.3721604516285849	0	0	0	-0.08841010046229192	0	-0.02207414160636	-0.0190642483442168
2.653	0	-0.3723420609342191	0	0	0	-0.08865638703928215	0	-0.02208464613423211	-0.01910436808380586
2.654	0	-0.372523829822	0	0	0	-0.08890228005585946	0	-0.02209505001651469	-0.01914440398640791
2.655	0	-0.3727057589535228	0	0	0	-0.08914777734523421	0	-0.02210535039013068	-0.01918435525128064
2.656	0	-0.3728878489874541	0	0	0	-0.08939287675031549	0	-0.02211554674386974	-0.01922422107094875
2.657	0	-0.3730701005794608	0	0	0	-0.08963757612394239	0	-0.02212563598123016	-0.01926400062481566
2.658	0	-0.3732525143821436	0	0	0	-0.08988187332910319	0	-0.02213561773898725	-0.01930369308534673
2.659	0	-0.3734350910449585	0	0	0	-0.09012576623918074	0	-0.02214548822459329	-0.01934329761026428
2.66	0	-0.3736178312141463	0	0	0	-0.09036925273818287	0	-0.02215524687939582	-0.01938281335026416
2.661	0	-0.373800735532653	0	0	0	-0.09061233072100132	0	-0.02216489064125597	-0.01942223944178649
2.662	0	-0.373983804640052	0	0	0	-0.09085499809366081	0	-0.02217441803113708	-0.01946157501153324
2.663	0	-0.3741670391724607	0	0	0	-0.09109725277358832	0	-0.02218382601088533	-0.01950081917240338
2.664	0	-0.3743504397624586	0	0	0	-0.09133909268987847	0	-0.02219311352921268	-0.0195399710272807
2.665	0	-0.3745340070389972	0	0	0	-0.09158051578358323	0	-0.02220227621405314	-0.01957902966247915
2.666	0	-0.3747177416273162	0	0	0	-0.09182152000798748	0	-0.02221131385895344	-0.01961799415605518
2.667	0	-0.3749016441488451	0	0	0	-0.09206210332892087	0	-0.02222022220752671	-0.01965686356793154
2.668	0	-0.3750857152211136	0	0	0	-0.09230226372505236	0	-0.02222900000201437	-0.01969563694760803
2.669	0	-0.37526995545765	0	0	0	-0.09254199918821761	0	-0.02223764310932954	-0.01973431332707435
2.67	0	-0.3754543654678837	0	0	0	-0.09278130772373568	0	-0.02224615022048585	-0.01977289172682333
2.671	0	-0.3756389458570378	0	0	0	-0.09302018735075634	0	-0.02225451710696807	-0.01981137114907233
2.672	0	-0.375823697226025	0	0	0	-0.09325863610259859	0	-0.0222627421258074	-0.01984975058342802
2.673	0	-0.3760086201713335	0	0	0	-0.09349665202711976	0	-0.02227082105631128	-0.01988802900079831
2.674	0	-0.376193715284915	0	0	0	-0.09373423318707903	0	-0.02227875162344157	-0.01992620535792959
2.675	0	-0.3763789831540645	0	0	0	-0.09397137766052818	0	-0.02228652955994864	-0.01996427859276809
2.676	0	-0.3765644243613004	0	0	0	-0.09420808354120086	0	-0.02229415270364403	-0.02000224762839248
2.677	0	-0.3767500394842353	0	0	0	-0.09444434893893136	0	-0.0223016162447874	-0.02004011136760893
2.678	0	-0.3769358290954491	0	0	0	-0.09468017198006966	0	-0.02230891767420329	-0.02007786869772007
2.679	0	-0.3771217937623505	0	0	0	-0.09491555080792705	0	-0.02231605256346426	-0.02011551848576505
2.68	0	-0.3773079340470408	0	0	0	-0.09515048358322428	0	-0.02232301721308228	-0.02015305958085446
2.681	0	-0.3774942505061678	0	0	0	-0.0953849684845626	0	-0.0223298076194267	-0.02019049081271875
2.682	0	-0.3776807436907776	0	0	0	-0.09561900370890773	0	-0.02233641964727365	-0.0202278109915177
2.683	0	-0.377867414146161	0	0	0	-0.0958525874720917	0	-0.02234284872542581	-0.02026501890720431
2.684	0	-0.3780542624116932	0	0	0	-0.09608571800932907	0	-0.02234909085563023	-0.0203021133301178
2.685	0	-0.3782412890206698	0	0	0	-0.09631839357575649	0	-0.02235514098312603	-0.0203390930090913
2.686	0	-0.3784284945001369	0	0	0	-0.09655061244698311	0	-0.02236099489318186	-0.02037595667293371
2.687	0	-0.3786158793707139	0	0	0	-0.09678237291966896	0	-0.02236664649890001	-0.02041270302761597
2.688	0	-0.3788034441464138	0	0	0	-0.09701367331210914	0	-0.02237209216795129	-0.02044933075989249
2.689	0	-0.3789911893344522	0	0	0	-0.09724451196485634	0	-0.02237732518432859	-0.0204858385320517
2.69	0	-0.3791791154350569	0	0	0	-0.09747488724134354	0	-0.02238234128291083	-0.02052222498658521
2.691	0	-0.3793672229412635	0	0	0	-0.09770479752854604	0	-0.02238713347650072	-0.02055848874141914
2.692	0	-0.3795555123387122	0	0	0	-0.09793424123764703	0	-0.02239169712335731	-0.02059462839401102
2.693	0	-0.3797439841054302	0	0	0	-0.0981632168047412	0	-0.0223960250364685	-0.02063064251705901
2.694	0	-0.3799326387116163	0	0	0	-0.09839172269154418	0	-0.0224001120694526	-0.02066652966206858
2.695	0	-0.3801214766194101	0	0	0	-0.09861975738613851	0	-0.02240395051560666	-0.02070228835545573
2.696	0	-0.3803104982826622	0	0	0	-0.09884731940372515	0	-0.02240753504242776	-0.02073791710231659
2.697	0	-0.3804997041466899	0	0	0	-0.09907440728741355	0	-0.02241085729165987	-0.02077341438208355
2.698	0	-0.3806890946480359	0	0	0	-0.09930101960901469	0	-0.02241391119230247	-0.02080877865245158
2.699	0	-0.3808786702142117	0	0	0	-0.09952715496986955	0	-0.02241668879241249	-0.02084400834617674
2.7	0	-0.3810684312634415	0	0	0	-0.09975281200168594	0	-0.02241918297977537	-0.02087910187296528
2.701	0	-0.3812583782043952	0	0	0	-0.09997798936740032	0	-0.02242138541218415	-0.02091405761801723
2.702	0	-0.3814485114359223	0	0	0	-0.1002026857620494	0	-0.02242328913100179	-0.02094887394378243
2.703	0	-0.3816388313467732	0	0	0	-0.1004268999136661	0	-0.0224248847909951	-0.02098354918757242
2.704	0	-0.3818293383153253	0	0	0	-0.1006506305841731	0	-0.02242616520192478	-0.02101808166465718
2.705	0	-0.3820200327092973	0	0	0	-0.1008738765703019	0	-0.0224271209016759	-0.0210524696657786
2.706	0	-0.3822109148854694	0	0	0	-0.1010966367045021	0	-0.02242774415760971	-0.02108671146004034
2.707	0	-0.3824019851893955	0	0	0	-0.1013189098558663	0	-0.02242802535135091	-0.02112080529348618
2.708	0	-0.3825932439551207	0	0	0	-0.1015406949310382	0	-0.02242795662282974	-0.02115474939209801
2.709	0	-0.3827846915048972	0	0	0	-0.1017619908751255	0	-0.02242752833204913	-0.02118854196126789
2.71	0	-0.382976328148908	0	0	0	-0.1019827966725858	0	-0.02242673216809598	-0.02122218118925303
2.711	0	-0.3831681541849911	0	0	0	-0.1022031113481002	0	-0.02242555875945302	-0.02125566524848359
2.712	0	-0.383360169898378	0	0	0	-0.1024229339674093	0	-0.02242399988078438	-0.0212889922998337
2.713	0	-0.3835523755614367	0	0	0	-0.1026422636381169	0	-0.02242204627226086	-0.02132216049592032
2.714	0	-0.3837447714334352	0	0	0	-0.1028610995104387	0	-0.02241969027106052	-0.02135516798755612
2.715	0	-0.3839373577603143	0	0	0	-0.1030794407778994	0	-0.02241692316700538	-0.02138801292954123
2.716	0	-0.3841301347744875	0	0	0	-0.1032972866779505	0	-0.02241373795301033	-0.02142069349010671
2.717	0	-0.3843231026946579	0	0	0	-0.1035146364925157	0	-0.02241012636878867	-0.02145320786030521
2.718	0	-0.3845162617256705	0	0	0	-0.1037314895484292	0	-0.02240608250368929	-0.02148555426772269
2.719	0	-0.3847096120583878	0	0	0	-0.1039478452177777	0	-0.02240159988734815	-0.02151773099055583
2.72	0	-0.3849031538696068	0	0	0	-0.1041637029181115	0	-0.02239667341201637	-0.02154973637588094
2.721	0	-0.3850968873220121	0	0	0	-0.1043790621125248	0	-0.02239129912131193	-0.02158156886006636
2.722	0	-0.3852908125641735	0	0	0	-0.1045939223095917	0	-0.02238547271470117	-0.02161322699206011
2.723	0	-0.3854849297305923	0	0	0	-0.1048082830631329	0	-0.02237919301357127	-0.02164470946077715
2.724	0	-0.3856792389417937	0	0	0	-0.105022143971825	0	-0.02237245811902634	-0.02167601512408865
2.725	0	-0.3858737403044772	0	0	0	-0.1052355046786172	0	-0.02236526921468237	-0.02170714304240808
2.726	0	-0.3860684339117195	0	0	0	-0.1054483648699741	0	-0.02235762689094483	-0.02173809251401376
2.727	0	-0.3862633198432385	0	0	0	-0.105660724274911	0	-0.02234953615399326	-0.02176886311471516
2.728	0	-0.3864583981657104	0	0	0	-0.1058725826638541	0	-0.02234100064852321	-0.02179945473949594
2.729	0	-0.3866536689331528	0	0	0	-0.1060839398472878	0	-0.02233202778197103	-0.02182986764962823
2.73	0	-0.3868491321873586	0	0	0	-0.106294795674228	0	-0.02232262500556065	-0.02186010252463849
2.731	0	-0.3870447879583926	0	0	0	-0.1065051500304989	0	-0.02231280388113339	-0.02189016052402674
2.732	0	-0.3872406362651355	0	0	0	-0.1067150028368541	0	-0.02230257505063352	-0.02192004336309908
2.733	0	-0.3874366771158827	0	0	0	-0.1069243540469217	0	-0.02229195238637857	-0.02194975341330566
2.734	0	-0.3876329105089867	0	0	0	-0.1071332036450183	0	-0.02228095162940185	-0.02197929383969652
2.735	0	-0.3878293364335381	0	0	0	-0.1073415516438393	0	-0.0222695886424582	-0.02200866879337477
2.736	0	-0.3880259548700841	0	0	0	-0.1075493980820391	0	-0.02225788247577406	-0.02203788367512182
2.737	0	-0.3882227657913705	0	0	0	-0.1077567430217411	0	-0.02224585236857674	-0.02206694546836856
2.738	0	-0.3884197691631073	0	0	0	-0.1079635865459871	0	-0.02223351883947474	-0.02209586308265279
2.739	0	-0.3886169649447465	0	0	0	-0.1081699287561558	0	-0.02222090422844045	-0.02212464751150216
2.74	0	-0.3888143530902635	0	0	0	-0.1083757697693844	0	-0.0222080306131244	-0.02215331134600704
2.741	0	-0.3890119335489369	0	0	0	-0.1085811097160099	0	-0.02219492163589223	-0.02218186671028541
2.742	0	-0.3892097062660785	0	0	0	-0.1087859487371989	0	-0.02218159984110327	-0.02221031958987512
2.743	0	-0.3894076711835734	0	0	0	-0.1089902869832943	0	-0.02216808738460387	-0.02223867029804725
2.744	0	-0.3896058282402233	0	0	0	-0.1091941246128678	0	-0.02215440216071525	-0.02226691872430189
2.745	0	-0.389804177372029	0	0	0	-0.1093974617919702	0	-0.02214056187300348	-0.02229506475861984
2.746	0	-0.3900027185124357	0	0	0	-0.1096002986934781	0	-0.02212658080113998	-0.02232310829141525
2.747	0	-0.3902014515925581	0	0	0	-0.1098026354964969	0	-0.02211247337912068	-0.0223510492134924
2.748	0	-0.3904003765413763	0	0	0	-0.1100044723858405	0	-0.02209825097288182	-0.02237888741600804
2.749	0	-0.3905994932859148	0	0	0	-0.1102058095515543	0	-0.02208392471999652	-0.0224066227904369
2.75	0	-0.3907988017514007	0	0	0	-0.1104066471884972	0	-0.02206950379791314	-0.02243425522854162
2.751	0	-0.3909983018614063	0	0	0	-0.1106069854959614	0	-0.02205499767113573	-0.02246178462234527
2.752	0	-0.3911979935379744	0	0	0	-0.1108068246773396	0	-0.02204041346994654	-0.02248921086410748
2.753	0	-0.391397876701733	0	0	0	-0.1110061649398193	0	-0.02202575838340368	-0.02251653384630252
2.754	0	-0.3915979512719966	0	0	0	-0.1112050064941169	0	-0.02201103798041197	-0.0225437534616003
2.755	0	-0.3917982171668579	0	0	0	-0.1114033495542315	0	-0.02199625866198238	-0.02257086960284873
2.756	0	-0.3919986743032667	0	0	0	-0.1116011943372342	0	-0.02198142484172587	-0.02259788216305885
2.757	0	-0.3921993225971046	0	0	0	-0.1117985410630712	0	-0.0219665408430557	-0.0226247910353908
2.758	0	-0.392400161963251	0	0	0	-0.1119953899543905	0	-0.02195161150760695	-0.02265159611314154
2.759	0	-0.3926011923156381	0	0	0	-0.1121917412363917	0	-0.0219366387800241	-0.02267829728973446
2.76	0	-0.3928024135673077	0	0	0	-0.1123875951366778	0	-0.02192162762882501	-0.02270489445870879
2.761	0	-0.3930038256304532	0	0	0	-0.1125829518851417	0	-0.0219065794013993	-0.02273138751371186
2.762	0	-0.393205428416466	0	0	0	-0.1127778117138444	0	-0.02189149789330376	-0.02275777634849063
2.763	0	-0.3934072218359699	0	0	0	-0.1129721748569237	0	-0.0218763843543054	-0.02278406085688542
2.764	0	-0.3936092057988576	0	0	0	-0.1131660415504966	0	-0.02186124174916401	-0.02281024093282321
2.765	0	-0.3938113802143181	0	0	0	-0.1133594120325856	0	-0.02184607100257982	-0.02283631647031271
2.766	0	-0.3940137449908667	0	0	0	-0.1135522865430396	0	-0.02183087485455485	-0.02286228736343902
2.767	0	-0.394216300036367	0	0	0	-0.1137446653234766	0	-0.02181565347507046	-0.02288815350635992
2.768	0	-0.3944190452580558	0	0	0	-0.1139365486172159	0	-0.02180040975589956	-0.02291391479330122
2.769	0	-0.3946219805625594	0	0	0	-0.1141279366692363	0	-0.02178514313342412	-0.02293957111855431
2.77	0	-0.3948251058559152	0	0	0	-0.1143188297261168	0	-0.02176985648227892	-0.02296512237647219
2.771	0	-0.3950284210435833	0	0	0	-0.1145092280360067	0	-0.02175454895920128	-0.02299056846146771
2.772	0	-0.3952319260304664	0	0	0	-0.1146991318485737	0	-0.02173922339422689	-0.02301590926801028
2.773	0	-0.395435620720917	0	0	0	-0.1148885414149828	0	-0.02172387894451579	-0.02304114469062468
2.774	0	-0.3956395050187539	0	0	0	-0.1150774569878539	0	-0.02170851708339808	-0.02306627462388851
2.775	0	-0.3958435788272704	0	0	0	-0.1152658788212394	0	-0.02169313846583524	-0.02309129896243092
2.776	0	-0.3960478420492446	0	0	0	-0.1154538071705972	0	-0.02167774353909004	-0.02311621760093109
2.777	0	-0.396252294586948	0	0	0	-0.1156412422927673	0	-0.02166233265022585	-0.023141030434117
2.778	0	-0.396456936342153	0	0	0	-0.1158281844459505	0	-0.02164690646014953	-0.02316573735676428
2.779	0	-0.3966617672161419	0	0	0	-0.1160146338896894	0	-0.02163146550041396	-0.0231903382636953
2.78	0	-0.3968667871097111	0	0	0	-0.1162005908848514	0	-0.02161601010488999	-0.02321483304977834
2.781	0	-0.3970719959231782	0	0	0	-0.1163860556936124	0	-0.02160054058538492	-0.02323922160992685
2.782	0	-0.3972773935563876	0	0	0	-0.1165710285794426	0	-0.02158505719511123	-0.02326350383909883
2.783	0	-0.3974829799087155	0	0	0	-0.116755509807092	0	-0.02156956064765703	-0.02328767963229632
2.784	0	-0.3976887548790732	0	0	0	-0.1169394996425818	0	-0.02155405020465965	-0.02331174888456512
2.785	0	-0.3978947183659139	0	0	0	-0.1171229983531861	0	-0.02153852767824773	-0.02333571149099384
2.786	0	-0.3981008702672338	0	0	0	-0.1173060062074314	0	-0.02152299187801224	-0.02335956734671451
2.787	0	-0.3983072104805771	0	0	0	-0.1174885234750776	0	-0.02150744401058481	-0.02338331634690144
2.788	0	-0.3985137389030388	0	0	0	-0.1176705504271171	0	-0.02149188327313065	-0.0234069583867717
2.789	0	-0.3987204554312691	0	0	0	-0.1178520873357588	0	-0.02147631104481871	-0.02343049336158437
2.79	0	-0.3989273599614739	0	0	0	-0.1180331344744292	0	-0.02146072635328655	-0.02345392116664108
2.791	0	-0.3991344523894199	0	0	0	-0.1182136921177566	0	-0.02144513055708787	-0.02347724169728527
2.792	0	-0.3993417326104345	0	0	0	-0.1183937605415734	0	-0.02142952240985788	-0.02350045484890284
2.793	0	-0.399549200519411	0	0	0	-0.1185733400228997	0	-0.02141390358053746	-0.02352356051692139
2.794	0	-0.3997568560108077	0	0	0	-0.1187524308399494	0	-0.02139827231728857	-0.02354655859681108
2.795	0	-0.3999646989786539	0	0	0	-0.1189310332721109	0	-0.02138263092194043	-0.02356944898408369
2.796	0	-0.4001727293165471	0	0	0	-0.1191091475999566	0	-0.02136697768202827	-0.02359223157429381
2.797	0	-0.4003809469176588	0	0	0	-0.1192867741052248	0	-0.02135131382639287	-0.02361490626303785
2.798	0	-0.4005893516747342	0	0	0	-0.119463913070824	0	-0.02133563914212234	-0.02363747294595495
2.799	0	-0.4007979434800948	0	0	0	-0.1196405647808245	0	-0.02131995363329903	-0.02365993151872663
2.8	0	-0.4010067222256394	0	0	0	-0.1198167295204543	0	-0.02130425755348265	-0.02368228187707713
2.801	0	-0.401215687802846	0	0	0	-0.1199924075760962	0	-0.02128855071065382	-0.0237045239167735
2.802	0	-0.4014248401027734	0	0	0	-0.1201675992352819	0	-0.02127283359863189	-0.0237266575336257
2.803	0	-0.401634179016062	0	0	0	-0.1203423047866907	0	-0.02125710595393726	-0.02374868262348691
2.804	0	-0.4018437044329363	0	0	0	-0.1205165245201427	0	-0.02124136835434368	-0.02377059908225351
2.805	0	-0.4020534162432048	0	0	0	-0.120690258726599	0	-0.02122562029911352	-0.02379240680586549
2.806	0	-0.402263314336263	0	0	0	-0.1208635076981538	0	-0.02120986244212879	-0.02381410569030639
2.807	0	-0.4024733986010927	0	0	0	-0.1210362717280355	0	-0.02119409418967052	-0.0238356956316038
2.808	0	-0.4026836689262661	0	0	0	-0.1212085511105987	0	-0.02117831626086072	-0.02385717652582924
2.809	0	-0.4028941251999434	0	0	0	-0.1213803461413253	0	-0.0211625283192963	-0.02387854826909859
2.81	0	-0.4031047673098772	0	0	0	-0.1215516571168173	0	-0.02114673095193506	-0.02389981075757217
2.811	0	-0.4033155951434112	0	0	0	-0.1217224843347985	0	-0.0211309234225864	-0.02392096388745519
2.812	0	-0.4035266085874843	0	0	0	-0.1218928280941051	0	-0.02111510671082446	-0.02394200755499758
2.813	0	-0.4037378075286279	0	0	0	-0.1220626886946891	0	-0.02109928014021951	-0.02396294165649466
2.814	0	-0.403949191852971	0	0	0	-0.1222320664376091	0	-0.02108344475494023	-0.02398376608828691
2.815	0	-0.4041607614462377	0	0	0	-0.122400961625035	0	-0.02106759926713101	-0.02400448074676078
2.816	0	-0.4043725161937512	0	0	0	-0.1225693745602358	0	-0.02105174495157773	-0.02402508552834823
2.817	0	-0.404584455980433	0	0	0	-0.1227373055475851	0	-0.02103588090947974	-0.02404558032952764
2.818	0	-0.4047965806908058	0	0	0	-0.1229047548925507	0	-0.02102000858880646	-0.02406596504682335
2.819	0	-0.4050088902089914	0	0	0	-0.1230717229017009	0	-0.02100412636076803	-0.02408623957680677
2.82	0	-0.4052213844187162	0	0	0	-0.1232382098826907	0	-0.02098823579125984	-0.02410640381609568
2.821	0	-0.4054340632033082	0	0	0	-0.1234042161442691	0	-0.0209723360629213	-0.02412645766135526
2.822	0	-0.4056469264457003	0	0	0	-0.1235697419962691	0	-0.02095642770506316	-0.02414640100929778
2.823	0	-0.4058599740284303	0	0	0	-0.1237347877496098	0	-0.0209405102018816	-0.02416623375668324
2.824	0	-0.4060732058336435	0	0	0	-0.123899353716289	0	-0.02092458443389435	-0.02418595580031929
2.825	0	-0.4062866217430911	0	0	0	-0.1240634402093857	0	-0.02090864972317525	-0.02420556703706182
2.826	0	-0.406500221638134	0	0	0	-0.1242270475430522	0	-0.02089270667271607	-0.02422506736381481
2.827	0	-0.4067140053997421	0	0	0	-0.124390176032515	0	-0.02087675526978472	-0.02424445667753094
2.828	0	-0.4069279729084957	0	0	0	-0.1245528259940708	0	-0.02086079550569244	-0.02426373487521166
2.829	0	-0.4071421240445866	0	0	0	-0.1247149977450842	0	-0.02084482726367919	-0.02428290185390753
2.83	0	-0.4073564586878194	0	0	0	-0.1248766916039832	0	-0.02082885104706931	-0.02430195751071829
2.831	0	-0.4075709767176116	0	0	0	-0.1250379078902595	0	-0.02081286663561137	-0.02432090174279335
2.832	0	-0.407785678012996	0	0	0	-0.1251986469244632	0	-0.02079687427849694	-0.02433973444733189
2.833	0	-0.4080005624526205	0	0	0	-0.1253589090282022	0	-0.02078087378021054	-0.02435845552158322
2.834	0	-0.4082156299147495	0	0	0	-0.1255186945241371	0	-0.02076486537452869	-0.02437706486284687
2.835	0	-0.4084308802772653	0	0	0	-0.1256780037359803	0	-0.02074884947281809	-0.02439556236847297
2.836	0	-0.4086463134176684	0	0	0	-0.1258368369884945	0	-0.02073282534816532	-0.0244139479358626
2.837	0	-0.4088619292130795	0	0	0	-0.1259951946074848	0	-0.02071679423414124	-0.02443222146246769
2.838	0	-0.4090777275402386	0	0	0	-0.1261530769198044	0	-0.02070075486002876	-0.02445038284579181
2.839	0	-0.4092937082755085	0	0	0	-0.1263104842533427	0	-0.0206847084515966	-0.02446843198338979
2.84	0	-0.4095098712948739	0	0	0	-0.1264674169370304	0	-0.02066865416872929	-0.02448636877286863
2.841	0	-0.4097262164739441	0	0	0	-0.1266238753008301	0	-0.02065259329417176	-0.0245041931118871
2.842	0	-0.4099427436879506	0	0	0	-0.1267798596757422	0	-0.02063652424526664	-0.0245219048981567
2.843	0	-0.4101594528117535	0	0	0	-0.1269353703937908	0	-0.02062044887927821	-0.02453950402944112
2.844	0	-0.4103763437198366	0	0	0	-0.1270904077880331	0	-0.02060436573272305	-0.02455699040355735
2.845	0	-0.4105934162863138	0	0	0	-0.1272449721925463	0	-0.02058827623247757	-0.02457436391837511
2.846	0	-0.4108106703849251	0	0	0	-0.1273990639424336	0	-0.0205721792901366	-0.02459162447181784
2.847	0	-0.4110281058890424	0	0	0	-0.1275526833738138	0	-0.02055607604185054	-0.02460877196186231
2.848	0	-0.4112457226716657	0	0	0	-0.1277058308238267	0	-0.02053996523574134	-0.02462580628653948
2.849	0	-0.4114635206054291	0	0	0	-0.1278585066306209	0	-0.02052384847864782	-0.0246427273439341
2.85	0	-0.4116814995625971	0	0	0	-0.1280107111333612	0	-0.02050772467961343	-0.02465953503218564
2.851	0	-0.411899659415069	0	0	0	-0.1281624446722177	0	-0.02049159447720365	-0.02467622924948805
2.852	0	-0.4121180000343779	0	0	0	-0.1283137075883685	0	-0.02047545780627924	-0.02469280989409021
2.853	0	-0.4123365212916936	0	0	0	-0.1284645002239933	0	-0.02045931514734011	-0.02470927686429613
2.854	0	-0.4125552230578202	0	0	0	-0.1286148229222757	0	-0.02044316545586922	-0.02472563005846544
2.855	0	-0.412774105203202	0	0	0	-0.1287646760273925	0	-0.02042701024399671	-0.02474186937501306
2.856	0	-0.4129931675979195	0	0	0	-0.1289140598845206	0	-0.02041084847001306	-0.02475799471241022
2.857	0	-0.4132124101116951	0	0	0	-0.1290629748398257	0	-0.0203946811842218	-0.02477400596918402
2.858	0	-0.413431832613889	0	0	0	-0.1292114212404673	0	-0.02037850740075118	-0.02478990304391826
2.859	0	-0.4136514349735049	0	0	0	-0.1293593994345885	0	-0.02036232809606093	-0.02480568583525316
2.86	0	-0.4138712170591886	0	0	0	-0.1295069097713196	0	-0.02034614294970422	-0.02482135424188609
2.861	0	-0.4140911787392291	0	0	0	-0.129653952600772	0	-0.02032995214411795	-0.0248369081625715
2.862	0	-0.4143113198815598	0	0	0	-0.1298005282740369	0	-0.02031375553046338	-0.02485234749612134
2.863	0	-0.4145316403537606	0	0	0	-0.1299466371431811	0	-0.02029755357000888	-0.02486767214140519
2.864	0	-0.4147521400230568	0	0	0	-0.1300922795612464	0	-0.02028134615467799	-0.02488288199735062
2.865	0	-0.4149728187563219	0	0	0	-0.1302374558822455	0	-0.02026513333478988	-0.02489797696294342
2.866	0	-0.4151936764200777	0	0	0	-0.1303821664611597	0	-0.02024891522667092	-0.0249129569372278
2.867	0	-0.4154147128804954	0	0	0	-0.1305264116539364	0	-0.02023269188454674	-0.02492782181930668
2.868	0	-0.4156359280033973	0	0	0	-0.1306701918174855	0	-0.02021646357093063	-0.02494257150834191
2.869	0	-0.4158573216542569	0	0	0	-0.1308135073096784	0	-0.0202002302900406	-0.0249572059035546
2.87	0	-0.4160788936981999	0	0	0	-0.1309563584893445	0	-0.02018399173326583	-0.02497172490422534
2.871	0	-0.4163006440000066	0	0	0	-0.1310987457162671	0	-0.02016774853125916	-0.02498612840969431
2.872	0	-0.4165225724241112	0	0	0	-0.1312406693511826	0	-0.02015150069844183	-0.02500041631936173
2.873	0	-0.416744678834603	0	0	0	-0.1313821297557783	0	-0.02013524787593767	-0.02501458853268807
2.874	0	-0.4169669630952291	0	0	0	-0.1315231272926863	0	-0.02011899082381029	-0.0250286449491941
2.875	0	-0.4171894250693929	0	0	0	-0.131663662325486	0	-0.02010272870021689	-0.02504258546846157
2.876	0	-0.4174120646201582	0	0	0	-0.1318037352186946	0	-0.02008646281287945	-0.02505640999013282
2.877	0	-0.4176348816102464	0	0	0	-0.1319433463377731	0	-0.02007019192432708	-0.0250701184139118
2.878	0	-0.4178578759020412	0	0	0	-0.1320824960491139	0	-0.02005391730634384	-0.02508371063956352
2.879	0	-0.4180810473575868	0	0	0	-0.132221184720047	0	-0.02003763813231558	-0.02509718656691503
2.88	0	-0.4183043958385909	0	0	0	-0.1323594127188302	0	-0.02002135520220832	-0.02511054609585507
2.881	0	-0.4185279212064247	0	0	0	-0.1324971804146526	0	-0.02000506780776337	-0.0251237891263348
2.882	0	-0.4187516233221241	0	0	0	-0.1326344881776245	0	-0.0199887770597405	-0.02513691555836755
2.883	0	-0.4189755020463901	0	0	0	-0.1327713363787839	0	-0.01997248181768407	-0.02514992529202969
2.884	0	-0.4191995572395918	0	0	0	-0.1329077253900839	0	-0.01995618349481655	-0.02516281822746013
2.885	0	-0.4194237887617646	0	0	0	-0.1330436555843997	0	-0.01993988081749086	-0.02517559426486137
2.886	0	-0.4196481964726141	0	0	0	-0.1331791273355156	0	-0.0199235754563247	-0.0251882533044989
2.887	0	-0.4198727802315144	0	0	0	-0.1333141410181339	0	-0.01990726575160551	-0.02520079524670238
2.888	0	-0.4200975398975116	0	0	0	-0.1334486970078605	0	-0.01989095319149521	-0.02521321999186491
2.889	0	-0.4203224753293227	0	0	0	-0.1335827956812122	0	-0.01987463675111965	-0.02522552744044411
2.89	0	-0.4205475863853386	0	0	0	-0.133716437415605	0	-0.01985831751181707	-0.02523771749296173
2.891	0	-0.4207728729236228	0	0	0	-0.13384962258936	0	-0.01984199478144498	-0.02524979005000439
2.892	0	-0.4209983348019151	0	0	0	-0.1339823515816932	0	-0.01982566926063736	-0.02526174501222345
2.893	0	-0.4212239718776303	0	0	0	-0.1341146247727184	0	-0.01980934058337273	-0.0252735822803355
2.894	0	-0.421449784007861	0	0	0	-0.1342464425434407	0	-0.0197930091083387	-0.02528530175512243
2.895	0	-0.421675771049377	0	0	0	-0.134377805275756	0	-0.01977667465314488	-0.02529690333743182
2.896	0	-0.4219019328586275	0	0	0	-0.134508713352446	0	-0.01976033788856981	-0.02530838692817698
2.897	0	-0.4221282692917419	0	0	0	-0.1346391671571801	0	-0.01974399774406894	-0.02531975242833759
2.898	0	-0.4223547802045308	0	0	0	-0.1347691670745044	0	-0.01972765575658943	-0.02533099973895928
2.899	0	-0.4225814654524861	0	0	0	-0.1348987134898498	0	-0.01971131048141461	-0.02534212876115467
2.9	0	-0.4228083248907846	0	0	0	-0.1350278067895173	0	-0.01969496360623898	-0.0253531393961028
2.901	0	-0.4230353583742854	0	0	0	-0.1351564473606876	0	-0.01967861366293105	-0.02536403154505017
2.902	0	-0.4232625657575342	0	0	0	-0.1352846355914057	0	-0.01966226229400822	-0.02537480510931014
2.903	0	-0.423489946894762	0	0	0	-0.1354123718705911	0	-0.01964590804001235	-0.02538545999026409
2.904	0	-0.4237175016398882	0	0	0	-0.1355396565880224	0	-0.01962955229427964	-0.02539599608936069
2.905	0	-0.4239452298465193	0	0	0	-0.1356664901343462	0	-0.01961319383987796	-0.02540641330811708
2.906	0	-0.4241731313679527	0	0	0	-0.1357928729010626	0	-0.01959683442325368	-0.02541671154811815
2.907	0	-0.4244012060571743	0	0	0	-0.1359188052805351	0	-0.01958047247345841	-0.02542689071101777
2.908	0	-0.4246294537668636	0	0	0	-0.1360442876659764	0	-0.01956410902546115	-0.02543695069853816
2.909	0	-0.4248578743493908	0	0	0	-0.1361693204514529	0	-0.0195477438789142	-0.0254468914124707
2.91	0	-0.4250864676568209	0	0	0	-0.1362939040318782	0	-0.01953137732887315	-0.02545671275467582
2.911	0	-0.4253152335409124	0	0	0	-0.1364180388030138	0	-0.0195150089050279	-0.02546641462708353
2.912	0	-0.4255441718531208	0	0	0	-0.1365417251614612	0	-0.01949863945640491	-0.02547599693169329
2.913	0	-0.4257732824445971	0	0	0	-0.1366649635046649	0	-0.01948226850458846	-0.02548545957057463
2.914	0	-0.4260025651661906	0	0	0	-0.1367877542309051	0	-0.01946589641561358	-0.02549480244586711
2.915	0	-0.4262320198684488	0	0	0	-0.1369100977392977	0	-0.01944952297799939	-0.02550402545978069
2.916	0	-0.4264616464016202	0	0	0	-0.1370319944297888	0	-0.01943314886200387	-0.02551312851459582
2.917	0	-0.4266914446156526	0	0	0	-0.1371534447031567	0	-0.01941677315238615	-0.02552211151266397
2.918	0	-0.4269214143601971	0	0	0	-0.1372744489610021	0	-0.01940039694502064	-0.02553097435640738
2.919	0	-0.4271515554846071	0	0	0	-0.137395007605752	0	-0.01938401981998257	-0.02553971694831979
2.92	0	-0.4273818678379395	0	0	0	-0.1375151210406534	0	-0.01936764170624577	-0.02554833919096637
2.921	0	-0.4276123512689579	0	0	0	-0.1376347896697699	0	-0.01935126329638379	-0.02555684098698397
2.922	0	-0.4278430056261301	0	0	0	-0.1377540138979823	0	-0.01933488411337682	-0.02556522223908151
2.923	0	-0.4280738307576325	0	0	0	-0.1378727941309819	0	-0.01931850449317737	-0.02557348285004003
2.924	0	-0.4283048265113485	0	0	0	-0.1379911307752709	0	-0.01930212433107256	-0.02558162272271303
2.925	0	-0.4285359927348714	0	0	0	-0.1381090242381575	0	-0.01928574350386364	-0.02558964176002665
2.926	0	-0.4287673292755058	0	0	0	-0.1382264749277518	0	-0.01926936331212364	-0.02559753986497974
2.927	0	-0.4289988359802654	0	0	0	-0.1383434832529701	0	-0.01925298201216925	-0.02560531694064463
2.928	0	-0.4292305126958786	0	0	0	-0.1384600496235208	0	-0.01923660132346299	-0.02561297289016655
2.929	0	-0.4294623592687853	0	0	0	-0.1385761744499136	0	-0.01922021981338195	-0.02562050761676466
2.93	0	-0.4296943755451422	0	0	0	-0.1386918581434446	0	-0.01920383918788941	-0.02562792102373149
2.931	0	-0.429926561370819	0	0	0	-0.1388071011162062	0	-0.01918745794877843	-0.02563521301443401
2.932	0	-0.4301589165914045	0	0	0	-0.1389219037810716	0	-0.01917107771830873	-0.02564238349231295
2.933	0	-0.4303914410522032	0	0	0	-0.1390362665517046	0	-0.01915469687291836	-0.02564943236088399
2.934	0	-0.4306241345982399	0	0	0	-0.1391501898425435	0	-0.01913831711543641	-0.02565635952373695
2.935	0	-0.4308569970742581	0	0	0	-0.1392636740688111	0	-0.01912193742248759	-0.02566316488453694
2.936	0	-0.4310900283247229	0	0	0	-0.1393767196465021	0	-0.01910555835097187	-0.02566984834702401
2.937	0	-0.4313232281938209	0	0	0	-0.1394893269923859	0	-0.0190891798307778	-0.02567640981501353
2.938	0	-0.4315565965254621	0	0	0	-0.1396014965240012	0	-0.01907280204989604	-0.02568284919239644
2.939	0	-0.4317901331632802	0	0	0	-0.1397132286596543	0	-0.01905642491203246	-0.0256891663831395
2.94	0	-0.4320238379506345	0	0	0	-0.1398245238184154	0	-0.01904004878892758	-0.02569536129128536
2.941	0	-0.4322577107306098	0	0	0	-0.1399353824201176	0	-0.01902367324875357	-0.02570143382095301
2.942	0	-0.4324917513460191	0	0	0	-0.14004580488535	0	-0.01900729928000463	-0.02570738387633762
2.943	0	-0.432725959639402	0	0	0	-0.1401557916354619	0	-0.01899092571089028	-0.02571321136171137
2.944	0	-0.4329603354530304	0	0	0	-0.1402653430925504	0	-0.01897455399238089	-0.02571891618142286
2.945	0	-0.4331948786289027	0	0	0	-0.1403744596794693	0	-0.01895818239740007	-0.02572449823989828
2.946	0	-0.4334295890087531	0	0	0	-0.1404831418198118	0	-0.01894181317220068	-0.02572995744164049
2.947	0	-0.4336644664340444	0	0	0	-0.1405913899379237	0	-0.0189254445077701	-0.02573529369123044
2.948	0	-0.4338995107459762	0	0	0	-0.1406992044588866	0	-0.01890907773616963	-0.02574050689332637
2.949	0	-0.4341347217854806	0	0	0	-0.1408065858085244	0	-0.01889271234393248	-0.0257455969526647
2.95	0	-0.4343700993932269	0	0	0	-0.1409135344133953	0	-0.01887634872795937	-0.02575056377405987
2.951	0	-0.43460564340962	0	0	0	-0.1410200507007926	0	-0.01885998642450874	-0.02575540726240478
2.952	0	-0.434841353674804	0	0	0	-0.1411261350987374	0	-0.01884362607235629	-0.02576012732267078
2.953	0	-0.4350772300286607	0	0	0	-0.1412317880359812	0	-0.01882726716080258	-0.02576472385990814
2.954	0	-0.4353132723108136	0	0	0	-0.1413370099419959	0	-0.01881091071697547	-0.02576919677924584
2.955	0	-0.4355494803606262	0	0	0	-0.1414418012469774	0	-0.01879455579196164	-0.02577354598589218
2.956	0	-0.4357858540172076	0	0	0	-0.1415461623818329	0	-0.0187782032082171	-0.02577777138513435
2.957	0	-0.436022393119411	0	0	0	-0.1416500937781831	0	-0.018761852366221	-0.02578187288233889
2.958	0	-0.436259097505837	0	0	0	-0.1417535958683523	0	-0.0187455038439233	-0.02578585038295149
2.959	0	-0.4364959670148348	0	0	0	-0.1418566690853684	0	-0.01872915749028902	-0.02578970379249733
2.96	0	-0.4367330014845035	0	0	0	-0.1419593138629568	0	-0.01871281327660887	-0.02579343301658106
2.961	0	-0.4369702007526942	0	0	0	-0.1420615306355366	0	-0.0186964712715388	-0.02579703796088695
2.962	0	-0.437207564657011	0	0	0	-0.1421633198382159	0	-0.01868013190281719	-0.0258005185311789
2.963	0	-0.4374450930348117	0	0	0	-0.1422646819067909	0	-0.01866379455684975	-0.02580387463330088
2.964	0	-0.4376827857232118	0	0	0	-0.142365617277737	0	-0.0186474600331	-0.0258071061731766
2.965	0	-0.4379206425590825	0	0	0	-0.1424661263882114	0	-0.01863112737339832	-0.02581021305681013
2.966	0	-0.4381586633790556	0	0	0	-0.142566209676042	0	-0.01861479775755926	-0.02581319519028551
2.967	0	-0.4383968480195209	0	0	0	-0.1426658675797317	0	-0.01859847016812812	-0.02581605247976746
2.968	0	-0.4386351963166318	0	0	0	-0.1427651005384472	0	-0.01858214544066841	-0.02581878483150096
2.969	0	-0.4388737081063038	0	0	0	-0.1428639089920211	0	-0.01856582356614737	-0.02582139215181181
2.97	0	-0.4391123832242157	0	0	0	-0.142962293380947	0	-0.01854950383520986	-0.0258238743471067
2.971	0	-0.439351221505813	0	0	0	-0.1430602541463732	0	-0.01853318690546377	-0.02582623132387311
2.972	0	-0.4395902227863075	0	0	0	-0.1431577917301022	0	-0.01851687287579212	-0.0258284629886797
2.973	0	-0.4398293869006796	0	0	0	-0.143254906574587	0	-0.01850056168476435	-0.02583056924817644
2.974	0	-0.4400687136836782	0	0	0	-0.1433515991229275	0	-0.01848425302056879	-0.02583255000909473
2.975	0	-0.4403082029698233	0	0	0	-0.1434478698188655	0	-0.01846794721859125	-0.02583440517824744
2.976	0	-0.4405478545934072	0	0	0	-0.1435437191067824	0	-0.01845164472491966	-0.02583613466252916
2.977	0	-0.4407876683884936	0	0	0	-0.1436391474316998	0	-0.01843534415939569	-0.02583773836891664
2.978	0	-0.4410276441889235	0	0	0	-0.1437341552392659	0	-0.01841904749239929	-0.02583921620446815
2.979	0	-0.4412677818283105	0	0	0	-0.1438287429757661	0	-0.01840275302783456	-0.02584056807632471
2.98	0	-0.4415080811400474	0	0	0	-0.1439229110881058	0	-0.01838646231814636	-0.02584179389170918
2.981	0	-0.4417485419573026	0	0	0	-0.144016660023821	0	-0.0183701734967574	-0.02584289355792745
2.982	0	-0.4419891641130271	0	0	0	-0.1441099902310595	0	-0.01835388872760668	-0.02584386698236747
2.983	0	-0.4422299474399488	0	0	0	-0.1442029021585939	0	-0.01833760628903737	-0.02584471407250058
2.984	0	-0.4424708917705799	0	0	0	-0.1442953962558038	0	-0.01832132769182108	-0.02584543473588061
2.985	0	-0.4427119969372134	0	0	0	-0.1443874729726861	0	-0.01830505129208708	-0.02584602888014503
2.986	0	-0.442953262771929	0	0	0	-0.1444791327598379	0	-0.01828877888824557	-0.02584649641301405
2.987	0	-0.4431946891065887	0	0	0	-0.1445703760684674	0	-0.01827250870235762	-0.02584683724229187
2.988	0	-0.4434362757728436	0	0	0	-0.1446612033503768	0	-0.01825624257520274	-0.02584705127586579
2.989	0	-0.4436780226021305	0	0	0	-0.1447516150579724	0	-0.01823997913611309	-0.02584713842170731
2.99	0	-0.4439199294256767	0	0	0	-0.1448416116442504	0	-0.01822371942305432	-0.02584709858787151
2.991	0	-0.4441619960744976	0	0	0	-0.1449311935628023	0	-0.01820746252660791	-0.02584693168249787
2.992	0	-0.4444042223794018	0	0	0	-0.1450203612678048	0	-0.01819120928191398	-0.02584663761380981
2.993	0	-0.4446466081709887	0	0	0	-0.1451091152140225	0	-0.01817495896803123	-0.02584621629011542
2.994	0	-0.4448891532796523	0	0	0	-0.1451974558567996	0	-0.01815871234194971	-0.02584566761980708
2.995	0	-0.4451318575355807	0	0	0	-0.1452853836520612	0	-0.01814246896108957	-0.02584499151136211
2.996	0	-0.4453747207687579	0	0	0	-0.1453728990563079	0	-0.01812622879502322	-0.02584418787334259
2.997	0	-0.4456177428089655	0	0	0	-0.145460002526612	0	-0.01810999230038753	-0.02584325661439556
2.998	0	-0.4458609234857827	0	0	0	-0.1455466945206173	0	-0.01809375908523548	-0.02584219764325339
2.999	0	-0.4461042626285883	0	0	0	-0.1456329754965324	0	-0.01807752951431254	-0.02584101086873367
3	0	-0.4463477600665615	0	0	0	-0.1457188459131311	0	-0.01806130330103085	-0.02583969619973954
