DataType=double
version=3
OpenSimVersion=4.5
endheader
time	first_dorsal_posterior_cervical_rx	first_dorsal_posterior_cervical_rz	posterior_cervical_middle_cervical_rx	middle_cervical_anterior_cervical_rx	anterior_cervical_atlas_axis_rx	anterior_cervical_atlas_axis_rz	atlas_axis_skull_rx
0	0	0	0	0	0	0	0
0.001	0	3.598772634266461e-05	0	0	0	-0.0001664636118770864	0
0.002	0	0.0001132240780993545	0	0	0	-0.0004998230611413104	0
0.003	0	0.0002069176462570831	0	0	0	-0.0008989030640686358	0
0.004	0	0.0003118846998536194	0	0	0	-0.001344648835776399	0
0.005	0	0.0004271845623928749	0	0	0	-0.00183363683884627	0
0.006	0	0.000552651528486106	0	0	0	-0.002365251306012603	0
0.007	0	0.0006882710664494749	0	0	0	-0.002939421666517468	0
0.008	0	0.0008340605936665258	0	0	0	-0.003556191390335142	0
0.009000000000000001	0	0.0009900460071416823	0	0	0	-0.004215633066903934	0
0.01	0	0.001156256398257367	0	0	0	-0.004917829720327557	0
0.011	0	0.001332722904349619	0	0	0	-0.005662870258055704	0
0.012	0	0.001519479140911455	0	0	0	-0.006450850557181166	0
0.013	0	0.00171655979305504	0	0	0	-0.007281869962943635	0
0.014	0	0.001924002873041744	0	0	0	-0.008156036988864388	0
0.015	0	0.002141846202527692	0	0	0	-0.009073460124150506	0
0.016	0	0.002370131794720302	0	0	0	-0.0100342593373158	0
0.017	0	0.002608901589189038	0	0	0	-0.01103855488975734	0
0.018	0	0.002858200944123098	0	0	0	-0.01208647649948883	0
0.019	0	0.003118075981015699	0	0	0	-0.01317815637576518	0
0.02	0	0.003388575469585591	0	0	0	-0.01431373416691118	0
0.021	0	0.003669749606474669	0	0	0	-0.01549335375684928	0
0.022	0	0.003961650630961666	0	0	0	-0.01671716488226968	0
0.023	0	0.004264332782116863	0	0	0	-0.0179853230217478	0
0.024	0	0.004577851731418824	0	0	0	-0.01929798791033649	0
0.025	0	0.00490226528117926	0	0	0	-0.02065532536601056	0
0.026	0	0.005237633132818872	0	0	0	-0.02205750669162143	0
0.027	0	0.005584016978530867	0	0	0	-0.02350470891840492	0
0.028	0	0.005941479547601818	0	0	0	-0.02499711228646984	0
0.029	0	0.006310086300862241	0	0	0	-0.02653490471426235	0
0.03	0	0.006689903849281916	0	0	0	-0.02811827763254332	0
0.031	0	0.007081000933482373	0	0	0	-0.02974742856556209	0
0.032	0	0.007483447501912988	0	0	0	-0.03142255869955658	0
0.033	0	0.007897316401304234	0	0	0	-0.03314387734600557	0
0.034	0	0.008322680578822404	0	0	0	-0.03491159455050211	0
0.035	0	0.008759616079264216	0	0	0	-0.0367259290073405	0
0.036	0	0.0092081993938548	0	0	0	-0.03858710106187234	0
0.037	0	0.009668510270258905	0	0	0	-0.04049534012570481	0
0.038	0	0.01014062803749032	0	0	0	-0.04245087496746836	0
0.039	0	0.01062463545150759	0	0	0	-0.04445394386611993	0
0.04	0	0.01112061502776112	0	0	0	-0.04650478493489434	0
0.041	0	0.01162865299693891	0	0	0	-0.04860364654086922	0
0.042	0	0.01214883438603035	0	0	0	-0.05075077433403673	0
0.043	0	0.01268124861052479	0	0	0	-0.05294642599465413	0
0.044	0	0.01322598315321984	0	0	0	-0.05519085454359089	0
0.045	0	0.0137831305414501	0	0	0	-0.05748432675756628	0
0.046	0	0.01435278041323692	0	0	0	-0.05982710220902734	0
0.047	0	0.01493502809348811	0	0	0	-0.06221945591456685	0
0.048	0	0.01552996592686573	0	0	0	-0.06466165542286853	0
0.049	0	0.0161376905242776	0	0	0	-0.06715397995853518	0
0.05	0	0.0167582969100633	0	0	0	-0.06969670494060945	0
0.051	0	0.01739188417163767	0	0	0	-0.07229011690983923	0
0.052	0	0.01803854870353959	0	0	0	-0.07493449564159579	0
0.053	0	0.01869839063825109	0	0	0	-0.07763013115299669	0
0.054	0	0.01937150884014411	0	0	0	-0.08037731043441045	0
0.055	0	0.02005800477331044	0	0	0	-0.08317632768459912	0
0.056	0	0.02075797787997979	0	0	0	-0.08602747203258278	0
0.057	0	0.02147153056727024	0	0	0	-0.08893104074858392	0
0.058	0	0.02219876318772246	0	0	0	-0.09188732591732469	0
0.059	0	0.02293977893871641	0	0	0	-0.09489662739999015	0
0.06	0	0.02369467817054062	0	0	0	-0.09795923772300194	0
0.061	0	0.02446356395979421	0	0	0	-0.1010754568352153	0
0.062	0	0.02524653671261795	0	0	0	-0.104245577762821	0
0.063	0	0.02604369865682913	0	0	0	-0.1074698985045023	0
0.064	0	0.02685514970505633	0	0	0	-0.1107487110193309	0
0.065	0	0.02768099063494726	0	0	0	-0.114082309641152	0
0.066	0	0.02852132022984915	0	0	0	-0.1174709834507218	0
0.067	0	0.02937623716952312	0	0	0	-0.1209150212644713	0
0.068	0	0.03024583840245374	0	0	0	-0.1244147072728582	0
0.06900000000000001	0	0.03113021980633385	0	0	0	-0.1279703227567923	0
0.07000000000000001	0	0.03202947571874403	0	0	0	-0.131582144801173	0
0.07100000000000001	0	0.03294369845157476	0	0	0	-0.1352504449589519	0
0.07200000000000001	0	0.033872978884051	0	0	0	-0.1389754907878241	0
0.073	0	0.03481740493667802	0	0	0	-0.142757541739502	0
0.074	0	0.0357770631112583	0	0	0	-0.1465968532155447	0
0.075	0	0.03675203604816502	0	0	0	-0.1504936700086356	0
0.076	0	0.03774240488184951	0	0	0	-0.1544482325299161	0
0.077	0	0.03874824602051753	0	0	0	-0.1584607681705416	0
0.078	0	0.03976963417242214	0	0	0	-0.1625314993170552	0
0.079	0	0.04080663849957173	0	0	0	-0.1666606330358164	0
0.08	0	0.04185932615963257	0	0	0	-0.1708483704643715	0
0.081	0	0.04292775799534236	0	0	0	-0.1750948952490299	0
0.082	0	0.04401199242891363	0	0	0	-0.1794003838783791	0
0.083	0	0.04511208085654753	0	0	0	-0.1837649933257814	0
0.08400000000000001	0	0.04622807172665561	0	0	0	-0.1881888718756989	0
0.08500000000000001	0	0.04736000581443032	0	0	0	-0.192672146438604	0
0.08600000000000001	0	0.04850792031182297	0	0	0	-0.1972149334112159	0
0.08700000000000001	0	0.04967184416067513	0	0	0	-0.2018173261416176	0
0.08799999999999999	0	0.05085180198105021	0	0	0	-0.206479405360469	0
0.089	0	0.05204780964309112	0	0	0	-0.2112012272793073	0
0.09	0	0.05325987817763665	0	0	0	-0.2159828339779241	0
0.091	0	0.05448800814425381	0	0	0	-0.2208242382810863	0
0.092	0	0.05573219603238368	0	0	0	-0.2257254408077635	0
0.093	0	0.05699242744808202	0	0	0	-0.230686411684778	0
0.094	0	0.05826868165998177	0	0	0	-0.235707102657656	0
0.095	0	0.05956092672331716	0	0	0	-0.2407874339583408	0
0.096	0	0.06086912551860989	0	0	0	-0.2459273104239603	0
0.097	0	0.06219322767215247	0	0	0	-0.2511265998166779	0
0.098	0	0.06353317615997188	0	0	0	-0.2563851504329194	0
0.099	0	0.06488890212064706	0	0	0	-0.2617027771896587	0
0.1	0	0.06626032917315358	0	0	0	-0.2670792731130749	0
0.101	0	0.06764736761062523	0	0	0	-0.2725143937673048	0
0.102	0	0.06904991932091227	0	0	0	-0.278007870375681	0
0.103	0	0.07046787406629332	0	0	0	-0.2835593998559672	0
0.104	0	0.07190111280645964	0	0	0	-0.2891686536574689	0
0.105	0	0.07334950262872018	0	0	0	-0.2948352641809345	0
0.106	0	0.07481290112028939	0	0	0	-0.3005588364533184	0
0.107	0	0.07629115397488413	0	0	0	-0.3063389417590491	0
0.108	0	0.07778409599869515	0	0	0	-0.3121751202633622	0
0.109	0	0.07929154927216438	0	0	0	-0.3180668761473626	0
0.11	0	0.08081332611221663	0	0	0	-0.3240136855253753	0
0.111	0	0.08234922509919124	0	0	0	-0.3300149858500528	0
0.112	0	0.08389903524880279	0	0	0	-0.3360701870855121	0
0.113	0	0.08546253315643422	0	0	0	-0.3421786641133093	0
0.114	0	0.08703948410936642	0	0	0	-0.3483397597669368	0
0.115	0	0.08862964215085395	0	0	0	-0.3545527850446574	0
0.116	0	0.09023275052641708	0	0	0	-0.3608170203587612	0
0.117	0	0.09184854164365513	0	0	0	-0.3671317155080771	0
0.118	0	0.09347673659605035	0	0	0	-0.3734960885005173	0
0.119	0	0.09511704676967436	0	0	0	-0.3799093299179017	0
0.12	0	0.09676917318502644	0	0	0	-0.3863706012531732	0
0.121	0	0.09843280757372015	0	0	0	-0.3928790378954585	0
0.122	0	0.1001076310783944	0	0	0	-0.3994337457902948	0
0.123	0	0.1017933170913854	0	0	0	-0.4060338091125666	0
0.124	0	0.1034895297346258	0	0	0	-0.4126782863418357	0
0.125	0	0.1051959254857895	0	0	0	-0.4193662147431004	0
0.126	0	0.1069121521259409	0	0	0	-0.4260966077063971	0
0.127	0	0.1086378516809574	0	0	0	-0.4328684627011195	0
0.128	0	0.1103726578114579	0	0	0	-0.4396807545189983	0
0.129	0	0.11211619964269	0	0	0	-0.4465324455777777	0
0.13	0	0.1138680992460621	0	0	0	-0.4534224794190627	0
0.131	0	0.1156279749475663	0	0	0	-0.4603497896264307	0
0.132	0	0.1173954387961098	0	0	0	-0.467313293324307	0
0.133	0	0.1191701010685823	0	0	0	-0.474311903212134	0
0.134	0	0.1209515665642488	0	0	0	-0.4813445179889763	0
0.135	0	0.1227394390803067	0	0	0	-0.4884100343121521	0
0.136	0	0.124533318084467	0	0	0	-0.4955073382368621	0
0.137	0	0.1263328038384058	0	0	0	-0.5026353188128067	0
0.138	0	0.1281374932304153	0	0	0	-0.5097928573479689	0
0.139	0	0.1299469843712679	0	0	0	-0.5169788396147792	0
0.14	0	0.1317608733676946	0	0	0	-0.5241921476087449	0
0.141	0	0.1335787592373771	0	0	0	-0.5314316724808659	0
0.142	0	0.1354002396633183	0	0	0	-0.5386963036651368	0
0.143	0	0.1372249160292173	0	0	0	-0.5459849421821423	0
0.144	0	0.139052389144243	0	0	0	-0.553296489577251	0
0.145	0	0.140882265262189	0	0	0	-0.5606298637909435	0
0.146	0	0.1427141502190813	0	0	0	-0.5679839840057395	0
0.147	0	0.1445476566439833	0	0	0	-0.57535778952322	0
0.148	0	0.1463823970710003	0	0	0	-0.5827502219891605	0
0.149	0	0.1482179920830023	0	0	0	-0.5901602466191216	0
0.15	0	0.1500540625359444	0	0	0	-0.5975868321604513	0
0.151	0	0.151890237526433	0	0	0	-0.6050289715801896	0
0.152	0	0.1537261488117447	0	0	0	-0.6124856677353049	0
0.153	0	0.1555614345896507	0	0	0	-0.6199559432107762	0
0.154	0	0.1573957375074414	0	0	0	-0.6274388352248533	0
0.155	0	0.1592287072745665	0	0	0	-0.634933402403329	0
0.156	0	0.1610599982287871	0	0	0	-0.6424387185910611	0
0.157	0	0.1628892715698124	0	0	0	-0.6499538786186591	0
0.158	0	0.1647161938213358	0	0	0	-0.6574779943536261	0
0.159	0	0.1665404389670115	0	0	0	-0.6650102002054546	0
0.16	0	0.1683616864592085	0	0	0	-0.6725496480654687	0
0.161	0	0.1701796228222358	0	0	0	-0.6800955113463792	0
0.162	0	0.1719939404280392	0	0	0	-0.6876469819073763	0
0.163	0	0.1738043391858278	0	0	0	-0.695203274301234	0
0.164	0	0.1756105245245163	0	0	0	-0.7027636206517951	0
0.165	0	0.1774122096005562	0	0	0	-0.7103272761980148	0
0.166	0	0.1792091130123563	0	0	0	-0.7178935134945637	0
0.167	0	0.1810009607727	0	0	0	-0.7254616273362026	0
0.168	0	0.182787485223614	0	0	0	-0.7330309319883667	0
0.169	0	0.1845684247432695	0	0	0	-0.7406007603785963	0
0.17	0	0.1863435245522493	0	0	0	-0.7481704660514035	0
0.171	0	0.188112535896209	0	0	0	-0.7557394210903873	0
0.172	0	0.1898752167173499	0	0	0	-0.7633070176990268	0
0.173	0	0.1916313301885615	0	0	0	-0.7708726644832207	0
0.174	0	0.1933806463846317	0	0	0	-0.7784357904937286	0
0.175	0	0.1951229406350186	0	0	0	-0.7859958411085168	0
0.176	0	0.1968579947934019	0	0	0	-0.7935522810539221	0
0.177	0	0.1985855951641958	0	0	0	-0.8011045892152552	0
0.178	0	0.2003055348106644	0	0	0	-0.8086522641717842	0
0.179	0	0.2020176112734725	0	0	0	-0.8161948185690158	0
0.18	0	0.2037216282084149	0	0	0	-0.8237317829852073	0
0.181	0	0.205417393026484	0	0	0	-0.8312627000966738	0
0.182	0	0.2071047194939644	0	0	0	-0.8387871308334629	0
0.183	0	0.2087834252144805	0	0	0	-0.8463046482427081	0
0.184	0	0.2104533331567635	0	0	0	-0.8538148410346634	0
0.185	0	0.2121142698033923	0	0	0	-0.8613173090038063	0
0.186	0	0.2137660672703674	0	0	0	-0.868811668007647	0
0.187	0	0.2154085603567204	0	0	0	-0.8762975428109514	0
0.188	0	0.2170415893943236	0	0	0	-0.8837745737262188	0
0.189	0	0.2186649973673573	0	0	0	-0.8912424096836591	0
0.19	0	0.2202786319684186	0	0	0	-0.8987007129542326	0
0.191	0	0.2218823433879542	0	0	0	-0.9061491538311821	0
0.192	0	0.2234759865851061	0	0	0	-0.9135874158287869	0
0.193	0	0.2250594185193256	0	0	0	-0.921015189082688	0
0.194	0	0.2266325003671665	0	0	0	-0.9284321753944516	0
0.195	0	0.2281950951107961	0	0	0	-0.9358380824874253	0
0.196	0	0.2297470700205976	0	0	0	-0.9432326296629044	0
0.197	0	0.2312882937168868	0	0	0	-0.9506155408546975	0
0.198	0	0.2328186386482204	0	0	0	-0.9579865501996923	0
0.199	0	0.2343379782686521	0	0	0	-0.9653453954742557	0
0.2	0	0.2358461900655567	0	0	0	-0.9726918248430635	0
0.201	0	0.2373431517934422	0	0	0	-0.9800255881704771	0
0.202	0	0.2388287453393697	0	0	0	-0.9873464456541039	0
0.203	0	0.2403028522639111	0	0	0	-0.9946541576131792	0
0.204	0	0.2417653582705195	0	0	0	-1.001948494420659	0
0.205	0	0.2432161487158618	0	0	0	-1.009229226294721	0
0.206	0	0.2446551118958628	0	0	0	-1.016496130520934	0
0.207	0	0.2460821366491377	0	0	0	-1.023748985948013	0
0.208	0	0.2474971141814898	0	0	0	-1.030987576928732	0
0.209	0	0.2488999357827572	0	0	0	-1.038211688142493	0
0.21	0	0.2502904947601508	0	0	0	-1.045421108693025	0
0.211	0	0.2516686848261368	0	0	0	-1.052615628429951	0
0.212	0	0.2530344014186297	0	0	0	-1.059795040711276	0
0.213	0	0.2543875398979487	0	0	0	-1.066959138356179	0
0.214	0	0.2557279969477711	0	0	0	-1.074107716498764	0
0.215	0	0.2570556696363511	0	0	0	-1.081240570444841	0
0.216	0	0.2583704560539911	0	0	0	-1.088357496898285	0
0.217	0	0.2596722541143014	0	0	0	-1.095458291290255	0
0.218	0	0.260960962527675	0	0	0	-1.102542749621317	0
0.219	0	0.2622364802875728	0	0	0	-1.109610667316851	0
0.22	0	0.2634987066537464	0	0	0	-1.116661839036079	0
0.221	0	0.2647475409310454	0	0	0	-1.123696058022447	0
0.222	0	0.2659828827893789	0	0	0	-1.130713116670771	0
0.223	0	0.2672046315942905	0	0	0	-1.137712804976893	0
0.224	0	0.2684126870295982	0	0	0	-1.144694911717185	0
0.225	0	0.2696069486881981	0	0	0	-1.151659223399003	0
0.226	0	0.2707873157555258	0	0	0	-1.158605523547785	0
0.227	0	0.271953687600564	0	0	0	-1.165533593762437	0
0.228	0	0.2731059631827267	0	0	0	-1.172443212375134	0
0.229	0	0.274244041514645	0	0	0	-1.179334155199989	0
0.23	0	0.2753678208031267	0	0	0	-1.186206193768896	0
0.231	0	0.2764771995401685	0	0	0	-1.193059097378981	0
0.232	0	0.2775720755238535	0	0	0	-1.199892631010907	0
0.233	0	0.2786523466126862	0	0	0	-1.206706556622972	0
0.234	0	0.2797179096630771	0	0	0	-1.21350063110722	0
0.235	0	0.28076866192969	0	0	0	-1.220274608897363	0
0.236	0	0.2818044998587878	0	0	0	-1.227028239501153	0
0.237	0	0.2828253199063665	0	0	0	-1.233761268846873	0
0.238	0	0.2838310177251137	0	0	0	-1.240473438000431	0
0.239	0	0.2848214894010835	0	0	0	-1.247164485185455	0
0.24	0	0.2857966299182516	0	0	0	-1.253834142878786	0
0.241	0	0.2867563348917227	0	0	0	-1.260482141119915	0
0.242	0	0.2877004990955025	0	0	0	-1.267108204623649	0
0.243	0	0.2886290177424503	0	0	0	-1.273712055277225	0
0.244	0	0.2895417853383036	0	0	0	-1.280293409730401	0
0.245	0	0.2904386972493351	0	0	0	-1.286851982799232	0
0.246	0	0.2913196481426241	0	0	0	-1.293387484176864	0
0.247	0	0.2921845335429635	0	0	0	-1.299899621586578	0
0.248	0	0.293033248493887	0	0	0	-1.306388098161509	0
0.249	0	0.2938656893343802	0	0	0	-1.31285261613732	0
0.25	0	0.2946817520041191	0	0	0	-1.319292873542135	0
0.251	0	0.2954813339372014	0	0	0	-1.325708567828575	0
0.252	0	0.2962643321074235	0	0	0	-1.332099392522127	0
0.253	0	0.2970306456125734	0	0	0	-1.33846504204554	0
0.254	0	0.2977801735919191	0	0	0	-1.344805208070982	0
0.255	0	0.2985128169092952	0	0	0	-1.351119582641686	0
0.256	0	0.2992284769540802	0	0	0	-1.357407856450865	0
0.257	0	0.2999270575438153	0	0	0	-1.363669722215874	0
0.258	0	0.3006084626836371	0	0	0	-1.369904871025888	0
0.259	0	0.301272599374361	0	0	0	-1.376112997514079	0
0.26	0	0.3019193754547764	0	0	0	-1.382293796295729	0
0.261	0	0.3025487014531297	0	0	0	-1.388446965422195	0
0.262	0	0.3031604890939387	0	0	0	-1.394572204102698	0
0.263	0	0.3037546533649616	0	0	0	-1.400669216506706	0
0.264	0	0.3043311108005424	0	0	0	-1.406737709063754	0
0.265	0	0.3048897810834395	0	0	0	-1.412777393457595	0
0.266	0	0.3054305856347612	0	0	0	-1.418787984535335	0
0.267	0	0.3059534496179125	0	0	0	-1.424769203922093	0
0.268	0	0.306458300324962	0	0	0	-1.430720777573609	0
0.269	0	0.3069450684942552	0	0	0	-1.43664243821049	0
0.27	0	0.307413687112344	0	0	0	-1.442533923616019	0
0.271	0	0.3078640932584266	0	0	0	-1.44839497985571	0
0.272	0	0.3082962265507287	0	0	0	-1.454225359003912	0
0.273	0	0.3087100302149624	0	0	0	-1.460024821050597	0
0.274	0	0.3091054502983535	0	0	0	-1.4657931328371	0
0.275	0	0.309482436978784	0	0	0	-1.471530070361912	0
0.276	0	0.3098409429271158	0	0	0	-1.477235416293395	0
0.277	0	0.3101809249788215	0	0	0	-1.482908962802148	0
0.278	0	0.310502342911899	0	0	0	-1.488550509739768	0
0.279	0	0.3108051602256998	0	0	0	-1.494159865994715	0
0.28	0	0.3110893435352133	0	0	0	-1.499736848633406	0
0.281	0	0.3113548632344347	0	0	0	-1.505281283974605	0
0.282	0	0.3116016928172182	0	0	0	-1.510793006671295	0
0.283	0	0.3118298093566277	0	0	0	-1.516271860430277	0
0.284	0	0.3120391928138194	0	0	0	-1.521717697010575	0
0.285	0	0.3122298269531485	0	0	0	-1.527130377592468	0
0.286	0	0.3124016984958481	0	0	0	-1.532509771594609	0
0.287	0	0.3125547972917329	0	0	0	-1.537855756762271	0
0.288	0	0.3126891162838765	0	0	0	-1.543168219182444	0
0.289	0	0.3128046516101049	0	0	0	-1.548447053380281	0
0.29	0	0.3129014020506196	0	0	0	-1.553692161422882	0
0.291	0	0.3129793695622784	0	0	0	-1.558903453640784	0
0.292	0	0.3130385588273492	0	0	0	-1.564080847924568	0
0.293	0	0.3130789770960615	0	0	0	-1.569224269357551	0
0.294	0	0.3131006343755954	0	0	0	-1.574333650411352	0
0.295	0	0.3131035431824079	0	0	0	-1.579408930497091	0
0.296	0	0.3130877186536703	0	0	0	-1.584450056050732	0
0.297	0	0.3130531779576976	0	0	0	-1.589456979514193	0
0.298	0	0.312999940861576	0	0	0	-1.594429660041979	0
0.299	0	0.3129280291603287	0	0	0	-1.599368062587353	0
0.3	0	0.312837467032508	0	0	0	-1.604272158332512	0
0.301	0	0.312728280213977	0	0	0	-1.609141923303217	0
0.302	0	0.3126004968248743	0	0	0	-1.61397733943011	0
0.303	0	0.3124541466127745	0	0	0	-1.618778393380494	0
0.304	0	0.3122892613654815	0	0	0	-1.623545077100317	0
0.305	0	0.3121058741518447	0	0	0	-1.628277386419803	0
0.306	0	0.3119040201653725	0	0	0	-1.632975322258826	0
0.307	0	0.311683735651773	0	0	0	-1.637638889001314	0
0.308	0	0.3114450588041793	0	0	0	-1.642268095542898	0
0.309	0	0.3111880288358064	0	0	0	-1.646862953963999	0
0.31	0	0.3109126866402033	0	0	0	-1.651423480243592	0
0.311	0	0.310619073955808	0	0	0	-1.655949693140356	0
0.312	0	0.3103072342650736	0	0	0	-1.660441615073709	0
0.313	0	0.3099772116518881	0	0	0	-1.664899270681931	0
0.314	0	0.3096290517703784	0	0	0	-1.669322687880385	0
0.315	0	0.309262800743668	0	0	0	-1.673711896421293	0
0.316	0	0.3088785063252593	0	0	0	-1.678066929128147	0
0.317	0	0.3084762165196059	0	0	0	-1.68238782016573	0
0.318	0	0.3080559809108009	0	0	0	-1.686674606585048	0
0.319	0	0.3076178489474092	0	0	0	-1.690927326058227	0
0.32	0	0.3071618718548114	0	0	0	-1.695146019159137	0
0.321	0	0.3066881008424144	0	0	0	-1.699330727072838	0
0.322	0	0.3061965883207161	0	0	0	-1.7034814930481	0
0.323	0	0.305687386716781	0	0	0	-1.707598360757786	0
0.324	0	0.3051605499042911	0	0	0	-1.711681376050017	0
0.325	0	0.3046161312697793	0	0	0	-1.715730584503412	0
0.326	0	0.3040541857866347	0	0	0	-1.719746033833307	0
0.327	0	0.3034747680937105	0	0	0	-1.723727771542113	0
0.328	0	0.3028779338361441	0	0	0	-1.727675846422358	0
0.329	0	0.3022637385609584	0	0	0	-1.731590307253389	0
0.33	0	0.3016322388753269	0	0	0	-1.735471203975802	0
0.331	0	0.3009834911062829	0	0	0	-1.739318586180542	0
0.332	0	0.3003175524389691	0	0	0	-1.743132504314888	0
0.333	0	0.2996344798308835	0	0	0	-1.746913008428645	0
0.334	0	0.2989343312094397	0	0	0	-1.750660149408961	0
0.335	0	0.2982171641345137	0	0	0	-1.754373977481874	0
0.336	0	0.2974830369831784	0	0	0	-1.75805454349443	0
0.337	0	0.29673200770854	0	0	0	-1.761701897441389	0
0.338	0	0.2959641352638089	0	0	0	-1.765316090050993	0
0.339	0	0.2951794779434455	0	0	0	-1.768897170881687	0
0.34	0	0.2943780951063505	0	0	0	-1.772445190199168	0
0.341	0	0.2935600453520728	0	0	0	-1.775960196927655	0
0.342	0	0.2927253883748696	0	0	0	-1.779442240652643	0
0.343	0	0.2918741830741972	0	0	0	-1.782891369525786	0
0.344	0	0.2910064891924456	0	0	0	-1.78630763201376	0
0.345	0	0.2901223662230522	0	0	0	-1.789691075688453	0
0.346	0	0.2892218738306908	0	0	0	-1.793041747660904	0
0.347	0	0.2883050716793743	0	0	0	-1.796359694365447	0
0.348	0	0.2873720196560788	0	0	0	-1.799644961773134	0
0.349	0	0.2864227776650302	0	0	0	-1.802897595156022	0
0.35	0	0.2854574055386983	0	0	0	-1.806117638978504	0
0.351	0	0.2844759632477464	0	0	0	-1.80930513709285	0
0.352	0	0.2834785107926029	0	0	0	-1.812460132606825	0
0.353	0	0.2824651083012167	0	0	0	-1.815582667971487	0
0.354	0	0.28143581561391	0	0	0	-1.81867278454408	0
0.355	0	0.2803906928738903	0	0	0	-1.821730523176885	0
0.356	0	0.2793298000848981	0	0	0	-1.824755923747237	0
0.357	0	0.2782531974003856	0	0	0	-1.827749025443835	0
0.358	0	0.2771609446448999	0	0	0	-1.830709866282494	0
0.359	0	0.2760531020511236	0	0	0	-1.833638483821222	0
0.36	0	0.2749297293442052	0	0	0	-1.83653491425008	0
0.361	0	0.2737908867552002	0	0	0	-1.839399193382863	0
0.362	0	0.272636633984962	0	0	0	-1.842231355632697	0
0.363	0	0.2714670310899265	0	0	0	-1.845031434872445	0
0.364	0	0.2702821376533731	0	0	0	-1.847799463621111	0
0.365	0	0.2690820138449895	0	0	0	-1.850535474069707	0
0.366	0	0.2678667190525374	0	0	0	-1.853239496758026	0
0.367	0	0.2666363132097038	0	0	0	-1.855911561845411	0
0.368	0	0.2653908556195394	0	0	0	-1.858551697982066	0
0.369	0	0.2641304063089117	0	0	0	-1.86115993359895	0
0.37	0	0.262855024346115	0	0	0	-1.863736295316217	0
0.371	0	0.2615647693983786	0	0	0	-1.86628080940846	0
0.372	0	0.2602597005494404	0	0	0	-1.868793500691495	0
0.373	0	0.2589398774958089	0	0	0	-1.871274393648656	0
0.374	0	0.2576053588479628	0	0	0	-1.873723510843444	0
0.375	0	0.2562562041780337	0	0	0	-1.876140874831209	0
0.376	0	0.254892472200396	0	0	0	-1.878526506468603	0
0.377	0	0.2535142221475218	0	0	0	-1.880880426186835	0
0.378	0	0.2521215123230336	0	0	0	-1.883202652666383	0
0.379	0	0.2507144019311589	0	0	0	-1.885493204523312	0
0.38	0	0.2492929493011399	0	0	0	-1.887752098681677	0
0.381	0	0.2478572131936837	0	0	0	-1.889979351566341	0
0.382	0	0.2464072516463089	0	0	0	-1.892174978071753	0
0.383	0	0.2449431234317013	0	0	0	-1.894338992871168	0
0.384	0	0.2434648861270718	0	0	0	-1.896471408696951	0
0.385	0	0.2419725984657433	0	0	0	-1.898572238439734	0
0.386	0	0.2404663178317296	0	0	0	-1.900641492932784	0
0.387	0	0.2389461023938792	0	0	0	-1.902679182843936	0
0.388	0	0.2374120095013174	0	0	0	-1.90468531726776	0
0.389	0	0.2358640972089875	0	0	0	-1.906659905068708	0
0.39	0	0.23430242247153	0	0	0	-1.908602953314972	0
0.391	0	0.2327270428779998	0	0	0	-1.910514468790595	0
0.392	0	0.2311380152722336	0	0	0	-1.912394456809421	0
0.393	0	0.2295353971614751	0	0	0	-1.914242922434306	0
0.394	0	0.2279192449591917	0	0	0	-1.916059868978659	0
0.395	0	0.2262896155975924	0	0	0	-1.917845299389282	0
0.396	0	0.2246465654057525	0	0	0	-1.919599215306708	0
0.397	0	0.2229901512797939	0	0	0	-1.921321618055264	0
0.398	0	0.221320429010413	0	0	0	-1.923012507244737	0
0.399	0	0.2196374548667974	0	0	0	-1.92467188210314	0
0.4	0	0.2179412846686686	0	0	0	-1.926299740724102	0
0.401	0	0.2162319743791763	0	0	0	-1.927896080553634	0
0.402	0	0.2145095792438767	0	0	0	-1.929460897685631	0
0.403	0	0.2127741551211975	0	0	0	-1.930994187980692	0
0.404	0	0.2110257566947233	0	0	0	-1.932495945585605	0
0.405	0	0.2092644393925738	0	0	0	-1.933966164538104	0
0.406	0	0.2074902579059165	0	0	0	-1.935404837540922	0
0.407	0	0.2057032669794173	0	0	0	-1.936811956634135	0
0.408	0	0.2039035208505839	0	0	0	-1.938187512735936	0
0.409	0	0.2020910739815172	0	0	0	-1.939531496253701	0
0.41	0	0.2002659803596978	0	0	0	-1.940843896514564	0
0.411	0	0.1984282938414884	0	0	0	-1.942124702066066	0
0.412	0	0.1965780678926126	0	0	0	-1.943373900466826	0
0.413	0	0.1947153560742552	0	0	0	-1.944591478691582	0
0.414	0	0.1928402115705019	0	0	0	-1.945777422748622	0
0.415	0	0.1909526872737642	0	0	0	-1.946931717775164	0
0.416	0	0.1890528357959722	0	0	0	-1.948054348044425	0
0.417	0	0.1871407097623431	0	0	0	-1.949145297213019	0
0.418	0	0.1852163614064458	0	0	0	-1.950204547991521	0
0.419	0	0.1832798426334005	0	0	0	-1.951232082234083	0
0.42	0	0.181331205228644	0	0	0	-1.95222788108694	0
0.421	0	0.1793705006712589	0	0	0	-1.953191924858831	0
0.422	0	0.1773977801227908	0	0	0	-1.954124193020776	0
0.423	0	0.1754130945722502	0	0	0	-1.955024664328106	0
0.424	0	0.1734164947581703	0	0	0	-1.955893316770809	0
0.425	0	0.1714080308914178	0	0	0	-1.956730127349666	0
0.426	0	0.1693877532689453	0	0	0	-1.95753507259562	0
0.427	0	0.1673557115986114	0	0	0	-1.958308128021302	0
0.428	0	0.165311955554905	0	0	0	-1.959049268579599	0
0.429	0	0.1632565341093871	0	0	0	-1.959758468131864	0
0.43	0	0.161189496438045	0	0	0	-1.960435700194275	0
0.431	0	0.1591108909592493	0	0	0	-1.961080937169367	0
0.432	0	0.1570207662038841	0	0	0	-1.961694151035997	0
0.433	0	0.1549191698145311	0	0	0	-1.962275312591805	0
0.434	0	0.1528061498011664	0	0	0	-1.962824392424679	0
0.435	0	0.1506817530481114	0	0	0	-1.963341359765715	0
0.436	0	0.1485460270090072	0	0	0	-1.963826183811879	0
0.437	0	0.1463990177749867	0	0	0	-1.964278832235233	0
0.438	0	0.1442407720517584	0	0	0	-1.964699272724499	0
0.439	0	0.1420713354123446	0	0	0	-1.965087471638364	0
0.44	0	0.1398907537601988	0	0	0	-1.965443395140303	0
0.441	0	0.1376990717467604	0	0	0	-1.965767007989766	0
0.442	0	0.1354963346696172	0	0	0	-1.966058275015126	0
0.443	0	0.133282586570975	0	0	0	-1.966317159647276	0
0.444	0	0.1310578717454838	0	0	0	-1.966543625097543	0
0.445	0	0.128822233393633	0	0	0	-1.966737633307225	0
0.446	0	0.126575715184142	0	0	0	-1.966899146192602	0
0.447	0	0.1243183595166732	0	0	0	-1.967028124283625	0
0.448	0	0.1220502091687596	0	0	0	-1.967124528004291	0
0.449	0	0.1197713055747809	0	0	0	-1.967188316365767	0
0.45	0	0.1174816908119303	0	0	0	-1.967219448489079	0
0.451	0	0.1151814053714687	0	0	0	-1.967217881901379	0
0.452	0	0.1128704904795271	0	0	0	-1.967183574326022	0
0.453	0	0.1105489856963733	0	0	0	-1.967116481841955	0
0.454	0	0.1082169313578088	0	0	0	-1.967016560766925	0
0.455	0	0.1058743660804386	0	0	0	-1.966883765744017	0
0.456	0	0.103521329262637	0	0	0	-1.966718051670915	0
0.457	0	0.1011578585703527	0	0	0	-1.966519371770348	0
0.458	0	0.09878399241086931	0	0	0	-1.966287679499156	0
0.459	0	0.09639976749598224	0	0	0	-1.966022926676654	0
0.46	0	0.09400522114220651	0	0	0	-1.965725065261057	0
0.461	0	0.09160038931237503	0	0	0	-1.965394045845927	0
0.462	0	0.08918530786161409	0	0	0	-1.965029818621462	0
0.463	0	0.08676001201635568	0	0	0	-1.964632332980795	0
0.464	0	0.08432453657361696	0	0	0	-1.964201537676486	0
0.465	0	0.08187891561115791	0	0	0	-1.963737380600806	0
0.466	0	0.07942318269380945	0	0	0	-1.963239808944371	0
0.467	0	0.07695737099137302	0	0	0	-1.962708769297233	0
0.468	0	0.07448151298124078	0	0	0	-1.962144207419162	0
0.469	0	0.07199564057786639	0	0	0	-1.961546068344114	0
0.47	0	0.06949978497791472	0	0	0	-1.960914296254769	0
0.471	0	0.06699397717324623	0	0	0	-1.960248834896793	0
0.472	0	0.06447824720932634	0	0	0	-1.9595496269976	0
0.473	0	0.06195262466722131	0	0	0	-1.958816614646932	0
0.474	0	0.05941713835770056	0	0	0	-1.958049739044877	0
0.475	0	0.05687181683336173	0	0	0	-1.957248940932965	0
0.476	0	0.05431668755042358	0	0	0	-1.95641415991577	0
0.477	0	0.05175177783760033	0	0	0	-1.955545335231218	0
0.478	0	0.04917711382232429	0	0	0	-1.954642404905881	0
0.479	0	0.04659272152457611	0	0	0	-1.953705306620269	0
0.48	0	0.04399862585636431	0	0	0	-1.952733976916815	0
0.481	0	0.04139485148371774	0	0	0	-1.951728351887712	0
0.482	0	0.03878142181334115	0	0	0	-1.950688366354881	0
0.483	0	0.03615836032066587	0	0	0	-1.949613954955776	0
0.484	0	0.03352568909521274	0	0	0	-1.948505050958868	0
0.485	0	0.03088343011059546	0	0	0	-1.947361587290529	0
0.486	0	0.02823160392036932	0	0	0	-1.946183495473756	0
0.487	0	0.02557023123920502	0	0	0	-1.944970706926614	0
0.488	0	0.0228993312470488	0	0	0	-1.943723151572663	0
0.489	0	0.02021892312368048	0	0	0	-1.942440759079005	0
0.49	0	0.01752902441974277	0	0	0	-1.941123457552274	0
0.491	0	0.01482965305667326	0	0	0	-1.939771175145365	0
0.492	0	0.01212082487352455	0	0	0	-1.93838383806729	0
0.493	0	0.009402556411261189	0	0	0	-1.936961372848517	0
0.494	0	0.00667486204354465	0	0	0	-1.935503703998392	0
0.495	0	0.003937756431607259	0	0	0	-1.934010756009839	0
0.496	0	0.001191252554737409	0	0	0	-1.932482451737081	0
0.497	0	-0.001564636345734105	0	0	0	-1.930918714000538	0
0.498	0	-0.004329899039530603	0	0	0	-1.92931946370618	0
0.499	0	-0.007104524126302362	0	0	0	-1.927684621644096	0
0.5	0	-0.00988850186652436	0	0	0	-1.926014106962908	0
0.501	0	-0.01268182227883698	0	0	0	-1.924307838759369	0
0.502	0	-0.01548447745586897	0	0	0	-1.922565734138624	0
0.503	0	-0.01829645945008289	0	0	0	-1.920787709975406	0
0.504	0	-0.02111776173890347	0	0	0	-1.918973681678354	0
0.505	0	-0.02394837794189824	0	0	0	-1.917123564281091	0
0.506	0	-0.02678830368762305	0	0	0	-1.915237270840374	0
0.507	0	-0.02963753428593499	0	0	0	-1.913314714422115	0
0.508	0	-0.03249606676691247	0	0	0	-1.911355806351165	0
0.509	0	-0.03536389855776011	0	0	0	-1.909360457341125	0
0.51	0	-0.03824102863670058	0	0	0	-1.907328576496185	0
0.511	0	-0.04112745610897717	0	0	0	-1.905260072539527	0
0.512	0	-0.04402318158363153	0	0	0	-1.903154852609579	0
0.513	0	-0.04692820627048768	0	0	0	-1.901012823043596	0
0.514	0	-0.04984253282063617	0	0	0	-1.898833888635925	0
0.515	0	-0.0527661641855891	0	0	0	-1.896617953636596	0
0.516	0	-0.05569910470543099	0	0	0	-1.894364920782051	0
0.517	0	-0.05864135952943916	0	0	0	-1.892074691807194	0
0.518	0	-0.06159293511759833	0	0	0	-1.889747166990005	0
0.519	0	-0.06455383838184953	0	0	0	-1.887382245915646	0
0.52	0	-0.06752407758939533	0	0	0	-1.884979826654389	0
0.521	0	-0.07050366196201358	0	0	0	-1.882539806125539	0
0.522	0	-0.07349260175600365	0	0	0	-1.880062080013454	0
0.523	0	-0.07649090809739133	0	0	0	-1.87754654291062	0
0.524	0	-0.07949859345459703	0	0	0	-1.874993087883649	0
0.525	0	-0.08251567100952958	0	0	0	-1.872401607040344	0
0.526	0	-0.08554215512529538	0	0	0	-1.869771991099093	0
0.527	0	-0.08857806140954441	0	0	0	-1.867104129311166	0
0.528	0	-0.09162340622364169	0	0	0	-1.864397909930905	0
0.529	0	-0.09467820724127207	0	0	0	-1.861653219672748	0
0.53	0	-0.09774248299747261	0	0	0	-1.858869944133799	0
0.531	0	-0.1008162534672472	0	0	0	-1.856047967244414	0
0.532	0	-0.1038995393088799	0	0	0	-1.85318717197934	0
0.533	0	-0.1069923627486563	0	0	0	-1.850287439507105	0
0.534	0	-0.110094746594151	0	0	0	-1.847348650135803	0
0.535	0	-0.1132067154259549	0	0	0	-1.844370682155196	0
0.536	0	-0.1163282941947416	0	0	0	-1.84135341319677	0
0.537	0	-0.1194595098853576	0	0	0	-1.838296718604411	0
0.538	0	-0.1226003896024763	0	0	0	-1.835200473310167	0
0.539	0	-0.1257509627854418	0	0	0	-1.832064549646664	0
0.54	0	-0.1289112587584107	0	0	0	-1.828888819772387	0
0.541	0	-0.1320813092087881	0	0	0	-1.825673153203965	0
0.542	0	-0.1352611460653776	0	0	0	-1.822417418934033	0
0.543	0	-0.1384508032880655	0	0	0	-1.81912148363248	0
0.544	0	-0.1416503149538734	0	0	0	-1.815785213582501	0
0.545	0	-0.1448597175603283	0	0	0	-1.812408472340475	0
0.546	0	-0.1480790477735596	0	0	0	-1.808991123033548	0
0.547	0	-0.1513083444025737	0	0	0	-1.805533026338403	0
0.548	0	-0.1545476462383055	0	0	0	-1.802034042715403	0
0.549	0	-0.1577969946841641	0	0	0	-1.798494029681231	0
0.55	0	-0.1610564313255961	0	0	0	-1.794912844345093	0
0.551	0	-0.1643259996950459	0	0	0	-1.791290341575691	0
0.552	0	-0.1676057436243995	0	0	0	-1.78762637573184	0
0.553	0	-0.1708957095648602	0	0	0	-1.783920798219258	0
0.554	0	-0.174195943713747	0	0	0	-1.780173460559612	0
0.555	0	-0.1775064946161953	0	0	0	-1.776384211615955	0
0.556	0	-0.1808274112457536	0	0	0	-1.772552899679425	0
0.5570000000000001	0	-0.1841587448248367	0	0	0	-1.768679370495453	0
0.5580000000000001	0	-0.1875005466072009	0	0	0	-1.764763469703546	0
0.5590000000000001	0	-0.1908528700539871	0	0	0	-1.76080504047429	0
0.5600000000000001	0	-0.1942157691299528	0	0	0	-1.756803925410992	0
0.5610000000000001	0	-0.1975893000092427	0	0	0	-1.752759964663813	0
0.5620000000000001	0	-0.2009735189386311	0	0	0	-1.748672998339612	0
0.5630000000000001	0	-0.2043684842475615	0	0	0	-1.744542864286047	0
0.5640000000000001	0	-0.2077742549227032	0	0	0	-1.740369399724903	0
0.5650000000000001	0	-0.2111908919972098	0	0	0	-1.736152439693506	0
0.5660000000000001	0	-0.2146184566639431	0	0	0	-1.731891819227013	0
0.5670000000000001	0	-0.2180570120744737	0	0	0	-1.727587371354607	0
0.5680000000000001	0	-0.2215066222067766	0	0	0	-1.723238928433453	0
0.5690000000000001	0	-0.2249673526228975	0	0	0	-1.71884632128633	0
0.5700000000000001	0	-0.2284392694082684	0	0	0	-1.714409380519834	0
0.5710000000000001	0	-0.2319224407020523	0	0	0	-1.709927934750181	0
0.5720000000000001	0	-0.2354169349110833	0	0	0	-1.705401812768156	0
0.5730000000000001	0	-0.2389228221256228	0	0	0	-1.700830841913012	0
0.5740000000000001	0	-0.2424401734127851	0	0	0	-1.696214848980369	0
0.5750000000000001	0	-0.245969060958892	0	0	0	-1.691553660100695	0
0.5760000000000001	0	-0.249509557906572	0	0	0	-1.686847100978813	0
0.577	0	-0.2530617385534683	0	0	0	-1.682094996771409	0
0.578	0	-0.2566256782115289	0	0	0	-1.677297172287146	0
0.579	0	-0.2602014533739614	0	0	0	-1.67245345186526	0
0.58	0	-0.2637891411728847	0	0	0	-1.667563660111991	0
0.581	0	-0.2673888198301066	0	0	0	-1.662627621482952	0
0.582	0	-0.2710005686470808	0	0	0	-1.6576451602817	0
0.583	0	-0.2746244675456919	0	0	0	-1.65261610139667	0
0.584	0	-0.278260597461015	0	0	0	-1.647540269875071	0
0.585	0	-0.281909040133822	0	0	0	-1.642417491278273	0
0.586	0	-0.2855698779881004	0	0	0	-1.637247591926886	0
0.587	0	-0.2892431940381762	0	0	0	-1.632030399177873	0
0.588	0	-0.2929290724163152	0	0	0	-1.626765740755901	0
0.589	0	-0.2966275973918424	0	0	0	-1.621453446186925	0
0.59	0	-0.3003388541591749	0	0	0	-1.616093345853786	0
0.591	0	-0.3040629280353682	0	0	0	-1.6106852722278	0
0.592	0	-0.3077999054732395	0	0	0	-1.605229058523319	0
0.593	0	-0.3115498726502483	0	0	0	-1.599724540753087	0
0.594	0	-0.31531291660886	0	0	0	-1.594171556279558	0
0.595	0	-0.3190891241861011	0	0	0	-1.588569945461984	0
0.596	0	-0.3228785832691131	0	0	0	-1.582919549895258	0
0.597	0	-0.3266813810812617	0	0	0	-1.577220214943133	0
0.598	0	-0.3304976056070254	0	0	0	-1.571471787845991	0
0.599	0	-0.3343273443676897	0	0	0	-1.565674119629763	0
0.6	0	-0.3381706856546208	0	0	0	-1.55982706321654	0
0.601	0	-0.3420277167629437	0	0	0	-1.553930476213129	0
0.602	0	-0.3458985260297411	0	0	0	-1.54798421796215	0
0.603	0	-0.3497832005636272	0	0	0	-1.541988152879305	0
0.604	0	-0.3536818282145354	0	0	0	-1.53594214762851	0
0.605	0	-0.3575944957357344	0	0	0	-1.529846073888234	0
0.606	0	-0.361521290756369	0	0	0	-1.523699805363838	0
0.607	0	-0.3654622993588637	0	0	0	-1.517503221400077	0
0.608	0	-0.3694176084058194	0	0	0	-1.511256203504376	0
0.609	0	-0.3733873036435291	0	0	0	-1.504958638088832	0
0.61	0	-0.3773714712979372	0	0	0	-1.498610414119951	0
0.611	0	-0.3813701963077489	0	0	0	-1.492211425453182	0
0.612	0	-0.3853835643626475	0	0	0	-1.485761567798514	0
0.613	0	-0.389411659706661	0	0	0	-1.479260741913982	0
0.614	0	-0.3934545679236034	0	0	0	-1.472708849031754	0
0.615	0	-0.3975123727348118	0	0	0	-1.466105795680001	0
0.616	0	-0.4015851590054734	0	0	0	-1.459451488737101	0
0.617	0	-0.4056730106968113	0	0	0	-1.452745838417829	0
0.618	0	-0.4097760128915682	0	0	0	-1.445988754675478	0
0.619	0	-0.4138942494192883	0	0	0	-1.439180150762264	0
0.62	0	-0.4180278060313149	0	0	0	-1.432319937697963	0
0.621	0	-0.4221767676237817	0	0	0	-1.425408028430421	0
0.622	0	-0.4263412206429995	0	0	0	-1.418444333490545	0
0.623	0	-0.4305212513929763	0	0	0	-1.411428763336984	0
0.624	0	-0.4347169483520404	0	0	0	-1.404361224109229	0
0.625	0	-0.4389284000408678	0	0	0	-1.397241620680753	0
0.626	0	-0.4431556972036134	0	0	0	-1.390069852541651	0
0.627	0	-0.4473989316332189	0	0	0	-1.38284581529858	0
0.628	0	-0.4516581976634589	0	0	0	-1.375569397580377	0
0.629	0	-0.455933590916006	0	0	0	-1.368240482827888	0
0.63	0	-0.4602252100753024	0	0	0	-1.360858945573197	0
0.631	0	-0.464533155900625	0	0	0	-1.353424652745082	0
0.632	0	-0.4688575328876157	0	0	0	-1.345937460237475	0
0.633	0	-0.4731984476635683	0	0	0	-1.338397215322377	0
0.634	0	-0.4775560109825385	0	0	0	-1.330803752499186	0
0.635	0	-0.4819303369772086	0	0	0	-1.323156894520313	0
0.636	0	-0.4863215442729336	0	0	0	-1.31545644986548	0
0.637	0	-0.4907297549898155	0	0	0	-1.307702214209993	0
0.638	0	-0.495155096284969	0	0	0	-1.299893967045405	0
0.639	0	-0.499597699859686	0	0	0	-1.292031472398641	0
0.64	0	-0.5040577028500641	0	0	0	-1.284114476728987	0
0.641	0	-0.5085352470112036	0	0	0	-1.276142710190237	0
0.642	0	-0.5130304800581792	0	0	0	-1.268115883618741	0
0.643	0	-0.5175435553360275	0	0	0	-1.260033689129305	0
0.644	0	-0.5220746324341026	0	0	0	-1.251895798546064	0
0.645	0	-0.5266238765991065	0	0	0	-1.243701864364392	0
0.646	0	-0.5311914598778602	0	0	0	-1.235451517120779	0
0.647	0	-0.5357775608765318	0	0	0	-1.227144366008458	0
0.648	0	-0.5403823649725192	0	0	0	-1.21877999806868	0
0.649	0	-0.545006064404019	0	0	0	-1.210357977902766	0
0.65	0	-0.5496488587997609	0	0	0	-1.201877846523319	0
0.651	0	-0.5543109550540507	0	0	0	-1.19333912148013	0
0.652	0	-0.5589925673362742	0	0	0	-1.184741296654844	0
0.653	0	-0.5636939178526105	0	0	0	-1.176083840854582	0
0.654	0	-0.5684152362077326	0	0	0	-1.167366198844104	0
0.655	0	-0.5731567603661611	0	0	0	-1.158587789398428	0
0.656	0	-0.5779187357452754	0	0	0	-1.149748007158826	0
0.657	0	-0.5827014169383155	0	0	0	-1.140846218872197	0
0.658	0	-0.5875050656529338	0	0	0	-1.131881767978864	0
0.659	0	-0.5923299530004865	0	0	0	-1.122853969571477	0
0.66	0	-0.5971763577185295	0	0	0	-1.113762114079306	0
0.661	0	-0.6020445684340151	0	0	0	-1.10460546271937	0
0.662	0	-0.606934880950203	0	0	0	-1.095383253188867	0
0.663	0	-0.6118476009992091	0	0	0	-1.086094693811234	0
0.664	0	-0.6167830421950355	0	0	0	-1.076738967829322	0
0.665	0	-0.6217415284258527	0	0	0	-1.067315228556628	0
0.666	0	-0.6267233907247934	0	0	0	-1.057822606127927	0
0.667	0	-0.6317289704763887	0	0	0	-1.048260200563221	0
0.668	0	-0.636758616861632	0	0	0	-1.038627087337033	0
0.669	0	-0.641812689615788	0	0	0	-1.028922311644817	0
0.67	0	-0.6468915553157315	0	0	0	-1.019144896648784	0
0.671	0	-0.6519955909744405	0	0	0	-1.00929383560822	0
0.672	0	-0.6571251812312131	0	0	0	-0.9993680981787592	0
0.673	0	-0.6622807206621394	0	0	0	-0.9893666257217775	0
0.674	0	-0.6674626103404798	0	0	0	-0.9792883389757475	0
0.675	0	-0.6726712621564208	0	0	0	-0.9691321286523955	0
0.676	0	-0.6779070933834469	0	0	0	-0.9588968679985627	0
0.677	0	-0.6831705311799801	0	0	0	-0.9485814028468816	0
0.678	0	-0.6884620083308862	0	0	0	-0.9381845616224413	0
0.679	0	-0.6937819667385431	0	0	0	-0.9277051477679465	0
0.68	0	-0.6991308522824642	0	0	0	-0.9171419519872722	0
0.681	0	-0.7045091190454846	0	0	0	-0.9064937428984204	0
0.6820000000000001	0	-0.7099172247358366	0	0	0	-0.895759278204628	0
0.6830000000000001	0	-0.7153556334322204	0	0	0	-0.8849372987839949	0
0.6840000000000001	0	-0.7208248107896706	0	0	0	-0.8740265406907497	0
0.6850000000000001	0	-0.7263252271301451	0	0	0	-0.8630257284531494	0
0.6860000000000001	0	-0.731857353156127	0	0	0	-0.8519335860250463	0
0.6870000000000001	0	-0.7374216614641068	0	0	0	-0.8407488339709959	0
0.6880000000000001	0	-0.7430186217905501	0	0	0	-0.8294702018323898	0
0.6890000000000001	0	-0.7486487029866122	0	0	0	-0.8180964243389069	0
0.6900000000000001	0	-0.754312368208064	0	0	0	-0.8066262540746342	0
0.6910000000000001	0	-0.7600100765643235	0	0	0	-0.7950584587506266	0
0.6920000000000001	0	-0.7657422759388517	0	0	0	-0.783391839857846	0
0.6930000000000001	0	-0.7715094051157649	0	0	0	-0.77162522907487	0
0.6940000000000001	0	-0.77731188856976	0	0	0	-0.759757502317309	0
0.6950000000000001	0	-0.7831501350761623	0	0	0	-0.7477875850155437	0
0.6960000000000001	0	-0.7890245316739108	0	0	0	-0.7357144687212082	0
0.6970000000000001	0	-0.7949354442063815	0	0	0	-0.723537211692682	0
0.6980000000000001	0	-0.800883209271168	0	0	0	-0.7112549609524206	0
0.6990000000000001	0	-0.806868132520225	0	0	0	-0.6988669588513516	0
0.7000000000000001	0	-0.8128904827169702	0	0	0	-0.6863725600108999	0
0.7010000000000001	0	-0.8189504879544333	0	0	0	-0.6737712435804688	0
0.7020000000000001	0	-0.8250483284588648	0	0	0	-0.6610626338400331	0
0.7030000000000001	0	-0.831184132359494	0	0	0	-0.6482465136185737	0
0.704	0	-0.8373579684029494	0	0	0	-0.6353228459220815	0
0.705	0	-0.8435698409814808	0	0	0	-0.6222917888540701	0
0.706	0	-0.8498196812314464	0	0	0	-0.6091537220646589	0
0.707	0	-0.8561073406538559	0	0	0	-0.5959092662123948	0
0.708	0	-0.8624325852719782	0	0	0	-0.582559300494072	0
0.709	0	-0.8687950869578258	0	0	0	-0.5691049884499997	0
0.71	0	-0.8751944151998113	0	0	0	-0.5555478024694787	0
0.711	0	-0.8816300295386761	0	0	0	-0.5418895467998944	0
0.712	0	-0.888101275569015	0	0	0	-0.5281323695806255	0
0.713	0	-0.8946073735566276	0	0	0	-0.5142787964117839	0
0.714	0	-0.9011474150062561	0	0	0	-0.5003317412939202	0
0.715	0	-0.9077203560523206	0	0	0	-0.4862945260125694	0
0.716	0	-0.9143250124594386	0	0	0	-0.4721708952184118	0
0.717	0	-0.9209600546357288	0	0	0	-0.4579650312715586	0
0.718	0	-0.9276240096407913	0	0	0	-0.4436815488037441	0
0.719	0	-0.9343152545258955	0	0	0	-0.4293255135588475	0
0.72	0	-0.9410320227369736	0	0	0	-0.4149024245924264	0
0.721	0	-0.9477724021886835	0	0	0	-0.4004182187768651	0
0.722	0	-0.9545343446545146	0	0	0	-0.3858792438528727	0
0.723	0	-0.9613156670711663	0	0	0	-0.3712922532788505	0
0.724	0	-0.9681140689128958	0	0	0	-0.3566643557775205	0
0.725	0	-0.9749271349485213	0	0	0	-0.3420030052949097	0
0.726	0	-0.9817523558355566	0	0	0	-0.3273159411396978	0
0.727	0	-0.9885871379964483	0	0	0	-0.3126111566159286	0
0.728	0	-0.995428826384941	0	0	0	-0.2978968329802591	0
0.729	0	-1.002274716872856	0	0	0	-0.2831812996886439	0
0.73	0	-1.009122082079643	0	0	0	-0.2684729596402983	0
0.731	0	-1.015968185636782	0	0	0	-0.2537802442824251	0
0.732	0	-1.022810310200953	0	0	0	-0.2391115319245527	0
0.733	0	-1.029645768126658	0	0	0	-0.2244751128643488	0
0.734	0	-1.036471930168161	0	0	0	-0.2098791061878539	0
0.735	0	-1.043286237461845	0	0	0	-0.1953314216371253	0
0.736	0	-1.05008622572679	0	0	0	-0.1808396891706999	0
0.737	0	-1.056869530758515	0	0	0	-0.1664112396119104	0
0.738	0	-1.063633911963976	0	0	0	-0.1520530368990149	0
0.739	0	-1.070377256533482	0	0	0	-0.1377716632010241	0
0.74	0	-1.077097595780504	0	0	0	-0.1235732720705016	0
0.741	0	-1.083793101604452	0	0	0	-0.1094635959757953	0
0.742	0	-1.090462101697047	0	0	0	-0.09544790351265814	0
0.743	0	-1.097103074619082	0	0	0	-0.08153101174820956	0
0.744	0	-1.103714657482604	0	0	0	-0.06771726520068441	0
0.745	0	-1.110295634547585	0	0	0	-0.05401056695337149	0
0.746	0	-1.116844944709163	0	0	0	-0.04041435892134682	0
0.747	0	-1.123361669794695	0	0	0	-0.02693165457618097	0
0.748	0	-1.129845036271496	0	0	0	-0.01356503572941212	0
0.749	0	-1.13629439933531	0	0	0	-0.000316697207825869	0
0.75	0	-1.142709245590104	0	0	0	0.012811558536357	0
0.751	0	-1.149089178720659	0	0	0	0.02581828057238267	0
0.752	0	-1.155433916536845	0	0	0	0.03870235941199855	0
0.753	0	-1.161743277271009	0	0	0	0.05146298801740341	0
0.754	0	-1.168017178934084	0	0	0	0.06409965720522265	0
0.755	0	-1.174255622908776	0	0	0	0.07661210991178716	0
0.756	0	-1.180458693479246	0	0	0	0.08900033710125932	0
0.757	0	-1.186626545049876	0	0	0	0.1012645414877381	0
0.758	0	-1.192759399092224	0	0	0	0.1134051269295062	0
0.759	0	-1.198857532845506	0	0	0	0.1254226665234074	0
0.76	0	-1.204921276736919	0	0	0	0.1373178932040274	0
0.761	0	-1.210951006326931	0	0	0	0.1490916767347487	0
0.762	0	-1.216947136781651	0	0	0	0.160745006661545	0
0.763	0	-1.222910117559417	0	0	0	0.1722789771511705	0
0.764	0	-1.228840428415384	0	0	0	0.1836947742740748	0
0.765	0	-1.234738573864077	0	0	0	0.1949936599408674	0
0.766	0	-1.24060508004133	0	0	0	0.2061769623088562	0
0.767	0	-1.246440490135186	0	0	0	0.2172460623961273	0
0.768	0	-1.252245361794	0	0	0	0.2282023860244654	0
0.769	0	-1.258020263630901	0	0	0	0.2390473935760037	0
0.77	0	-1.263765772604424	0	0	0	0.2497825721337549	0
0.771	0	-1.269482471849322	0	0	0	0.2604094288250806	0
0.772	0	-1.275170947985806	0	0	0	0.2709294830607815	0
0.773	0	-1.280831789875306	0	0	0	0.2813442624280365	0
0.774	0	-1.286465585691053	0	0	0	0.2916552945744119	0
0.775	0	-1.292072923622342	0	0	0	0.3018641080750641	0
0.776	0	-1.297654387527803	0	0	0	0.3119722211339474	0
0.777	0	-1.303210558730564	0	0	0	0.3219811452307823	0
0.778	0	-1.308742012549755	0	0	0	0.3318923761875693	0
0.779	0	-1.314249319849425	0	0	0	0.3417073972390236	0
0.78	0	-1.31973304334257	0	0	0	0.3514276699422069	0
0.781	0	-1.325193740136262	0	0	0	0.3610546396480314	0
0.782	0	-1.33063195831295	0	0	0	0.3705897271357103	0
0.783	0	-1.336048239240733	0	0	0	0.3800343336264655	0
0.784	0	-1.341443114006549	0	0	0	0.3893898323934812	0
0.785	0	-1.346817106598776	0	0	0	0.3986575757974727	0
0.786	0	-1.352170730152342	0	0	0	0.4078388863634479	0
0.787	0	-1.357504490603439	0	0	0	0.4169350652636515	0
0.788	0	-1.362818882111448	0	0	0	0.4259473814902057	0
0.789	0	-1.368114391811776	0	0	0	0.43487708279794	0
0.79	0	-1.37339149467296	0	0	0	0.4437253838195729	0
0.791	0	-1.37865065879528	0	0	0	0.4524934781765744	0
0.792	0	-1.383892339841797	0	0	0	0.4611825257687371	0
0.793	0	-1.389116986876547	0	0	0	0.4697936660544932	0
0.794	0	-1.394325036386678	0	0	0	0.4783280045547553	0
0.795	0	-1.399516918579782	0	0	0	0.4867866270929697	0
0.796	0	-1.404693051066443	0	0	0	0.4951705856768976	0
0.797	0	-1.409853845373174	0	0	0	0.5034809131300158	0
0.798	0	-1.414999701263349	0	0	0	0.5117186105388539	0
0.799	0	-1.420131011101976	0	0	0	0.5198846570109267	0
0.8	0	-1.425248157362922	0	0	0	0.5279800042934011	0
0.801	0	-1.430351514887043	0	0	0	0.5360055818323073	0
0.802	0	-1.435441448577018	0	0	0	0.5439622918588284	0
0.803	0	-1.440518315742217	0	0	0	0.5518510145956215	0
0.804	0	-1.445582464836499	0	0	0	0.5596726056936664	0
0.805	0	-1.450634236920231	0	0	0	0.5674278994878472	0
0.806	0	-1.455673963966537	0	0	0	0.5751177055064592	0
0.8070000000000001	0	-1.460701970581817	0	0	0	0.5827428122426371	0
0.8080000000000001	0	-1.465718573656424	0	0	0	0.5903039866800022	0
0.8090000000000001	0	-1.470724082505929	0	0	0	0.5978019746138192	0
0.8100000000000001	0	-1.475718798564845	0	0	0	0.6052375002073745	0
0.8110000000000001	0	-1.480703016463907	0	0	0	0.6126112684022875	0
0.8120000000000001	0	-1.485677023436805	0	0	0	0.6199239637940455	0
0.8130000000000001	0	-1.490641099499021	0	0	0	0.6271762512177514	0
0.8140000000000001	0	-1.495595518026254	0	0	0	0.6343687770666423	0
0.8150000000000001	0	-1.500540545447775	0	0	0	0.6415021687989703	0
0.8160000000000001	0	-1.505476441784084	0	0	0	0.6485770362276874	0
0.8170000000000001	0	-1.510403459911233	0	0	0	0.6555939700958985	0
0.8180000000000001	0	-1.515321847147005	0	0	0	0.6625535456120949	0
0.8190000000000001	0	-1.520231843816433	0	0	0	0.6694563195438963	0
0.8200000000000001	0	-1.525133684687111	0	0	0	0.6763028333073383	0
0.8210000000000001	0	-1.530027597585165	0	0	0	0.68309361038789	0
0.8220000000000001	0	-1.53491380535023	0	0	0	0.6898291603801606	0
0.8230000000000001	0	-1.539792524241855	0	0	0	0.6965099759453616	0
0.8240000000000001	0	-1.544663965295293	0	0	0	0.7031365356342815	0
0.8250000000000001	0	-1.549528333136921	0	0	0	0.7097093017782223	0
0.8260000000000001	0	-1.55438582788805	0	0	0	0.7162287243006311	0
0.8270000000000001	0	-1.559236642819322	0	0	0	0.7226952363196563	0
0.8280000000000001	0	-1.564080967108268	0	0	0	0.729109259662568	0
0.8290000000000001	0	-1.568918983583205	0	0	0	0.7354712006320804	0
0.8300000000000001	0	-1.573750870568216	0	0	0	0.7417814537004904	0
0.8310000000000001	0	-1.578576800249142	0	0	0	0.7480403985618754	0
0.8320000000000001	0	-1.583396940923428	0	0	0	0.7542484045350661	0
0.833	0	-1.588211454424705	0	0	0	0.7604058258453633	0
0.834	0	-1.593020498750761	0	0	0	0.7665130067221319	0
0.835	0	-1.59782422597482	0	0	0	0.7725702776250344	0
0.836	0	-1.602622784143124	0	0	0	0.7785779589257084	0
0.837	0	-1.607416315309772	0	0	0	0.7845363574190313	0
0.838	0	-1.612204957901279	0	0	0	0.7904457708336931	0
0.839	0	-1.616988844315004	0	0	0	0.7963064835483937	0
0.84	0	-1.621768103260598	0	0	0	0.8021187710429974	0
0.841	0	-1.626542857662574	0	0	0	0.8078828962020137	0
0.842	0	-1.631313226592157	0	0	0	0.813599112982879	0
0.843	0	-1.636079323593401	0	0	0	0.8192676635217362	0
0.844	0	-1.640841258281619	0	0	0	0.8248887811624702	0
0.845	0	-1.645599134447399	0	0	0	0.8304626872178881	0
0.846	0	-1.650353052447832	0	0	0	0.8359895953561728	0
0.847	0	-1.655103106991546	0	0	0	0.8414697078209854	0
0.848	0	-1.659849388479462	0	0	0	0.8469032179775389	0
0.849	0	-1.664591982167042	0	0	0	0.8522903089470152	0
0.85	0	-1.669330969275377	0	0	0	0.8576311557302231	0
0.851	0	-1.67406642533617	0	0	0	0.8629259224428653	0
0.852	0	-1.678798421818056	0	0	0	0.8681747653154153	0
0.853	0	-1.683527024709562	0	0	0	0.873377830409888	0
0.854	0	-1.688252295818167	0	0	0	0.8785352559490455	0
0.855	0	-1.692974291481034	0	0	0	0.8836471703136942	0
0.856	0	-1.69769306329479	0	0	0	0.8887136934282356	0
0.857	0	-1.702408657778933	0	0	0	0.8937349363535285	0
0.858	0	-1.707121116555524	0	0	0	0.89871100171976	0
0.859	0	-1.71183047590797	0	0	0	0.9036419831752455	0
0.86	0	-1.716536767087215	0	0	0	0.9085279660498196	0
0.861	0	-1.721240016082422	0	0	0	0.91336902713117	0
0.862	0	-1.725940243498943	0	0	0	0.918165234633065	0
0.863	0	-1.730637464732556	0	0	0	0.9229166486441711	0
0.864	0	-1.735331689497008	0	0	0	0.9276233205230813	0
0.865	0	-1.740022922279349	0	0	0	0.9322852938099009	0
0.866	0	-1.744711161634299	0	0	0	0.9369026032497452	0
0.867	0	-1.749396400828409	0	0	0	0.9414752760067667	0
0.868	0	-1.754078626927068	0	0	0	0.9460033303726784	0
0.869	0	-1.758757821728878	0	0	0	0.9504867774328619	0
0.87	0	-1.763433960465215	0	0	0	0.9549256191689555	0
0.871	0	-1.768107013145932	0	0	0	0.9593198507860344	0
0.872	0	-1.772776943077497	0	0	0	0.9636694585161749	0
0.873	0	-1.777443707979321	0	0	0	0.9679744215782285	0
0.874	0	-1.782107258927047	0	0	0	0.9722347107368033	0
0.875	0	-1.786767541399293	0	0	0	0.976450290056322	0
0.876	0	-1.791424494016697	0	0	0	0.9806211151116827	0
0.877	0	-1.796078049629117	0	0	0	0.9847471349056458	0
0.878	0	-1.800728134380152	0	0	0	0.9888282906010074	0
0.879	0	-1.805374668595847	0	0	0	0.9928645170147351	0
0.88	0	-1.810017565699098	0	0	0	0.9968557411623823	0
0.881	0	-1.814656733626424	0	0	0	1.000801884604054	0
0.882	0	-1.819292073448902	0	0	0	1.004702861444869	0
0.883	0	-1.823923480483767	0	0	0	1.008558580277793	0
0.884	0	-1.828550843866235	0	0	0	1.01236894365453	0
0.885	0	-1.833174046870245	0	0	0	1.01613384870361	0
0.886	0	-1.83779296693083	0	0	0	1.019853187329131	0
0.887	0	-1.842407475882329	0	0	0	1.023526846707278	0
0.888	0	-1.847017440103558	0	0	0	1.027154709628335	0
0.889	0	-1.851622720732572	0	0	0	1.030736654941279	0
0.89	0	-1.856223173918787	0	0	0	1.034272558037012	0
0.891	0	-1.860818651045719	0	0	0	1.037762291280334	0
0.892	0	-1.865408999049519	0	0	0	1.041205724569977	0
0.893	0	-1.869994060673384	0	0	0	1.044602725791808	0
0.894	0	-1.874573674829042	0	0	0	1.047953161413601	0
0.895	0	-1.879147676886058	0	0	0	1.051256896962356	0
0.896	0	-1.883715899053381	0	0	0	1.054513797620714	0
0.897	0	-1.888278170705698	0	0	0	1.057723728729522	0
0.898	0	-1.892834318760959	0	0	0	1.060886556348909	0
0.899	0	-1.897384168040895	0	0	0	1.064002147781041	0
0.9	0	-1.901927541621051	0	0	0	1.067070372064178	0
0.901	0	-1.906464261220216	0	0	0	1.07009110050835	0
0.902	0	-1.910994147501535	0	0	0	1.073064207092814	0
0.903	0	-1.915517020483006	0	0	0	1.075989569004721	0
0.904	0	-1.920032699772867	0	0	0	1.078867066920375	0
0.905	0	-1.924541004991823	0	0	0	1.081696585535929	0
0.906	0	-1.929041755930921	0	0	0	1.084478013719117	0
0.907	0	-1.933534772975634	0	0	0	1.087211245021236	0
0.908	0	-1.938019877181273	0	0	0	1.08989617769758	0
0.909	0	-1.942496890688736	0	0	0	1.092532715189981	0
0.91	0	-1.946965636718415	0	0	0	1.095120766021566	0
0.911	0	-1.951425939968706	0	0	0	1.097660244241599	0
0.912	0	-1.955877626534078	0	0	0	1.100151069207019	0
0.913	0	-1.960320524280444	0	0	0	1.102593165985362	0
0.914	0	-1.964754462693524	0	0	0	1.104986465035508	0
0.915	0	-1.969179273233105	0	0	0	1.107330902575187	0
0.916	0	-1.973594789111624	0	0	0	1.109626420165016	0
0.917	0	-1.978000845641633	0	0	0	1.111872965061873	0
0.918	0	-1.982397279935195	0	0	0	1.114070489698396	0
0.919	0	-1.986783931263779	0	0	0	1.116218952049072	0
0.92	0	-1.991160640683246	0	0	0	1.118318315015685	0
0.921	0	-1.995527251394301	0	0	0	1.120368546792407	0
0.922	0	-1.999883608338799	0	0	0	1.122369620218592	0
0.923	0	-2.004229558510544	0	0	0	1.124321513079516	0
0.924	0	-2.008564950592358	0	0	0	1.126224207518516	0
0.925	0	-2.01288963516203	0	0	0	1.128077690202707	0
0.926	0	-2.017203464429342	0	0	0	1.129881951872557	0
0.927	0	-2.021506292295967	0	0	0	1.131636987320229	0
0.928	0	-2.025797974239269	0	0	0	1.133342795137179	0
0.929	0	-2.030078367189378	0	0	0	1.134999377459007	0
0.93	0	-2.034347329605418	0	0	0	1.136606739968979	0
0.931	0	-2.038604721130705	0	0	0	1.138164891360755	0
0.9320000000000001	0	-2.042850402907959	0	0	0	1.139673843656015	0
0.9330000000000001	0	-2.047084236971489	0	0	0	1.141133611334042	0
0.9340000000000001	0	-2.051306086848056	0	0	0	1.14254421202109	0
0.9350000000000001	0	-2.055515816643945	0	0	0	1.143905665234802	0
0.9360000000000001	0	-2.059713291977196	0	0	0	1.145217993501252	0
0.9370000000000001	0	-2.063898378717829	0	0	0	1.146481220662845	0
0.9380000000000001	0	-2.068070944295003	0	0	0	1.147695373475796	0
0.9390000000000001	0	-2.072230856050539	0	0	0	1.148860479432786	0
0.9400000000000001	0	-2.07637798296089	0	0	0	1.149976568888683	0
0.9410000000000001	0	-2.08051219356792	0	0	0	1.15104367235418	0
0.9420000000000001	0	-2.084633358149985	0	0	0	1.152061823190357	0
0.9430000000000001	0	-2.088741346199959	0	0	0	1.153031054337219	0
0.9440000000000001	0	-2.092836029071886	0	0	0	1.153951401607778	0
0.9450000000000001	0	-2.096917277051066	0	0	0	1.154822899911548	0
0.9460000000000001	0	-2.100984962068053	0	0	0	1.155645586623526	0
0.9470000000000001	0	-2.105038955390863	0	0	0	1.156419498604848	0
0.9480000000000001	0	-2.109079129376417	0	0	0	1.15714467437934	0
0.9490000000000001	0	-2.113105355633691	0	0	0	1.157821151705443	0
0.9500000000000001	0	-2.117117506973342	0	0	0	1.158448970022861	0
0.9510000000000001	0	-2.121115455425281	0	0	0	1.159028167876791	0
0.9520000000000001	0	-2.125099073894368	0	0	0	1.159558784949151	0
0.9530000000000001	0	-2.129068234727031	0	0	0	1.160040860198865	0
0.9540000000000001	0	-2.133022810801098	0	0	0	1.16047443317704	0
0.9550000000000001	0	-2.136962674538161	0	0	0	1.160859542726765	0
0.9560000000000001	0	-2.140887699066572	0	0	0	1.161196228410623	0
0.9570000000000001	0	-2.144797756568536	0	0	0	1.161484528338273	0
0.9580000000000001	0	-2.148692719800288	0	0	0	1.161724481061093	0
0.9590000000000001	0	-2.152572461189565	0	0	0	1.161916124377093	0
0.96	0	-2.156436853346347	0	0	0	1.162059495902518	0
0.961	0	-2.160285768146391	0	0	0	1.162154631888972	0
0.962	0	-2.164119078108686	0	0	0	1.162201568882371	0
0.963	0	-2.167936655031476	0	0	0	1.162200341969546	0
0.964	0	-2.171738370917981	0	0	0	1.162150985891532	0
0.965	0	-2.175524097204091	0	0	0	1.162053534005852	0
0.966	0	-2.179293705593306	0	0	0	1.161908019295382	0
0.967	0	-2.183047067190061	0	0	0	1.16171447322427	0
0.968	0	-2.186784053206571	0	0	0	1.161472926571753	0
0.969	0	-2.190504534423682	0	0	0	1.161183408704374	0
0.97	0	-2.194208381520707	0	0	0	1.160845947936437	0
0.971	0	-2.197895464931649	0	0	0	1.16046057129758	0
0.972	0	-2.201565654767136	0	0	0	1.16002730438135	0
0.973	0	-2.205218821094945	0	0	0	1.159546171645153	0
0.974	0	-2.208854833427682	0	0	0	1.159017195712776	0
0.975	0	-2.212473561450161	0	0	0	1.158440398236199	0
0.976	0	-2.216074874053361	0	0	0	1.157815798626073	0
0.977	0	-2.219658640523781	0	0	0	1.157143415496033	0
0.978	0	-2.223224729112262	0	0	0	1.156423264804796	0
0.979	0	-2.226773008691819	0	0	0	1.155655361893225	0
0.98	0	-2.230303346859197	0	0	0	1.154839719032966	0
0.981	0	-2.233815612057755	0	0	0	1.153976348054461	0
0.982	0	-2.237309671220282	0	0	0	1.153065257310051	0
0.983	0	-2.240785392342165	0	0	0	1.152106454877188	0
0.984	0	-2.244242641686085	0	0	0	1.151099944958941	0
0.985	0	-2.247681286777872	0	0	0	1.150045731630633	0
0.986	0	-2.251101193207361	0	0	0	1.148943814717839	0
0.987	0	-2.254502228004848	0	0	0	1.147794194036385	0
0.988	0	-2.257884256087781	0	0	0	1.146596864807494	0
0.989	0	-2.261247143959445	0	0	0	1.145351822320219	0
0.99	0	-2.264590755868398	0	0	0	1.144059056965639	0
0.991	0	-2.267914957752824	0	0	0	1.142718559227169	0
0.992	0	-2.271219613198856	0	0	0	1.141330314440842	0
0.993	0	-2.27450458753375	0	0	0	1.139894307992214	0
0.994	0	-2.277769743690634	0	0	0	1.138410519938193	0
0.995	0	-2.281014946331129	0	0	0	1.136878930259102	0
0.996	0	-2.284240057827123	0	0	0	1.13529951361242	0
0.997	0	-2.287444941762639	0	0	0	1.133672243800676	0
0.998	0	-2.290629460450368	0	0	0	1.131997090484863	0
0.999	0	-2.293793476355591	0	0	0	1.130274020989632	0
1	0	-2.296936850994216	0	0	0	1.128502998792785	0
1.001	0	-2.300059446200026	0	0	0	1.126683985116703	0
1.002	0	-2.303161122951482	0	0	0	1.124816937325578	0
1.003	0	-2.306241742070239	0	0	0	1.122901809801449	0
1.004	0	-2.309301163585469	0	0	0	1.120938553026187	0
1.005	0	-2.312339247643696	0	0	0	1.118927114713539	0
1.006	0	-2.31535585366587	0	0	0	1.116867438612154	0
1.007	0	-2.318350840591886	0	0	0	1.114759464829809	0
1.008	0	-2.32132406693027	0	0	0	1.112603129760141	0
1.009	0	-2.324275390927016	0	0	0	1.11039836628015	0
1.01	0	-2.327204670030861	0	0	0	1.108145102956132	0
1.011	0	-2.330111761236333	0	0	0	1.105843264414035	0
1.012	0	-2.332996521273206	0	0	0	1.103492771571107	0
1.013	0	-2.335858806069969	0	0	0	1.101093540823042	0
1.014	0	-2.338698471087472	0	0	0	1.098645484407744	0
1.015	0	-2.341515370997853	0	0	0	1.096148509887102	0
1.016	0	-2.344309360342174	0	0	0	1.093602521018649	0
1.017	0	-2.347080292570112	0	0	0	1.09100741635704	0
1.018	0	-2.349828020711101	0	0	0	1.088363090072975	0
1.019	0	-2.352552396870021	0	0	0	1.085669431156704	0
1.02	0	-2.355253272927131	0	0	0	1.082926324419283	0
1.021	0	-2.35793049938094	0	0	0	1.08013364870484	0
1.022	0	-2.360583926677094	0	0	0	1.077291278700312	0
1.023	0	-2.363213403777728	0	0	0	1.074399082873508	0
1.024	0	-2.365818779411191	0	0	0	1.071456925111662	0
1.025	0	-2.368399900891386	0	0	0	1.068464663023409	0
1.026	0	-2.370956615355422	0	0	0	1.065422149510258	0
1.027	0	-2.373488768110592	0	0	0	1.062329230499968	0
1.028	0	-2.375996204371969	0	0	0	1.059185747176866	0
1.029	0	-2.378478767572252	0	0	0	1.055991533585371	0
1.03	0	-2.380936300993584	0	0	0	1.052746418770388	0
1.031	0	-2.383368645754624	0	0	0	1.049450223959879	0
1.032	0	-2.385775642829534	0	0	0	1.046102765228806	0
1.033	0	-2.388157131215358	0	0	0	1.042703850861121	0
1.034	0	-2.390512949569285	0	0	0	1.03925328350001	0
1.035	0	-2.392842934173828	0	0	0	1.035750857293998	0
1.036	0	-2.395146921066047	0	0	0	1.03219636073443	0
1.037	0	-2.397424743859128	0	0	0	1.028589573404928	0
1.038	0	-2.399676235954043	0	0	0	1.02493026918478	0
1.039	0	-2.401901227810443	0	0	0	1.02121821207055	0
1.04	0	-2.404099549902238	0	0	0	1.017453160454653	0
1.041	0	-2.406271029413757	0	0	0	1.013634862119568	0
1.042	0	-2.408415493625867	0	0	0	1.009763059162828	0
1.043	0	-2.410532766180091	0	0	0	1.005837482305797	0
1.044	0	-2.412622670893791	0	0	0	1.001857856497296	0
1.045	0	-2.41468502758956	0	0	0	0.9978238945177634	0
1.046	0	-2.416719656228861	0	0	0	0.9937353031020475	0
1.047	0	-2.418726372954436	0	0	0	0.9895917768285609	0
1.048	0	-2.420704992901872	0	0	0	0.9853930022325214	0
1.049	0	-2.422655328315983	0	0	0	0.9811386548461245	0
1.05	0	-2.424577189896515	0	0	0	0.9768284011027283	0
1.051	0	-2.426470385061954	0	0	0	0.9724618955278942	0
1.052	0	-2.428334719394816	0	0	0	0.9680387828455873	0
1.053	0	-2.430169995634901	0	0	0	0.9635586961965579	0
1.054	0	-2.4319760140283	0	0	0	0.9590212577167372	0
1.055	0	-2.433752571729303	0	0	0	0.9544260772527672	0
1.056	0	-2.43549946324886	0	0	0	0.9497727529729229	0
1.057	0	-2.437216479979423	0	0	0	0.9450608705314288	0
1.058	0	-2.438903410312998	0	0	0	0.9402900029898718	0
1.059	0	-2.440560039250764	0	0	0	0.9354597100776546	0
1.06	0	-2.442186148481993	0	0	0	0.9305695381275753	0
1.061	0	-2.44378151627024	0	0	0	0.9256190197219797	0
1.062	0	-2.445345917039405	0	0	0	0.9206076728266753	0
1.063	0	-2.446879121767051	0	0	0	0.9155350012523437	0
1.064	0	-2.448380897056619	0	0	0	0.9104004929286394	0
1.065	0	-2.449851006007368	0	0	0	0.9052036211447699	0
1.066	0	-2.451289206806005	0	0	0	0.8999438420018937	0
1.067	0	-2.45269525403316	0	0	0	0.8946205963800902	0
1.068	0	-2.454068896817494	0	0	0	0.8892333066246486	0
1.069	0	-2.45540988052877	0	0	0	0.883781379168518	0
1.07	0	-2.456717944547047	0	0	0	0.8782642005257262	0
1.071	0	-2.45799282428278	0	0	0	0.8726811404799412	0
1.072	0	-2.45923424862299	0	0	0	0.8670315474761846	0
1.073	0	-2.460441942209421	0	0	0	0.8613147522672983	0
1.074	0	-2.461615622632649	0	0	0	0.8555300628133881	0
1.075	0	-2.46275500289007	0	0	0	0.8496767682586752	0
1.076	0	-2.463859788407822	0	0	0	0.8437541334668159	0
1.077	0	-2.464929679591248	0	0	0	0.837761403180741	0
1.078	0	-2.465964368763309	0	0	0	0.8316977963412254	0
1.079	0	-2.466963542711048	0	0	0	0.8255625102617729	0
1.08	0	-2.467926879637949	0	0	0	0.8193547148976592	0
1.081	0	-2.46885405160086	0	0	0	0.8130735568466089	0
1.082	0	-2.469744721582426	0	0	0	0.8067181537561021	0
1.083	0	-2.470598545703867	0	0	0	0.8002875979383827	0
1.084	0	-2.47141517053217	0	0	0	0.793780951124938	0
1.085	0	-2.472194234946851	0	0	0	0.7871972474645396	0
1.086	0	-2.472935367795286	0	0	0	0.7805354888374687	0
1.087	0	-2.473638189311151	0	0	0	0.7737946470348411	0
1.088	0	-2.474302309188649	0	0	0	0.7669736597731015	0
1.089	0	-2.474927327504161	0	0	0	0.7600714319452319	0
1.09	0	-2.475512833232755	0	0	0	0.7530868323920701	0
1.091	0	-2.476058404653816	0	0	0	0.7460186941678801	0
1.092	0	-2.47656360831728	0	0	0	0.7388658120966131	0
1.093	0	-2.477027998924342	0	0	0	0.731626942012056	0
1.094	0	-2.477451118740865	0	0	0	0.7243007991086554	0
1.095	0	-2.477832496953582	0	0	0	0.716886056133252	0
1.096	0	-2.478171649518343	0	0	0	0.70938134252121	0
1.097	0	-2.478468078001438	0	0	0	0.7017852415340528	0
1.098	0	-2.478721269840662	0	0	0	0.6940962901521949	0
1.099	0	-2.478930696690537	0	0	0	0.6863129751707842	0
1.1	0	-2.479095815064586	0	0	0	0.6784337338002326	0
1.101	0	-2.479216064212404	0	0	0	0.6704569487514331	0
1.102	0	-2.479290867101971	0	0	0	0.6623809494744719	0
1.103	0	-2.479319627865835	0	0	0	0.6542040062843535	0
1.104	0	-2.479301733072725	0	0	0	0.6459243321466942	0
1.105	0	-2.479236548789668	0	0	0	0.6375400759164549	0
1.106	0	-2.479123422082612	0	0	0	0.6290493245570355	0
1.107	0	-2.478961677751199	0	0	0	0.6204500955876548	0
1.108	0	-2.47875061998855	0	0	0	0.6117403395991026	0
1.109	0	-2.478489528855893	0	0	0	0.6029179320307931	0
1.11	0	-2.4781776620221	0	0	0	0.5939806758225646	0
1.111	0	-2.477814251056631	0	0	0	0.5849262926706885	0
1.112	0	-2.477398503159899	0	0	0	0.575752425630694	0
1.113	0	-2.476929597365299	0	0	0	0.5664566300335436	0
1.114	0	-2.47640668616217	0	0	0	0.5570363758298317	0
1.115	0	-2.475828891711402	0	0	0	0.547489038383978	0
1.116	0	-2.475195307253763	0	0	0	0.5378119003258056	0
1.117	0	-2.474504993459249	0	0	0	0.5280021424833582	0
1.118	0	-2.473756979505697	0	0	0	0.5180568449858027	0
1.119	0	-2.472950259694776	0	0	0	0.5079729786335792	0
1.12	0	-2.472083794097358	0	0	0	0.4977474050178353	0
1.121	0	-2.471156505550745	0	0	0	0.4873768686012251	0
1.122	0	-2.470167279823178	0	0	0	0.476857995738619	0
1.123	0	-2.469114963064746	0	0	0	0.4661872876600542	0
1.124	0	-2.467998361493671	0	0	0	0.4553611183933629	0
1.125	0	-2.466816239369701	0	0	0	0.4443757288463924	0
1.126	0	-2.465567318234051	0	0	0	0.4332272237066789	0
1.127	0	-2.464250275486465	0	0	0	0.4219115668629839	0
1.128	0	-2.462863743245121	0	0	0	0.4104245774496524	0
1.129	0	-2.461406307629684	0	0	0	0.3987619269154153	0
1.13	0	-2.459876507352272	0	0	0	0.3869191345037297	0
1.131	0	-2.458272833841291	0	0	0	0.3748915663772697	0
1.132	0	-2.456593729733298	0	0	0	0.3626744309911622	0
1.133	0	-2.454837590019924	0	0	0	0.3502627808260412	0
1.134	0	-2.453002760687843	0	0	0	0.3376515083323788	0
1.135	0	-2.451087541138444	0	0	0	0.3248353510276715	0
1.136	0	-2.449090183324568	0	0	0	0.3118088889837068	0
1.137	0	-2.447008895785303	0	0	0	0.2985665543211539	0
1.138	0	-2.444841843759997	0	0	0	0.2851026315963618	0
1.139	0	-2.442587155304354	0	0	0	0.2714112730969764	0
1.14	0	-2.440242923030278	0	0	0	0.2574865039788492	0
1.141	0	-2.437807212928911	0	0	0	0.243322245243517	0
1.142	0	-2.435278068592519	0	0	0	0.2289123260901038	0
1.143	0	-2.432653523565342	0	0	0	0.2142505170412461	0
1.144	0	-2.42993160914757	0	0	0	0.1993305527007558	0
1.145	0	-2.427110371315719	0	0	0	0.1841461781605799	0
1.146	0	-2.424187883470574	0	0	0	0.1686911861405922	0
1.147	0	-2.421162269184622	0	0	0	0.1529594804669986	0
1.148	0	-2.418031721489789	0	0	0	0.1369451322824017	0
1.149	0	-2.414794532853251	0	0	0	0.1206424648398626	0
1.15	0	-2.411449122149266	0	0	0	0.1040461323584314	0
1.151	0	-2.407994076014524	0	0	0	0.08715123758280691	0
1.152	0	-2.404428180505201	0	0	0	0.06995342603971136	0
1.153	0	-2.400750475320376	0	0	0	0.05244904081333349	0
1.154	0	-2.396960297043456	0	0	0	0.0346352503208501	0
1.155	0	-2.393057340782806	0	0	0	0.01651022649976746	0
1.156	0	-2.389041712682771	0	0	0	-0.001926699662389576	0
1.157	0	-2.384913998978443	0	0	0	-0.02067483817259802	0
1.158	0	-2.380675328544595	0	0	0	-0.03973195462372745	0
1.159	0	-2.376327436852356	0	0	0	-0.05909408302860474	0
1.16	0	-2.371872730077101	0	0	0	-0.07875533585425451	0
1.161	0	-2.367314344200735	0	0	0	-0.0987077306636262	0
1.162	0	-2.362656196768392	0	0	0	-0.118941035354132	0
1.163	0	-2.357903013573052	0	0	0	-0.1394426881043904	0
1.164	0	-2.353060357771468	0	0	0	-0.1601977090975972	0
1.165	0	-2.348134628964105	0	0	0	-0.1811887018658366	0
1.166	0	-2.343133046639501	0	0	0	-0.2023958981519174	0
1.167	0	-2.338063578341624	0	0	0	-0.2237973656386744	0
1.168	0	-2.332934890313525	0	0	0	-0.2453691504830204	0
1.169	0	-2.327756236611555	0	0	0	-0.2670856005393317	0
1.17	0	-2.322537333855663	0	0	0	-0.2889197286319546	0
1.171	0	-2.317288224797532	0	0	0	-0.3108436117116657	0
1.172	0	-2.31201911983639	0	0	0	-0.3328288521753846	0
1.173	0	-2.306740243997569	0	0	0	-0.3548470247309277	0
1.174	0	-2.301461677239081	0	0	0	-0.3768701412339712	0
1.175	0	-2.296193206950211	0	0	0	-0.398871080917018	0
1.176	0	-2.290944201061534	0	0	0	-0.4208239587804244	0
1.177	0	-2.285723496074287	0	0	0	-0.4427044506552358	0
1.178	0	-2.280539306091505	0	0	0	-0.4644900556889018	0
1.179	0	-2.275399158568169	0	0	0	-0.4861602810415397	0
1.18	0	-2.27030986405902	0	0	0	-0.5076967265778721	0
1.181	0	-2.265277494324955	0	0	0	-0.5290831448322861	0
1.182	0	-2.260307382288073	0	0	0	-0.5503054371871178	0
1.183	0	-2.255404142071593	0	0	0	-0.5713515913947399	0
1.184	0	-2.250571709136796	0	0	0	-0.5922115611701768	0
1.185	0	-2.245813377011377	0	0	0	-0.6128771550311964	0
1.186	0	-2.241131844096326	0	0	0	-0.6333418969806509	0
1.187	0	-2.236529266167483	0	0	0	-0.6536008702116008	0
1.188	0	-2.232007315563862	0	0	0	-0.6736505431128316	0
1.189	0	-2.227567229766708	0	0	0	-0.6934886248155717	0
1.19	0	-2.223209862491989	0	0	0	-0.7131139155429068	0
1.191	0	-2.218935734660812	0	0	0	-0.7325261566214898	0
1.192	0	-2.214745075211697	0	0	0	-0.7517259110832804	0
1.193	0	-2.210637870809899	0	0	0	-0.7707144186255886	0
1.194	0	-2.20661389558433	0	0	0	-0.789493509048359	0
1.195	0	-2.202672746520801	0	0	0	-0.8080654985526292	0
1.196	0	-2.198813877078741	0	0	0	-0.8264330938862817	0
1.197	0	-2.19503661971591	0	0	0	-0.8445993256823437	0
1.198	0	-2.191340211005951	0	0	0	-0.8625674773451558	0
1.199	0	-2.18772381025714	0	0	0	-0.8803410304655652	0
1.2	0	-2.184186519545618	0	0	0	-0.8979236090036594	0
1.201	0	-2.180727395288624	0	0	0	-0.9153189445560121	0
1.202	0	-2.177345464797976	0	0	0	-0.9325308313531704	0
1.203	0	-2.174039733824064	0	0	0	-0.9495631031876126	0
1.204	0	-2.170809198503906	0	0	0	-0.966419601376598	0
1.205	0	-2.167652851250583	0	0	0	-0.9831041568074241	0
1.206	0	-2.164569689114522	0	0	0	-0.9996205686807069	0
1.207	0	-2.161558716991888	0	0	0	-1.015972593681153	0
1.208	0	-2.158618954767733	0	0	0	-1.032163928159725	0
1.209	0	-2.155749438437881	0	0	0	-1.048198203826886	0
1.21	0	-2.152949225338298	0	0	0	-1.064078974819353	0
1.211	0	-2.150217394330267	0	0	0	-1.079809716387361	0
1.212	0	-2.147553050925063	0	0	0	-1.095393812174212	0
1.213	0	-2.144955324039893	0	0	0	-1.110834562240475	0
1.214	0	-2.142423371491994	0	0	0	-1.126135169517842	0
1.215	0	-2.139956378242633	0	0	0	-1.141298743749176	0
1.216	0	-2.13755355864384	0	0	0	-1.156328296910914	0
1.217	0	-2.13521415385779	0	0	0	-1.17122674897385	0
1.218	0	-2.13293743516141	0	0	0	-1.185996920648787	0
1.219	0	-2.130722701678512	0	0	0	-1.200641538595461	0
1.22	0	-2.128569281636134	0	0	0	-1.215163233385057	0
1.221	0	-2.126476529809728	0	0	0	-1.229564545262769	0
1.222	0	-2.124443829464441	0	0	0	-1.243847920520301	0
1.223	0	-2.122470590049786	0	0	0	-1.258015716865384	0
1.224	0	-2.120556247538778	0	0	0	-1.272070203600526	0
1.225	0	-2.118700262377837	0	0	0	-1.286013566544239	0
1.226	0	-2.11690212012514	0	0	0	-1.299847907574844	0
1.227	0	-2.115161329161455	0	0	0	-1.313575250224448	0
1.228	0	-2.113477420680208	0	0	0	-1.327197540903861	0
1.229	0	-2.111849946822248	0	0	0	-1.340716653721419	0
1.23	0	-2.110278480161706	0	0	0	-1.354134392910374	0
1.231	0	-2.10876261212181	0	0	0	-1.367452497326576	0
1.232	0	-2.107301952022543	0	0	0	-1.38067264386958	0
1.233	0	-2.105896125851477	0	0	0	-1.393796451511753	0
1.234	0	-2.104544774911534	0	0	0	-1.406825485550856	0
1.235	0	-2.103247555027058	0	0	0	-1.419761260978187	0
1.236	0	-2.102004134841185	0	0	0	-1.432605247344587	0
1.237	0	-2.100814195536229	0	0	0	-1.445358871251061	0
1.238	0	-2.099677428831379	0	0	0	-1.458023521588717	0
1.239	0	-2.098593537282529	0	0	0	-1.47060055095435	0
1.24	0	-2.097562232020603	0	0	0	-1.48309128104929	0
1.241	0	-2.096583233669988	0	0	0	-1.495497002887023	0
1.242	0	-2.095656269849405	0	0	0	-1.507818982198734	0
1.243	0	-2.094781076715496	0	0	0	-1.520058458394386	0
1.244	0	-2.093957396228872	0	0	0	-1.532216649901674	0
1.245	0	-2.093184978297318	0	0	0	-1.544294751940618	0
1.246	0	-2.092463577796511	0	0	0	-1.556293941792007	0
1.247	0	-2.09179295721901	0	0	0	-1.568215375591997	0
1.248	0	-2.091172883747663	0	0	0	-1.580060193102253	0
1.249	0	-2.090603131414408	0	0	0	-1.591829515052666	0
1.25	0	-2.090083479513056	0	0	0	-1.603524445567712	0
1.251	0	-2.089613713757885	0	0	0	-1.615146071246398	0
1.252	0	-2.089193624791522	0	0	0	-1.62669546245475	0
1.253	0	-2.088823010204745	0	0	0	-1.638173671483303	0
1.254	0	-2.088501672236494	0	0	0	-1.6495817352268	0
1.255	0	-2.088229419866285	0	0	0	-1.660920672551712	0
1.256	0	-2.088006067342716	0	0	0	-1.672191486033287	0
1.257	0	-2.087831435318513	0	0	0	-1.683395160865463	0
1.258	0	-2.087705349566214	0	0	0	-1.694532665673714	0
1.259	0	-2.08762764248308	0	0	0	-1.705604951260589	0
1.26	0	-2.087598151625064	0	0	0	-1.716612952049423	0
1.261	0	-2.087616720862382	0	0	0	-1.72755758467246	0
1.262	0	-2.087683199413369	0	0	0	-1.73843974909325	0
1.263	0	-2.087797442486786	0	0	0	-1.749260327812004	0
1.264	0	-2.087959310732401	0	0	0	-1.76002018649473	0
1.265	0	-2.088168670511481	0	0	0	-1.770720173596017	0
1.266	0	-2.088425393414077	0	0	0	-1.781361121153696	0
1.267	0	-2.088729356743219	0	0	0	-1.791943843837158	0
1.268	0	-2.089080442929439	0	0	0	-1.802469139971685	0
1.269	0	-2.089478539585086	0	0	0	-1.812937791486133	0
1.27	0	-2.089923539205515	0	0	0	-1.823350564201169	0
1.271	0	-2.090415339587931	0	0	0	-1.833708207388542	0
1.272	0	-2.090953843220136	0	0	0	-1.844011454576184	0
1.273	0	-2.091538957119135	0	0	0	-1.854261023931333	0
1.274	0	-2.092170593019853	0	0	0	-1.864457617845722	0
1.275	0	-2.092848667080929	0	0	0	-1.8746019235591	0
1.276	0	-2.093573099583435	0	0	0	-1.884694613488552	0
1.277	0	-2.094343815123882	0	0	0	-1.894736345106172	0
1.278	0	-2.095160742331799	0	0	0	-1.904727761341346	0
1.279	0	-2.096023813396376	0	0	0	-1.914669491168917	0
1.28	0	-2.096932964466038	0	0	0	-1.924562149354812	0
1.281	0	-2.097888135096872	0	0	0	-1.934406336974489	0
1.282	0	-2.098889268487252	0	0	0	-1.944202641387029	0
1.283	0	-2.09993631060696	0	0	0	-1.953951637121266	0
1.284	0	-2.101029210950219	0	0	0	-1.963653885395051	0
1.285	0	-2.102167921715087	0	0	0	-1.973309934785833	0
1.286	0	-2.103352398144808	0	0	0	-1.982920321098645	0
1.287	0	-2.104582597652824	0	0	0	-1.992485568342362	0
1.288	0	-2.105858480694035	0	0	0	-2.002006187967345	0
1.289	0	-2.107180009431351	0	0	0	-2.011482680080432	0
1.29	0	-2.108547148881673	0	0	0	-2.020915532716595	0
1.291	0	-2.10995986540763	0	0	0	-2.030305223030623	0
1.292	0	-2.111418127789611	0	0	0	-2.039652216652609	0
1.293	0	-2.112921905954241	0	0	0	-2.048956968627802	0
1.294	0	-2.114471172146481	0	0	0	-2.058219922815131	0
1.295	0	-2.116065899106294	0	0	0	-2.067441513164137	0
1.296	0	-2.11770606160076	0	0	0	-2.076622162799278	0
1.297	0	-2.11939163486303	0	0	0	-2.085762285155549	0
1.298	0	-2.12112259579908	0	0	0	-2.094862283222014	0
1.299	0	-2.122898921181877	0	0	0	-2.10392255091544	0
1.3	0	-2.124720589294838	0	0	0	-2.11294347205398	0
1.301	0	-2.126587578027632	0	0	0	-2.121925421546862	0
1.302	0	-2.128499866764114	0	0	0	-2.130868764495185	0
1.303	0	-2.130457433747732	0	0	0	-2.139773857712251	0
1.304	0	-2.132460258199881	0	0	0	-2.148641048631955	0
1.305	0	-2.134508318596496	0	0	0	-2.157470676273816	0
1.306	0	-2.136601593825579	0	0	0	-2.166263070815581	0
1.307	0	-2.138740061301144	0	0	0	-2.175018554499899	0
1.308	0	-2.140923699051878	0	0	0	-2.183737440821373	0
1.309	0	-2.14315248323884	0	0	0	-2.192420035647076	0
1.31	0	-2.145426389971152	0	0	0	-2.201066636539808	0
1.311	0	-2.147745393588903	0	0	0	-2.209677533537716	0
1.312	0	-2.150109468076071	0	0	0	-2.218253008639227	0
1.313	0	-2.152518584991849	0	0	0	-2.226793336731724	0
1.314	0	-2.154972715248984	0	0	0	-2.235298784916801	0
1.315	0	-2.157471827337606	0	0	0	-2.243769613283161	0
1.316	0	-2.160015888969035	0	0	0	-2.252206074343797	0
1.317	0	-2.162604864548102	0	0	0	-2.260608414024249	0
1.318	0	-2.165238717250053	0	0	0	-2.268976870935124	0
1.319	0	-2.167917407456944	0	0	0	-2.277311677062191	0
1.32	0	-2.170640893623789	0	0	0	-2.285613057454	0
1.321	0	-2.17340913066906	0	0	0	-2.293881230782676	0
1.322	0	-2.176222071815883	0	0	0	-2.302116408911231	0
1.323	0	-2.179079666405128	0	0	0	-2.310318797500078	0
1.324	0	-2.181981861258069	0	0	0	-2.318488595735637	0
1.325	0	-2.184928599562912	0	0	0	-2.326625996612368	0
1.326	0	-2.18791982156406	0	0	0	-2.334731186939609	0
1.327	0	-2.190955463275721	0	0	0	-2.342804347540222	0
1.328	0	-2.194035457412909	0	0	0	-2.350845653148229	0
1.329	0	-2.197159732554452	0	0	0	-2.358855272703642	0
1.33	0	-2.200328213723011	0	0	0	-2.366833369230979	0
1.331	0	-2.203540820948261	0	0	0	-2.374780100134046	0
1.332	0	-2.206797470334145	0	0	0	-2.382695617037193	0
1.333	0	-2.210098073420009	0	0	0	-2.390580066084191	0
1.334	0	-2.213442537070454	0	0	0	-2.398433587842355	0
1.335	0	-2.216830763022677	0	0	0	-2.406256317490713	0
1.336	0	-2.220262648390336	0	0	0	-2.41404838478685	0
1.337	0	-2.22373808483642	0	0	0	-2.421809914220184	0
1.338	0	-2.227256958715988	0	0	0	-2.429541025049777	0
1.339	0	-2.2308191511053	0	0	0	-2.437241831298725	0
1.34	0	-2.234424537243224	0	0	0	-2.444912441988528	0
1.341	0	-2.23807298665474	0	0	0	-2.452552961028536	0
1.342	0	-2.241764362677928	0	0	0	-2.46016348732172	0
1.343	0	-2.245498523080823	0	0	0	-2.46774411488298	0
1.344	0	-2.249275318981018	0	0	0	-2.475294932864633	0
1.345	0	-2.253094595208131	0	0	0	-2.482816025589762	0
1.346	0	-2.256956189830022	0	0	0	-2.490307472568222	0
1.347	0	-2.260859934799004	0	0	0	-2.497769348703818	0
1.348	0	-2.26480565408295	0	0	0	-2.505201702972086	0
1.349	0	-2.268793174254943	0	0	0	-2.512604962511536	0
1.35	0	-2.272822343666811	0	0	0	-2.51998024402664	0
1.351	0	-2.276892976691799	0	0	0	-2.527327208831314	0
1.352	0	-2.281004867016142	0	0	0	-2.534645450293695	0
1.353	0	-2.28515778862906	0	0	0	-2.54193462550525	0
1.354	0	-2.28935150434809	0	0	0	-2.549194606928807	0
1.355	0	-2.293585797824981	0	0	0	-2.556425448803171	0
1.356	0	-2.297860437429385	0	0	0	-2.563627191186657	0
1.357	0	-2.302175181677559	0	0	0	-2.570799865979264	0
1.358	0	-2.306529779220433	0	0	0	-2.577943499866444	0
1.359	0	-2.310923972094484	0	0	0	-2.585058115577078	0
1.36	0	-2.31535749270863	0	0	0	-2.592143731436193	0
1.361	0	-2.319830065713247	0	0	0	-2.599200361799662	0
1.362	0	-2.324341406530273	0	0	0	-2.606228017018137	0
1.363	0	-2.328891222854285	0	0	0	-2.613226703597761	0
1.364	0	-2.33347921270035	0	0	0	-2.620196423981182	0
1.365	0	-2.338105066295411	0	0	0	-2.62713717695162	0
1.366	0	-2.342768463975532	0	0	0	-2.634048957282013	0
1.367	0	-2.347469078304329	0	0	0	-2.640931756232783	0
1.368	0	-2.352206571239968	0	0	0	-2.647785560974908	0
1.369	0	-2.35698059756659	0	0	0	-2.654610355466791	0
1.37	0	-2.361790801374806	0	0	0	-2.661406119666548	0
1.371	0	-2.366636818874582	0	0	0	-2.668172830243324	0
1.372	0	-2.371518275495002	0	0	0	-2.674910459970184	0
1.373	0	-2.376434789584223	0	0	0	-2.681618978672252	0
1.374	0	-2.381385967665277	0	0	0	-2.688298352071835	0
1.375	0	-2.386371409542317	0	0	0	-2.694948543192296	0
1.376	0	-2.391390703727039	0	0	0	-2.701569511173146	0
1.377	0	-2.396443430872445	0	0	0	-2.708161212275552	0
1.378	0	-2.401529160848421	0	0	0	-2.714723599071122	0
1.379	0	-2.406647456146213	0	0	0	-2.721256621541391	0
1.38	0	-2.41179786815586	0	0	0	-2.727760225966085	0
1.381	0	-2.416979940580716	0	0	0	-2.734234356030018	0
1.382	0	-2.422193206265254	0	0	0	-2.740678951855677	0
1.383	0	-2.427437190909148	0	0	0	-2.747093951265426	0
1.384	0	-2.432711409383161	0	0	0	-2.753479288595994	0
1.385	0	-2.438015368727674	0	0	0	-2.759834895740336	0
1.386	0	-2.443348565807884	0	0	0	-2.766160701364714	0
1.387	0	-2.448710490215347	0	0	0	-2.772456631992695	0
1.388	0	-2.454100621222335	0	0	0	-2.778722610927689	0
1.389	0	-2.459518430739615	0	0	0	-2.784958559339144	0
1.39	0	-2.464963380655479	0	0	0	-2.791164395342627	0
1.391	0	-2.470434926017392	0	0	0	-2.797340035176151	0
1.392	0	-2.475932511990435	0	0	0	-2.803485392093018	0
1.393	0	-2.481455576927113	0	0	0	-2.8096003775398	0
1.394	0	-2.487003549931062	0	0	0	-2.815684900236982	0
1.395	0	-2.492575853212176	0	0	0	-2.821738867105327	0
1.396	0	-2.498171900452626	0	0	0	-2.827762182634071	0
1.397	0	-2.503791098348192	0	0	0	-2.833754749497165	0
1.398	0	-2.509432845869967	0	0	0	-2.839716468265428	0
1.399	0	-2.515096534902591	0	0	0	-2.845647237657009	0
1.4	0	-2.520781550484941	0	0	0	-2.8515469546479	0
1.401	0	-2.526487270467087	0	0	0	-2.857415514303766	0
1.402	0	-2.532213066800529	0	0	0	-2.86325281033946	0
1.403	0	-2.537958304149559	0	0	0	-2.869058734483995	0
1.404	0	-2.543722342285958	0	0	0	-2.874833177534	0
1.405	0	-2.549504533607372	0	0	0	-2.880576028210275	0
1.406	0	-2.555304226672512	0	0	0	-2.886287174742281	0
1.407	0	-2.561120762599476	0	0	0	-2.891966503183641	0
1.408	0	-2.566953479755079	0	0	0	-2.897613899554499	0
1.409	0	-2.572801709030024	0	0	0	-2.90322924759481	0
1.41	0	-2.578664779669789	0	0	0	-2.908812431478493	0
1.411	0	-2.584542013451546	0	0	0	-2.914363332997571	0
1.412	0	-2.590432731613599	0	0	0	-2.919881834846251	0
1.413	0	-2.596336247991339	0	0	0	-2.925367817246265	0
1.414	0	-2.602251876967254	0	0	0	-2.930821161779973	0
1.415	0	-2.608178925660348	0	0	0	-2.936241747487928	0
1.416	0	-2.614116702778861	0	0	0	-2.941629455207559	0
1.417	0	-2.620064509999835	0	0	0	-2.946984163198294	0
1.418	0	-2.62602165156148	0	0	0	-2.952305751916072	0
1.419	0	-2.631987425017381	0	0	0	-2.957594099249592	0
1.42	0	-2.637961128924778	0	0	0	-2.962849076442857	0
1.421	0	-2.643942137302315	0	0	0	-2.968070857369292	0
1.422	0	-2.649929816711553	0	0	0	-2.97325955648979	0
1.423	0	-2.655923463233447	0	0	0	-2.978415037723322	0
1.424	0	-2.661922376379131	0	0	0	-2.983537165504345	0
1.425	0	-2.667925850533062	0	0	0	-2.988625802244115	0
1.426	0	-2.673933184829785	0	0	0	-2.993680813542855	0
1.427	0	-2.679943674439629	0	0	0	-2.998702063434752	0
1.428	0	-2.685956619439621	0	0	0	-3.003689419079362	0
1.429	0	-2.691971317236057	0	0	0	-3.008642746557717	0
1.43	0	-2.697987069999337	0	0	0	-3.013561914829732	0
1.431	0	-2.704003179330262	0	0	0	-3.018446792722044	0
1.432	0	-2.710018949888634	0	0	0	-3.023297250812604	0
1.433	0	-2.716033688825824	0	0	0	-3.028113161035319	0
1.434	0	-2.722046706006204	0	0	0	-3.032894396699557	0
1.435	0	-2.728057314112096	0	0	0	-3.037640832458018	0
1.436	0	-2.734064829033729	0	0	0	-3.042352344400707	0
1.437	0	-2.740068571243445	0	0	0	-3.047028810768214	0
1.438	0	-2.74606786450413	0	0	0	-3.051670111102268	0
1.439	0	-2.752062036962001	0	0	0	-3.056276126785273	0
1.44	0	-2.758050421065255	0	0	0	-3.060846740839546	0
1.441	0	-2.764032355212483	0	0	0	-3.065381838877475	0
1.442	0	-2.770007181558669	0	0	0	-3.069881307655236	0
1.443	0	-2.775974248786766	0	0	0	-3.074345036624389	0
1.444	0	-2.781932910471693	0	0	0	-3.078772916871729	0
1.445	0	-2.787882527263285	0	0	0	-3.0831648423017	0
1.446	0	-2.793822464129144	0	0	0	-3.087520707928973	0
1.447	0	-2.799752094636569	0	0	0	-3.091840412330787	0
1.448	0	-2.805670797233009	0	0	0	-3.096123855322507	0
1.449	0	-2.811577958814267	0	0	0	-3.100370940033593	0
1.45	0	-2.817472971342959	0	0	0	-3.104581570711585	0
1.451	0	-2.823355236650168	0	0	0	-3.108755655672708	0
1.452	0	-2.829224161636198	0	0	0	-3.112893104200036	0
1.453	0	-2.835079163066678	0	0	0	-3.116993829381294	0
1.454	0	-2.840919643669558	0	0	0	-3.121057723408142	0
1.455	0	-2.846745014423387	0	0	0	-3.12508468594496	0
1.456	0	-2.852554744655746	0	0	0	-3.12907467932892	0
1.457	0	-2.858348294704139	0	0	0	-3.133027647979057	0
1.458	0	-2.864125126587392	0	0	0	-3.136943531533464	0
1.459	0	-2.869884711292104	0	0	0	-3.140822271767967	0
1.46	0	-2.875626527038886	0	0	0	-3.144663811909145	0
1.461	0	-2.881350062193182	0	0	0	-3.148468098500754	0
1.462	0	-2.887054812649495	0	0	0	-3.152235079728589	0
1.463	0	-2.892740284644183	0	0	0	-3.155964707142533	0
1.464	0	-2.898405992381115	0	0	0	-3.159656934112545	0
1.465	0	-2.904051460734887	0	0	0	-3.163311717460713	0
1.466	0	-2.909676221441002	0	0	0	-3.166929015058783	0
1.467	0	-2.91527981826257	0	0	0	-3.170508789040886	0
1.468	0	-2.920861801765037	0	0	0	-3.174051002436994	0
1.469	0	-2.926421734004033	0	0	0	-3.177555622146587	0
1.47	0	-2.931959183745419	0	0	0	-3.181022615791486	0
1.471	0	-2.937473732225073	0	0	0	-3.184451955495585	0
1.472	0	-2.942964967076013	0	0	0	-3.187843613858863	0
1.473	0	-2.948432487637597	0	0	0	-3.191197567405187	0
1.474	0	-2.95387589972993	0	0	0	-3.194513793099246	0
1.475	0	-2.959294821859304	0	0	0	-3.197792272515334	0
1.476	0	-2.964688878541375	0	0	0	-3.201032987362838	0
1.477	0	-2.97005770654744	0	0	0	-3.204235923524694	0
1.478	0	-2.975400947557489	0	0	0	-3.207401066350681	0
1.479	0	-2.980718257084372	0	0	0	-3.21052840643066	0
1.48	0	-2.986009296115185	0	0	0	-3.213617934141684	0
1.481	0	-2.991273736774812	0	0	0	-3.216669643284791	0
1.482	0	-2.996511257461792	0	0	0	-3.219683528036413	0
1.483	0	-3.001721549123869	0	0	0	-3.222659586931035	0
1.484	0	-3.006904306901546	0	0	0	-3.225597817499561	0
1.485	0	-3.012059238536076	0	0	0	-3.228498221707602	0
1.486	0	-3.017186057000641	0	0	0	-3.231360801198416	0
1.487	0	-3.022284486865708	0	0	0	-3.234185561409303	0
1.488	0	-3.027354257211246	0	0	0	-3.236972507037863	0
1.489	0	-3.032395108957171	0	0	0	-3.239721646782669	0
1.49	0	-3.037406788151736	0	0	0	-3.242432989003451	0
1.491	0	-3.042389051144112	0	0	0	-3.245106545128138	0
1.492	0	-3.047341659157846	0	0	0	-3.247742326090679	0
1.493	0	-3.052264384583483	0	0	0	-3.250340346553631	0
1.494	0	-3.057157004555313	0	0	0	-3.252900620640362	0
1.495	0	-3.062019305755979	0	0	0	-3.255423165173108	0
1.496	0	-3.066851078974144	0	0	0	-3.257907996092757	0
1.497	0	-3.071652126112657	0	0	0	-3.260355133145109	0
1.498	0	-3.076422253358406	0	0	0	-3.262764595349704	0
1.499	0	-3.081161274945793	0	0	0	-3.265136403589468	0
1.5	0	-3.085869010563393	0	0	0	-3.267470578888818	0
1.501	0	-3.090545288934481	0	0	0	-3.269767144827551	0
1.502	0	-3.095189941598815	0	0	0	-3.272026123471213	0
1.503	0	-3.099802810027433	0	0	0	-3.274247540123056	0
1.504	0	-3.104383739698396	0	0	0	-3.276431419418707	0
1.505	0	-3.108932582934921	0	0	0	-3.278577787286669	0
1.506	0	-3.113449196903184	0	0	0	-3.280686669640545	0
1.507	0	-3.117933446025577	0	0	0	-3.282758094024787	0
1.508	0	-3.122385199366401	0	0	0	-3.284792087912627	0
1.509	0	-3.126804331540018	0	0	0	-3.286788679385101	0
1.51	0	-3.131190722149123	0	0	0	-3.288747896786985	0
1.511	0	-3.135544256697783	0	0	0	-3.290669769375243	0
1.512	0	-3.139864825559287	0	0	0	-3.292554326667267	0
1.513	0	-3.14415232319661	0	0	0	-3.2944015980068	0
1.514	0	-3.148406649534553	0	0	0	-3.296211613508276	0
1.515	0	-3.152627708899122	0	0	0	-3.297984403387329	0
1.516	0	-3.156815410666045	0	0	0	-3.299719998431717	0
1.517	0	-3.16096966704326	0	0	0	-3.301418428610404	0
1.518	0	-3.165090395960985	0	0	0	-3.303079725036394	0
1.519	0	-3.169177518522504	0	0	0	-3.30470391829871	0
1.52	0	-3.173230960859432	0	0	0	-3.306291039739374	0
1.521	0	-3.177250650884577	0	0	0	-3.307841119376655	0
1.522	0	-3.181236522339624	0	0	0	-3.3093541886473	0
1.523	0	-3.185188511148737	0	0	0	-3.310830277998344	0
1.524	0	-3.18910655789743	0	0	0	-3.312269418576778	0
1.525	0	-3.192990604567933	0	0	0	-3.31367164016822	0
1.526	0	-3.196840598958403	0	0	0	-3.31503697413527	0
1.527	0	-3.200656488958055	0	0	0	-3.316365449659277	0
1.528	0	-3.204438228380759	0	0	0	-3.317657097702908	0
1.529	0	-3.208185771482446	0	0	0	-3.318911947371261	0
1.53	0	-3.211899077350818	0	0	0	-3.320130028924635	0
1.531	0	-3.215578105150659	0	0	0	-3.321311370581711	0
1.532	0	-3.219222819831466	0	0	0	-3.322456002497443	0
1.533	0	-3.222833185600546	0	0	0	-3.323563952344919	0
1.534	0	-3.226409172331532	0	0	0	-3.324635249685435	0
1.535	0	-3.229950747773935	0	0	0	-3.32566992080155	0
1.536	0	-3.233457886569781	0	0	0	-3.326667994801704	0
1.537	0	-3.236930561976401	0	0	0	-3.327629498092416	0
1.538	0	-3.24036875158305	0	0	0	-3.328554458248252	0
1.539	0	-3.243772432089463	0	0	0	-3.329442900599247	0
1.54	0	-3.247141586096801	0	0	0	-3.330294852796159	0
1.541	0	-3.250476192652989	0	0	0	-3.331110338518046	0
1.542	0	-3.253776237790587	0	0	0	-3.331889384604215	0
1.543	0	-3.257041705087625	0	0	0	-3.332632014745882	0
1.544	0	-3.260272582787285	0	0	0	-3.333338254309396	0
1.545	0	-3.263468856657482	0	0	0	-3.334008125590143	0
1.546	0	-3.266630518475166	0	0	0	-3.334641653565195	0
1.547	0	-3.269757557446205	0	0	0	-3.335238860151783	0
1.548	0	-3.272849967226656	0	0	0	-3.335799768971201	0
1.549	0	-3.2759077385352	0	0	0	-3.336324400427593	0
1.55	0	-3.278930868037558	0	0	0	-3.336812777731117	0
1.551	0	-3.281919349795887	0	0	0	-3.337264921170688	0
1.552	0	-3.284873181594705	0	0	0	-3.337680852415347	0
1.553	0	-3.287792358475491	0	0	0	-3.338060590202155	0
1.554	0	-3.290676881017827	0	0	0	-3.338404155957594	0
1.555	0	-3.293526747291758	0	0	0	-3.338711568400476	0
1.556	0	-3.296341958150231	0	0	0	-3.338982847152193	0
1.557	0	-3.299122513134098	0	0	0	-3.339218010019544	0
1.558	0	-3.301868415828201	0	0	0	-3.339417076626543	0
1.559	0	-3.304579666282193	0	0	0	-3.339580063355166	0
1.56	0	-3.307256269560759	0	0	0	-3.339706989132824	0
1.561	0	-3.309898228373688	0	0	0	-3.339797870506015	0
1.562	0	-3.312505547657601	0	0	0	-3.339852724753692	0
1.563	0	-3.315078231717385	0	0	0	-3.339871568004248	0
1.564	0	-3.317616287191824	0	0	0	-3.339854417258492	0
1.565	0	-3.320119719824769	0	0	0	-3.33980128824805	0
1.566	0	-3.322588536636027	0	0	0	-3.339712196924234	0
1.567	0	-3.325022744649839	0	0	0	-3.339587158642874	0
1.568	0	-3.327422352415891	0	0	0	-3.339426189208929	0
1.569	0	-3.329787368341424	0	0	0	-3.339229303782036	0
1.57	0	-3.332117801666519	0	0	0	-3.338996517568178	0
1.571	0	-3.3344136613057	0	0	0	-3.338727845064271	0
1.572	0	-3.336674958209071	0	0	0	-3.338423301674668	0
1.573	0	-3.338901703149524	0	0	0	-3.338082902241694	0
1.574	0	-3.341093907049328	0	0	0	-3.337706661307377	0
1.575	0	-3.343251582100156	0	0	0	-3.337294593878037	0
1.576	0	-3.345374740706661	0	0	0	-3.336846714743259	0
1.577	0	-3.347463395756372	0	0	0	-3.336363038682018	0
1.578	0	-3.349517560991324	0	0	0	-3.335843580735169	0
1.579	0	-3.351537251226189	0	0	0	-3.335288356372638	0
1.58	0	-3.353522480507614	0	0	0	-3.334697380282384	0
1.581	0	-3.355473265136309	0	0	0	-3.334070668421429	0
1.582	0	-3.357389620925441	0	0	0	-3.333408236193067	0
1.583	0	-3.359271565828545	0	0	0	-3.332710100231675	0
1.584	0	-3.361119116257127	0	0	0	-3.331976275951698	0
1.585	0	-3.362932291889105	0	0	0	-3.331206780795661	0
1.586	0	-3.364711111384415	0	0	0	-3.330401631373234	0
1.587	0	-3.366455596087021	0	0	0	-3.329560845963454	0
1.588	0	-3.368165765420088	0	0	0	-3.328684441443706	0
1.589	0	-3.369841642862476	0	0	0	-3.327772437317101	0
1.59	0	-3.371483250648986	0	0	0	-3.326824852169159	0
1.591	0	-3.373090613739093	0	0	0	-3.325841706344046	0
1.592	0	-3.374663755896187	0	0	0	-3.324823019334651	0
1.593	0	-3.376202705072185	0	0	0	-3.323768813402809	0
1.594	0	-3.377707486577248	0	0	0	-3.322679109012419	0
1.595	0	-3.379178131372173	0	0	0	-3.321553930403189	0
1.596	0	-3.380614667462094	0	0	0	-3.320393299831005	0
1.597	0	-3.382017127355545	0	0	0	-3.319197242579807	0
1.598	0	-3.383385542224011	0	0	0	-3.317965783055493	0
1.599	0	-3.384719948338218	0	0	0	-3.316698949110539	0
1.6	0	-3.386020379206891	0	0	0	-3.315396766784823	0
1.601	0	-3.387286873392487	0	0	0	-3.314059265548998	0
1.602	0	-3.388519468103659	0	0	0	-3.312686474019855	0
1.603	0	-3.389718206395968	0	0	0	-3.311278424789418	0
1.604	0	-3.390883128266202	0	0	0	-3.309835148469388	0
1.605	0	-3.392014279121815	0	0	0	-3.308356679363895	0
1.606	0	-3.393111704012106	0	0	0	-3.306843051612343	0
1.607	0	-3.394175452575458	0	0	0	-3.30529430250639	0
1.608	0	-3.395205572802588	0	0	0	-3.303710468319792	0
1.609	0	-3.396202119723208	0	0	0	-3.302091590115991	0
1.61	0	-3.397165144696702	0	0	0	-3.300437706597655	0
1.611	0	-3.398094707019806	0	0	0	-3.298748861856759	0
1.612	0	-3.39899086436349	0	0	0	-3.297025098992255	0
1.613	0	-3.399853679729731	0	0	0	-3.29526646474907	0
1.614	0	-3.400683215053754	0	0	0	-3.293473005253643	0
1.615	0	-3.401479539167871	0	0	0	-3.291644771317748	0
1.616	0	-3.402242720181064	0	0	0	-3.289781813358665	0
1.617	0	-3.402972831624465	0	0	0	-3.287884185486346	0
1.618	0	-3.403669946187394	0	0	0	-3.285951941333818	0
1.619	0	-3.404334143913937	0	0	0	-3.28398513950235	0
1.62	0	-3.404965504708994	0	0	0	-3.281983838572296	0
1.621	0	-3.40556411323858	0	0	0	-3.279948100350897	0
1.622	0	-3.406130055486082	0	0	0	-3.277877987584215	0
1.623	0	-3.406663423531873	0	0	0	-3.275773567114316	0
1.624	0	-3.407164308800946	0	0	0	-3.273634905395633	0
1.625	0	-3.407632810939782	0	0	0	-3.271462074366875	0
1.626	0	-3.408069028607331	0	0	0	-3.269255145342031	0
1.627	0	-3.408473066667767	0	0	0	-3.267014193760228	0
1.628	0	-3.408845032264269	0	0	0	-3.264739296575417	0
1.629	0	-3.409185037917593	0	0	0	-3.26243053429224	0
1.63	0	-3.409493197675069	0	0	0	-3.260087988410632	0
1.631	0	-3.409769630904261	0	0	0	-3.257711743913325	0
1.632	0	-3.410014460164993	0	0	0	-3.255301887848232	0
1.633	0	-3.41022781326838	0	0	0	-3.252858510669074	0
1.634	0	-3.410409820088872	0	0	0	-3.250381704122587	0
1.635	0	-3.41056061580727	0	0	0	-3.247871563360262	0
1.636	0	-3.410680339609728	0	0	0	-3.245328186069791	0
1.637	0	-3.410769134864797	0	0	0	-3.242751672571689	0
1.638	0	-3.410827148854066	0	0	0	-3.240142125621585	0
1.639	0	-3.410854533934899	0	0	0	-3.237499651154424	0
1.64	0	-3.410851445612684	0	0	0	-3.234824357001357	0
1.641	0	-3.410818044918829	0	0	0	-3.232116354425529	0
1.642	0	-3.410754497221469	0	0	0	-3.229375757317015	0
1.643	0	-3.410660971399183	0	0	0	-3.226602681640519	0
1.644	0	-3.410537641839631	0	0	0	-3.223797246710103	0
1.645	0	-3.410384686991392	0	0	0	-3.220959574224917	0
1.646	0	-3.410202290689096	0	0	0	-3.218089789098962	0
1.647	0	-3.409990639715164	0	0	0	-3.21518801786633	0
1.648	0	-3.409749927065523	0	0	0	-3.212254390766725	0
1.649	0	-3.409480349548628	0	0	0	-3.209289040167481	0
1.65	0	-3.40918210944453	0	0	0	-3.206292101597002	0
1.651	0	-3.408855412163615	0	0	0	-3.203263712233508	0
1.652	0	-3.408500469804356	0	0	0	-3.200204013147377	0
1.653	0	-3.408117496824069	0	0	0	-3.197113146500368	0
1.654	0	-3.40770671488958	0	0	0	-3.193991258627022	0
1.655	0	-3.407268347976082	0	0	0	-3.19083849687091	0
1.656	0	-3.40680262646226	0	0	0	-3.187655012173415	0
1.657	0	-3.406309783550003	0	0	0	-3.184440956753658	0
1.658	0	-3.405790059730231	0	0	0	-3.181196486933222	0
1.659	0	-3.405243696917845	0	0	0	-3.177921759377406	0
1.66	0	-3.404670944104131	0	0	0	-3.174616934650073	0
1.661	0	-3.404072052482764	0	0	0	-3.171282174089371	0
1.662	0	-3.403447280960151	0	0	0	-3.167917643272749	0
1.663	0	-3.402796889136954	0	0	0	-3.164523507559801	0
1.664	0	-3.402121143706381	0	0	0	-3.161099936087246	0
1.665	0	-3.401420313816417	0	0	0	-3.157647098807092	0
1.666	0	-3.400694675105909	0	0	0	-3.154165169025075	0
1.667	0	-3.399944504283611	0	0	0	-3.150654319946696	0
1.668	0	-3.399170086194235	0	0	0	-3.147114729070934	0
1.669	0	-3.398371705000041	0	0	0	-3.143546572664301	0
1.67	0	-3.397549653387044	0	0	0	-3.139950031460506	0
1.671	0	-3.396704224600943	0	0	0	-3.13632528568282	0
1.672	0	-3.395835718341879	0	0	0	-3.132672518657112	0
1.673	0	-3.394944434705717	0	0	0	-3.128991913055124	0
1.674	0	-3.394030681346976	0	0	0	-3.12528365527878	0
1.675	0	-3.393094766261039	0	0	0	-3.121547930983899	0
1.676	0	-3.392137003074299	0	0	0	-3.11778492829008	0
1.677	0	-3.391157740836606	0	0	0	-3.113994878496851	0
1.678	0	-3.390157299731333	0	0	0	-3.110177979531234	0
1.679	0	-3.389135989858452	0	0	0	-3.106334415185999	0
1.68	0	-3.388094137673609	0	0	0	-3.102464386678476	0
1.681	0	-3.387032074633829	0	0	0	-3.098568099144179	0
1.682	0	-3.385950136892616	0	0	0	-3.09464575968312	0
1.683	0	-3.384848661288411	0	0	0	-3.090697575083645	0
1.684	0	-3.383727990161178	0	0	0	-3.086723754413426	0
1.685	0	-3.382588464433891	0	0	0	-3.082724504947442	0
1.686	0	-3.38143042996332	0	0	0	-3.078700035847525	0
1.687	0	-3.380254233222877	0	0	0	-3.074650555610796	0
1.688	0	-3.3790602242637	0	0	0	-3.070576273826746	0
1.689	0	-3.377848752443847	0	0	0	-3.066477398605675	0
1.69	0	-3.376620172141016	0	0	0	-3.062354139925522	0
1.691	0	-3.375374835188613	0	0	0	-3.058206705203206	0
1.692	0	-3.374113098905947	0	0	0	-3.054035303945738	0
1.693	0	-3.372835318877535	0	0	0	-3.049840143546846	0
1.694	0	-3.37154185360543	0	0	0	-3.045621431961192	0
1.695	0	-3.370233060952117	0	0	0	-3.041379375641295	0
1.696	0	-3.368909301739313	0	0	0	-3.037114181602018	0
1.697	0	-3.36757093557808	0	0	0	-3.032826055008642	0
1.698	0	-3.36621832395892	0	0	0	-3.028515200930773	0
1.699	0	-3.364851827501611	0	0	0	-3.024181822780158	0
1.7	0	-3.363471808859748	0	0	0	-3.019826123940698	0
1.701	0	-3.362078629373451	0	0	0	-3.01544830586735	0
1.702	0	-3.360672651499124	0	0	0	-3.011048569451574	0
1.703	0	-3.359254236447162	0	0	0	-3.006627113700649	0
1.704	0	-3.357823746665582	0	0	0	-3.00218413709921	0
1.705	0	-3.356381542752461	0	0	0	-2.997719835913884	0
1.706	0	-3.354927986312174	0	0	0	-2.993234405749973	0
1.707	0	-3.353463436942977	0	0	0	-2.988728039911703	0
1.708	0	-3.351988254863028	0	0	0	-2.984200930824132	0
1.709	0	-3.350502798539008	0	0	0	-2.979653268753808	0
1.71	0	-3.349007425575419	0	0	0	-2.975085242287355	0
1.711	0	-3.347502493214987	0	0	0	-2.970497038600674	0
1.712	0	-3.345988356703689	0	0	0	-2.965888842605684	0
1.713	0	-3.344465373569406	0	0	0	-2.961260849370452	0
1.714	0	-3.34293384317012	0	0	0	-2.956613030992622	0
1.715	0	-3.341394008428205	0	0	0	-2.951945126998281	0
1.716	0	-3.339846212860429	0	0	0	-2.947257269398032	0
1.717	0	-3.338290806554895	0	0	0	-2.942549614184155	0
1.718	0	-3.336728136849159	0	0	0	-2.937822314251216	0
1.719	0	-3.335158550131167	0	0	0	-2.933075520368999	0
1.72	0	-3.333582390156363	0	0	0	-2.928309380483292	0
1.721	0	-3.331999999996696	0	0	0	-2.923524040567043	0
1.722	0	-3.330411719705574	0	0	0	-2.918719643522155	0
1.723	0	-3.328817888641248	0	0	0	-2.913896330304306	0
1.724	0	-3.327218842682416	0	0	0	-2.909054238582916	0
1.725	0	-3.325614917242772	0	0	0	-2.904193504184428	0
1.726	0	-3.324006443711493	0	0	0	-2.899314259406871	0
1.727	0	-3.322393753290698	0	0	0	-2.894416634829768	0
1.728	0	-3.320777172591903	0	0	0	-2.889500757262048	0
1.729	0	-3.319157028360323	0	0	0	-2.884566751934825	0
1.73	0	-3.317533642167586	0	0	0	-2.879614740069015	0
1.731	0	-3.315907336077205	0	0	0	-2.874644841460884	0
1.732	0	-3.314278426385509	0	0	0	-2.869657171662928	0
1.733	0	-3.312647230268602	0	0	0	-2.864651844964006	0
1.734	0	-3.311014058539955	0	0	0	-2.85962897118603	0
1.735	0	-3.309379223299812	0	0	0	-2.854588659050449	0
1.736	0	-3.307743029700265	0	0	0	-2.849531012604392	0
1.737	0	-3.306105784421097	0	0	0	-2.844456134878753	0
1.738	0	-3.304467787580136	0	0	0	-2.839364124448005	0
1.739	0	-3.302829339105878	0	0	0	-2.834255078133748	0
1.74	0	-3.301190734115055	0	0	0	-2.829129089069408	0
1.741	0	-3.299552267028745	0	0	0	-2.823986248419361	0
1.742	0	-3.297914226842122	0	0	0	-2.818826643462936	0
1.743	0	-3.296276901647663	0	0	0	-2.813650359421611	0
1.744	0	-3.294640574935015	0	0	0	-2.808457477991994	0
1.745	0	-3.293005529220052	0	0	0	-2.803248078788481	0
1.746	0	-3.29137204175801	0	0	0	-2.798022237691803	0
1.747	0	-3.289740388340006	0	0	0	-2.792780028307279	0
1.748	0	-3.288110840755598	0	0	0	-2.787521521026195	0
1.749	0	-3.286483669182797	0	0	0	-2.78224678391809	0
1.75	0	-3.284859138911437	0	0	0	-2.77695588154642	0
1.751	0	-3.283237513361658	0	0	0	-2.771648876055766	0
1.752	0	-3.281619052486533	0	0	0	-2.766325826644116	0
1.753	0	-3.280004013579735	0	0	0	-2.760986789836089	0
1.754	0	-3.278392650115794	0	0	0	-2.755631819090475	0
1.755	0	-3.276785213574291	0	0	0	-2.750260965447982	0
1.756	0	-3.275181951097027	0	0	0	-2.744874276743662	0
1.757	0	-3.27358310790451	0	0	0	-2.739471798434551	0
1.758	0	-3.271988925680194	0	0	0	-2.734053573054717	0
1.759	0	-3.270399642964812	0	0	0	-2.72861964038895	0
1.76	0	-3.268815495425274	0	0	0	-2.723170037552391	0
1.761	0	-3.267236715730307	0	0	0	-2.717704798966463	0
1.762	0	-3.265663533747458	0	0	0	-2.712223956410463	0
1.763	0	-3.264096175715389	0	0	0	-2.706727538822469	0
1.764	0	-3.262534865572547	0	0	0	-2.701215572682949	0
1.765	0	-3.260979823889238	0	0	0	-2.695688081719231	0
1.766	0	-3.259431268828316	0	0	0	-2.6901450871617	0
1.767	0	-3.25788941460839	0	0	0	-2.684586607382036	0
1.768	0	-3.256354473663814	0	0	0	-2.679012658464826	0
1.769	0	-3.254826654826475	0	0	0	-2.67342325373387	0
1.77	0	-3.253306164757832	0	0	0	-2.667818404100594	0
1.771	0	-3.251793206084252	0	0	0	-2.662198117674241	0
1.772	0	-3.250287979939289	0	0	0	-2.656562400367092	0
1.773	0	-3.248790683896553	0	0	0	-2.650911255402799	0
1.774	0	-3.247301513232264	0	0	0	-2.645244683567249	0
1.775	0	-3.245820659760755	0	0	0	-2.63956268309182	0
1.776	0	-3.244348313675485	0	0	0	-2.633865249941099	0
1.777	0	-3.242884661200851	0	0	0	-2.628152377378565	0
1.778	0	-3.241429887174861	0	0	0	-2.622424056502579	0
1.779	0	-3.239984172794723	0	0	0	-2.616680275797281	0
1.78	0	-3.238547697551942	0	0	0	-2.61092102153333	0
1.781	0	-3.237120637212194	0	0	0	-2.605146277343347	0
1.782	0	-3.23570316649645	0	0	0	-2.59935602482029	0
1.783	0	-3.234295456254851	0	0	0	-2.593550242933912	0
1.784	0	-3.232897676010713	0	0	0	-2.587728908518879	0
1.785	0	-3.231509991494531	0	0	0	-2.581891995833036	0
1.786	0	-3.230132567692677	0	0	0	-2.576039477128008	0
1.787	0	-3.228765565679948	0	0	0	-2.57017132210817	0
1.788	0	-3.227409145586894	0	0	0	-2.564287498356415	0
1.789	0	-3.226063463600409	0	0	0	-2.558387971005322	0
1.79	0	-3.224728675625189	0	0	0	-2.552472703138441	0
1.791	0	-3.223404933097784	0	0	0	-2.546541655340846	0
1.792	0	-3.222092387706867	0	0	0	-2.540594786202936	0
1.793	0	-3.220791189239192	0	0	0	-2.53463206282384	0
1.794	0	-3.219501503640951	0	0	0	-2.528653652561867	0
1.795	0	-3.218223472630215	0	0	0	-2.522659900884067	0
1.796	0	-3.216957235845546	0	0	0	-2.516651224233973	0
1.797	0	-3.21570293040894	0	0	0	-2.510628125542346	0
1.798	0	-3.214460683170226	0	0	0	-2.504591095211096	0
1.799	0	-3.213230591236709	0	0	0	-2.498538483824366	0
1.8	0	-3.212012780911737	0	0	0	-2.492469634835823	0
1.801	0	-3.210807385147572	0	0	0	-2.486384489522264	0
1.802	0	-3.209614535019333	0	0	0	-2.480282984958555	0
1.803	0	-3.208434358718992	0	0	0	-2.474165055762873	0
1.804	0	-3.207266983776482	0	0	0	-2.468030634321617	0
1.805	0	-3.206112534653395	0	0	0	-2.461879650908143	0
1.806	0	-3.204971135298604	0	0	0	-2.455712033593498	0
1.807	0	-3.203842906876928	0	0	0	-2.449527708282555	0
1.808	0	-3.202727970305797	0	0	0	-2.443326598713077	0
1.809	0	-3.201626443152996	0	0	0	-2.437108626501391	0
1.81	0	-3.200538443411841	0	0	0	-2.430873711013414	0
1.811	0	-3.199464085605357	0	0	0	-2.42462176955138	0
1.812	0	-3.198403484310913	0	0	0	-2.418352717154746	0
1.813	0	-3.197356751521424	0	0	0	-2.412066466775086	0
1.814	0	-3.196323998949195	0	0	0	-2.405762929059614	0
1.815	0	-3.195305335521739	0	0	0	-2.399442012644768	0
1.816	0	-3.194300870195025	0	0	0	-2.393103623825623	0
1.817	0	-3.193310709466758	0	0	0	-2.386747666830822	0
1.818	0	-3.192334959770545	0	0	0	-2.380374043525469	0
1.819	0	-3.191373724856085	0	0	0	-2.373982653778322	0
1.82	0	-3.190427108636328	0	0	0	-2.367573395051305	0
1.821	0	-3.189495212509244	0	0	0	-2.361146162763433	0
1.822	0	-3.188578138510298	0	0	0	-2.354700849834987	0
1.823	0	-3.187675985617864	0	0	0	-2.348237347263373	0
1.824	0	-3.186788853088836	0	0	0	-2.341755543554585	0
1.825	0	-3.185916838411845	0	0	0	-2.335255325082859	0
1.826	0	-3.185060038871139	0	0	0	-2.328736575799206	0
1.827	0	-3.18421854957536	0	0	0	-2.322199177593887	0
1.828	0	-3.183392466274177	0	0	0	-2.315643009733936	0
1.829	0	-3.182581882265926	0	0	0	-2.309067949496625	0
1.83	0	-3.181786891061399	0	0	0	-2.302473871592815	0
1.831	0	-3.181007584825417	0	0	0	-2.295860648482587	0
1.832	0	-3.180244055331721	0	0	0	-2.289228150187575	0
1.833	0	-3.179496393036541	0	0	0	-2.282576244470738	0
1.834	0	-3.178764688176955	0	0	0	-2.275904796568572	0
1.835	0	-3.178049030062835	0	0	0	-2.269213669338896	0
1.836	0	-3.177349507538974	0	0	0	-2.262502723178237	0
1.837	0	-3.176666208518697	0	0	0	-2.255771816090861	0
1.838	0	-3.175999220542278	0	0	0	-2.249020803532765	0
1.839	0	-3.175348630529946	0	0	0	-2.242249538487751	0
1.84	0	-3.174714525143313	0	0	0	-2.235457871332452	0
1.841	0	-3.174096990095366	0	0	0	-2.22864565004314	0
1.842	0	-3.173496110844876	0	0	0	-2.221812719932447	0
1.843	0	-3.172911972626471	0	0	0	-2.214958923695102	0
1.844	0	-3.172344659981905	0	0	0	-2.208084101489658	0
1.845	0	-3.171794257319469	0	0	0	-2.201188090747256	0
1.846	0	-3.17126084862145	0	0	0	-2.194270726279942	0
1.847	0	-3.170744517622684	0	0	0	-2.187331840173397	0
1.848	0	-3.170245347632665	0	0	0	-2.180371261880417	0
1.849	0	-3.169763422197667	0	0	0	-2.173388817859012	0
1.85	0	-3.169298824025682	0	0	0	-2.166384332139533	0
1.851	0	-3.168851636236153	0	0	0	-2.159357625644919	0
1.852	0	-3.168421941313679	0	0	0	-2.152308516719946	0
1.853	0	-3.168009822330932	0	0	0	-2.145236820483564	0
1.854	0	-3.167615361448287	0	0	0	-2.138142349628615	0
1.855	0	-3.16723864157825	0	0	0	-2.131024913507863	0
1.856	0	-3.166879744858053	0	0	0	-2.1238843189031	0
1.857	0	-3.166538754417059	0	0	0	-2.116720369146464	0
1.858	0	-3.166215752296472	0	0	0	-2.109532865146879	0
1.859	0	-3.165910821894521	0	0	0	-2.102321604098014	0
1.86	0	-3.165624045325787	0	0	0	-2.095086380893424	0
1.861	0	-3.165355506425731	0	0	0	-2.087826986450133	0
1.862	0	-3.165105287460708	0	0	0	-2.080543209555209	0
1.863	0	-3.164873472776618	0	0	0	-2.073234834749904	0
1.864	0	-3.164660145222105	0	0	0	-2.065901644421239	0
1.865	0	-3.164465389258342	0	0	0	-2.058543416934381	0
1.866	0	-3.164289288519814	0	0	0	-2.05115992810066	0
1.867	0	-3.164131928283624	0	0	0	-2.043750949632266	0
1.868	0	-3.163993392672434	0	0	0	-2.036316250919463	0
1.869	0	-3.163873767434521	0	0	0	-2.028855597226285	0
1.87	0	-3.163773137861476	0	0	0	-2.021368751038107	0
1.871	0	-3.163691590530668	0	0	0	-2.013855470917281	0
1.872	0	-3.163629211392572	0	0	0	-2.006315512768625	0
1.873	0	-3.163586087873584	0	0	0	-1.998748628420997	0
1.874	0	-3.163562307168923	0	0	0	-1.991154566792597	0
1.875	0	-3.163557957771371	0	0	0	-1.983533072850702	0
1.876	0	-3.163573127727944	0	0	0	-1.975883888812078	0
1.877	0	-3.163607906557088	0	0	0	-1.968206752793032	0
1.878	0	-3.163662383604862	0	0	0	-1.960501400057311	0
1.879	0	-3.16373664966507	0	0	0	-1.95276756174069	0
1.88	0	-3.163830795122447	0	0	0	-1.945004966358393	0
1.881	0	-3.163944912064609	0	0	0	-1.937213338139741	0
1.882	0	-3.164079092141235	0	0	0	-1.929392398773293	0
1.883	0	-3.164233428716396	0	0	0	-1.921541865683221	0
1.884	0	-3.164408014761903	0	0	0	-1.913661453805231	0
1.885	0	-3.16460294493525	0	0	0	-1.905750873882524	0
1.886	0	-3.164818313603702	0	0	0	-1.897809834195263	0
1.887	0	-3.165054216498131	0	0	0	-1.889838039178094	0
1.888	0	-3.165310749775256	0	0	0	-1.88183519029325	0
1.889	0	-3.165588010104018	0	0	0	-1.87380098604798	0
1.89	0	-3.165886094975464	0	0	0	-1.865735121758779	0
1.891	0	-3.166205102430893	0	0	0	-1.8576372898789	0
1.892	0	-3.166545131337998	0	0	0	-1.849507179843227	0
1.893	0	-3.166906280689118	0	0	0	-1.841344478841672	0
1.894	0	-3.16728865051745	0	0	0	-1.833148871026272	0
1.895	0	-3.167692341062424	0	0	0	-1.824920038439663	0
1.896	0	-3.168117453468178	0	0	0	-1.816657660490151	0
1.897	0	-3.168564088609333	0	0	0	-1.808361415246116	0
1.898	0	-3.16903234851638	0	0	0	-1.800030978143185	0
1.899	0	-3.169522335032441	0	0	0	-1.791666023522046	0
1.9	0	-3.170034150793195	0	0	0	-1.783266223875218	0
1.901	0	-3.170567897772465	0	0	0	-1.774831251481568	0
1.902	0	-3.17112367896526	0	0	0	-1.766360776864425	0
1.903	0	-3.171701596806351	0	0	0	-1.757854470695168	0
1.904	0	-3.172301754052468	0	0	0	-1.74931200329855	0
1.905	0	-3.172924252645087	0	0	0	-1.740733045810305	0
1.906	0	-3.173569195030383	0	0	0	-1.732117269275788	0
1.907	0	-3.174236682208488	0	0	0	-1.723464347114459	0
1.908	0	-3.174926815482528	0	0	0	-1.714773953378329	0
1.909	0	-3.175639694621732	0	0	0	-1.706045765284192	0
1.91	0	-3.176375419164222	0	0	0	-1.697279462111176	0
1.911	0	-3.177134086443981	0	0	0	-1.688474727865628	0
1.912	0	-3.177915793600945	0	0	0	-1.679631249244105	0
1.913	0	-3.17872063519326	0	0	0	-1.670748719057505	0
1.914	0	-3.179548704839002	0	0	0	-1.661826834726565	0
1.915	0	-3.180400092828216	0	0	0	-1.652865301606634	0
1.916	0	-3.181274888478642	0	0	0	-1.643863830458713	0
1.917	0	-3.182173177367018	0	0	0	-1.634822141594818	0
1.918	0	-3.183095043018617	0	0	0	-1.625739963333437	0
1.919	0	-3.184040564402951	0	0	0	-1.616617035548555	0
1.92	0	-3.185009818408087	0	0	0	-1.607453106880478	0
1.921	0	-3.186002876857803	0	0	0	-1.598247939395715	0
1.922	0	-3.187019808196752	0	0	0	-1.589001306997929	0
1.923	0	-3.188060674916018	0	0	0	-1.579712999057386	0
1.924	0	-3.189125536140018	0	0	0	-1.570382817285168	0
1.925	0	-3.190214444523626	0	0	0	-1.561010580700237	0
1.926	0	-3.19132744784949	0	0	0	-1.551596124076939	0
1.927	0	-3.192464586901014	0	0	0	-1.542139300494775	0
1.928	0	-3.193625897452532	0	0	0	-1.532639979306563	0
1.929	0	-3.194811407488794	0	0	0	-1.523098050339882	0
1.93	0	-3.196021139114785	0	0	0	-1.513513421100884	0
1.931	0	-3.197255106489636	0	0	0	-1.50388601987867	0
1.932	0	-3.198513317607321	0	0	0	-1.494215793256732	0
1.933	0	-3.199795771654846	0	0	0	-1.484502709510798	0
1.934	0	-3.201102461546606	0	0	0	-1.474746754895264	0
1.935	0	-3.202433371694422	0	0	0	-1.464947936543194	0
1.936	0	-3.203788480030558	0	0	0	-1.455106278990951	0
1.937	0	-3.205167755546789	0	0	0	-1.445221827311606	0
1.938	0	-3.206571161250198	0	0	0	-1.435294641955015	0
1.939	0	-3.207998651876312	0	0	0	-1.425324801655468	0
1.94	0	-3.209450175951247	0	0	0	-1.415312399315071	0
1.941	0	-3.210925674503348	0	0	0	-1.405257543266443	0
1.942	0	-3.212425083013686	0	0	0	-1.39516035326158	0
1.943	0	-3.213948330011415	0	0	0	-1.385020961876367	0
1.944	0	-3.215495338893139	0	0	0	-1.374839510623537	0
1.945	0	-3.217066027348933	0	0	0	-1.364616149959248	0
1.946	0	-3.218660308554174	0	0	0	-1.354351036667559	0
1.947	0	-3.220278090515676	0	0	0	-1.344044333987647	0
1.948	0	-3.221919277618432	0	0	0	-1.333696208326254	0
1.949	0	-3.223583770079961	0	0	0	-1.323306829593373	0
1.95	0	-3.225271464769693	0	0	0	-1.312876369173647	0
1.951	0	-3.226982255328335	0	0	0	-1.302404999256793	0
1.952	0	-3.22871603252568	0	0	0	-1.291892892043842	0
1.953	0	-3.23047268440259	0	0	0	-1.281340218912818	0
1.954	0	-3.232252096505442	0	0	0	-1.270747150072839	0
1.955	0	-3.234054151776877	0	0	0	-1.260113854670576	0
1.956	0	-3.235878731062296	0	0	0	-1.249440499945347	0
1.957	0	-3.237725712956625	0	0	0	-1.238727251399469	0
1.958	0	-3.239594973330455	0	0	0	-1.227974274231188	0
1.959	0	-3.241486385866438	0	0	0	-1.217181732459721	0
1.96	0	-3.243399821498846	0	0	0	-1.206349790438893	0
1.961	0	-3.245335148713585	0	0	0	-1.195478612456256	0
1.962	0	-3.247292232283387	0	0	0	-1.184568366046296	0
1.963	0	-3.249270934155216	0	0	0	-1.173619220607063	0
1.964	0	-3.251271112187367	0	0	0	-1.16263135057993	0
1.965	0	-3.253292620636348	0	0	0	-1.151604934830158	0
1.966	0	-3.255335308245276	0	0	0	-1.140540161589169	0
1.967	0	-3.257399019458306	0	0	0	-1.129437226440861	0
1.968	0	-3.259483592518675	0	0	0	-1.118296337074789	0
1.969	0	-3.261588860021597	0	0	0	-1.10711771260027	0
1.97	0	-3.263714646556781	0	0	0	-1.095901589704367	0
1.971	0	-3.265860770017694	0	0	0	-1.084648220384235	0
1.972	0	-3.26802703934845	0	0	0	-1.073357877744164	0
1.973	0	-3.270213254730599	0	0	0	-1.062030856089767	0
1.974	0	-3.272419205510524	0	0	0	-1.050667476733602	0
1.975	0	-3.274644670786	0	0	0	-1.039268087299615	0
1.976	0	-3.276889417117495	0	0	0	-1.027833067643972	0
1.977	0	-3.279153198399918	0	0	0	-1.016362831139163	0
1.978	0	-3.281435754042183	0	0	0	-1.004857829571673	0
1.979	0	-3.283736808917681	0	0	0	-0.9933185542486095	0
1.98	0	-3.286056070562432	0	0	0	-0.9817455431734617	0
1.981	0	-3.288393229645	0	0	0	-0.970139381113023	0
1.982	0	-3.29074795705845	0	0	0	-0.958500707045959	0
1.983	0	-3.293119904299403	0	0	0	-0.9468302144868753	0
1.984	0	-3.295508699846459	0	0	0	-0.9351286606313398	0
1.985	0	-3.29791395011173	0	0	0	-0.9233968654295623	0
1.986	0	-3.300335235153544	0	0	0	-0.9116357225366718	0
1.987	0	-3.302772110446465	0	0	0	-0.8998461962184158	0
1.988	0	-3.305224101158806	0	0	0	-0.8880293359453363	0
1.989	0	-3.307690704859596	0	0	0	-0.8761862711279472	0
1.99	0	-3.31017138505396	0	0	0	-0.8643182275145395	0
1.991	0	-3.312665574465757	0	0	0	-0.8524265205746062	0
1.992	0	-3.315172667680484	0	0	0	-0.8405125741616627	0
1.993	0	-3.317692025251675	0	0	0	-0.828577911862591	0
1.994	0	-3.320222965415595	0	0	0	-0.8166241780419888	0
1.995	0	-3.322764769070285	0	0	0	-0.8046531269865962	0
1.996	0	-3.325316670620116	0	0	0	-0.7926666462030959	0
1.997	0	-3.327877863854882	0	0	0	-0.7806667432338048	0
1.998	0	-3.330447492037668	0	0	0	-0.7686555709336618	0
1.999	0	-3.333024654682057	0	0	0	-0.7566354119004506	0
2	0	-3.335608397066674	0	0	0	-0.7446087052705694	0
2.001	0	-3.338197717866175	0	0	0	-0.7325780288091701	0
2.002	0	-3.340791558555682	0	0	0	-0.7205461260518211	0
2.003	0	-3.343388810578879	0	0	0	-0.708515889250368	0
2.004	0	-3.345988308035615	0	0	0	-0.6964903784352986	0
2.005	0	-3.348588830893415	0	0	0	-0.6844728138179079	0
2.006	0	-3.351189101486137	0	0	0	-0.6724665852271746	0
2.007	0	-3.353787787454092	0	0	0	-0.6604752450758118	0
2.008	0	-3.356383499027522	0	0	0	-0.6485025154148943	0
2.009	0	-3.358974790625408	0	0	0	-0.63655228428106	0
2.01	0	-3.361560162409455	0	0	0	-0.6246286011325454	0
2.011	0	-3.364138060884334	0	0	0	-0.6127356757667037	0
2.012	0	-3.366706880346073	0	0	0	-0.6008778740424223	0
2.013	0	-3.369264965950027	0	0	0	-0.589059709385531	0
2.014	0	-3.371810615480504	0	0	0	-0.5772858376916679	0
2.015	0	-3.374342084150242	0	0	0	-0.5655610441347235	0
2.016	0	-3.376857586610449	0	0	0	-0.5538902371273933	0
2.017	0	-3.379355302233885	0	0	0	-0.5422784330081258	0
2.018	0	-3.381833380045417	0	0	0	-0.5307307424067574	0
2.019	0	-3.384289943119033	0	0	0	-0.5192523571602863	0
2.02	0	-3.386723094942512	0	0	0	-0.5078485321327757	0
2.021	0	-3.389130925228133	0	0	0	-0.4965245684011039	0
2.022	0	-3.391511516931807	0	0	0	-0.4852857930976257	0
2.023	0	-3.39386295100089	0	0	0	-0.4741375450424705	0
2.024	0	-3.396183316194825	0	0	0	-0.4630851470712852	0
2.025	0	-3.398470713279222	0	0	0	-0.4521338931009332	0
2.026	0	-3.400723264904137	0	0	0	-0.441289020111871	0
2.027	0	-3.402939118783988	0	0	0	-0.4305556978389694	0
2.028	0	-3.405116459168541	0	0	0	-0.4199389966010102	0
2.029	0	-3.407253509465298	0	0	0	-0.4094438785429543	0
2.03	0	-3.409348542503962	0	0	0	-0.3990751686673075	0
2.031	0	-3.411399881574267	0	0	0	-0.3888375505143924	0
2.032	0	-3.41340591150753	0	0	0	-0.3787355353098185	0
2.033	0	-3.415365079082488	0	0	0	-0.3687734594421599	0
2.034	0	-3.41727590185982	0	0	0	-0.3589554596945976	0
2.035	0	-3.419136966488046	0	0	0	-0.3492854769647411	0
2.036	0	-3.420946938771543	0	0	0	-0.3397672283488646	0
2.037	0	-3.422704558912081	0	0	0	-0.3304042192298277	0
2.038	0	-3.424408650762925	0	0	0	-0.321199718076972	0
2.039	0	-3.426058116445403	0	0	0	-0.3121567704057214	0
2.04	0	-3.427651942372469	0	0	0	-0.3032781825693605	0
2.041	0	-3.429189194819239	0	0	0	-0.294566533378635	0
2.042	0	-3.430669023937996	0	0	0	-0.2860241637555752	0
2.043	0	-3.432090657274725	0	0	0	-0.2776531940568988	0
2.044	0	-3.433453403670913	0	0	0	-0.2694555141252092	0
2.045	0	-3.434756645954081	0	0	0	-0.2614328031718709	0
2.046	0	-3.435999844134447	0	0	0	-0.2535865219711185	0
2.047	0	-3.437182526521318	0	0	0	-0.2459179370980056	0
2.048	0	-3.438304292187368	0	0	0	-0.2384281151055374	0
2.049	0	-3.439364802742768	0	0	0	-0.2311179452332958	0
2.05	0	-3.44036378428431	0	0	0	-0.2239881350637067	0
2.051	0	-3.441301017694222	0	0	0	-0.21703923721901	0
2.052	0	-3.442176341088144	0	0	0	-0.2102716436787306	0
2.053	0	-3.442989639482915	0	0	0	-0.2036856142468987	0
2.054	0	-3.443740848668496	0	0	0	-0.1972812670443702	0
2.055	0	-3.444429943079326	0	0	0	-0.1910586117572032	0
2.056	0	-3.445056940795492	0	0	0	-0.1850175370846247	0
2.057	0	-3.44562189115751	0	0	0	-0.1791578446223725	0
2.058	0	-3.446124880085627	0	0	0	-0.1734792354159695	0
2.059	0	-3.446566017912088	0	0	0	-0.1679813431865632	0
2.06	0	-3.44694544477572	0	0	0	-0.1626637206246229	0
2.061	0	-3.447263319047758	0	0	0	-0.1575258709413049	0
2.062	0	-3.447519822371568	0	0	0	-0.1525672350414171	0
2.063	0	-3.447715150102017	0	0	0	-0.1477872176050119	0
2.064	0	-3.447849512889572	0	0	0	-0.1431851834125836	0
2.065	0	-3.447923132586923	0	0	0	-0.1387604687477177	0
2.066	0	-3.447936240203509	0	0	0	-0.1345123873078186	0
2.067	0	-3.447889073214165	0	0	0	-0.1304402378098367	0
2.068	0	-3.447781873947669	0	0	0	-0.1265433086426936	0
2.069	0	-3.447614888358918	0	0	0	-0.1228208815559636	0
2.07	0	-3.447388362291945	0	0	0	-0.119272241781431	0
2.071	0	-3.447102542035768	0	0	0	-0.1158966769653819	0
2.072	0	-3.446757670722065	0	0	0	-0.1126934869628925	0
2.073	0	-3.44635398948092	0	0	0	-0.1096619809304966	0
2.074	0	-3.445891732981806	0	0	0	-0.1068014894315929	0
2.075	0	-3.44537113169409	0	0	0	-0.10411135856353	0
2.076	0	-3.444792407086886	0	0	0	-0.1015909628489588	0
2.077	0	-3.444155774875278	0	0	0	-0.09923969673169385	0
2.078	0	-3.443461439367057	0	0	0	-0.09705698967483545	0
2.079	0	-3.442709597909531	0	0	0	-0.095042294430553	0
2.08	0	-3.441900434479204	0	0	0	-0.09319510410032888	0
2.081	0	-3.441034125096259	0	0	0	-0.09151493780439737	0
2.082	0	-3.440110830856437	0	0	0	-0.09000135917975438	0
2.083	0	-3.439130704068448	0	0	0	-0.08865396010424223	0
2.084	0	-3.438093880944083	0	0	0	-0.08747238006361692	0
2.085	0	-3.437000488203561	0	0	0	-0.08645628861040373	0
2.086	0	-3.435850635655178	0	0	0	-0.0856054049908189	0
2.087	0	-3.434644423005051	0	0	0	-0.08491948003942092	0
2.088	0	-3.433381932571523	0	0	0	-0.08439831541947955	0
2.089	0	-3.432063236028536	0	0	0	-0.08404174567206853	0
2.09	0	-3.430688387512808	0	0	0	-0.08384965638905012	0
2.091	0	-3.429257430023865	0	0	0	-0.08382196715041959	0
2.092	0	-3.427770389193873	0	0	0	-0.08395864791690417	0
2.093	0	-3.426227279062157	0	0	0	-0.08425970360214136	0
2.094	0	-3.424628096785274	0	0	0	-0.08472518795042011	0
2.095	0	-3.422972827517869	0	0	0	-0.08535519045259109	0
2.096	0	-3.42126144029244	0	0	0	-0.08614984710045741	0
2.097	0	-3.419493891850318	0	0	0	-0.08710933005834064	0
2.098	0	-3.417670123778378	0	0	0	-0.08823385506117422	0
2.099	0	-3.415790065266409	0	0	0	-0.08952367390246101	0
2.1	0	-3.413853631507746	0	0	0	-0.09097907845405066	0
2.101	0	-3.411860725407463	0	0	0	-0.09260039590327664	0
2.102	0	-3.409811237228841	0	0	0	-0.09438798943749739	0
2.103	0	-3.407705045302923	0	0	0	-0.09634225609370801	0
2.104	0	-3.405542016883573	0	0	0	-0.09846362420031915	0
2.105	0	-3.403322007932841	0	0	0	-0.1007525536387872	0
2.106	0	-3.401044865129816	0	0	0	-0.1032095301805547	0
2.107	0	-3.398710424828386	0	0	0	-0.1058350679010395	0
2.108	0	-3.396318516148774	0	0	0	-0.1086297005920558	0
2.109	0	-3.393868959224704	0	0	0	-0.1115939860137442	0
2.11	0	-3.391361569291126	0	0	0	-0.114728494603126	0
2.111	0	-3.388796154356515	0	0	0	-0.118033815199297	0
2.112	0	-3.386172520185416	0	0	0	-0.1215105413081205	0
2.113	0	-3.383490467548473	0	0	0	-0.1251592778907351	0
2.114	0	-3.380749797983658	0	0	0	-0.128980625484017	0
2.115	0	-3.377950310791395	0	0	0	-0.1329751876028495	0
2.116	0	-3.375091809443211	0	0	0	-0.1371435530572814	0
2.117	0	-3.372174098501616	0	0	0	-0.1414863034862883	0
2.118	0	-3.369196990528839	0	0	0	-0.1460039942571079	0
2.119	0	-3.366160303120501	0	0	0	-0.1506971616237867	0
2.12	0	-3.363063866149544	0	0	0	-0.1555663026436751	0
2.121	0	-3.359907519108527	0	0	0	-0.1606118814398116	0
2.122	0	-3.356691118504173	0	0	0	-0.1658343086257516	0
2.123	0	-3.35341453570476	0	0	0	-0.1712339461486808	0
2.124	0	-3.350077664635328	0	0	0	-0.1768110858433962	0
2.125	0	-3.34668041848659	0	0	0	-0.1825659571615858	0
2.126	0	-3.343222740503993	0	0	0	-0.1884986975433132	0
2.127	0	-3.339704599701165	0	0	0	-0.1946093626460304	0
2.128	0	-3.336125999305456	0	0	0	-0.2008979028826866	0
2.129	0	-3.332486975754195	0	0	0	-0.2073641649391625	0
2.13	0	-3.3287876077329	0	0	0	-0.2140078666018274	0
2.131	0	-3.32502801164198	0	0	0	-0.2208286077742647	0
2.132	0	-3.321208354964807	0	0	0	-0.2278258336579945	0
2.133	0	-3.317328849135885	0	0	0	-0.2349988528037263	0
2.134	0	-3.31338976153582	0	0	0	-0.2423468038800669	0
2.135	0	-3.309391412804488	0	0	0	-0.2498686620535631	0
2.136	0	-3.305334185168977	0	0	0	-0.2575632156090284	0
2.137	0	-3.301218519375074	0	0	0	-0.2654290733436753	0
2.138	0	-3.297044923167125	0	0	0	-0.2734646409160646	0
2.139	0	-3.292813969503112	0	0	0	-0.2816681253015363	0
2.14	0	-3.288526302123536	0	0	0	-0.2900375188528898	0
2.141	0	-3.284182633371012	0	0	0	-0.2985706049032537	0
2.142	0	-3.279783750085608	0	0	0	-0.3072649415241292	0
2.143	0	-3.275330510764729	0	0	0	-0.3161178690496301	0
2.144	0	-3.270823848170154	0	0	0	-0.3251265027146118	0
2.145	0	-3.26626476749062	0	0	0	-0.33428773846479	0
2.146	0	-3.261654347531095	0	0	0	-0.343598249230219	0
2.147	0	-3.2569937387485	0	0	0	-0.3530544910705366	0
2.148	0	-3.252284159974076	0	0	0	-0.3626527127309911	0
2.149	0	-3.247526897620495	0	0	0	-0.3723889585486534	0
2.15	0	-3.242723302350977	0	0	0	-0.3822590783227507	0
2.151	0	-3.237874785771611	0	0	0	-0.3922587373810195	0
2.152	0	-3.232982813761002	0	0	0	-0.4023834361797812	0
2.153	0	-3.22804890583839	0	0	0	-0.4126285132004521	0
2.154	0	-3.2230746258854	0	0	0	-0.4229891716037829	0
2.155	0	-3.218061579901639	0	0	0	-0.433460487140595	0
2.156	0	-3.213011407765763	0	0	0	-0.4440374319902518	0
2.157	0	-3.207925779297278	0	0	0	-0.4547148873908235	0
2.158	0	-3.202806384296867	0	0	0	-0.4654876722974894	0
2.159	0	-3.197654930943077	0	0	0	-0.4763505498738593	0
2.16	0	-3.192473134577097	0	0	0	-0.4872982593759418	0
2.161	0	-3.187262715411639	0	0	0	-0.4983255245863813	0
2.162	0	-3.1820253872368	0	0	0	-0.5094270858051404	0
2.163	0	-3.176762857482842	0	0	0	-0.5205977018976224	0
2.164	0	-3.17147681525523	0	0	0	-0.5318321838872248	0
2.165	0	-3.166168930749948	0	0	0	-0.5431253986210667	0
2.166	0	-3.160840844650083	0	0	0	-0.5544722983691993	0
2.167	0	-3.155494170179147	0	0	0	-0.5658679172461558	0
2.168	0	-3.150130481709396	0	0	0	-0.5773074026622261	0
2.169	0	-3.144751316523896	0	0	0	-0.5887860122979397	0
2.17	0	-3.139358165535353	0	0	0	-0.600299139430794	0
2.171	0	-3.133952477622584	0	0	0	-0.6118423028204671	0
2.172	0	-3.128535649639368	0	0	0	-0.6234111736626504	0
2.173	0	-3.123109030284673	0	0	0	-0.6350015664488933	0
2.174	0	-3.117673912659007	0	0	0	-0.6466094586562267	0
2.175	0	-3.112231540324809	0	0	0	-0.6582309755988384	0
2.176	0	-3.106783099151291	0	0	0	-0.6698624117648921	0
2.177	0	-3.101329722685588	0	0	0	-0.6815002172352862	0
2.178	0	-3.095872486558167	0	0	0	-0.6931410118573997	0
2.179	0	-3.090412415423704	0	0	0	-0.7047815674145593	0
2.18	0	-3.084950476763653	0	0	0	-0.716418823189547	0
2.181	0	-3.079487586877489	0	0	0	-0.7280498703791367	0
2.182	0	-3.07402460706288	0	0	0	-0.7396719611912842	0
2.183	0	-3.068562350411307	0	0	0	-0.7512824911589654	0
2.184	0	-3.063101577832664	0	0	0	-0.7628790084528085	0
2.185	0	-3.057643002662211	0	0	0	-0.774459201733916	0
2.186	0	-3.052187290749767	0	0	0	-0.7860208987202321	0
2.187	0	-3.046735063895208	0	0	0	-0.7975620572116481	0
2.188	0	-3.041286898936896	0	0	0	-0.8090807662778717	0
2.189	0	-3.035843332295025	0	0	0	-0.8205752339378704	0
2.19	0	-3.03040485846073	0	0	0	-0.8320437900264134	0
2.191	0	-3.024971936056894	0	0	0	-0.8434848703364539	0
2.192	0	-3.0195449854767	0	0	0	-0.8548970214652747	0
2.193	0	-3.014124393529415	0	0	0	-0.8662788880683111	0
2.194	0	-3.008710513264717	0	0	0	-0.8776292126943651	0
2.195	0	-3.003303667758348	0	0	0	-0.8889468254069549	0
2.196	0	-2.997904149192858	0	0	0	-0.9002306449706098	0
2.197	0	-2.992512222938169	0	0	0	-0.9114796680587116	0
2.198	0	-2.98712812760323	0	0	0	-0.9226929681912233	0
2.199	0	-2.981752077515846	0	0	0	-0.9338696886151387	0
2.2	0	-2.976384263221211	0	0	0	-0.9450090404327813	0
2.201	0	-2.971024853829904	0	0	0	-0.9561102959140075	0
2.202	0	-2.965673998080728	0	0	0	-0.9671727851152326	0
2.203	0	-2.960331824999475	0	0	0	-0.9781958934426189	0
2.204	0	-2.954998446515252	0	0	0	-0.9891790545060408	0
2.205	0	-2.949673957376139	0	0	0	-1.000121749694337	0
2.206	0	-2.944358437138854	0	0	0	-1.011023502570721	0
2.207	0	-2.939051950298092	0	0	0	-1.021883877681962	0
2.208	0	-2.933754548516849	0	0	0	-1.032702474761469	0
2.209	0	-2.928466270718031	0	0	0	-1.043478927756695	0
2.21	0	-2.923187144520489	0	0	0	-1.054212900708019	0
2.211	0	-2.917917186348991	0	0	0	-1.064904086780279	0
2.212	0	-2.912656403505099	0	0	0	-1.07555220300085	0
2.213	0	-2.907404793568943	0	0	0	-1.086156990747345	0
2.214	0	-2.902162346299062	0	0	0	-1.096718210988729	0
2.215	0	-2.8969290432505	0	0	0	-1.107235644369512	0
2.216	0	-2.891704859860861	0	0	0	-1.117709086056078	0
2.217	0	-2.886489764050704	0	0	0	-1.128138348150971	0
2.218	0	-2.881283718983462	0	0	0	-1.13852325318587	0
2.219	0	-2.876086681604461	0	0	0	-1.148863636567595	0
2.22	0	-2.870898604990318	0	0	0	-1.159159341197156	0
2.221	0	-2.865719436722101	0	0	0	-1.169410220049625	0
2.222	0	-2.860549121761837	0	0	0	-1.179616130148093	0
2.223	0	-2.855387600259374	0	0	0	-1.189776936235276	0
2.224	0	-2.850234810505744	0	0	0	-1.199892504302686	0
2.225	0	-2.845090686184632	0	0	0	-1.209962706863414	0
2.226	0	-2.839955160165812	0	0	0	-1.219987414967461	0
2.227	0	-2.834828161558362	0	0	0	-1.229966503607079	0
2.228	0	-2.829709618615905	0	0	0	-1.239899845520044	0
2.229	0	-2.824599455996454	0	0	0	-1.249787316554927	0
2.23	0	-2.819497598250898	0	0	0	-1.259628788610162	0
2.231	0	-2.814403966846973	0	0	0	-1.269424135056826	0
2.232	0	-2.809318482950797	0	0	0	-1.279173225173478	0
2.233	0	-2.804241064489057	0	0	0	-1.288875929896822	0
2.234	0	-2.799171629567601	0	0	0	-1.298532115302212	0
2.235	0	-2.794110093343177	0	0	0	-1.308141648344498	0
2.236	0	-2.789056370656105	0	0	0	-1.317704391965676	0
2.237	0	-2.784010373058798	0	0	0	-1.327220210935806	0
2.238	0	-2.778972012017912	0	0	0	-1.336688966147362	0
2.239	0	-2.77394119575557	0	0	0	-1.346110520466038	0
2.24	0	-2.768917831723027	0	0	0	-1.355484734540308	0
2.241	0	-2.763901823639525	0	0	0	-1.364811472598166	0
2.242	0	-2.758893074518094	0	0	0	-1.374090597440431	0
2.243	0	-2.753891483519899	0	0	0	-1.383321976315478	0
2.244	0	-2.748896948287582	0	0	0	-1.392505477307389	0
2.245	0	-2.743909362122592	0	0	0	-1.401640974795796	0
2.246	0	-2.738928616806131	0	0	0	-1.410728345084029	0
2.247	0	-2.733954599614176	0	0	0	-1.419767471964702	0
2.248	0	-2.728987195496553	0	0	0	-1.428758243558018	0
2.249	0	-2.724026284551304	0	0	0	-1.437700557076113	0
2.25	0	-2.719071744585589	0	0	0	-1.446594315018764	0
2.251	0	-2.714123448497279	0	0	0	-1.455439429977009	0
2.252	0	-2.709181266202666	0	0	0	-1.464235821897631	0
2.253	0	-2.704245062629545	0	0	0	-1.472983421728569	0
2.254	0	-2.699314699864109	0	0	0	-1.481682168272898	0
2.255	0	-2.694390035143734	0	0	0	-1.490332011755251	0
2.256	0	-2.689470922372059	0	0	0	-1.498932911621514	0
2.257	0	-2.684557210818169	0	0	0	-1.507484838771766	0
2.258	0	-2.679648746698314	0	0	0	-1.5159877732114	0
2.259	0	-2.674745371932084	0	0	0	-1.524441706088477	0
2.26	0	-2.669846924925142	0	0	0	-1.532846638572815	0
2.261	0	-2.664953240645394	0	0	0	-1.541202581602428	0
2.262	0	-2.660064150713016	0	0	0	-1.549509555690243	0
2.263	0	-2.655179483479814	0	0	0	-1.557767590804699	0
2.264	0	-2.650299064212919	0	0	0	-1.565976725907786	0
2.265	0	-2.645422715507269	0	0	0	-1.574137008099425	0
2.266	0	-2.640550257214745	0	0	0	-1.582248492539373	0
2.267	0	-2.635681506844238	0	0	0	-1.590311241663643	0
2.268	0	-2.630816279346472	0	0	0	-1.598325325296373	0
2.269	0	-2.625954388079416	0	0	0	-1.606290818818568	0
2.27	0	-2.621095644157333	0	0	0	-1.614207803932824	0
2.271	0	-2.61623985738823	0	0	0	-1.62207636704321	0
2.272	0	-2.611386835606321	0	0	0	-1.629896599966232	0
2.273	0	-2.606536386038325	0	0	0	-1.637668597527746	0
2.274	0	-2.601688314231292	0	0	0	-1.645392458905984	0
2.275	0	-2.596842425321343	0	0	0	-1.653068285566721	0
2.276	0	-2.591998523058937	0	0	0	-1.660696182406329	0
2.277	0	-2.587156411429194	0	0	0	-1.668276255026997	0
2.278	0	-2.582315893210549	0	0	0	-1.675808611584889	0
2.279	0	-2.577476771694218	0	0	0	-1.68329336032448	0
2.28	0	-2.572638849073622	0	0	0	-1.690730611193477	0
2.281	0	-2.567801928696418	0	0	0	-1.698120472915372	0
2.282	0	-2.562965812755404	0	0	0	-1.705463055564713	0
2.283	0	-2.558130305140988	0	0	0	-1.712758466863459	0
2.284	0	-2.553295208461714	0	0	0	-1.720006815576533	0
2.285	0	-2.548460327581207	0	0	0	-1.727208207084127	0
2.286	0	-2.54362546627961	0	0	0	-1.734362747152334	0
2.287	0	-2.538790430243985	0	0	0	-1.741470538245323	0
2.288	0	-2.533955024902003	0	0	0	-1.748531681937836	0
2.289	0	-2.529119057763724	0	0	0	-1.755546276001712	0
2.29	0	-2.524282335800073	0	0	0	-1.762514417292829	0
2.291	0	-2.519444668196832	0	0	0	-1.769436198526303	0
2.292	0	-2.514605864154376	0	0	0	-1.776311710658086	0
2.293	0	-2.509765735341069	0	0	0	-1.783141040008264	0
2.294	0	-2.504924093060734	0	0	0	-1.789924271304576	0
2.295	0	-2.500080751024355	0	0	0	-1.796661484592262	0
2.296	0	-2.495235523383756	0	0	0	-1.803352757337229	0
2.297	0	-2.490388226871668	0	0	0	-1.809998161995791	0
2.298	0	-2.485538678086017	0	0	0	-1.816597768867847	0
2.299	0	-2.480686696179004	0	0	0	-1.82315164323851	0
2.3	0	-2.475832101201563	0	0	0	-1.829659847153505	0
2.301	0	-2.47097471538821	0	0	0	-1.836122437881554	0
2.302	0	-2.466114361535807	0	0	0	-1.842539469706519	0
2.303	0	-2.461250865403496	0	0	0	-1.848910991450342	0
2.304	0	-2.456384053023425	0	0	0	-1.855237049125182	0
2.305	0	-2.451513753166366	0	0	0	-1.861517683531059	0
2.306	0	-2.446639795722191	0	0	0	-1.867752931815299	0
2.307	0	-2.441762012874143	0	0	0	-1.87394282642234	0
2.308	0	-2.436880237957969	0	0	0	-1.880087396079707	0
2.309	0	-2.431994306738253	0	0	0	-1.886186664719064	0
2.31	0	-2.427104056517287	0	0	0	-1.892240652281924	0
2.311	0	-2.422209326798205	0	0	0	-1.898249374198383	0
2.312	0	-2.417309958630861	0	0	0	-1.904212841927352	0
2.313	0	-2.412405795357972	0	0	0	-1.910131062400838	0
2.314	0	-2.407496682311308	0	0	0	-1.916004038296724	0
2.315	0	-2.402582466819476	0	0	0	-1.921831768143012	0
2.316	0	-2.397662998232074	0	0	0	-1.92761424624618	0
2.317	0	-2.392738128078316	0	0	0	-1.933351462680682	0
2.318	0	-2.387807710138201	0	0	0	-1.939043403291806	0
2.319	0	-2.382871600254198	0	0	0	-1.94469004986806	0
2.32	0	-2.377929656639249	0	0	0	-1.950291379988639	0
2.321	0	-2.372981739592828	0	0	0	-1.955847367300416	0
2.322	0	-2.368027712009268	0	0	0	-1.961357981191509	0
2.323	0	-2.363067438778419	0	0	0	-1.966823187325899	0
2.324	0	-2.35810078754967	0	0	0	-1.972242947131728	0
2.325	0	-2.353127628046708	0	0	0	-1.977617218394596	0
2.326	0	-2.348147833002008	0	0	0	-1.98294595463181	0
2.327	0	-2.343161276855528	0	0	0	-1.988229106150735	0
2.328	0	-2.338167837514072	0	0	0	-1.993466618822663	0
2.329	0	-2.33316739473966	0	0	0	-1.998658435348752	0
2.33	0	-2.328159831744845	0	0	0	-2.003804494194473	0
2.331	0	-2.323145033359955	0	0	0	-2.008904730986134	0
2.332	0	-2.318122888338406	0	0	0	-2.013959076970085	0
2.333	0	-2.313093287368401	0	0	0	-2.018967460494893	0
2.334	0	-2.308056124725121	0	0	0	-2.023929805978586	0
2.335	0	-2.303011296613229	0	0	0	-2.028846035103527	0
2.336	0	-2.297958703509326	0	0	0	-2.033716065356868	0
2.337	0	-2.292898247551788	0	0	0	-2.038539811871473	0
2.338	0	-2.287829835033258	0	0	0	-2.043317185865205	0
2.339	0	-2.282753374574058	0	0	0	-2.04804809593931	0
2.34	0	-2.277668778930408	0	0	0	-2.052732447054956	0
2.341	0	-2.272575962936287	0	0	0	-2.057370141865866	0
2.342	0	-2.267474845795127	0	0	0	-2.061961079445549	0
2.343	0	-2.262365349165888	0	0	0	-2.066505156585962	0
2.344	0	-2.257247399429426	0	0	0	-2.071002266477646	0
2.345	0	-2.252120924968157	0	0	0	-2.075452300493927	0
2.346	0	-2.246985858867562	0	0	0	-2.079855146663284	0
2.347	0	-2.241842137226275	0	0	0	-2.084210690835795	0
2.348	0	-2.236689700581092	0	0	0	-2.088518815876567	0
2.349	0	-2.231528492179819	0	0	0	-2.092779402856521	0
2.35	0	-2.226358460430311	0	0	0	-2.096992329715113	0
2.351	0	-2.221179556615462	0	0	0	-2.101157472708384	0
2.352	0	-2.215991736812053	0	0	0	-2.105274705416109	0
2.353	0	-2.210794960542001	0	0	0	-2.109343899675538	0
2.354	0	-2.20558919237346	0	0	0	-2.113364924714547	0
2.355	0	-2.20037440022631	0	0	0	-2.117337648293551	0
2.356	0	-2.195150557243984	0	0	0	-2.12126193577568	0
2.357	0	-2.189917640364415	0	0	0	-2.125137651020891	0
2.358	0	-2.184675631602913	0	0	0	-2.128964655833117	0
2.359	0	-2.179424517174545	0	0	0	-2.132742810535686	0
2.36	0	-2.174164288730546	0	0	0	-2.136471973523791	0
2.361	0	-2.168894941914013	0	0	0	-2.140152001990204	0
2.362	0	-2.163616477971496	0	0	0	-2.143782751395217	0
2.363	0	-2.158328902962446	0	0	0	-2.147364075912144	0
2.364	0	-2.153032228347002	0	0	0	-2.150895828267207	0
2.365	0	-2.147726470414109	0	0	0	-2.154377860188796	0
2.366	0	-2.142411651464861	0	0	0	-2.157810021915406	0
2.367	0	-2.137087798931519	0	0	0	-2.161192162817545	0
2.368	0	-2.131754946139665	0	0	0	-2.164524131148936	0
2.369	0	-2.126413131930309	0	0	0	-2.167805774307292	0
2.37	0	-2.121062401262127	0	0	0	-2.17103693876097	0
2.371	0	-2.115702805229849	0	0	0	-2.174217470192224	0
2.372	0	-2.110334400968314	0	0	0	-2.177347213625773	0
2.373	0	-2.104957251903881	0	0	0	-2.180426013420625	0
2.374	0	-2.099571428096992	0	0	0	-2.183453713427911	0
2.375	0	-2.094177006277841	0	0	0	-2.186430156945927	0
2.376	0	-2.088774069809141	0	0	0	-2.189355186958526	0
2.377	0	-2.083362709120749	0	0	0	-2.192228646085819	0
2.378	0	-2.077943021741207	0	0	0	-2.195050376687135	0
2.379	0	-2.072515112692068	0	0	0	-2.197820220953441	0
2.38	0	-2.067079094194588	0	0	0	-2.200538021038567	0
2.381	0	-2.061635086230464	0	0	0	-2.203203618994162	0
2.382	0	-2.056183216664137	0	0	0	-2.205816857024931	0
2.383	0	-2.050723621470806	0	0	0	-2.208377577378401	0
2.384	0	-2.045256444607429	0	0	0	-2.210885622617894	0
2.385	0	-2.039781838692178	0	0	0	-2.213340835488738	0
2.386	0	-2.034299964743127	0	0	0	-2.215743059199689	0
2.387	0	-2.028810992796113	0	0	0	-2.218092137338037	0
2.388	0	-2.023315101606058	0	0	0	-2.22038791412173	0
2.389	0	-2.017812479406325	0	0	0	-2.222630234276423	0
2.39	0	-2.012303323457388	0	0	0	-2.224818943357734	0
2.391	0	-2.006787840902065	0	0	0	-2.226953887596167	0
2.392	0	-2.00126624822182	0	0	0	-2.229034914244413	0
2.393	0	-1.995738772103917	0	0	0	-2.231061871418429	0
2.394	0	-1.990205648888407	0	0	0	-2.233034608453035	0
2.395	0	-1.98466712533413	0	0	0	-2.234952975776415	0
2.396	0	-1.979123458128056	0	0	0	-2.236816825235764	0
2.397	0	-1.973574914472235	0	0	0	-2.238626010037044	0
2.398	0	-1.968021771677615	0	0	0	-2.240380385023781	0
2.399	0	-1.962464317561386	0	0	0	-2.242079806705287	0
2.4	0	-1.956902850063075	0	0	0	-2.243724133491122	0
2.401	0	-1.951337677480322	0	0	0	-2.24531322575595	0
2.402	0	-1.945769118078909	0	0	0	-2.246846946097844	0
2.403	0	-1.940197500152662	0	0	0	-2.24832515943681	0
2.404	0	-1.934623161608973	0	0	0	-2.249747733257694	0
2.405	0	-1.929046449851763	0	0	0	-2.251114537751894	0
2.406	0	-1.92346772132911	0	0	0	-2.252425446061031	0
2.407	0	-1.917887341245146	0	0	0	-2.253680334452868	0
2.408	0	-1.912305683057491	0	0	0	-2.254879082553161	0
2.409	0	-1.90672312804357	0	0	0	-2.25602157354679	0
2.41	0	-1.901140064741179	0	0	0	-2.257107694406038	0
2.411	0	-1.89555688840159	0	0	0	-2.258137336099324	0
2.412	0	-1.889974000378257	0	0	0	-2.259110393806254	0
2.413	0	-1.884391807511777	0	0	0	-2.260026767121363	0
2.414	0	-1.878810721477234	0	0	0	-2.260886360255018	0
2.415	0	-1.873231158150757	0	0	0	-2.261689082212718	0
2.416	0	-1.867653536933227	0	0	0	-2.262434846974445	0
2.417	0	-1.862078280149959	0	0	0	-2.263123573637504	0
2.418	0	-1.856505812368423	0	0	0	-2.263755186571321	0
2.419	0	-1.850936559878948	0	0	0	-2.264329615509155	0
2.42	0	-1.845370950021857	0	0	0	-2.264846795675548	0
2.421	0	-1.839809410788157	0	0	0	-2.265306667820705	0
2.422	0	-1.834252370165774	0	0	0	-2.265709178321273	0
2.423	0	-1.828700255888204	0	0	0	-2.26605427915134	0
2.424	0	-1.823153494802794	0	0	0	-2.266341927959489	0
2.425	0	-1.817612512781487	0	0	0	-2.266572087977917	0
2.426	0	-1.812077734108918	0	0	0	-2.266744728080627	0
2.427	0	-1.80654958155732	0	0	0	-2.266859822632697	0
2.428	0	-1.801028475788006	0	0	0	-2.26691735153572	0
2.429	0	-1.795514835581224	0	0	0	-2.266917300024259	0
2.43	0	-1.790009077243373	0	0	0	-2.266859658704545	0
2.431	0	-1.784511614976087	0	0	0	-2.266744423304402	0
2.432	0	-1.779022860279257	0	0	0	-2.266571594711852	0
2.433	0	-1.773543222442635	0	0	0	-2.266341178685374	0
2.434	0	-1.768073107929892	0	0	0	-2.266053185899831	0
2.435	0	-1.762612920984994	0	0	0	-2.265707631619756	0
2.436	0	-1.757163062968698	0	0	0	-2.265304535763229	0
2.437	0	-1.751723933092413	0	0	0	-2.264843922536425	0
2.438	0	-1.746295927660467	0	0	0	-2.264325820526937	0
2.439	0	-1.740879440958393	0	0	0	-2.26375026229747	0
2.44	0	-1.735474864363427	0	0	0	-2.26311728451482	0
2.441	0	-1.730082587378885	0	0	0	-2.262426927508295	0
2.442	0	-1.724702996642195	0	0	0	-2.261679235429508	0
2.443	0	-1.719336477028206	0	0	0	-2.260874255790423	0
2.444	0	-1.713983410636725	0	0	0	-2.260012039636801	0
2.445	0	-1.708644177876004	0	0	0	-2.259092641088573	0
2.446	0	-1.703319156495195	0	0	0	-2.258116117506251	0
2.447	0	-1.69800872258812	0	0	0	-2.257082529055086	0
2.448	0	-1.692713249720115	0	0	0	-2.255991938846894	0
2.449	0	-1.68743310979646	0	0	0	-2.254844412545514	0
2.45	0	-1.682168672339781	0	0	0	-2.253640018465918	0
2.451	0	-1.676920305160451	0	0	0	-2.252378827241019	0
2.452	0	-1.671688373849747	0	0	0	-2.251060911856333	0
2.453	0	-1.666473242181871	0	0	0	-2.24968634740147	0
2.454	0	-1.661275271897107	0	0	0	-2.248255211014828	0
2.455	0	-1.656094822757164	0	0	0	-2.246767581746757	0
2.456	0	-1.650932252701318	0	0	0	-2.245223540384763	0
2.457	0	-1.645787917468832	0	0	0	-2.243623169459272	0
2.458	0	-1.640662171187314	0	0	0	-2.241966552928446	0
2.459	0	-1.635555365659603	0	0	0	-2.240253776290385	0
2.46	0	-1.630467851093735	0	0	0	-2.238484926211866	0
2.461	0	-1.625399975124299	0	0	0	-2.236660090799941	0
2.462	0	-1.620352084227062	0	0	0	-2.234779358890847	0
2.463	0	-1.61532452194731	0	0	0	-2.23284282062729	0
2.464	0	-1.610317630625262	0	0	0	-2.230850566716582	0
2.465	0	-1.605331749737418	0	0	0	-2.228802688886863	0
2.466	0	-1.600367217533802	0	0	0	-2.226699279186922	0
2.467	0	-1.595424369004893	0	0	0	-2.224540430634459	0
2.468	0	-1.590503538307062	0	0	0	-2.222326236143317	0
2.469	0	-1.585605056385619	0	0	0	-2.22005678933298	0
2.47	0	-1.580729252673096	0	0	0	-2.217732183803998	0
2.471	0	-1.575876453579403	0	0	0	-2.215352513505437	0
2.472	0	-1.57104698438378	0	0	0	-2.212917871976701	0
2.473	0	-1.566241166754024	0	0	0	-2.210428353131214	0
2.474	0	-1.561459321169813	0	0	0	-2.207884050238824	0
2.475	0	-1.556701764867326	0	0	0	-2.20528505657884	0
2.476	0	-1.551968813527267	0	0	0	-2.202631464703904	0
2.477	0	-1.547260779372604	0	0	0	-2.199923367009941	0
2.478	0	-1.542577973289904	0	0	0	-2.197160854840495	0
2.479	0	-1.537920702644523	0	0	0	-2.194344019214146	0
2.48	0	-1.533289273132965	0	0	0	-2.191472949970906	0
2.481	0	-1.528683987211251	0	0	0	-2.188547736294696	0
2.482	0	-1.524105145404554	0	0	0	-2.185568466055774	0
2.483	0	-1.519553044691389	0	0	0	-2.182535226402814	0
2.484	0	-1.515027980564919	0	0	0	-2.179448102725163	0
2.485	0	-1.510530244985879	0	0	0	-2.176307179442177	0
2.486	0	-1.506060127694222	0	0	0	-2.17311253936158	0
2.487	0	-1.501617915214007	0	0	0	-2.169864263931997	0
2.488	0	-1.497203892161332	0	0	0	-2.166562432606471	0
2.489	0	-1.492818339235918	0	0	0	-2.163207123610412	0
2.49	0	-1.488461535520047	0	0	0	-2.159798412798493	0
2.491	0	-1.48413375653015	0	0	0	-2.156336374420659	0
2.492	0	-1.479835275373274	0	0	0	-2.152821080511982	0
2.493	0	-1.475566361904881	0	0	0	-2.14925260115481	0
2.494	0	-1.471327283671378	0	0	0	-2.145631003924025	0
2.495	0	-1.467118305006036	0	0	0	-2.141956354230479	0
2.496	0	-1.462939687387494	0	0	0	-2.13822871499974	0
2.497	0	-1.458791689537085	0	0	0	-2.134448146621981	0
2.498	0	-1.45467456729581	0	0	0	-2.130614706786242	0
2.499	0	-1.450588573646757	0	0	0	-2.126728450420379	0
2.5	0	-1.44653395852097	0	0	0	-2.12278942971362	0
2.501	0	-1.442510969051693	0	0	0	-2.118797693863505	0
2.502	0	-1.438519849585518	0	0	0	-2.114753288958002	0
2.503	0	-1.434560841588	0	0	0	-2.110656257895214	0
2.504	0	-1.430634183379065	0	0	0	-2.106506640539664	0
2.505	0	-1.426740110858193	0	0	0	-2.102304473113618	0
2.506	0	-1.422878856599837	0	0	0	-2.098049788653031	0
2.507	0	-1.41905065071842	0	0	0	-2.093742616433946	0
2.508	0	-1.415255720216337	0	0	0	-2.089382982228472	0
2.509	0	-1.411494289675324	0	0	0	-2.084970907798386	0
2.51	0	-1.407766580197743	0	0	0	-2.08050641146217	0
2.511	0	-1.404072810920709	0	0	0	-2.07598950711569	0
2.512	0	-1.400413197559807	0	0	0	-2.071420204962966	0
2.513	0	-1.396787953762699	0	0	0	-2.066798510615995	0
2.514	0	-1.393197289537378	0	0	0	-2.06212442599984	0
2.515	0	-1.389641413289033	0	0	0	-2.057397948029464	0
2.516	0	-1.386120529945192	0	0	0	-2.052619069632482	0
2.517	0	-1.382634842558403	0	0	0	-2.047787778652039	0
2.518	0	-1.379184550550371	0	0	0	-2.042904058922948	0
2.519	0	-1.375769852046522	0	0	0	-2.037967888725871	0
2.52	0	-1.372390941742756	0	0	0	-2.032979242006653	0
2.521	0	-1.369048012519045	0	0	0	-2.027938087219464	0
2.522	0	-1.365741254060913	0	0	0	-2.022844388291307	0
2.523	0	-1.362470854778874	0	0	0	-2.017698103132719	0
2.524	0	-1.35923699934124	0	0	0	-2.01249918529597	0
2.525	0	-1.356039871804997	0	0	0	-2.007247581710891	0
2.526	0	-1.352879652402578	0	0	0	-2.001943234894513	0
2.527	0	-1.349756520375916	0	0	0	-1.996586080842277	0
2.528	0	-1.346670651878927	0	0	0	-1.99117605044583	0
2.529	0	-1.343622222218167	0	0	0	-1.985713067796188	0
2.53	0	-1.34061140327344	0	0	0	-1.980197052075074	0
2.531	0	-1.337638366129564	0	0	0	-1.974627915452111	0
2.532	0	-1.33470327899681	0	0	0	-1.969005564604485	0
2.533	0	-1.331806309582961	0	0	0	-1.963329898809831	0
2.534	0	-1.328947622286324	0	0	0	-1.95760081214805	0
2.535	0	-1.326127380944768	0	0	0	-1.951818191173347	0
2.536	0	-1.323345747037811	0	0	0	-1.945981916340565	0
2.537	0	-1.320602881297778	0	0	0	-1.940091860615093	0
2.538	0	-1.317898941794991	0	0	0	-1.934147890990648	0
2.539	0	-1.315234086721662	0	0	0	-1.928149866133918	0
2.54	0	-1.312608471054557	0	0	0	-1.922097639088733	0
2.541	0	-1.310022250260712	0	0	0	-1.915991054147091	0
2.542	0	-1.307475577419413	0	0	0	-1.909829949158887	0
2.543	0	-1.30496860524716	0	0	0	-1.903614153835745	0
2.544	0	-1.30250148445172	0	0	0	-1.897343491045997	0
2.545	0	-1.300074365946637	0	0	0	-1.891017774876842	0
2.546	0	-1.297687398865502	0	0	0	-1.884636812275453	0
2.547	0	-1.295340732145782	0	0	0	-1.878200401698805	0
2.548	0	-1.293034513073267	0	0	0	-1.871708334283399	0
2.549	0	-1.290768889451859	0	0	0	-1.86516039185883	0
2.55	0	-1.288544007719697	0	0	0	-1.858556348569602	0
2.551	0	-1.286360014149682	0	0	0	-1.851895969933448	0
2.552	0	-1.284217054291798	0	0	0	-1.845179013065853	0
2.553	0	-1.282115273941411	0	0	0	-1.838405225882977	0
2.554	0	-1.280054817797721	0	0	0	-1.831574348328429	0
2.555	0	-1.278035831469656	0	0	0	-1.824686110388359	0
2.556	0	-1.276058459524167	0	0	0	-1.817740233981751	0
2.557	0	-1.274122847007579	0	0	0	-1.810736431407017	0
2.558	0	-1.272229138964547	0	0	0	-1.803674405902104	0
2.559	0	-1.270377480746447	0	0	0	-1.796553851249738	0
2.56	0	-1.268568017658296	0	0	0	-1.789374452096802	0
2.561	0	-1.266800895431036	0	0	0	-1.782135883501073	0
2.562	0	-1.265076260337774	0	0	0	-1.774837810874391	0
2.563	0	-1.263394259089049	0	0	0	-1.767479890055497	0
2.564	0	-1.261755038776253	0	0	0	-1.760061767319661	0
2.565	0	-1.260158747118179	0	0	0	-1.752583079181808	0
2.566	0	-1.258605532783893	0	0	0	-1.74504345218983	0
2.567	0	-1.257095544852406	0	0	0	-1.737442503359241	0
2.568	0	-1.255628933496546	0	0	0	-1.729779839571959	0
2.569	0	-1.254205849543399	0	0	0	-1.722055058118516	0
2.57	0	-1.252826444908321	0	0	0	-1.714267746203076	0
2.571	0	-1.251490872243958	0	0	0	-1.706417481493746	0
2.572	0	-1.250199285661346	0	0	0	-1.698503831255692	0
2.573	0	-1.248951839723313	0	0	0	-1.690526353788501	0
2.574	0	-1.247748690705152	0	0	0	-1.682484596798868	0
2.575	0	-1.246589995446443	0	0	0	-1.674378099065063	0
2.576	0	-1.245475912610275	0	0	0	-1.666206388895102	0
2.577	0	-1.244406601235185	0	0	0	-1.657968986126708	0
2.578	0	-1.243382222332305	0	0	0	-1.649665400132496	0
2.579	0	-1.242402937466106	0	0	0	-1.641295131838014	0
2.58	0	-1.241468910105907	0	0	0	-1.632857672100096	0
2.581	0	-1.24058030410586	0	0	0	-1.624352503751781	0
2.582	0	-1.239737285402054	0	0	0	-1.615779099537456	0
2.583	0	-1.238940020407076	0	0	0	-1.607136924369383	0
2.584	0	-1.238188677472533	0	0	0	-1.598425433539965	0
2.585	0	-1.237483425298989	0	0	0	-1.589644074804772	0
2.586	0	-1.236824434714535	0	0	0	-1.580792286192223	0
2.587	0	-1.236211876968892	0	0	0	-1.571869498352943	0
2.588	0	-1.235645925257623	0	0	0	-1.562875132580052	0
2.589	0	-1.23512675316156	0	0	0	-1.553808602770994	0
2.59	0	-1.234654536486792	0	0	0	-1.544669312996503	0
2.591	0	-1.234229451508835	0	0	0	-1.535456659829077	0
2.592	0	-1.233851676658688	0	0	0	-1.526170029855511	0
2.593	0	-1.23352139095706	0	0	0	-1.51680880157333	0
2.594	0	-1.233238776024498	0	0	0	-1.507372342325189	0
2.595	0	-1.23300401434734	0	0	0	-1.497860010450954	0
2.596	0	-1.232817291164501	0	0	0	-1.488271152062737	0
2.597	0	-1.232678793002492	0	0	0	-1.478605102655971	0
2.598	0	-1.232588709851106	0	0	0	-1.468861183233802	0
2.599	0	-1.232547233681796	0	0	0	-1.459038701866766	0
2.6	0	-1.232554560352054	0	0	0	-1.449136949862577	0
2.601	0	-1.232610888472002	0	0	0	-1.439155202767166	0
2.602	0	-1.232716421966442	0	0	0	-1.429092715141093	0
2.603	0	-1.232871368521824	0	0	0	-1.418948722083595	0
2.604	0	-1.233075941716829	0	0	0	-1.408722434526919	0
2.605	0	-1.233330360619229	0	0	0	-1.398413038821164	0
2.606	0	-1.233634851712583	0	0	0	-1.388019692131376	0
2.607	0	-1.233989648385532	0	0	0	-1.377541522021463	0
2.608	0	-1.234394992713733	0	0	0	-1.366977622111033	0
2.609	0	-1.234851135817888	0	0	0	-1.356327050096025	0
2.61	0	-1.235358338880529	0	0	0	-1.345588824652871	0
2.611	0	-1.235916874226715	0	0	0	-1.334761922256717	0
2.612	0	-1.236527025819802	0	0	0	-1.323845274706285	0
2.613	0	-1.237189090711469	0	0	0	-1.312837765869089	0
2.614	0	-1.23790337966229	0	0	0	-1.301738228753447	0
2.615	0	-1.238670218329296	0	0	0	-1.290545442505298	0
2.616	0	-1.239489947727272	0	0	0	-1.27925812987829	0
2.617	0	-1.240362926009004	0	0	0	-1.267874953905177	0
2.618	0	-1.2412895283272	0	0	0	-1.256394516173817	0
2.619	0	-1.242270148980191	0	0	0	-1.24481535218373	0
2.62	0	-1.243305200893974	0	0	0	-1.233135931412417	0
2.621	0	-1.244395118102144	0	0	0	-1.221354651647837	0
2.622	0	-1.245540354902535	0	0	0	-1.20946983981042	0
2.623	0	-1.246741388479552	0	0	0	-1.1974797460281	0
2.624	0	-1.247998717937569	0	0	0	-1.185382544795897	0
2.625	0	-1.249312866932569	0	0	0	-1.173176329178788	0
2.626	0	-1.25068438247171	0	0	0	-1.160859111720404	0
2.627	0	-1.25211383793176	0	0	0	-1.148428819219413	0
2.628	0	-1.253601831356598	0	0	0	-1.135883294224996	0
2.629	0	-1.255148988812382	0	0	0	-1.123220287641562	0
2.63	0	-1.25675596180083	0	0	0	-1.110437463924084	0
2.631	0	-1.258423431555153	0	0	0	-1.09753239168347	0
2.632	0	-1.260152106268397	0	0	0	-1.084502548427284	0
2.633	0	-1.26194272440664	0	0	0	-1.071345312832569	0
2.634	0	-1.263796052052164	0	0	0	-1.058057970424393	0
2.635	0	-1.26571288674834	0	0	0	-1.044637705155854	0
2.636	0	-1.267694054436902	0	0	0	-1.031081604893332	0
2.637	0	-1.269740412282271	0	0	0	-1.017386654715965	0
2.638	0	-1.271852845601779	0	0	0	-1.003549744468408	0
2.639	0	-1.274032271177151	0	0	0	-0.9895676605170386	0
2.64	0	-1.276279632757028	0	0	0	-0.9754370957686304	0
2.641	0	-1.278595904011002	0	0	0	-0.9611546432516028	0
2.642	0	-1.280982084095757	0	0	0	-0.9467168063300481	0
2.643	0	-1.28343919894184	0	0	0	-0.9321199962891066	0
2.644	0	-1.285968296327107	0	0	0	-0.9173605438559048	0
2.645	0	-1.288570446759904	0	0	0	-0.9024346988725903	0
2.646	0	-1.291246736783541	0	0	0	-0.8873386462670579	0
2.647	0	-1.293998268332901	0	0	0	-0.8720685093824634	0
2.648	0	-1.296826149950072	0	0	0	-0.8566203725420897	0
2.649	0	-1.299731496298699	0	0	0	-0.8409902847752175	0
2.65	0	-1.302715416404038	0	0	0	-0.8251742902076066	0
2.651	0	-1.305779008634255	0	0	0	-0.8091684438852259	0
2.652	0	-1.308923348650713	0	0	0	-0.7929688447682397	0
2.653	0	-1.312149481403271	0	0	0	-0.7765716597682352	0
2.654	0	-1.315458403076957	0	0	0	-0.7599731733563974	0
2.655	0	-1.318851051589908	0	0	0	-0.7431698171544587	0
2.656	0	-1.322328283693541	0	0	0	-0.726158233652034	0
2.657	0	-1.325890858765759	0	0	0	-0.7089353244963298	0
2.658	0	-1.329539412582851	0	0	0	-0.6914983251147948	0
2.659	0	-1.333274435146294	0	0	0	-0.6738448704508391	0
2.66	0	-1.337096237526384	0	0	0	-0.6559730900316811	0
2.661	0	-1.341004923919466	0	0	0	-0.6378816905199032	0
2.662	0	-1.345000353527754	0	0	0	-0.6195700662493339	0
2.663	0	-1.349082105039171	0	0	0	-0.6010384042041164	0
2.664	0	-1.353249431194941	0	0	0	-0.5822878163815659	0
2.665	0	-1.357501222994858	0	0	0	-0.5633204459854736	0
2.666	0	-1.361835961952212	0	0	0	-0.5441396076191153	0
2.667	0	-1.366251677506037	0	0	0	-0.5247499137238406	0
2.668	0	-1.370745897210681	0	0	0	-0.5051574213404955	0
2.669	0	-1.375315624446612	0	0	0	-0.4853697000113473	0
2.67	0	-1.37995728816593	0	0	0	-0.4653959806132617	0
2.671	0	-1.384666723994943	0	0	0	-0.4452472133484376	0
2.672	0	-1.389439157795517	0	0	0	-0.4249361184281952	0
2.673	0	-1.394269200101456	0	0	0	-0.4044772052105969	0
2.674	0	-1.399150861457626	0	0	0	-0.3838867300750916	0
2.675	0	-1.404077569815632	0	0	0	-0.3631826478748885	0
2.676	0	-1.409042237336823	0	0	0	-0.3423844196337519	0
2.677	0	-1.414037302442694	0	0	0	-0.321512890956867	0
2.678	0	-1.419054824480837	0	0	0	-0.3005900177260422	0
2.679	0	-1.424086571998191	0	0	0	-0.279638608895485	0
2.68	0	-1.429124141517057	0	0	0	-0.2586819811021221	0
2.681	0	-1.434159062316558	0	0	0	-0.2377436525119888	0
2.682	0	-1.439182925025973	0	0	0	-0.2168469688010267	0
2.683	0	-1.444187492797699	0	0	0	-0.1960147775780745	0
2.684	0	-1.449164814834497	0	0	0	-0.1752690989389723	0
2.685	0	-1.454107323113821	0	0	0	-0.1546308425265229	0
2.686	0	-1.459007925660843	0	0	0	-0.1341195374195574	0
2.687	0	-1.46386005901534	0	0	0	-0.1137531787975872	0
2.688	0	-1.468657752808088	0	0	0	-0.09354804284592376	0
2.689	0	-1.473395648059758	0	0	0	-0.07351863333519856	0
2.69	0	-1.478069021791163	0	0	0	-0.05367761367697505	0
2.691	0	-1.482673775634505	0	0	0	-0.03403584078564651	0
2.692	0	-1.487206433355668	0	0	0	-0.01460237637048489	0
2.693	0	-1.49166409687534	0	0	0	0.004615384822308844	0
2.694	0	-1.49604442890123	0	0	0	0.02361165987005632	0
2.695	0	-1.500345602331839	0	0	0	0.04238213013046641	0
2.696	0	-1.504566261433618	0	0	0	0.06092382490899209	0
2.697	0	-1.508705475621513	0	0	0	0.07923498640042467	0
2.698	0	-1.512762691545888	0	0	0	0.09731492790626213	0
2.699	0	-1.51673769006891	0	0	0	0.1151639087583107	0
2.7	0	-1.520630546139898	0	0	0	0.1327830153063515	0
2.701	0	-1.524441584045929	0	0	0	0.1501740321720337	0
2.702	0	-1.528171345055219	0	0	0	0.1673393459354862	0
2.703	0	-1.531820550738007	0	0	0	0.184281840203332	0
2.704	0	-1.535390075092695	0	0	0	0.2010048133670918	0
2.705	0	-1.538880914543472	0	0	0	0.2175118933070395	0
2.706	0	-1.542294167669606	0	0	0	0.2338069773314791	0
2.707	0	-1.545631010667815	0	0	0	0.249894163078037	0
2.708	0	-1.548892681652827	0	0	0	0.2657777023927548	0
2.709	0	-1.552080461848139	0	0	0	0.2814619489551806	0
2.71	0	-1.555195665958155	0	0	0	0.296951329484789	0
2.711	0	-1.558239626524978	0	0	0	0.3122503007799167	0
2.712	0	-1.561213686618834	0	0	0	0.3273633283930964	0
2.713	0	-1.56411918952304	0	0	0	0.3422948586578596	0
2.714	0	-1.566957474483512	0	0	0	0.3570493057935258	0
2.715	0	-1.569729866898264	0	0	0	0.3716310265165204	0
2.716	0	-1.572437678134159	0	0	0	0.386044318098286	0
2.717	0	-1.575082197807858	0	0	0	0.4002933987237668	0
2.718	0	-1.577664693147955	0	0	0	0.4143824054365656	0
2.719	0	-1.580186404728981	0	0	0	0.428315383500711	0
2.72	0	-1.582648546550885	0	0	0	0.4420962863222419	0
2.721	0	-1.585052302867017	0	0	0	0.4557289681472616	0
2.722	0	-1.587398827760579	0	0	0	0.4692171828598209	0
2.723	0	-1.589689245089971	0	0	0	0.4825645850498723	0
2.724	0	-1.591924647457685	0	0	0	0.4957747272262226	0
2.725	0	-1.594106095948202	0	0	0	0.5088510600022501	0
2.726	0	-1.596234620729902	0	0	0	0.5217969345163038	0
2.727	0	-1.598311220803132	0	0	0	0.5346156021243752	0
2.728	0	-1.600336864631213	0	0	0	0.5473102168138722	0
2.729	0	-1.602312490446087	0	0	0	0.5598838366734038	0
2.73	0	-1.604239006836105	0	0	0	0.572339426068071	0
2.731	0	-1.606117293374814	0	0	0	0.5846798579561582	0
2.732	0	-1.607948201213474	0	0	0	0.5969079160657133	0
2.733	0	-1.609732554014121	0	0	0	0.6090262976748655	0
2.734	0	-1.611471147929817	0	0	0	0.6210376148654921	0
2.735	0	-1.613164753771341	0	0	0	0.6329443999129105	0
2.736	0	-1.614814116107453	0	0	0	0.6447491041988702	0
2.737	0	-1.616419955535359	0	0	0	0.6564541041733433	0
2.738	0	-1.617982967582594	0	0	0	0.668061699436073	0
2.739	0	-1.61950382608758	0	0	0	0.6795741216661135	0
2.74	0	-1.620983181232865	0	0	0	0.6909935305662357	0
2.741	0	-1.622421662311419	0	0	0	0.7023220205715386	0
2.742	0	-1.623819876767939	0	0	0	0.7135616202238625	0
2.743	0	-1.625178412880073	0	0	0	0.724714297910991	0
2.744	0	-1.626497838009984	0	0	0	0.7357819595185434	0
2.745	0	-1.627778702036984	0	0	0	0.7467664558648613	0
2.746	0	-1.62902153496427	0	0	0	0.7576695789645906	0
2.747	0	-1.630226850867553	0	0	0	0.7684930703231895	0
2.748	0	-1.631395144890636	0	0	0	0.7792386160828632	0
2.749	0	-1.632526897662582	0	0	0	0.7899078560125802	0
2.75	0	-1.633622572192378	0	0	0	0.8005023785759962	0
2.751	0	-1.634682617428442	0	0	0	0.8110237281402097	0
2.752	0	-1.635707466479822	0	0	0	0.821473402406139	0
2.753	0	-1.636697539312335	0	0	0	0.8318528580141816	0
2.754	0	-1.637653240814595	0	0	0	0.8421635078275224	0
2.755	0	-1.638574963608936	0	0	0	0.852406726440455	0
2.756	0	-1.639463086543518	0	0	0	0.8625838481975899	0
2.757	0	-1.640317977134454	0	0	0	0.872696172055148	0
2.758	0	-1.641139989675807	0	0	0	0.8827449589992561	0
2.759	0	-1.64192946771042	0	0	0	0.8927314366890428	0
2.76	0	-1.642686743010782	0	0	0	0.9026567984459717	0
2.761	0	-1.643412137351949	0	0	0	0.9125222066370546	0
2.762	0	-1.644105960980772	0	0	0	0.9223287907988149	0
2.763	0	-1.644768514695959	0	0	0	0.9320776513622049	0
2.764	0	-1.645400089285284	0	0	0	0.9417698595027292	0
2.765	0	-1.646000966350857	0	0	0	0.9514064587374638	0
2.766	0	-1.646571417777247	0	0	0	0.9609884646092938	0
2.767	0	-1.647111707413597	0	0	0	0.9705168678155932	0
2.768	0	-1.647622089564456	0	0	0	0.9799926322561379	0
2.769	0	-1.648102811126023	0	0	0	0.9894166988086743	0
2.77	0	-1.648554110459684	0	0	0	0.9987899839083051	0
2.771	0	-1.648976218357292	0	0	0	1.008113381565603	0
2.772	0	-1.649369357893673	0	0	0	1.017387763439196	0
2.773	0	-1.649733745128837	0	0	0	1.026613980262806	0
2.774	0	-1.650069588904049	0	0	0	1.035792861852055	0
2.775	0	-1.650377091185888	0	0	0	1.044925218100358	0
2.776	0	-1.650656447324754	0	0	0	1.054011839611029	0
2.777	0	-1.650907846347578	0	0	0	1.06305349843898	0
2.778	0	-1.651131471026364	0	0	0	1.072050948429716	0
2.779	0	-1.651327497888156	0	0	0	1.081004925743196	0
2.78	0	-1.651496097789962	0	0	0	1.089916149845823	0
2.781	0	-1.651637435897795	0	0	0	1.098785323754326	0
2.782	0	-1.651751671824484	0	0	0	1.10761313438502	0
2.783	0	-1.651838959695691	0	0	0	1.116400253279152	0
2.784	0	-1.651899448681982	0	0	0	1.125147337224802	0
2.785	0	-1.6519332826149	0	0	0	1.133855028161937	0
2.786	0	-1.651940600671472	0	0	0	1.1425239543192	0
2.787	0	-1.651921537052556	0	0	0	1.151154730009557	0
2.788	0	-1.651876221585772	0	0	0	1.15974795668714	0
2.789	0	-1.651804779126973	0	0	0	1.168304222285287	0
2.79	0	-1.651707330786591	0	0	0	1.176824103227477	0
2.791	0	-1.651583992839781	0	0	0	1.18530816304128	0
2.792	0	-1.651434877923261	0	0	0	1.19375695417881	0
2.793	0	-1.651260094019687	0	0	0	1.202171016860164	0
2.794	0	-1.651059745968944	0	0	0	1.210550881294019	0
2.795	0	-1.650833934111701	0	0	0	1.218897066051872	0
2.796	0	-1.650582755644788	0	0	0	1.22721007997479	0
2.797	0	-1.650306303475686	0	0	0	1.23549042086965	0
2.798	0	-1.650004667846806	0	0	0	1.243738577808217	0
2.799	0	-1.649677934779055	0	0	0	1.251955029304546	0
2.8	0	-1.649326187702111	0	0	0	1.260140245347229	0
2.801	0	-1.648949505936402	0	0	0	1.268294685990439	0
2.802	0	-1.648547966665734	0	0	0	1.276418803552139	0
2.803	0	-1.648121642883973	0	0	0	1.284513040609512	0
2.804	0	-1.647670605769847	0	0	0	1.292577832652467	0
2.805	0	-1.647194922316445	0	0	0	1.300613605754856	0
2.806	0	-1.646694658008763	0	0	0	1.308620779475373	0
2.807	0	-1.646169874138352	0	0	0	1.316599764262858	0
2.808	0	-1.645620630781254	0	0	0	1.324550964581582	0
2.809	0	-1.645046983812501	0	0	0	1.332474776081527	0
2.81	0	-1.644448988163346	0	0	0	1.340371588912804	0
2.811	0	-1.643826694565732	0	0	0	1.348241784705454	0
2.812	0	-1.64318015297835	0	0	0	1.356085739954494	0
2.813	0	-1.642509409578018	0	0	0	1.363903823310154	0
2.814	0	-1.641814509089164	0	0	0	1.371696397844703	0
2.815	0	-1.641095493440128	0	0	0	1.37946381995012	0
2.816	0	-1.640352402939865	0	0	0	1.387206440492358	0
2.817	0	-1.639585275026835	0	0	0	1.394924603813225	0
2.818	0	-1.638794145556955	0	0	0	1.402618648951422	0
2.819	0	-1.637979048002443	0	0	0	1.410288909073047	0
2.82	0	-1.637140014269987	0	0	0	1.417935712247566	0
2.821	0	-1.636277073762864	0	0	0	1.425559380758796	0
2.822	0	-1.635390254284623	0	0	0	1.43316023193159	0
2.823	0	-1.634479581719761	0	0	0	1.440738578004898	0
2.824	0	-1.633545080320775	0	0	0	1.448294726417449	0
2.825	0	-1.632586772201018	0	0	0	1.455828979495476	0
2.826	0	-1.631604677930499	0	0	0	1.463341634975472	0
2.827	0	-1.630598816501044	0	0	0	1.470832986141807	0
2.828	0	-1.629569205161891	0	0	0	1.478303321698017	0
2.829	0	-1.628515859420345	0	0	0	1.485752925888355	0
2.83	0	-1.627438793473506	0	0	0	1.493182078880667	0
2.831	0	-1.626338019948302	0	0	0	1.500591056620613	0
2.832	0	-1.625213549760141	0	0	0	1.507980130874355	0
2.833	0	-1.624065392592842	0	0	0	1.515349569593321	0
2.834	0	-1.622893556673074	0	0	0	1.522699636824504	0
2.835	0	-1.621698048978079	0	0	0	1.530030592892135	0
2.836	0	-1.62047887479489	0	0	0	1.537342694249055	0
2.837	0	-1.619236038418717	0	0	0	1.544636193949954	0
2.838	0	-1.617969542810622	0	0	0	1.551911341491755	0
2.839	0	-1.616679389766466	0	0	0	1.559168382939134	0
2.84	0	-1.615365579619037	0	0	0	1.56640756093015	0
2.841	0	-1.614028111912032	0	0	0	1.573629115010768	0
2.842	0	-1.612666984692853	0	0	0	1.580833281342426	0
2.843	0	-1.611282195189255	0	0	0	1.588020293133366	0
2.844	0	-1.609873739360371	0	0	0	1.595190380443886	0
2.845	0	-1.608441612453637	0	0	0	1.60234377052411	0
2.846	0	-1.606985808138702	0	0	0	1.609480687444955	0
2.847	0	-1.605506319771744	0	0	0	1.616601352791039	0
2.848	0	-1.60400313923259	0	0	0	1.623705985112573	0
2.849	0	-1.602476258053298	0	0	0	1.630794800526141	0
2.85	0	-1.600925666078189	0	0	0	1.637868012146847	0
2.851	0	-1.599351353209051	0	0	0	1.644925830952785	0
2.852	0	-1.597753307821579	0	0	0	1.651968465085615	0
2.853	0	-1.596131518166128	0	0	0	1.658996120520196	0
2.854	0	-1.594485970792163	0	0	0	1.666009000449161	0
2.855	0	-1.592816652604602	0	0	0	1.673007306205375	0
2.856	0	-1.591123548991059	0	0	0	1.679991236499535	0
2.857	0	-1.589406645301431	0	0	0	1.686960988058311	0
2.858	0	-1.587665925472242	0	0	0	1.693916755170678	0
2.859	0	-1.585901373892968	0	0	0	1.700858730398528	0
2.86	0	-1.584112973094149	0	0	0	1.707787103776571	0
2.861	0	-1.582300706387706	0	0	0	1.714702063808793	0
2.862	0	-1.580464555459969	0	0	0	1.721603796649294	0
2.863	0	-1.578604502379706	0	0	0	1.728492486840732	0
2.864	0	-1.576720527849392	0	0	0	1.735368316750994	0
2.865	0	-1.574812613255376	0	0	0	1.742231467301513	0
2.866	0	-1.572880738523496	0	0	0	1.749082117304616	0
2.867	0	-1.570924884095357	0	0	0	1.755920444112885	0
2.868	0	-1.568945029134045	0	0	0	1.762746623119009	0
2.869	0	-1.566941153644128	0	0	0	1.769560828404707	0
2.87	0	-1.564913236272172	0	0	0	1.776363232159105	0
2.871	0	-1.562861256498699	0	0	0	1.783154005287809	0
2.872	0	-1.560785192155336	0	0	0	1.789933316832527	0
2.873	0	-1.558685022520647	0	0	0	1.796701334750495	0
2.874	0	-1.556560725579827	0	0	0	1.803458225289344	0
2.875	0	-1.554412279881876	0	0	0	1.810204153456161	0
2.876	0	-1.552239663152174	0	0	0	1.816939282742462	0
2.877	0	-1.550042854239321	0	0	0	1.823663775543257	0
2.878	0	-1.547821830422202	0	0	0	1.830377792681888	0
2.879	0	-1.545576570564227	0	0	0	1.837081494008454	0
2.88	0	-1.54330705251216	0	0	0	1.843775037969546	0
2.881	0	-1.541013254900936	0	0	0	1.850458581946218	0
2.882	0	-1.538695155671807	0	0	0	1.857132282050614	0
2.883	0	-1.536352733917789	0	0	0	1.863796293415389	0
2.884	0	-1.533985968212407	0	0	0	1.870450769990545	0
2.885	0	-1.531594837815339	0	0	0	1.877095864736035	0
2.886	0	-1.529179321665694	0	0	0	1.883731729525159	0
2.887	0	-1.526739399766941	0	0	0	1.890358515315278	0
2.888	0	-1.524275052022449	0	0	0	1.896976372052735	0
2.889	0	-1.521786258857374	0	0	0	1.903585448774094	0
2.89	0	-1.519273000858778	0	0	0	1.910185893590562	0
2.891	0	-1.516735259564419	0	0	0	1.916777853766103	0
2.892	0	-1.514173016795697	0	0	0	1.923361475693679	0
2.893	0	-1.511586254832443	0	0	0	1.929936904952336	0
2.894	0	-1.508974956487819	0	0	0	1.936504286319317	0
2.895	0	-1.506339105559883	0	0	0	1.943063763806839	0
2.896	0	-1.503678686373472	0	0	0	1.949615480667454	0
2.897	0	-1.500993683777352	0	0	0	1.956159579445031	0
2.898	0	-1.498284083683286	0	0	0	1.962696201968689	0
2.899	0	-1.495549872654094	0	0	0	1.969225489398342	0
2.9	0	-1.492791038140217	0	0	0	1.975747582232911	0
2.901	0	-1.490007568559794	0	0	0	1.982262620336956	0
2.902	0	-1.487199453409132	0	0	0	1.988770742951975	0
2.903	0	-1.484366682744618	0	0	0	1.995272088746787	0
2.904	0	-1.481509248341523	0	0	0	2.001766795781494	0
2.905	0	-1.478627142482606	0	0	0	2.008255001591819	0
2.906	0	-1.475720359275125	0	0	0	2.014736843122994	0
2.907	0	-1.472788893186485	0	0	0	2.021212456873237	0
2.908	0	-1.469832740966613	0	0	0	2.027681978735774	0
2.909	0	-1.466851899621802	0	0	0	2.034145544222453	0
2.91	0	-1.463846368760634	0	0	0	2.040603288232392	0
2.911	0	-1.460816148064396	0	0	0	2.047055345362391	0
2.912	0	-1.457761240277015	0	0	0	2.053501849561541	0
2.913	0	-1.454681647978331	0	0	0	2.059942934569557	0
2.914	0	-1.451577377303709	0	0	0	2.066378733425502	0
2.915	0	-1.448448433966493	0	0	0	2.072809379063051	0
2.916	0	-1.445294827756924	0	0	0	2.07923500364392	0
2.917	0	-1.442116567770271	0	0	0	2.08565573933926	0
2.918	0	-1.438913667721778	0	0	0	2.09207171745873	0
2.919	0	-1.435686140352397	0	0	0	2.098483069446063	0
2.92	0	-1.432434003578156	0	0	0	2.104889925776884	0
2.921	0	-1.429157274200583	0	0	0	2.111292417166175	0
2.922	0	-1.425855974012911	0	0	0	2.117690673391766	0
2.923	0	-1.422530125089359	0	0	0	2.124084824256417	0
2.924	0	-1.419179753259318	0	0	0	2.130474998886502	0
2.925	0	-1.415804885115449	0	0	0	2.136861326395391	0
2.926	0	-1.412405551653673	0	0	0	2.143243935077066	0
2.927	0	-1.40898178487132	0	0	0	2.149622953209222	0
2.928	0	-1.405533620384756	0	0	0	2.155998508448903	0
2.929	0	-1.402061095625027	0	0	0	2.162370728298906	0
2.93	0	-1.398564252022867	0	0	0	2.168739739542181	0
2.931	0	-1.395043132783138	0	0	0	2.175105668857481	0
2.932	0	-1.391497785067549	0	0	0	2.18146864224535	0
2.933	0	-1.387928258037671	0	0	0	2.187828785570484	0
2.934	0	-1.384334605282683	0	0	0	2.194186223901372	0
2.935	0	-1.3807168824441	0	0	0	2.200541082197152	0
2.936	0	-1.377075149648244	0	0	0	2.206893484610383	0
2.937	0	-1.373409469505112	0	0	0	2.213243555092349	0
2.938	0	-1.369719909044514	0	0	0	2.219591416817057	0
2.939	0	-1.366006538285822	0	0	0	2.225937192629505	0
2.94	0	-1.362269431540147	0	0	0	2.232281004649624	0
2.941	0	-1.358508666697039	0	0	0	2.23862297449983	0
2.942	0	-1.354724325740322	0	0	0	2.244963223156887	0
2.943	0	-1.35091649491071	0	0	0	2.251301870885502	0
2.944	0	-1.347085264270377	0	0	0	2.257639037415751	0
2.945	0	-1.343230728860326	0	0	0	2.263974841519813	0
2.946	0	-1.339352987463178	0	0	0	2.270309401477537	0
2.947	0	-1.33545214416478	0	0	0	2.276642834495519	0
2.948	0	-1.331528306776561	0	0	0	2.282975257320824	0
2.949	0	-1.327581589486912	0	0	0	2.289306785209063	0
2.95	0	-1.323612109594918	0	0	0	2.29563753319781	0
2.951	0	-1.31961999113124	0	0	0	2.301967614692547	0
2.952	0	-1.31560536172352	0	0	0	2.308297142722333	0
2.953	0	-1.311568356525286	0	0	0	2.314626228328394	0
2.954	0	-1.30750911371886	0	0	0	2.320954982408931	0
2.955	0	-1.303427779106267	0	0	0	2.327283513821696	0
2.956	0	-1.299324502521377	0	0	0	2.333611930897873	0
2.957	0	-1.295199442122013	0	0	0	2.339940339575839	0
2.958	0	-1.291052759260417	0	0	0	2.346268845612615	0
2.959	0	-1.286884623706441	0	0	0	2.352597552313353	0
2.96	0	-1.282695209818945	0	0	0	2.358926562224334	0
2.961	0	-1.278484701065398	0	0	0	2.365255975058393	0
2.962	0	-1.274253284347244	0	0	0	2.371585890255719	0
2.963	0	-1.27000115570916	0	0	0	2.377916404383757	0
2.964	0	-1.265728516840023	0	0	0	2.384247612762098	0
2.965	0	-1.261435578068364	0	0	0	2.390579607950375	0
2.966	0	-1.257122554590034	0	0	0	2.396912481606733	0
2.967	0	-1.252789672273107	0	0	0	2.403246321645551	0
2.968	0	-1.248437161155712	0	0	0	2.409581215359009	0
2.969	0	-1.244065261783143	0	0	0	2.415917246315232	0
2.97	0	-1.239674220648459	0	0	0	2.422254496555743	0
2.971	0	-1.235264294438589	0	0	0	2.428593044499938	0
2.972	0	-1.230835745412804	0	0	0	2.434932967153775	0
2.973	0	-1.22638884671413	0	0	0	2.441274337465574	0
2.974	0	-1.22192387813373	0	0	0	2.44761722641009	0
2.975	0	-1.217441130345436	0	0	0	2.453961700808809	0
2.976	0	-1.212940900191474	0	0	0	2.460307825672082	0
2.977	0	-1.208423496031914	0	0	0	2.466655661421778	0
2.978	0	-1.203889233362223	0	0	0	2.473005266145978	0
2.979	0	-1.199338439415797	0	0	0	2.479356693070364	0
2.98	0	-1.194771447884646	0	0	0	2.48570999338003	0
2.981	0	-1.190188605615853	0	0	0	2.492065212524652	0
2.982	0	-1.185590265345289	0	0	0	2.498422394137702	0
2.983	0	-1.180976793822896	0	0	0	2.504781575510535	0
2.984	0	-1.176348564367636	0	0	0	2.511142791647808	0
2.985	0	-1.171705962595379	0	0	0	2.517506072035974	0
2.986	0	-1.167049383377905	0	0	0	2.523871442264408	0
2.987	0	-1.162379233104611	0	0	0	2.530238922688236	0
2.988	0	-1.157695927322576	0	0	0	2.536608529700242	0
2.989	0	-1.15299989311737	0	0	0	2.542980274303066	0
2.99	0	-1.148291568392521	0	0	0	2.549354162456166	0
2.991	0	-1.143571401429592	0	0	0	2.555730195227169	0
2.992	0	-1.138839851488423	0	0	0	2.562108368379928	0
2.993	0	-1.134097388713893	0	0	0	2.568488672367264	0
2.994	0	-1.129344494676251	0	0	0	2.574871091893375	0
2.995	0	-1.124581661852342	0	0	0	2.581255606151966	0
2.996	0	-1.119809393382374	0	0	0	2.587642188872537	0
2.997	0	-1.115028203669069	0	0	0	2.594030807908415	0
2.998	0	-1.110238618822025	0	0	0	2.600421424807902	0
2.999	0	-1.105441174886913	0	0	0	2.606813995845245	0
3	0	-1.100636420065518	0	0	0	2.613208470549438	0
