DataType=double
version=3
OpenSimVersion=4.5
endheader
time	foot_tibia_rz	tibia_femur_rz	tibia_float1_ty	tibia_float2_ty
0	0	0	0	0
0.001	-5.114557017926325e-06	1.627261431936983e-05	0.01950911757436175	0.01118537769096282
0.002	-2.666208925409595e-05	8.549051120046425e-05	0.01955320796303084	0.01112794080255517
0.003	-6.544053048173484e-05	0.0002101215474452494	0.01955369033083445	0.01112519544932266
0.004	-0.0001214512200222149	0.0003901646665258167	0.01955399304940168	0.01112530625065031
0.005	-0.0001946975937876123	0.0006256231640659909	0.01955492892034035	0.0111258383793207
0.006	-0.0002851851660535633	0.0009165046680603331	0.01955649450424742	0.0111267296757328
0.007	-0.0003929215225450157	0.00126282112300555	0.01955868690216932	0.01112797949094989
0.008	-0.0005179163215514932	0.001664588793611684	0.01956150428534718	0.01112958461011887
0.009000000000000001	-0.0006601812960497517	0.002121828271153226	0.01956494329549022	0.01113154400964233
0.01	-0.0008197302564829945	0.002634564481588683	0.01956900096866391	0.01113385537153395
0.011	-0.0009965790942374284	0.003202826695543897	0.01957367389684607	0.01113651866794367
0.012	-0.001190745785762972	0.003826648540022892	0.01957895871964029	0.01113952921293217
0.013	-0.0014022503974502	0.004506068012123436	0.01958485055743854	0.01114288654845796
0.014	-0.001631115091160328	0.005241127494493058	0.01959134541326274	0.01114658758325664
0.015	-0.001877364130486171	0.006031873772716819	0.01959843839592103	0.01115062948831272
0.016	-0.002141023887743886	0.006878358054627672	0.01960612454210272	0.01115500917159712
0.017	-0.002422122851690205	0.007780635991523488	0.01961439800774175	0.0111597234994709
0.018	-0.00272069163599801	0.008738767701365184	0.01962325298930323	0.01116476860778478
0.019	-0.003036762988496747	0.009752817793963831	0.01963268272798627	0.01117014097467832
0.02	-0.003370371801207352	0.01082285539822503	0.01964268069710918	0.01117583828728256
0.021	-0.003721555121120173	0.01194895419131616	0.0196532386714553	0.0111818537274754
0.022	-0.004090352161894989	0.01313119243019248	0.01966434977277027	0.01118818478211766
0.023	-0.004476804316284899	0.01436965298498258	0.01967600556381195	0.01119482630269769
0.024	-0.00488095516948503	0.01566442337472733	0.01968819753871617	0.01120177327025389
0.025	-0.005302850513322921	0.01701559580525697	0.01970091587679369	0.01120901969714893
0.026	-0.005742538361379199	0.01842326720942359	0.01971415057802004	0.01121656146529619
0.027	-0.006200068964979277	0.01988753928953622	0.01972789249205222	0.01122439128457611
0.028	-0.006675494830145959	0.0214085185622161	0.0197421299679081	0.01123250304833636
0.029	-0.007168870735514391	0.0229863164056831	0.0197568514613352	0.01124089180026946
0.03	-0.007680253751175281	0.02462104910938386	0.01977204526638624	0.01124954888017592
0.031	-0.008209703258555669	0.02631283792624492	0.01978769832426977	0.01125846840712071
0.032	-0.00875728097124855	0.02806180912734098	0.01980379835345475	0.01126764147504991
0.033	-0.009323050956860512	0.02986809405916689	0.01982033107407023	0.01127706072201783
0.034	-0.00990707965986893	0.03173182920352171	0.01983728230057283	0.01128672018821152
0.035	-0.0105094359254166	0.03365315623985653	0.01985463760081674	0.01129660942619885
0.036	-0.01113019102414832	0.03563222211039261	0.01987238242466804	0.01130671922959478
0.037	-0.01176941867795062	0.03766917908771877	0.01989050059473815	0.01131704313927898
0.038	-0.01242719508658155	0.03976418484491452	0.01990897651867219	0.01132757047305355
0.039	-0.01310359895519977	0.04191740252828941	0.01992779483563425	0.01133829304422359
0.04	-0.0137987115226314	0.04412900083245253	0.01994693952828683	0.01134920150513297
0.041	-0.01451261659036945	0.04639915407779946	0.01996639502975017	0.01136028647302515
0.042	-0.01524540055218481	0.04872804229024728	0.0199861456434898	0.01137154025199951
0.043	-0.01599715242423475	0.05111585128306768	0.02000617664300496	0.01138295282773736
0.044	-0.01676796387560181	0.05356277274079203	0.02002647302585427	0.01139451765333367
0.045	-0.01755792925909794	0.05606900430492851	0.02004702163191269	0.01140622645747933
0.046	-0.01836714564227459	0.05863474966146551	0.02006780974884617	0.01141807095995059
0.047	-0.01919571283853571	0.06126021863005199	0.02008882563652293	0.01143004515214993
0.048	-0.02004373343825331	0.06394562725468905	0.02011005860099469	0.0114421430682795
0.049	-0.02091131283988759	0.06669119789602294	0.02013149958093417	0.01145435974788027
0.05	-0.02179855928102779	0.06949715932506163	0.02015314012254086	0.01146669017558701
0.051	-0.0227055838694749	0.07236374681862291	0.02017497387764337	0.01147913013862485
0.052	-0.0236325006143391	0.07529120225638399	0.02019699428150581	0.01149167716003443
0.053	-0.02457942645730197	0.07827977421983691	0.02021919655533011	0.01150432720494446
0.054	-0.02554648130420006	0.08132971809339731	0.02024157656453144	0.01151707883829466
0.055	-0.02653378805702276	0.08444129616774747	0.02026413081224493	0.01152992896410669
0.056	-0.02754147264661083	0.08761477774595149	0.02028685533384637	0.011542876885218
0.057	-0.0285696640661456	0.09085043925237227	0.02030974674197147	0.01155592028331245
0.058	-0.0296184944057249	0.09414856434494111	0.02033280162913225	0.01156905607541182
0.059	-0.03068809888817053	0.09750944403096415	0.0203560160992446	0.01158228234573975
0.06	-0.03177861590762423	0.1009333767896894	0.02037937719827228	0.01159559279147019
0.061	-0.03289018707678321	0.1044206687117997	0.02040286443860777	0.01160897542343119
0.062	-0.03402295728031166	0.1079716336480074	0.02042645437311571	0.01162241616411099
0.063	-0.03517707473089787	0.1115865933625436	0.02045012084830607	0.01163590005508193
0.064	-0.03635269102833598	0.1152658776934257	0.02047383604727627	0.01164941235716052
0.065	-0.03754996122179374	0.1190098247197217	0.02049756865424286	0.01166293445434298
0.066	-0.03876904387570192	0.1228187809367665	0.02052128474248618	0.01167644713708671
0.067	-0.0400101011394187	0.1266931014395306	0.02054494728742159	0.01168992913808484
0.068	-0.04127329882090954	0.1306331501146482	0.02056851548905821	0.01170335736638128
0.06900000000000001	-0.04255880646466277	0.1346392998415964	0.02059194540964786	0.01171670692079388
0.07000000000000001	-0.0438667974337906	0.1387119327029506	0.02061518936923451	0.0117299503953467
0.07100000000000001	-0.0451974489963307	0.1428514402039489	0.02063819740286587	0.01174305952375978
0.07200000000000001	-0.04655094241531243	0.1470582235006188	0.02066091659456018	0.01175600391900386
0.073	-0.04792746304221772	0.1513326936361037	0.02068329294286725	0.01176875300800801
0.074	-0.04932720041301946	0.1556752717838613	0.02070527195186422	0.01178127572578022
0.075	-0.05075034834599437	0.1600863894966086	0.02072680036684971	0.011793541724521
0.076	-0.05219710504036745	0.1645664889595831	0.02074782691040375	0.01180552178793529
0.077	-0.05366767317490385	0.169116023246815	0.02076830325993259	0.01181718829858581
0.078	-0.05516226000581295	0.1737354565795567	0.02078818539540825	0.01182851631952204
0.079	-0.05668107746347704	0.1784252645861269	0.02080743273194659	0.0118394825791466
0.08	-0.05822434224802764	0.1831859345634068	0.02082600918606263	0.01185006664220069
0.081	-0.05979227592395486	0.1880179657402749	0.0208438815946127	0.01186024956453216
0.082	-0.06138510501432613	0.1929218695440029	0.02086101924399483	0.01187001380641235
0.083	-0.06300306109537736	0.1978981698708729	0.02087739326857504	0.01187934303665101
0.08400000000000001	-0.0646463808922588	0.202947403362211	0.02089297436909945	0.01188822042211293
0.08500000000000001	-0.0663153063769477	0.2080701196875924	0.02090773323282593	0.01189662940169168
0.08600000000000001	-0.06801008486912678	0.2132668818364137	0.02092163792343314	0.01190455169539804
0.08700000000000001	-0.06973096914100568	0.2185382664195656	0.02093465395055659	0.01191196761173165
0.08799999999999999	-0.07147821752695935	0.2238848639826799	0.02094674223342317	0.01191885502527423
0.089	-0.07325209403895164	0.2293072793327073	0.02095785863240169	0.01192518871258749
0.09	-0.07505286848885269	0.2348061318798818	0.02096795212186636	0.0119309395983305
0.091	-0.07688081661901265	0.2403820559976697	0.02097696324410693	0.01193607383372209
0.092	-0.07873622024287288	0.246035701404126	0.02098482131520556	0.0119405511464899
0.093	-0.08061936739814163	0.2517677335695861	0.02099144098799682	0.01194432290513786
0.094	-0.08253055251621065	0.2575788341578819	0.02099671700448874	0.01194732913621292
0.095	-0.08447007661342536	0.2634697015120973	0.02100051623383285	0.01194949401651575
0.096	-0.08643824751307408	0.2694410512023321	0.02100266439769654	0.01195071822777046
0.097	-0.08843538011266815	0.2754936166643041	0.02100292317109234	0.01195086608272596
0.098	-0.09046179672146981	0.2816281499784539	0.02100095315373469	0.01194974422028317
0.099	-0.09251782751233127	0.2878454228775669	0.02099624424815032	0.01194706205485506
0.1	-0.09460381116773045	0.2941462281430707	0.02098799133016372	0.01194236107658002
0.101	-0.09672009585891249	0.3005313816672214	0.02097490193681371	0.01193490494015368
0.102	-0.09886704073386744	0.307001725514334	0.02095509889450197	0.01192362367037714
0.103	-0.1010450177522485	0.3135581315395057	0.02092710120415919	0.01190767133149871
0.104	-0.1032544122806325	0.3202015021465311	0.02089256372598683	0.01188799103272813
0.105	-0.1054956206252044	0.3269327650337286	0.02085521358115137	0.01186671114337899
0.106	-0.107769047684585	0.3337528695318133	0.02081588495113487	0.01184430408081319
0.107	-0.1100751070146992	0.3406627877359784	0.0207745042620364	0.01182072781200599
0.108	-0.1124142210706035	0.3476635152250828	0.02073099308316526	0.01179593764231437
0.109	-0.1147868213985655	0.3547560716064296	0.02068526981788966	0.01176988707176446
0.11	-0.1171933488295431	0.3619415010652987	0.02063724952539265	0.01174252769372581
0.111	-0.1196342536735948	0.3692208729180597	0.02058684372926339	0.01171380908577506
0.112	-0.1221099959146122	0.376595282167323	0.02053396015796094	0.01168367866372549
0.113	-0.1246210454046787	0.3840658500573418	0.02047850262807174	0.01165208156871492
0.114	-0.1271678820572417	0.3916337246275913	0.02042037072908754	0.0116189606634681
0.115	-0.1297509960381644	0.3993000812621136	0.02035945948128888	0.01158425607715243
0.116	-0.1323708879536271	0.4070661232319845	0.02029565950268739	0.01154790545943264
0.117	-0.1350280690336053	0.4149330822276039	0.02022885600250261	0.01150984339748572
0.118	-0.1377230613096223	0.4229022188774435	0.02015892906656616	0.01147000154083458
0.119	-0.140456397785122	0.4309748232489574	0.02008575302827722	0.01142830826220165
0.12	-0.1432286225967458	0.4391522153271916	0.02000919596592314	0.01138468837981066
0.121	-0.1460402911644434	0.4474357454657077	0.01992911982758856	0.01133906319037351
0.122	-0.1488919703281407	0.4558267948038728	0.01984537907451369	0.01129134975940542
0.123	-0.1517842384683901	0.4643267756437956	0.01975782142144639	0.01124146125956601
0.124	-0.1547176856080235	0.4729371317791103	0.01966628585614453	0.01118930593689868
0.125	-0.1576929134915867	0.4816593387671657	0.01957060371477838	0.01113478758085785
0.126	-0.1607105356387227	0.4904949041345698	0.01947059630771879	0.01107780444200972
0.127	-0.1637711773674264	0.499445367505373	0.01936607568352601	0.01101824931617896
0.128	-0.1668754757823568	0.5085123006392356	0.01925684317274226	0.0109560089568913
0.129	-0.1700240797229568	0.5176973073657519	0.01914268873437527	0.0108909636250713
0.13	-0.1732176496654074	0.527002023399186	0.01902339007509986	0.01082298659396255
0.131	-0.176456857571754	0.5364281160160473	0.01889871134862039	0.01075194393290978
0.132	-0.1797423866798246	0.545977283578985	0.01876839603300538	0.01067769673524598
0.133	-0.1830749312286135	0.5556512548938164	0.01863215671156115	0.0106000906460829
0.134	-0.1864551961118183	0.5654517883807337	0.01848966732784456	0.01051894505313213
0.135	-0.189883896447573	0.5753806710273668	0.01834056457439042	0.01043405874507853
0.136	-0.1933617570534631	0.5854397170949689	0.01818444202494782	0.01034520692504571
0.137	-0.1968895118175371	0.5956307665538876	0.01802084249053184	0.01025213669837377
0.138	-0.2004679029538159	0.6059556832182976	0.01784925009348993	0.01015456209059596
0.139	-0.2040976801294924	0.6164163525466519	0.01766908265807611	0.01005215908934146
0.14	-0.207779599449328	0.6270146790697206	0.01747968708507673	0.009944561475709488
0.141	-0.211514422280406	0.6377525834015929	0.01728033900015436	0.009831359172501903
0.142	-0.215302913898362	0.648631998783491	0.01707024999298493	0.009712100666964072
0.143	-0.2191458419331241	0.6596548671017125	0.01684858133115998	0.009586299459809388
0.144	-0.2230439745853228	0.6708231343015976	0.01661446486664659	0.009453446116207862
0.145	-0.226998078579708	0.6821387451061226	0.01636702571942384	0.009313022642074394
0.146	-0.2310089168184295	0.6936036369383647	0.0161054013584881	0.009164516137953571
0.147	-0.2350772456957267	0.7052197329439834	0.01582875185599773	0.009007428231463149
0.148	-0.2392038120371679	0.7169889340150819	0.01553625816896667	0.008841276515259684
0.149	-0.243389349628583	0.7289131097230001	0.01522710956188536	0.008665588895202391
0.15	-0.2476345752995922	0.7409940880671945	0.01490048323649728	0.008479892326100255
0.151	-0.2519401845248085	0.7532336439422948	0.0145555206935889	0.008283698135786711
0.152	-0.256306846504027	0.76563348622047	0.01419130352381428	0.008076487505568258
0.153	-0.2607351986822558	0.7781952433449275	0.01380682963456693	0.007857697029397091
0.154	-0.2652258406724531	0.7909204473359041	0.01340098901630012	0.007626704040460226
0.155	-0.2697793275491714	0.80381051612532	0.0129725347378803	0.007382810911713182
0.156	-0.2743961624922203	0.8168667341665856	0.012520044269172	0.007125223718945905
0.157	-0.2790767887798758	0.8300902313228625	0.01204185935428907	0.006853020486071692
0.158	-0.2838215811682325	0.8434819601405351	0.01153598371799437	0.006565098558429142
0.159	-0.2886308367620092	0.8570426718067282	0.01099990318762784	0.006260080525325167
0.16	-0.2935047656090735	0.8707728914450766	0.01043026602158257	0.00593614747370476
0.161	-0.2984434814722017	0.884672894023099	0.009822397361301425	0.005590771988477144
0.162	-0.3034469934988692	0.8987426828870968	0.009170091580359677	0.005220510355282875
0.163	-0.3085151991793746	0.9129819719824999	0.00846791986095115	0.00482190333952308
0.164	-0.3136478762307582	0.9273901650356058	0.007717604336595469	0.004395010890419365
0.165	-0.3188446677705863	0.9419663158354518	0.006927559288883326	0.003944650513130218
0.166	-0.3241050618055406	0.9567090726347444	0.006098530377065995	0.003472359680343677
0.167	-0.3294283773667961	0.9716166413600643	0.005221537542491257	0.002973227553435952
0.168	-0.3348137607600971	0.9866867772299696	0.004288285890147506	0.002442068726435563
0.169	-0.340260183408104	1.001916780686416	0.003298904854499738	0.001878523773635705
0.17	-0.3457664327120345	1.017303473547706	0.002255600117267227	0.001284007487947845
0.171	-0.3513311023547411	1.032843173469443	0.001149055216300546	0.0006537580537145193
0.172	-0.3569526155388549	1.048531760871048	-0.0001155420135469302	-5.344164475879238e-05
0.173	-0.3626293918432674	1.064365146864047	-0.001493717897292701	-0.0007725398095117659
0.174	-0.3683598176392398	1.080339190144161	-0.002897107831455315	-0.001450140827621402
0.175	-0.3741420818091321	1.096449236578825	-0.004323933241446953	-0.002086085643413737
0.176	-0.379974161053995	1.112690078224035	-0.005774828995357376	-0.002680274671420123
0.177	-0.3858538166694063	1.129055944555919	-0.007248688301060042	-0.003232671230591208
0.178	-0.3917785935120747	1.145540499470232	-0.008744661562881034	-0.003743304595008841
0.179	-0.3977458215153102	1.162136844990676	-0.01026208134885971	-0.004212272552893139
0.18	-0.4037526199769373	1.178837532281445	-0.01179992670347771	-0.004639743389151528
0.181	-0.4097959047874446	1.195634580412008	-0.01335757038852145	-0.005025957214156815
0.182	-0.4158723987512951	1.212519503278547	-0.01493379124204631	-0.005371226561175224
0.183	-0.4219786450043905	1.229483344696174	-0.01652757676855928	-0.005675936204069434
0.184	-0.4281110235136514	1.246516721624335	-0.01813742335504364	-0.005940542149645582
0.185	-0.4342657704790662	1.263609875055424	-0.01976204896335353	-0.006165569794409585
0.186	-0.440439000410688	1.280752727965121	-0.02140066279132442	-0.006351611248000705
0.187	-0.4466267305530918	1.297934949458591	-0.02305124358489554	-0.006499321850658307
0.188	-0.4528249071591652	1.315146023801404	-0.02471253324646997	-0.006609415953715549
0.189	-0.4590294331782417	1.332375323179677	-0.02638318995223494	-0.006682662026136582
0.19	-0.4652361967562085	1.349612182600001	-0.02806152819780705	-0.006719877193785966
0.191	-0.4714410999474553	1.366845975342682	-0.02974610820757263	-0.006721921326977996
0.192	-0.4776400870557909	1.384066187425605	-0.03143524998284436	-0.006689690798076065
0.193	-0.4838291719922386	1.401262489462705	-0.03312766283520977	-0.006624112046784631
0.194	-0.490004464131595	1.418424804545822	-0.03482177843398832	-0.006526135080396979
0.195	-0.4961621921616642	1.435543370815033	-0.03651586002093811	-0.006396727042146058
0.196	-0.5022987255248853	1.452608797660975	-0.03820870067924659	-0.006236865965822331
0.197	-0.508410593165042	1.46961211480021	-0.03989879655017842	-0.006047534816819154
0.198	-0.5144944993346022	1.486544813583015	-0.04158480094425219	-0.005829715914860071
0.199	-0.5205473363695297	1.503398880289285	-0.04326537127435683	-0.00558438580429358
0.2	-0.5265661944029545	1.520166821341681	-0.044939208291043	-0.00531251062503103
0.201	-0.5325483680855889	1.536841680619836	-0.0466051930286946	-0.005015042016161745
0.202	-0.5384913604593724	1.553417049266964	-0.04826215474878268	-0.004692913565668574
0.203	-0.544392884177475	1.569887068504593	-0.04990907428011536	-0.004347037806670223
0.204	nan	-nan(ind)	-nan(ind)	-nan(ind)
0.205	nan	-nan(ind)	-nan(ind)	-nan(ind)
0.206	nan	-nan(ind)	-nan(ind)	-nan(ind)
0.207	-nan(ind)	nan	nan	nan
0.208	-nan(ind)	nan	nan	nan
0.209	-nan(ind)	nan	nan	nan
0.21	-nan(ind)	nan	nan	nan
0.211	-nan(ind)	nan	nan	nan
0.212	-nan(ind)	nan	nan	nan
0.213	-nan(ind)	nan	nan	nan
0.214	-nan(ind)	nan	nan	nan
0.215	-nan(ind)	nan	nan	nan
0.216	-nan(ind)	nan	nan	nan
0.217	-nan(ind)	nan	nan	nan
0.218	-nan(ind)	nan	nan	nan
0.219	-nan(ind)	nan	nan	nan
0.22	-nan(ind)	nan	nan	nan
0.221	-nan(ind)	nan	nan	nan
0.222	-nan(ind)	nan	nan	nan
0.223	-nan(ind)	nan	nan	nan
0.224	-nan(ind)	nan	nan	nan
0.225	-nan(ind)	nan	nan	nan
0.226	-nan(ind)	nan	nan	nan
0.227	-nan(ind)	nan	nan	nan
0.228	-nan(ind)	nan	nan	nan
0.229	-nan(ind)	nan	nan	nan
0.23	-nan(ind)	nan	nan	nan
0.231	-nan(ind)	nan	nan	nan
0.232	-nan(ind)	nan	nan	nan
0.233	-nan(ind)	nan	nan	nan
0.234	-nan(ind)	nan	nan	nan
0.235	-nan(ind)	nan	nan	nan
0.236	-nan(ind)	nan	nan	nan
0.237	-nan(ind)	nan	nan	nan
0.238	-nan(ind)	nan	nan	nan
0.239	-nan(ind)	nan	nan	nan
0.24	-nan(ind)	nan	nan	nan
0.241	-nan(ind)	nan	nan	nan
0.242	-nan(ind)	nan	nan	nan
0.243	-nan(ind)	nan	nan	nan
0.244	-nan(ind)	nan	nan	nan
0.245	-nan(ind)	nan	nan	nan
0.246	-nan(ind)	nan	nan	nan
0.247	-nan(ind)	nan	nan	nan
0.248	-nan(ind)	nan	nan	nan
0.249	-nan(ind)	nan	nan	nan
0.25	-nan(ind)	nan	nan	nan
0.251	-nan(ind)	nan	nan	nan
0.252	-nan(ind)	nan	nan	nan
0.253	-nan(ind)	nan	nan	nan
0.254	-nan(ind)	nan	nan	nan
0.255	-nan(ind)	nan	nan	nan
0.256	-nan(ind)	nan	nan	nan
0.257	-nan(ind)	nan	nan	nan
0.258	-nan(ind)	nan	nan	nan
0.259	-nan(ind)	nan	nan	nan
0.26	-nan(ind)	nan	nan	nan
0.261	-nan(ind)	nan	nan	nan
0.262	-nan(ind)	nan	nan	nan
0.263	-nan(ind)	nan	nan	nan
0.264	-nan(ind)	nan	nan	nan
0.265	-nan(ind)	nan	nan	nan
0.266	-nan(ind)	nan	nan	nan
0.267	-nan(ind)	nan	nan	nan
0.268	-nan(ind)	nan	nan	nan
0.269	-nan(ind)	nan	nan	nan
0.27	-nan(ind)	nan	nan	nan
0.271	-nan(ind)	nan	nan	nan
0.272	-nan(ind)	nan	nan	nan
0.273	-nan(ind)	nan	nan	nan
0.274	-nan(ind)	nan	nan	nan
0.275	-nan(ind)	nan	nan	nan
0.276	-nan(ind)	nan	nan	nan
0.277	-nan(ind)	nan	nan	nan
0.278	-nan(ind)	nan	nan	nan
0.279	-nan(ind)	nan	nan	nan
0.28	nan	-nan(ind)	-nan(ind)	-nan(ind)
0.281	nan	-nan(ind)	-nan(ind)	-nan(ind)
0.282	nan	-nan(ind)	-nan(ind)	-nan(ind)
0.283	nan	-nan(ind)	-nan(ind)	-nan(ind)
0.284	nan	-nan(ind)	-nan(ind)	-nan(ind)
0.285	nan	-nan(ind)	-nan(ind)	-nan(ind)
0.286	nan	-nan(ind)	-nan(ind)	-nan(ind)
0.287	nan	-nan(ind)	-nan(ind)	-nan(ind)
0.288	nan	-nan(ind)	-nan(ind)	-nan(ind)
0.289	nan	-nan(ind)	-nan(ind)	-nan(ind)
0.29	nan	-nan(ind)	-nan(ind)	-nan(ind)
0.291	nan	-nan(ind)	-nan(ind)	-nan(ind)
0.292	nan	-nan(ind)	-nan(ind)	-nan(ind)
0.293	nan	-nan(ind)	-nan(ind)	-nan(ind)
0.294	nan	-nan(ind)	-nan(ind)	-nan(ind)
0.295	nan	-nan(ind)	-nan(ind)	-nan(ind)
0.296	nan	-nan(ind)	-nan(ind)	-nan(ind)
0.297	nan	-nan(ind)	-nan(ind)	-nan(ind)
0.298	nan	-nan(ind)	-nan(ind)	-nan(ind)
0.299	nan	-nan(ind)	-nan(ind)	-nan(ind)
0.3	nan	-nan(ind)	-nan(ind)	-nan(ind)
0.301	nan	-nan(ind)	-nan(ind)	-nan(ind)
0.302	nan	-nan(ind)	-nan(ind)	-nan(ind)
0.303	nan	-nan(ind)	-nan(ind)	-nan(ind)
0.304	nan	-nan(ind)	-nan(ind)	-nan(ind)
0.305	nan	-nan(ind)	-nan(ind)	-nan(ind)
0.306	nan	-nan(ind)	-nan(ind)	-nan(ind)
0.307	nan	-nan(ind)	-nan(ind)	-nan(ind)
0.308	nan	-nan(ind)	-nan(ind)	-nan(ind)
0.309	nan	-nan(ind)	-nan(ind)	-nan(ind)
0.31	nan	-nan(ind)	-nan(ind)	-nan(ind)
0.311	nan	-nan(ind)	-nan(ind)	-nan(ind)
0.312	nan	-nan(ind)	-nan(ind)	-nan(ind)
0.313	nan	-nan(ind)	-nan(ind)	-nan(ind)
0.314	nan	-nan(ind)	-nan(ind)	-nan(ind)
0.315	nan	-nan(ind)	-nan(ind)	-nan(ind)
0.316	nan	-nan(ind)	-nan(ind)	-nan(ind)
0.317	nan	-nan(ind)	-nan(ind)	-nan(ind)
0.318	nan	-nan(ind)	-nan(ind)	-nan(ind)
0.319	nan	-nan(ind)	-nan(ind)	-nan(ind)
0.32	nan	-nan(ind)	-nan(ind)	-nan(ind)
0.321	nan	-nan(ind)	-nan(ind)	-nan(ind)
0.322	nan	-nan(ind)	-nan(ind)	-nan(ind)
0.323	nan	-nan(ind)	-nan(ind)	-nan(ind)
0.324	nan	-nan(ind)	-nan(ind)	-nan(ind)
0.325	nan	-nan(ind)	-nan(ind)	-nan(ind)
0.326	nan	-nan(ind)	-nan(ind)	-nan(ind)
0.327	nan	-nan(ind)	-nan(ind)	-nan(ind)
0.328	nan	-nan(ind)	-nan(ind)	-nan(ind)
0.329	nan	-nan(ind)	-nan(ind)	-nan(ind)
0.33	nan	-nan(ind)	-nan(ind)	-nan(ind)
0.331	nan	-nan(ind)	-nan(ind)	-nan(ind)
0.332	nan	-nan(ind)	-nan(ind)	-nan(ind)
0.333	nan	-nan(ind)	-nan(ind)	-nan(ind)
0.334	nan	-nan(ind)	-nan(ind)	-nan(ind)
0.335	nan	-nan(ind)	-nan(ind)	-nan(ind)
0.336	nan	-nan(ind)	-nan(ind)	-nan(ind)
0.337	nan	-nan(ind)	-nan(ind)	-nan(ind)
0.338	nan	-nan(ind)	-nan(ind)	-nan(ind)
0.339	nan	-nan(ind)	-nan(ind)	-nan(ind)
0.34	nan	-nan(ind)	-nan(ind)	-nan(ind)
0.341	nan	-nan(ind)	-nan(ind)	-nan(ind)
0.342	nan	-nan(ind)	-nan(ind)	-nan(ind)
0.343	nan	-nan(ind)	-nan(ind)	-nan(ind)
0.344	nan	-nan(ind)	-nan(ind)	-nan(ind)
0.345	nan	-nan(ind)	-nan(ind)	-nan(ind)
0.346	nan	-nan(ind)	-nan(ind)	-nan(ind)
0.347	nan	-nan(ind)	-nan(ind)	-nan(ind)
0.348	nan	-nan(ind)	-nan(ind)	-nan(ind)
0.349	nan	-nan(ind)	-nan(ind)	-nan(ind)
0.35	nan	-nan(ind)	-nan(ind)	-nan(ind)
0.351	nan	-nan(ind)	-nan(ind)	-nan(ind)
0.352	nan	-nan(ind)	-nan(ind)	-nan(ind)
0.353	nan	-nan(ind)	-nan(ind)	-nan(ind)
0.354	nan	-nan(ind)	-nan(ind)	-nan(ind)
0.355	nan	-nan(ind)	-nan(ind)	-nan(ind)
0.356	nan	-nan(ind)	-nan(ind)	-nan(ind)
0.357	nan	-nan(ind)	-nan(ind)	-nan(ind)
0.358	nan	-nan(ind)	-nan(ind)	-nan(ind)
0.359	nan	-nan(ind)	-nan(ind)	-nan(ind)
0.36	nan	-nan(ind)	-nan(ind)	-nan(ind)
0.361	nan	-nan(ind)	-nan(ind)	-nan(ind)
0.362	nan	-nan(ind)	-nan(ind)	-nan(ind)
0.363	nan	-nan(ind)	-nan(ind)	-nan(ind)
0.364	nan	-nan(ind)	-nan(ind)	-nan(ind)
0.365	nan	-nan(ind)	-nan(ind)	-nan(ind)
0.366	nan	-nan(ind)	-nan(ind)	-nan(ind)
0.367	nan	-nan(ind)	-nan(ind)	-nan(ind)
0.368	nan	-nan(ind)	-nan(ind)	-nan(ind)
0.369	nan	-nan(ind)	-nan(ind)	-nan(ind)
0.37	nan	-nan(ind)	-nan(ind)	-nan(ind)
0.371	nan	-nan(ind)	-nan(ind)	-nan(ind)
0.372	nan	-nan(ind)	-nan(ind)	-nan(ind)
0.373	nan	-nan(ind)	-nan(ind)	-nan(ind)
0.374	nan	-nan(ind)	-nan(ind)	-nan(ind)
0.375	nan	-nan(ind)	-nan(ind)	-nan(ind)
0.376	nan	-nan(ind)	-nan(ind)	-nan(ind)
0.377	nan	-nan(ind)	-nan(ind)	-nan(ind)
0.378	nan	-nan(ind)	-nan(ind)	-nan(ind)
0.379	nan	-nan(ind)	-nan(ind)	-nan(ind)
0.38	nan	-nan(ind)	-nan(ind)	-nan(ind)
0.381	nan	-nan(ind)	-nan(ind)	-nan(ind)
0.382	nan	-nan(ind)	-nan(ind)	-nan(ind)
0.383	nan	-nan(ind)	-nan(ind)	-nan(ind)
0.384	nan	-nan(ind)	-nan(ind)	-nan(ind)
0.385	nan	-nan(ind)	-nan(ind)	-nan(ind)
0.386	nan	-nan(ind)	-nan(ind)	-nan(ind)
0.387	nan	-nan(ind)	-nan(ind)	-nan(ind)
0.388	nan	-nan(ind)	-nan(ind)	-nan(ind)
0.389	nan	-nan(ind)	-nan(ind)	-nan(ind)
0.39	nan	-nan(ind)	-nan(ind)	-nan(ind)
0.391	nan	-nan(ind)	-nan(ind)	-nan(ind)
0.392	nan	-nan(ind)	-nan(ind)	-nan(ind)
0.393	nan	-nan(ind)	-nan(ind)	-nan(ind)
0.394	nan	-nan(ind)	-nan(ind)	-nan(ind)
0.395	nan	-nan(ind)	-nan(ind)	-nan(ind)
0.396	nan	-nan(ind)	-nan(ind)	-nan(ind)
0.397	nan	-nan(ind)	-nan(ind)	-nan(ind)
0.398	nan	-nan(ind)	-nan(ind)	-nan(ind)
0.399	nan	-nan(ind)	-nan(ind)	-nan(ind)
0.4	nan	-nan(ind)	-nan(ind)	-nan(ind)
0.401	nan	-nan(ind)	-nan(ind)	-nan(ind)
0.402	nan	-nan(ind)	-nan(ind)	-nan(ind)
0.403	nan	-nan(ind)	-nan(ind)	-nan(ind)
0.404	nan	-nan(ind)	-nan(ind)	-nan(ind)
0.405	nan	-nan(ind)	-nan(ind)	-nan(ind)
0.406	nan	-nan(ind)	-nan(ind)	-nan(ind)
0.407	nan	-nan(ind)	-nan(ind)	-nan(ind)
0.408	nan	-nan(ind)	-nan(ind)	-nan(ind)
0.409	nan	-nan(ind)	-nan(ind)	-nan(ind)
0.41	nan	-nan(ind)	-nan(ind)	-nan(ind)
0.411	nan	-nan(ind)	-nan(ind)	-nan(ind)
0.412	nan	-nan(ind)	-nan(ind)	-nan(ind)
0.413	nan	-nan(ind)	-nan(ind)	-nan(ind)
0.414	nan	-nan(ind)	-nan(ind)	-nan(ind)
0.415	nan	-nan(ind)	-nan(ind)	-nan(ind)
0.416	nan	-nan(ind)	-nan(ind)	-nan(ind)
0.417	nan	-nan(ind)	-nan(ind)	-nan(ind)
0.418	nan	-nan(ind)	-nan(ind)	-nan(ind)
0.419	nan	-nan(ind)	-nan(ind)	-nan(ind)
0.42	nan	-nan(ind)	-nan(ind)	-nan(ind)
0.421	nan	-nan(ind)	-nan(ind)	-nan(ind)
0.422	nan	-nan(ind)	-nan(ind)	-nan(ind)
0.423	nan	-nan(ind)	-nan(ind)	-nan(ind)
0.424	nan	-nan(ind)	-nan(ind)	-nan(ind)
0.425	nan	-nan(ind)	-nan(ind)	-nan(ind)
0.426	nan	-nan(ind)	-nan(ind)	-nan(ind)
0.427	nan	-nan(ind)	-nan(ind)	-nan(ind)
0.428	nan	-nan(ind)	-nan(ind)	-nan(ind)
0.429	nan	-nan(ind)	-nan(ind)	-nan(ind)
0.43	nan	-nan(ind)	-nan(ind)	-nan(ind)
0.431	nan	-nan(ind)	-nan(ind)	-nan(ind)
0.432	nan	-nan(ind)	-nan(ind)	-nan(ind)
0.433	nan	-nan(ind)	-nan(ind)	-nan(ind)
0.434	nan	-nan(ind)	-nan(ind)	-nan(ind)
0.435	nan	-nan(ind)	-nan(ind)	-nan(ind)
0.436	nan	-nan(ind)	-nan(ind)	-nan(ind)
0.437	nan	-nan(ind)	-nan(ind)	-nan(ind)
0.438	nan	-nan(ind)	-nan(ind)	-nan(ind)
0.439	nan	-nan(ind)	-nan(ind)	-nan(ind)
0.44	nan	-nan(ind)	-nan(ind)	-nan(ind)
0.441	nan	-nan(ind)	-nan(ind)	-nan(ind)
0.442	nan	-nan(ind)	-nan(ind)	-nan(ind)
0.443	nan	-nan(ind)	-nan(ind)	-nan(ind)
0.444	nan	-nan(ind)	-nan(ind)	-nan(ind)
0.445	nan	-nan(ind)	-nan(ind)	-nan(ind)
0.446	nan	-nan(ind)	-nan(ind)	-nan(ind)
0.447	nan	-nan(ind)	-nan(ind)	-nan(ind)
0.448	nan	-nan(ind)	-nan(ind)	-nan(ind)
0.449	nan	-nan(ind)	-nan(ind)	-nan(ind)
0.45	nan	-nan(ind)	-nan(ind)	-nan(ind)
0.451	nan	-nan(ind)	-nan(ind)	-nan(ind)
0.452	nan	-nan(ind)	-nan(ind)	-nan(ind)
0.453	nan	-nan(ind)	-nan(ind)	-nan(ind)
0.454	nan	-nan(ind)	-nan(ind)	-nan(ind)
0.455	nan	-nan(ind)	-nan(ind)	-nan(ind)
0.456	nan	-nan(ind)	-nan(ind)	-nan(ind)
0.457	nan	-nan(ind)	-nan(ind)	-nan(ind)
0.458	nan	-nan(ind)	-nan(ind)	-nan(ind)
0.459	nan	-nan(ind)	-nan(ind)	-nan(ind)
0.46	nan	-nan(ind)	-nan(ind)	-nan(ind)
0.461	nan	-nan(ind)	-nan(ind)	-nan(ind)
0.462	nan	-nan(ind)	-nan(ind)	-nan(ind)
0.463	nan	-nan(ind)	-nan(ind)	-nan(ind)
0.464	nan	-nan(ind)	-nan(ind)	-nan(ind)
0.465	nan	-nan(ind)	-nan(ind)	-nan(ind)
0.466	nan	-nan(ind)	-nan(ind)	-nan(ind)
0.467	nan	-nan(ind)	-nan(ind)	-nan(ind)
0.468	nan	-nan(ind)	-nan(ind)	-nan(ind)
0.469	nan	-nan(ind)	-nan(ind)	-nan(ind)
0.47	nan	-nan(ind)	-nan(ind)	-nan(ind)
0.471	nan	-nan(ind)	-nan(ind)	-nan(ind)
0.472	nan	-nan(ind)	-nan(ind)	-nan(ind)
0.473	nan	-nan(ind)	-nan(ind)	-nan(ind)
0.474	nan	-nan(ind)	-nan(ind)	-nan(ind)
0.475	nan	-nan(ind)	-nan(ind)	-nan(ind)
0.476	nan	-nan(ind)	-nan(ind)	-nan(ind)
0.477	nan	-nan(ind)	-nan(ind)	-nan(ind)
0.478	nan	-nan(ind)	-nan(ind)	-nan(ind)
0.479	nan	-nan(ind)	-nan(ind)	-nan(ind)
0.48	nan	-nan(ind)	-nan(ind)	-nan(ind)
0.481	nan	-nan(ind)	-nan(ind)	-nan(ind)
0.482	nan	-nan(ind)	-nan(ind)	-nan(ind)
0.483	nan	-nan(ind)	-nan(ind)	-nan(ind)
0.484	nan	-nan(ind)	-nan(ind)	-nan(ind)
0.485	nan	-nan(ind)	-nan(ind)	-nan(ind)
0.486	nan	-nan(ind)	-nan(ind)	-nan(ind)
0.487	nan	-nan(ind)	-nan(ind)	-nan(ind)
0.488	nan	-nan(ind)	-nan(ind)	-nan(ind)
0.489	nan	-nan(ind)	-nan(ind)	-nan(ind)
0.49	nan	-nan(ind)	-nan(ind)	-nan(ind)
0.491	nan	-nan(ind)	-nan(ind)	-nan(ind)
0.492	nan	-nan(ind)	-nan(ind)	-nan(ind)
0.493	nan	-nan(ind)	-nan(ind)	-nan(ind)
0.494	nan	-nan(ind)	-nan(ind)	-nan(ind)
0.495	nan	-nan(ind)	-nan(ind)	-nan(ind)
0.496	nan	-nan(ind)	-nan(ind)	-nan(ind)
0.497	nan	-nan(ind)	-nan(ind)	-nan(ind)
0.498	nan	-nan(ind)	-nan(ind)	-nan(ind)
0.499	nan	-nan(ind)	-nan(ind)	-nan(ind)
0.5	nan	-nan(ind)	-nan(ind)	-nan(ind)
0.501	nan	-nan(ind)	-nan(ind)	-nan(ind)
0.502	nan	-nan(ind)	-nan(ind)	-nan(ind)
0.503	nan	-nan(ind)	-nan(ind)	-nan(ind)
0.504	nan	-nan(ind)	-nan(ind)	-nan(ind)
0.505	nan	-nan(ind)	-nan(ind)	-nan(ind)
0.506	nan	-nan(ind)	-nan(ind)	-nan(ind)
0.507	nan	-nan(ind)	-nan(ind)	-nan(ind)
0.508	nan	-nan(ind)	-nan(ind)	-nan(ind)
0.509	nan	-nan(ind)	-nan(ind)	-nan(ind)
0.51	nan	-nan(ind)	-nan(ind)	-nan(ind)
0.511	nan	-nan(ind)	-nan(ind)	-nan(ind)
0.512	nan	-nan(ind)	-nan(ind)	-nan(ind)
0.513	nan	-nan(ind)	-nan(ind)	-nan(ind)
0.514	nan	-nan(ind)	-nan(ind)	-nan(ind)
0.515	nan	-nan(ind)	-nan(ind)	-nan(ind)
0.516	nan	-nan(ind)	-nan(ind)	-nan(ind)
0.517	nan	-nan(ind)	-nan(ind)	-nan(ind)
0.518	nan	-nan(ind)	-nan(ind)	-nan(ind)
0.519	nan	-nan(ind)	-nan(ind)	-nan(ind)
0.52	nan	-nan(ind)	-nan(ind)	-nan(ind)
0.521	nan	-nan(ind)	-nan(ind)	-nan(ind)
0.522	nan	-nan(ind)	-nan(ind)	-nan(ind)
0.523	nan	-nan(ind)	-nan(ind)	-nan(ind)
0.524	nan	-nan(ind)	-nan(ind)	-nan(ind)
0.525	nan	-nan(ind)	-nan(ind)	-nan(ind)
0.526	nan	-nan(ind)	-nan(ind)	-nan(ind)
0.527	nan	-nan(ind)	-nan(ind)	-nan(ind)
0.528	nan	-nan(ind)	-nan(ind)	-nan(ind)
0.529	nan	-nan(ind)	-nan(ind)	-nan(ind)
0.53	nan	-nan(ind)	-nan(ind)	-nan(ind)
0.531	nan	-nan(ind)	-nan(ind)	-nan(ind)
0.532	nan	-nan(ind)	-nan(ind)	-nan(ind)
0.533	nan	-nan(ind)	-nan(ind)	-nan(ind)
0.534	nan	-nan(ind)	-nan(ind)	-nan(ind)
0.535	nan	-nan(ind)	-nan(ind)	-nan(ind)
0.536	nan	-nan(ind)	-nan(ind)	-nan(ind)
0.537	nan	-nan(ind)	-nan(ind)	-nan(ind)
0.538	nan	-nan(ind)	-nan(ind)	-nan(ind)
0.539	nan	-nan(ind)	-nan(ind)	-nan(ind)
0.54	nan	-nan(ind)	-nan(ind)	-nan(ind)
0.541	nan	-nan(ind)	-nan(ind)	-nan(ind)
0.542	nan	-nan(ind)	-nan(ind)	-nan(ind)
0.543	nan	-nan(ind)	-nan(ind)	-nan(ind)
0.544	nan	-nan(ind)	-nan(ind)	-nan(ind)
0.545	nan	-nan(ind)	-nan(ind)	-nan(ind)
0.546	nan	-nan(ind)	-nan(ind)	-nan(ind)
0.547	nan	-nan(ind)	-nan(ind)	-nan(ind)
0.548	nan	-nan(ind)	-nan(ind)	-nan(ind)
0.549	nan	-nan(ind)	-nan(ind)	-nan(ind)
0.55	nan	-nan(ind)	-nan(ind)	-nan(ind)
0.551	nan	-nan(ind)	-nan(ind)	-nan(ind)
0.552	nan	-nan(ind)	-nan(ind)	-nan(ind)
0.553	nan	-nan(ind)	-nan(ind)	-nan(ind)
0.554	nan	-nan(ind)	-nan(ind)	-nan(ind)
0.555	nan	-nan(ind)	-nan(ind)	-nan(ind)
0.556	nan	-nan(ind)	-nan(ind)	-nan(ind)
0.5570000000000001	nan	-nan(ind)	-nan(ind)	-nan(ind)
0.5580000000000001	nan	-nan(ind)	-nan(ind)	-nan(ind)
0.5590000000000001	nan	-nan(ind)	-nan(ind)	-nan(ind)
0.5600000000000001	nan	-nan(ind)	-nan(ind)	-nan(ind)
0.5610000000000001	nan	-nan(ind)	-nan(ind)	-nan(ind)
0.5620000000000001	nan	-nan(ind)	-nan(ind)	-nan(ind)
0.5630000000000001	nan	-nan(ind)	-nan(ind)	-nan(ind)
0.5640000000000001	nan	-nan(ind)	-nan(ind)	-nan(ind)
0.5650000000000001	nan	-nan(ind)	-nan(ind)	-nan(ind)
0.5660000000000001	nan	-nan(ind)	-nan(ind)	-nan(ind)
0.5670000000000001	nan	-nan(ind)	-nan(ind)	-nan(ind)
0.5680000000000001	nan	-nan(ind)	-nan(ind)	-nan(ind)
0.5690000000000001	nan	-nan(ind)	-nan(ind)	-nan(ind)
0.5700000000000001	nan	-nan(ind)	-nan(ind)	-nan(ind)
0.5710000000000001	nan	-nan(ind)	-nan(ind)	-nan(ind)
0.5720000000000001	nan	-nan(ind)	-nan(ind)	-nan(ind)
0.5730000000000001	nan	-nan(ind)	-nan(ind)	-nan(ind)
0.5740000000000001	nan	-nan(ind)	-nan(ind)	-nan(ind)
0.5750000000000001	nan	-nan(ind)	-nan(ind)	-nan(ind)
0.5760000000000001	nan	-nan(ind)	-nan(ind)	-nan(ind)
0.577	nan	-nan(ind)	-nan(ind)	-nan(ind)
0.578	nan	-nan(ind)	-nan(ind)	-nan(ind)
0.579	nan	-nan(ind)	-nan(ind)	-nan(ind)
0.58	nan	-nan(ind)	-nan(ind)	-nan(ind)
0.581	nan	-nan(ind)	-nan(ind)	-nan(ind)
0.582	nan	-nan(ind)	-nan(ind)	-nan(ind)
0.583	nan	-nan(ind)	-nan(ind)	-nan(ind)
0.584	nan	-nan(ind)	-nan(ind)	-nan(ind)
0.585	nan	-nan(ind)	-nan(ind)	-nan(ind)
0.586	nan	-nan(ind)	-nan(ind)	-nan(ind)
0.587	nan	-nan(ind)	-nan(ind)	-nan(ind)
0.588	nan	-nan(ind)	-nan(ind)	-nan(ind)
0.589	nan	-nan(ind)	-nan(ind)	-nan(ind)
0.59	nan	-nan(ind)	-nan(ind)	-nan(ind)
0.591	nan	-nan(ind)	-nan(ind)	-nan(ind)
0.592	nan	-nan(ind)	-nan(ind)	-nan(ind)
0.593	nan	-nan(ind)	-nan(ind)	-nan(ind)
0.594	nan	-nan(ind)	-nan(ind)	-nan(ind)
0.595	nan	-nan(ind)	-nan(ind)	-nan(ind)
0.596	nan	-nan(ind)	-nan(ind)	-nan(ind)
0.597	nan	-nan(ind)	-nan(ind)	-nan(ind)
0.598	nan	-nan(ind)	-nan(ind)	-nan(ind)
0.599	nan	-nan(ind)	-nan(ind)	-nan(ind)
0.6	nan	-nan(ind)	-nan(ind)	-nan(ind)
0.601	nan	-nan(ind)	-nan(ind)	-nan(ind)
0.602	nan	-nan(ind)	-nan(ind)	-nan(ind)
0.603	nan	-nan(ind)	-nan(ind)	-nan(ind)
0.604	nan	-nan(ind)	-nan(ind)	-nan(ind)
0.605	nan	-nan(ind)	-nan(ind)	-nan(ind)
0.606	nan	-nan(ind)	-nan(ind)	-nan(ind)
0.607	nan	-nan(ind)	-nan(ind)	-nan(ind)
0.608	nan	-nan(ind)	-nan(ind)	-nan(ind)
0.609	nan	-nan(ind)	-nan(ind)	-nan(ind)
0.61	nan	-nan(ind)	-nan(ind)	-nan(ind)
0.611	nan	-nan(ind)	-nan(ind)	-nan(ind)
0.612	nan	-nan(ind)	-nan(ind)	-nan(ind)
0.613	nan	-nan(ind)	-nan(ind)	-nan(ind)
0.614	nan	-nan(ind)	-nan(ind)	-nan(ind)
0.615	nan	-nan(ind)	-nan(ind)	-nan(ind)
0.616	nan	-nan(ind)	-nan(ind)	-nan(ind)
0.617	nan	-nan(ind)	-nan(ind)	-nan(ind)
0.618	nan	-nan(ind)	-nan(ind)	-nan(ind)
0.619	nan	-nan(ind)	-nan(ind)	-nan(ind)
0.62	nan	-nan(ind)	-nan(ind)	-nan(ind)
0.621	nan	-nan(ind)	-nan(ind)	-nan(ind)
0.622	nan	-nan(ind)	-nan(ind)	-nan(ind)
0.623	nan	-nan(ind)	-nan(ind)	-nan(ind)
0.624	nan	-nan(ind)	-nan(ind)	-nan(ind)
0.625	nan	-nan(ind)	-nan(ind)	-nan(ind)
0.626	nan	-nan(ind)	-nan(ind)	-nan(ind)
0.627	nan	-nan(ind)	-nan(ind)	-nan(ind)
0.628	nan	-nan(ind)	-nan(ind)	-nan(ind)
0.629	nan	-nan(ind)	-nan(ind)	-nan(ind)
0.63	nan	-nan(ind)	-nan(ind)	-nan(ind)
0.631	nan	-nan(ind)	-nan(ind)	-nan(ind)
0.632	nan	-nan(ind)	-nan(ind)	-nan(ind)
0.633	nan	-nan(ind)	-nan(ind)	-nan(ind)
0.634	nan	-nan(ind)	-nan(ind)	-nan(ind)
0.635	nan	-nan(ind)	-nan(ind)	-nan(ind)
0.636	nan	-nan(ind)	-nan(ind)	-nan(ind)
0.637	nan	-nan(ind)	-nan(ind)	-nan(ind)
0.638	nan	-nan(ind)	-nan(ind)	-nan(ind)
0.639	nan	-nan(ind)	-nan(ind)	-nan(ind)
0.64	nan	-nan(ind)	-nan(ind)	-nan(ind)
0.641	nan	-nan(ind)	-nan(ind)	-nan(ind)
0.642	nan	-nan(ind)	-nan(ind)	-nan(ind)
0.643	nan	-nan(ind)	-nan(ind)	-nan(ind)
0.644	nan	-nan(ind)	-nan(ind)	-nan(ind)
0.645	nan	-nan(ind)	-nan(ind)	-nan(ind)
0.646	nan	-nan(ind)	-nan(ind)	-nan(ind)
0.647	nan	-nan(ind)	-nan(ind)	-nan(ind)
0.648	nan	-nan(ind)	-nan(ind)	-nan(ind)
0.649	nan	-nan(ind)	-nan(ind)	-nan(ind)
0.65	nan	-nan(ind)	-nan(ind)	-nan(ind)
0.651	nan	-nan(ind)	-nan(ind)	-nan(ind)
0.652	nan	-nan(ind)	-nan(ind)	-nan(ind)
0.653	nan	-nan(ind)	-nan(ind)	-nan(ind)
0.654	nan	-nan(ind)	-nan(ind)	-nan(ind)
0.655	nan	-nan(ind)	-nan(ind)	-nan(ind)
0.656	nan	-nan(ind)	-nan(ind)	-nan(ind)
0.657	nan	-nan(ind)	-nan(ind)	-nan(ind)
0.658	nan	-nan(ind)	-nan(ind)	-nan(ind)
0.659	nan	-nan(ind)	-nan(ind)	-nan(ind)
0.66	nan	-nan(ind)	-nan(ind)	-nan(ind)
0.661	nan	-nan(ind)	-nan(ind)	-nan(ind)
0.662	nan	-nan(ind)	-nan(ind)	-nan(ind)
0.663	nan	-nan(ind)	-nan(ind)	-nan(ind)
0.664	nan	-nan(ind)	-nan(ind)	-nan(ind)
0.665	nan	-nan(ind)	-nan(ind)	-nan(ind)
0.666	nan	-nan(ind)	-nan(ind)	-nan(ind)
0.667	nan	-nan(ind)	-nan(ind)	-nan(ind)
0.668	nan	-nan(ind)	-nan(ind)	-nan(ind)
0.669	nan	-nan(ind)	-nan(ind)	-nan(ind)
0.67	nan	-nan(ind)	-nan(ind)	-nan(ind)
0.671	nan	-nan(ind)	-nan(ind)	-nan(ind)
0.672	nan	-nan(ind)	-nan(ind)	-nan(ind)
0.673	nan	-nan(ind)	-nan(ind)	-nan(ind)
0.674	nan	-nan(ind)	-nan(ind)	-nan(ind)
0.675	nan	-nan(ind)	-nan(ind)	-nan(ind)
0.676	nan	-nan(ind)	-nan(ind)	-nan(ind)
0.677	nan	-nan(ind)	-nan(ind)	-nan(ind)
0.678	nan	-nan(ind)	-nan(ind)	-nan(ind)
0.679	nan	-nan(ind)	-nan(ind)	-nan(ind)
0.68	nan	-nan(ind)	-nan(ind)	-nan(ind)
0.681	nan	-nan(ind)	-nan(ind)	-nan(ind)
0.6820000000000001	nan	-nan(ind)	-nan(ind)	-nan(ind)
0.6830000000000001	nan	-nan(ind)	-nan(ind)	-nan(ind)
0.6840000000000001	nan	-nan(ind)	-nan(ind)	-nan(ind)
0.6850000000000001	nan	-nan(ind)	-nan(ind)	-nan(ind)
0.6860000000000001	nan	-nan(ind)	-nan(ind)	-nan(ind)
0.6870000000000001	nan	-nan(ind)	-nan(ind)	-nan(ind)
0.6880000000000001	nan	-nan(ind)	-nan(ind)	-nan(ind)
0.6890000000000001	nan	-nan(ind)	-nan(ind)	-nan(ind)
0.6900000000000001	nan	-nan(ind)	-nan(ind)	-nan(ind)
0.6910000000000001	nan	-nan(ind)	-nan(ind)	-nan(ind)
0.6920000000000001	nan	-nan(ind)	-nan(ind)	-nan(ind)
0.6930000000000001	nan	-nan(ind)	-nan(ind)	-nan(ind)
0.6940000000000001	nan	-nan(ind)	-nan(ind)	-nan(ind)
0.6950000000000001	nan	-nan(ind)	-nan(ind)	-nan(ind)
0.6960000000000001	nan	-nan(ind)	-nan(ind)	-nan(ind)
0.6970000000000001	nan	-nan(ind)	-nan(ind)	-nan(ind)
0.6980000000000001	nan	-nan(ind)	-nan(ind)	-nan(ind)
0.6990000000000001	nan	-nan(ind)	-nan(ind)	-nan(ind)
0.7000000000000001	nan	-nan(ind)	-nan(ind)	-nan(ind)
0.7010000000000001	nan	-nan(ind)	-nan(ind)	-nan(ind)
0.7020000000000001	nan	-nan(ind)	-nan(ind)	-nan(ind)
0.7030000000000001	nan	-nan(ind)	-nan(ind)	-nan(ind)
0.704	nan	-nan(ind)	-nan(ind)	-nan(ind)
0.705	nan	-nan(ind)	-nan(ind)	-nan(ind)
0.706	nan	-nan(ind)	-nan(ind)	-nan(ind)
0.707	nan	-nan(ind)	-nan(ind)	-nan(ind)
0.708	nan	-nan(ind)	-nan(ind)	-nan(ind)
0.709	nan	-nan(ind)	-nan(ind)	-nan(ind)
0.71	nan	-nan(ind)	-nan(ind)	-nan(ind)
0.711	nan	-nan(ind)	-nan(ind)	-nan(ind)
0.712	nan	-nan(ind)	-nan(ind)	-nan(ind)
0.713	nan	-nan(ind)	-nan(ind)	-nan(ind)
0.714	nan	-nan(ind)	-nan(ind)	-nan(ind)
0.715	nan	-nan(ind)	-nan(ind)	-nan(ind)
0.716	nan	-nan(ind)	-nan(ind)	-nan(ind)
0.717	nan	-nan(ind)	-nan(ind)	-nan(ind)
0.718	nan	-nan(ind)	-nan(ind)	-nan(ind)
0.719	nan	-nan(ind)	-nan(ind)	-nan(ind)
0.72	nan	-nan(ind)	-nan(ind)	-nan(ind)
0.721	nan	-nan(ind)	-nan(ind)	-nan(ind)
0.722	nan	-nan(ind)	-nan(ind)	-nan(ind)
0.723	nan	-nan(ind)	-nan(ind)	-nan(ind)
0.724	nan	-nan(ind)	-nan(ind)	-nan(ind)
0.725	nan	-nan(ind)	-nan(ind)	-nan(ind)
0.726	nan	-nan(ind)	-nan(ind)	-nan(ind)
0.727	nan	-nan(ind)	-nan(ind)	-nan(ind)
0.728	nan	-nan(ind)	-nan(ind)	-nan(ind)
0.729	nan	-nan(ind)	-nan(ind)	-nan(ind)
0.73	nan	-nan(ind)	-nan(ind)	-nan(ind)
0.731	nan	-nan(ind)	-nan(ind)	-nan(ind)
0.732	nan	-nan(ind)	-nan(ind)	-nan(ind)
0.733	nan	-nan(ind)	-nan(ind)	-nan(ind)
0.734	nan	-nan(ind)	-nan(ind)	-nan(ind)
0.735	nan	-nan(ind)	-nan(ind)	-nan(ind)
0.736	nan	-nan(ind)	-nan(ind)	-nan(ind)
0.737	nan	-nan(ind)	-nan(ind)	-nan(ind)
0.738	nan	-nan(ind)	-nan(ind)	-nan(ind)
0.739	nan	-nan(ind)	-nan(ind)	-nan(ind)
0.74	nan	-nan(ind)	-nan(ind)	-nan(ind)
0.741	nan	-nan(ind)	-nan(ind)	-nan(ind)
0.742	nan	-nan(ind)	-nan(ind)	-nan(ind)
0.743	nan	-nan(ind)	-nan(ind)	-nan(ind)
0.744	nan	-nan(ind)	-nan(ind)	-nan(ind)
0.745	nan	-nan(ind)	-nan(ind)	-nan(ind)
0.746	nan	-nan(ind)	-nan(ind)	-nan(ind)
0.747	nan	-nan(ind)	-nan(ind)	-nan(ind)
0.748	nan	-nan(ind)	-nan(ind)	-nan(ind)
0.749	nan	-nan(ind)	-nan(ind)	-nan(ind)
0.75	nan	-nan(ind)	-nan(ind)	-nan(ind)
0.751	nan	-nan(ind)	-nan(ind)	-nan(ind)
0.752	nan	-nan(ind)	-nan(ind)	-nan(ind)
0.753	nan	-nan(ind)	-nan(ind)	-nan(ind)
0.754	nan	-nan(ind)	-nan(ind)	-nan(ind)
0.755	nan	-nan(ind)	-nan(ind)	-nan(ind)
0.756	nan	-nan(ind)	-nan(ind)	-nan(ind)
0.757	nan	-nan(ind)	-nan(ind)	-nan(ind)
0.758	nan	-nan(ind)	-nan(ind)	-nan(ind)
0.759	nan	-nan(ind)	-nan(ind)	-nan(ind)
0.76	nan	-nan(ind)	-nan(ind)	-nan(ind)
0.761	nan	-nan(ind)	-nan(ind)	-nan(ind)
0.762	nan	-nan(ind)	-nan(ind)	-nan(ind)
0.763	nan	-nan(ind)	-nan(ind)	-nan(ind)
0.764	nan	-nan(ind)	-nan(ind)	-nan(ind)
0.765	nan	-nan(ind)	-nan(ind)	-nan(ind)
0.766	nan	-nan(ind)	-nan(ind)	-nan(ind)
0.767	nan	-nan(ind)	-nan(ind)	-nan(ind)
0.768	nan	-nan(ind)	-nan(ind)	-nan(ind)
0.769	nan	-nan(ind)	-nan(ind)	-nan(ind)
0.77	nan	-nan(ind)	-nan(ind)	-nan(ind)
0.771	nan	-nan(ind)	-nan(ind)	-nan(ind)
0.772	nan	-nan(ind)	-nan(ind)	-nan(ind)
0.773	nan	-nan(ind)	-nan(ind)	-nan(ind)
0.774	nan	-nan(ind)	-nan(ind)	-nan(ind)
0.775	nan	-nan(ind)	-nan(ind)	-nan(ind)
0.776	nan	-nan(ind)	-nan(ind)	-nan(ind)
0.777	nan	-nan(ind)	-nan(ind)	-nan(ind)
0.778	nan	-nan(ind)	-nan(ind)	-nan(ind)
0.779	nan	-nan(ind)	-nan(ind)	-nan(ind)
0.78	nan	-nan(ind)	-nan(ind)	-nan(ind)
0.781	nan	-nan(ind)	-nan(ind)	-nan(ind)
0.782	nan	-nan(ind)	-nan(ind)	-nan(ind)
0.783	nan	-nan(ind)	-nan(ind)	-nan(ind)
0.784	nan	-nan(ind)	-nan(ind)	-nan(ind)
0.785	nan	-nan(ind)	-nan(ind)	-nan(ind)
0.786	nan	-nan(ind)	-nan(ind)	-nan(ind)
0.787	nan	-nan(ind)	-nan(ind)	-nan(ind)
0.788	nan	-nan(ind)	-nan(ind)	-nan(ind)
0.789	nan	-nan(ind)	-nan(ind)	-nan(ind)
0.79	nan	-nan(ind)	-nan(ind)	-nan(ind)
0.791	nan	-nan(ind)	-nan(ind)	-nan(ind)
0.792	nan	-nan(ind)	-nan(ind)	-nan(ind)
0.793	nan	-nan(ind)	-nan(ind)	-nan(ind)
0.794	nan	-nan(ind)	-nan(ind)	-nan(ind)
0.795	nan	-nan(ind)	-nan(ind)	-nan(ind)
0.796	nan	-nan(ind)	-nan(ind)	-nan(ind)
0.797	nan	-nan(ind)	-nan(ind)	-nan(ind)
0.798	nan	-nan(ind)	-nan(ind)	-nan(ind)
0.799	nan	-nan(ind)	-nan(ind)	-nan(ind)
0.8	nan	-nan(ind)	-nan(ind)	-nan(ind)
0.801	nan	-nan(ind)	-nan(ind)	-nan(ind)
0.802	nan	-nan(ind)	-nan(ind)	-nan(ind)
0.803	nan	-nan(ind)	-nan(ind)	-nan(ind)
0.804	nan	-nan(ind)	-nan(ind)	-nan(ind)
0.805	nan	-nan(ind)	-nan(ind)	-nan(ind)
0.806	nan	-nan(ind)	-nan(ind)	-nan(ind)
0.8070000000000001	nan	-nan(ind)	-nan(ind)	-nan(ind)
0.8080000000000001	nan	-nan(ind)	-nan(ind)	-nan(ind)
0.8090000000000001	nan	-nan(ind)	-nan(ind)	-nan(ind)
0.8100000000000001	nan	-nan(ind)	-nan(ind)	-nan(ind)
0.8110000000000001	nan	-nan(ind)	-nan(ind)	-nan(ind)
0.8120000000000001	nan	-nan(ind)	-nan(ind)	-nan(ind)
0.8130000000000001	nan	-nan(ind)	-nan(ind)	-nan(ind)
0.8140000000000001	nan	-nan(ind)	-nan(ind)	-nan(ind)
0.8150000000000001	nan	-nan(ind)	-nan(ind)	-nan(ind)
0.8160000000000001	nan	-nan(ind)	-nan(ind)	-nan(ind)
0.8170000000000001	nan	-nan(ind)	-nan(ind)	-nan(ind)
0.8180000000000001	nan	-nan(ind)	-nan(ind)	-nan(ind)
0.8190000000000001	nan	-nan(ind)	-nan(ind)	-nan(ind)
0.8200000000000001	nan	-nan(ind)	-nan(ind)	-nan(ind)
0.8210000000000001	nan	-nan(ind)	-nan(ind)	-nan(ind)
0.8220000000000001	nan	-nan(ind)	-nan(ind)	-nan(ind)
0.8230000000000001	nan	-nan(ind)	-nan(ind)	-nan(ind)
0.8240000000000001	nan	-nan(ind)	-nan(ind)	-nan(ind)
0.8250000000000001	nan	-nan(ind)	-nan(ind)	-nan(ind)
0.8260000000000001	nan	-nan(ind)	-nan(ind)	-nan(ind)
0.8270000000000001	nan	-nan(ind)	-nan(ind)	-nan(ind)
0.8280000000000001	nan	-nan(ind)	-nan(ind)	-nan(ind)
0.8290000000000001	nan	-nan(ind)	-nan(ind)	-nan(ind)
0.8300000000000001	nan	-nan(ind)	-nan(ind)	-nan(ind)
0.8310000000000001	nan	-nan(ind)	-nan(ind)	-nan(ind)
0.8320000000000001	nan	-nan(ind)	-nan(ind)	-nan(ind)
0.833	nan	-nan(ind)	-nan(ind)	-nan(ind)
0.834	nan	-nan(ind)	-nan(ind)	-nan(ind)
0.835	nan	-nan(ind)	-nan(ind)	-nan(ind)
0.836	nan	-nan(ind)	-nan(ind)	-nan(ind)
0.837	nan	-nan(ind)	-nan(ind)	-nan(ind)
0.838	nan	-nan(ind)	-nan(ind)	-nan(ind)
0.839	nan	-nan(ind)	-nan(ind)	-nan(ind)
0.84	nan	-nan(ind)	-nan(ind)	-nan(ind)
0.841	nan	-nan(ind)	-nan(ind)	-nan(ind)
0.842	nan	-nan(ind)	-nan(ind)	-nan(ind)
0.843	nan	-nan(ind)	-nan(ind)	-nan(ind)
0.844	nan	-nan(ind)	-nan(ind)	-nan(ind)
0.845	nan	-nan(ind)	-nan(ind)	-nan(ind)
0.846	nan	-nan(ind)	-nan(ind)	-nan(ind)
0.847	nan	-nan(ind)	-nan(ind)	-nan(ind)
0.848	nan	-nan(ind)	-nan(ind)	-nan(ind)
0.849	nan	-nan(ind)	-nan(ind)	-nan(ind)
0.85	nan	-nan(ind)	-nan(ind)	-nan(ind)
0.851	nan	-nan(ind)	-nan(ind)	-nan(ind)
0.852	nan	-nan(ind)	-nan(ind)	-nan(ind)
0.853	nan	-nan(ind)	-nan(ind)	-nan(ind)
0.854	nan	-nan(ind)	-nan(ind)	-nan(ind)
0.855	nan	-nan(ind)	-nan(ind)	-nan(ind)
0.856	nan	-nan(ind)	-nan(ind)	-nan(ind)
0.857	nan	-nan(ind)	-nan(ind)	-nan(ind)
0.858	nan	-nan(ind)	-nan(ind)	-nan(ind)
0.859	nan	-nan(ind)	-nan(ind)	-nan(ind)
0.86	nan	-nan(ind)	-nan(ind)	-nan(ind)
0.861	nan	-nan(ind)	-nan(ind)	-nan(ind)
0.862	nan	-nan(ind)	-nan(ind)	-nan(ind)
0.863	nan	-nan(ind)	-nan(ind)	-nan(ind)
0.864	nan	-nan(ind)	-nan(ind)	-nan(ind)
0.865	nan	-nan(ind)	-nan(ind)	-nan(ind)
0.866	nan	-nan(ind)	-nan(ind)	-nan(ind)
0.867	nan	-nan(ind)	-nan(ind)	-nan(ind)
0.868	nan	-nan(ind)	-nan(ind)	-nan(ind)
0.869	nan	-nan(ind)	-nan(ind)	-nan(ind)
0.87	nan	-nan(ind)	-nan(ind)	-nan(ind)
0.871	nan	-nan(ind)	-nan(ind)	-nan(ind)
0.872	nan	-nan(ind)	-nan(ind)	-nan(ind)
0.873	nan	-nan(ind)	-nan(ind)	-nan(ind)
0.874	nan	-nan(ind)	-nan(ind)	-nan(ind)
0.875	nan	-nan(ind)	-nan(ind)	-nan(ind)
0.876	nan	-nan(ind)	-nan(ind)	-nan(ind)
0.877	nan	-nan(ind)	-nan(ind)	-nan(ind)
0.878	nan	-nan(ind)	-nan(ind)	-nan(ind)
0.879	nan	-nan(ind)	-nan(ind)	-nan(ind)
0.88	nan	-nan(ind)	-nan(ind)	-nan(ind)
0.881	nan	-nan(ind)	-nan(ind)	-nan(ind)
0.882	nan	-nan(ind)	-nan(ind)	-nan(ind)
0.883	nan	-nan(ind)	-nan(ind)	-nan(ind)
0.884	nan	-nan(ind)	-nan(ind)	-nan(ind)
0.885	nan	-nan(ind)	-nan(ind)	-nan(ind)
0.886	nan	-nan(ind)	-nan(ind)	-nan(ind)
0.887	nan	-nan(ind)	-nan(ind)	-nan(ind)
0.888	nan	-nan(ind)	-nan(ind)	-nan(ind)
0.889	nan	-nan(ind)	-nan(ind)	-nan(ind)
0.89	nan	-nan(ind)	-nan(ind)	-nan(ind)
0.891	nan	-nan(ind)	-nan(ind)	-nan(ind)
0.892	nan	-nan(ind)	-nan(ind)	-nan(ind)
0.893	nan	-nan(ind)	-nan(ind)	-nan(ind)
0.894	nan	-nan(ind)	-nan(ind)	-nan(ind)
0.895	nan	-nan(ind)	-nan(ind)	-nan(ind)
0.896	nan	-nan(ind)	-nan(ind)	-nan(ind)
0.897	nan	-nan(ind)	-nan(ind)	-nan(ind)
0.898	nan	-nan(ind)	-nan(ind)	-nan(ind)
0.899	nan	-nan(ind)	-nan(ind)	-nan(ind)
0.9	nan	-nan(ind)	-nan(ind)	-nan(ind)
0.901	nan	-nan(ind)	-nan(ind)	-nan(ind)
0.902	nan	-nan(ind)	-nan(ind)	-nan(ind)
0.903	nan	-nan(ind)	-nan(ind)	-nan(ind)
0.904	nan	-nan(ind)	-nan(ind)	-nan(ind)
0.905	nan	-nan(ind)	-nan(ind)	-nan(ind)
0.906	nan	-nan(ind)	-nan(ind)	-nan(ind)
0.907	nan	-nan(ind)	-nan(ind)	-nan(ind)
0.908	nan	-nan(ind)	-nan(ind)	-nan(ind)
0.909	nan	-nan(ind)	-nan(ind)	-nan(ind)
0.91	nan	-nan(ind)	-nan(ind)	-nan(ind)
0.911	nan	-nan(ind)	-nan(ind)	-nan(ind)
0.912	nan	-nan(ind)	-nan(ind)	-nan(ind)
0.913	nan	-nan(ind)	-nan(ind)	-nan(ind)
0.914	nan	-nan(ind)	-nan(ind)	-nan(ind)
0.915	nan	-nan(ind)	-nan(ind)	-nan(ind)
0.916	nan	-nan(ind)	-nan(ind)	-nan(ind)
0.917	nan	-nan(ind)	-nan(ind)	-nan(ind)
0.918	nan	-nan(ind)	-nan(ind)	-nan(ind)
0.919	nan	-nan(ind)	-nan(ind)	-nan(ind)
0.92	nan	-nan(ind)	-nan(ind)	-nan(ind)
0.921	nan	-nan(ind)	-nan(ind)	-nan(ind)
0.922	nan	-nan(ind)	-nan(ind)	-nan(ind)
0.923	nan	-nan(ind)	-nan(ind)	-nan(ind)
0.924	nan	-nan(ind)	-nan(ind)	-nan(ind)
0.925	nan	-nan(ind)	-nan(ind)	-nan(ind)
0.926	nan	-nan(ind)	-nan(ind)	-nan(ind)
0.927	nan	-nan(ind)	-nan(ind)	-nan(ind)
0.928	nan	-nan(ind)	-nan(ind)	-nan(ind)
0.929	nan	-nan(ind)	-nan(ind)	-nan(ind)
0.93	nan	-nan(ind)	-nan(ind)	-nan(ind)
0.931	nan	-nan(ind)	-nan(ind)	-nan(ind)
0.9320000000000001	nan	-nan(ind)	-nan(ind)	-nan(ind)
0.9330000000000001	nan	-nan(ind)	-nan(ind)	-nan(ind)
0.9340000000000001	nan	-nan(ind)	-nan(ind)	-nan(ind)
0.9350000000000001	nan	-nan(ind)	-nan(ind)	-nan(ind)
0.9360000000000001	nan	-nan(ind)	-nan(ind)	-nan(ind)
0.9370000000000001	nan	-nan(ind)	-nan(ind)	-nan(ind)
0.9380000000000001	nan	-nan(ind)	-nan(ind)	-nan(ind)
0.9390000000000001	nan	-nan(ind)	-nan(ind)	-nan(ind)
0.9400000000000001	nan	-nan(ind)	-nan(ind)	-nan(ind)
0.9410000000000001	nan	-nan(ind)	-nan(ind)	-nan(ind)
0.9420000000000001	nan	-nan(ind)	-nan(ind)	-nan(ind)
0.9430000000000001	nan	-nan(ind)	-nan(ind)	-nan(ind)
0.9440000000000001	nan	-nan(ind)	-nan(ind)	-nan(ind)
0.9450000000000001	nan	-nan(ind)	-nan(ind)	-nan(ind)
0.9460000000000001	nan	-nan(ind)	-nan(ind)	-nan(ind)
0.9470000000000001	nan	-nan(ind)	-nan(ind)	-nan(ind)
0.9480000000000001	nan	-nan(ind)	-nan(ind)	-nan(ind)
0.9490000000000001	nan	-nan(ind)	-nan(ind)	-nan(ind)
0.9500000000000001	nan	-nan(ind)	-nan(ind)	-nan(ind)
0.9510000000000001	nan	-nan(ind)	-nan(ind)	-nan(ind)
0.9520000000000001	nan	-nan(ind)	-nan(ind)	-nan(ind)
0.9530000000000001	nan	-nan(ind)	-nan(ind)	-nan(ind)
0.9540000000000001	nan	-nan(ind)	-nan(ind)	-nan(ind)
0.9550000000000001	nan	-nan(ind)	-nan(ind)	-nan(ind)
0.9560000000000001	nan	-nan(ind)	-nan(ind)	-nan(ind)
0.9570000000000001	nan	-nan(ind)	-nan(ind)	-nan(ind)
0.9580000000000001	nan	-nan(ind)	-nan(ind)	-nan(ind)
0.9590000000000001	nan	-nan(ind)	-nan(ind)	-nan(ind)
0.96	nan	-nan(ind)	-nan(ind)	-nan(ind)
0.961	nan	-nan(ind)	-nan(ind)	-nan(ind)
0.962	nan	-nan(ind)	-nan(ind)	-nan(ind)
0.963	nan	-nan(ind)	-nan(ind)	-nan(ind)
0.964	nan	-nan(ind)	-nan(ind)	-nan(ind)
0.965	nan	-nan(ind)	-nan(ind)	-nan(ind)
0.966	nan	-nan(ind)	-nan(ind)	-nan(ind)
0.967	nan	-nan(ind)	-nan(ind)	-nan(ind)
0.968	nan	-nan(ind)	-nan(ind)	-nan(ind)
0.969	nan	-nan(ind)	-nan(ind)	-nan(ind)
0.97	nan	-nan(ind)	-nan(ind)	-nan(ind)
0.971	nan	-nan(ind)	-nan(ind)	-nan(ind)
0.972	nan	-nan(ind)	-nan(ind)	-nan(ind)
0.973	nan	-nan(ind)	-nan(ind)	-nan(ind)
0.974	nan	-nan(ind)	-nan(ind)	-nan(ind)
0.975	nan	-nan(ind)	-nan(ind)	-nan(ind)
0.976	nan	-nan(ind)	-nan(ind)	-nan(ind)
0.977	nan	-nan(ind)	-nan(ind)	-nan(ind)
0.978	nan	-nan(ind)	-nan(ind)	-nan(ind)
0.979	nan	-nan(ind)	-nan(ind)	-nan(ind)
0.98	nan	-nan(ind)	-nan(ind)	-nan(ind)
0.981	nan	-nan(ind)	-nan(ind)	-nan(ind)
0.982	nan	-nan(ind)	-nan(ind)	-nan(ind)
0.983	nan	-nan(ind)	-nan(ind)	-nan(ind)
0.984	nan	-nan(ind)	-nan(ind)	-nan(ind)
0.985	nan	-nan(ind)	-nan(ind)	-nan(ind)
0.986	nan	-nan(ind)	-nan(ind)	-nan(ind)
0.987	nan	-nan(ind)	-nan(ind)	-nan(ind)
0.988	nan	-nan(ind)	-nan(ind)	-nan(ind)
0.989	nan	-nan(ind)	-nan(ind)	-nan(ind)
0.99	nan	-nan(ind)	-nan(ind)	-nan(ind)
0.991	nan	-nan(ind)	-nan(ind)	-nan(ind)
0.992	nan	-nan(ind)	-nan(ind)	-nan(ind)
0.993	nan	-nan(ind)	-nan(ind)	-nan(ind)
0.994	nan	-nan(ind)	-nan(ind)	-nan(ind)
0.995	nan	-nan(ind)	-nan(ind)	-nan(ind)
0.996	nan	-nan(ind)	-nan(ind)	-nan(ind)
0.997	nan	-nan(ind)	-nan(ind)	-nan(ind)
0.998	nan	-nan(ind)	-nan(ind)	-nan(ind)
0.999	nan	-nan(ind)	-nan(ind)	-nan(ind)
1	nan	-nan(ind)	-nan(ind)	-nan(ind)
1.001	nan	-nan(ind)	-nan(ind)	-nan(ind)
1.002	nan	-nan(ind)	-nan(ind)	-nan(ind)
1.003	nan	-nan(ind)	-nan(ind)	-nan(ind)
1.004	nan	-nan(ind)	-nan(ind)	-nan(ind)
1.005	nan	-nan(ind)	-nan(ind)	-nan(ind)
1.006	nan	-nan(ind)	-nan(ind)	-nan(ind)
1.007	nan	-nan(ind)	-nan(ind)	-nan(ind)
1.008	nan	-nan(ind)	-nan(ind)	-nan(ind)
1.009	nan	-nan(ind)	-nan(ind)	-nan(ind)
1.01	nan	-nan(ind)	-nan(ind)	-nan(ind)
1.011	nan	-nan(ind)	-nan(ind)	-nan(ind)
1.012	nan	-nan(ind)	-nan(ind)	-nan(ind)
1.013	nan	-nan(ind)	-nan(ind)	-nan(ind)
1.014	nan	-nan(ind)	-nan(ind)	-nan(ind)
1.015	nan	-nan(ind)	-nan(ind)	-nan(ind)
1.016	nan	-nan(ind)	-nan(ind)	-nan(ind)
1.017	nan	-nan(ind)	-nan(ind)	-nan(ind)
1.018	nan	-nan(ind)	-nan(ind)	-nan(ind)
1.019	nan	-nan(ind)	-nan(ind)	-nan(ind)
1.02	nan	-nan(ind)	-nan(ind)	-nan(ind)
1.021	nan	-nan(ind)	-nan(ind)	-nan(ind)
1.022	nan	-nan(ind)	-nan(ind)	-nan(ind)
1.023	nan	-nan(ind)	-nan(ind)	-nan(ind)
1.024	nan	-nan(ind)	-nan(ind)	-nan(ind)
1.025	nan	-nan(ind)	-nan(ind)	-nan(ind)
1.026	nan	-nan(ind)	-nan(ind)	-nan(ind)
1.027	nan	-nan(ind)	-nan(ind)	-nan(ind)
1.028	nan	-nan(ind)	-nan(ind)	-nan(ind)
1.029	nan	-nan(ind)	-nan(ind)	-nan(ind)
1.03	nan	-nan(ind)	-nan(ind)	-nan(ind)
1.031	nan	-nan(ind)	-nan(ind)	-nan(ind)
1.032	nan	-nan(ind)	-nan(ind)	-nan(ind)
1.033	nan	-nan(ind)	-nan(ind)	-nan(ind)
1.034	nan	-nan(ind)	-nan(ind)	-nan(ind)
1.035	nan	-nan(ind)	-nan(ind)	-nan(ind)
1.036	nan	-nan(ind)	-nan(ind)	-nan(ind)
1.037	nan	-nan(ind)	-nan(ind)	-nan(ind)
1.038	nan	-nan(ind)	-nan(ind)	-nan(ind)
1.039	nan	-nan(ind)	-nan(ind)	-nan(ind)
1.04	nan	-nan(ind)	-nan(ind)	-nan(ind)
1.041	nan	-nan(ind)	-nan(ind)	-nan(ind)
1.042	nan	-nan(ind)	-nan(ind)	-nan(ind)
1.043	nan	-nan(ind)	-nan(ind)	-nan(ind)
1.044	nan	-nan(ind)	-nan(ind)	-nan(ind)
1.045	nan	-nan(ind)	-nan(ind)	-nan(ind)
1.046	nan	-nan(ind)	-nan(ind)	-nan(ind)
1.047	nan	-nan(ind)	-nan(ind)	-nan(ind)
1.048	nan	-nan(ind)	-nan(ind)	-nan(ind)
1.049	nan	-nan(ind)	-nan(ind)	-nan(ind)
1.05	nan	-nan(ind)	-nan(ind)	-nan(ind)
1.051	nan	-nan(ind)	-nan(ind)	-nan(ind)
1.052	nan	-nan(ind)	-nan(ind)	-nan(ind)
1.053	nan	-nan(ind)	-nan(ind)	-nan(ind)
1.054	nan	-nan(ind)	-nan(ind)	-nan(ind)
1.055	nan	-nan(ind)	-nan(ind)	-nan(ind)
1.056	nan	-nan(ind)	-nan(ind)	-nan(ind)
1.057	nan	-nan(ind)	-nan(ind)	-nan(ind)
1.058	nan	-nan(ind)	-nan(ind)	-nan(ind)
1.059	nan	-nan(ind)	-nan(ind)	-nan(ind)
1.06	nan	-nan(ind)	-nan(ind)	-nan(ind)
1.061	nan	-nan(ind)	-nan(ind)	-nan(ind)
1.062	nan	-nan(ind)	-nan(ind)	-nan(ind)
1.063	nan	-nan(ind)	-nan(ind)	-nan(ind)
1.064	nan	-nan(ind)	-nan(ind)	-nan(ind)
1.065	nan	-nan(ind)	-nan(ind)	-nan(ind)
1.066	nan	-nan(ind)	-nan(ind)	-nan(ind)
1.067	nan	-nan(ind)	-nan(ind)	-nan(ind)
1.068	nan	-nan(ind)	-nan(ind)	-nan(ind)
1.069	nan	-nan(ind)	-nan(ind)	-nan(ind)
1.07	nan	-nan(ind)	-nan(ind)	-nan(ind)
1.071	nan	-nan(ind)	-nan(ind)	-nan(ind)
1.072	nan	-nan(ind)	-nan(ind)	-nan(ind)
1.073	nan	-nan(ind)	-nan(ind)	-nan(ind)
1.074	nan	-nan(ind)	-nan(ind)	-nan(ind)
1.075	nan	-nan(ind)	-nan(ind)	-nan(ind)
1.076	nan	-nan(ind)	-nan(ind)	-nan(ind)
1.077	nan	-nan(ind)	-nan(ind)	-nan(ind)
1.078	nan	-nan(ind)	-nan(ind)	-nan(ind)
1.079	nan	-nan(ind)	-nan(ind)	-nan(ind)
1.08	nan	-nan(ind)	-nan(ind)	-nan(ind)
1.081	nan	-nan(ind)	-nan(ind)	-nan(ind)
1.082	nan	-nan(ind)	-nan(ind)	-nan(ind)
1.083	nan	-nan(ind)	-nan(ind)	-nan(ind)
1.084	nan	-nan(ind)	-nan(ind)	-nan(ind)
1.085	nan	-nan(ind)	-nan(ind)	-nan(ind)
1.086	nan	-nan(ind)	-nan(ind)	-nan(ind)
1.087	nan	-nan(ind)	-nan(ind)	-nan(ind)
1.088	nan	-nan(ind)	-nan(ind)	-nan(ind)
1.089	nan	-nan(ind)	-nan(ind)	-nan(ind)
1.09	nan	-nan(ind)	-nan(ind)	-nan(ind)
1.091	nan	-nan(ind)	-nan(ind)	-nan(ind)
1.092	nan	-nan(ind)	-nan(ind)	-nan(ind)
1.093	nan	-nan(ind)	-nan(ind)	-nan(ind)
1.094	nan	-nan(ind)	-nan(ind)	-nan(ind)
1.095	nan	-nan(ind)	-nan(ind)	-nan(ind)
1.096	nan	-nan(ind)	-nan(ind)	-nan(ind)
1.097	nan	-nan(ind)	-nan(ind)	-nan(ind)
1.098	nan	-nan(ind)	-nan(ind)	-nan(ind)
1.099	nan	-nan(ind)	-nan(ind)	-nan(ind)
1.1	nan	-nan(ind)	-nan(ind)	-nan(ind)
1.101	nan	-nan(ind)	-nan(ind)	-nan(ind)
1.102	nan	-nan(ind)	-nan(ind)	-nan(ind)
1.103	nan	-nan(ind)	-nan(ind)	-nan(ind)
1.104	nan	-nan(ind)	-nan(ind)	-nan(ind)
1.105	nan	-nan(ind)	-nan(ind)	-nan(ind)
1.106	nan	-nan(ind)	-nan(ind)	-nan(ind)
1.107	nan	-nan(ind)	-nan(ind)	-nan(ind)
1.108	nan	-nan(ind)	-nan(ind)	-nan(ind)
1.109	nan	-nan(ind)	-nan(ind)	-nan(ind)
1.11	nan	-nan(ind)	-nan(ind)	-nan(ind)
1.111	nan	-nan(ind)	-nan(ind)	-nan(ind)
1.112	nan	-nan(ind)	-nan(ind)	-nan(ind)
1.113	nan	-nan(ind)	-nan(ind)	-nan(ind)
1.114	nan	-nan(ind)	-nan(ind)	-nan(ind)
1.115	nan	-nan(ind)	-nan(ind)	-nan(ind)
1.116	nan	-nan(ind)	-nan(ind)	-nan(ind)
1.117	nan	-nan(ind)	-nan(ind)	-nan(ind)
1.118	nan	-nan(ind)	-nan(ind)	-nan(ind)
1.119	nan	-nan(ind)	-nan(ind)	-nan(ind)
1.12	nan	-nan(ind)	-nan(ind)	-nan(ind)
1.121	nan	-nan(ind)	-nan(ind)	-nan(ind)
1.122	nan	-nan(ind)	-nan(ind)	-nan(ind)
1.123	nan	-nan(ind)	-nan(ind)	-nan(ind)
1.124	nan	-nan(ind)	-nan(ind)	-nan(ind)
1.125	nan	-nan(ind)	-nan(ind)	-nan(ind)
1.126	nan	-nan(ind)	-nan(ind)	-nan(ind)
1.127	nan	-nan(ind)	-nan(ind)	-nan(ind)
1.128	nan	-nan(ind)	-nan(ind)	-nan(ind)
1.129	nan	-nan(ind)	-nan(ind)	-nan(ind)
1.13	nan	-nan(ind)	-nan(ind)	-nan(ind)
1.131	nan	-nan(ind)	-nan(ind)	-nan(ind)
1.132	nan	-nan(ind)	-nan(ind)	-nan(ind)
1.133	nan	-nan(ind)	-nan(ind)	-nan(ind)
1.134	nan	-nan(ind)	-nan(ind)	-nan(ind)
1.135	nan	-nan(ind)	-nan(ind)	-nan(ind)
1.136	nan	-nan(ind)	-nan(ind)	-nan(ind)
1.137	nan	-nan(ind)	-nan(ind)	-nan(ind)
1.138	nan	-nan(ind)	-nan(ind)	-nan(ind)
1.139	nan	-nan(ind)	-nan(ind)	-nan(ind)
1.14	nan	-nan(ind)	-nan(ind)	-nan(ind)
1.141	nan	-nan(ind)	-nan(ind)	-nan(ind)
1.142	nan	-nan(ind)	-nan(ind)	-nan(ind)
1.143	nan	-nan(ind)	-nan(ind)	-nan(ind)
1.144	nan	-nan(ind)	-nan(ind)	-nan(ind)
1.145	nan	-nan(ind)	-nan(ind)	-nan(ind)
1.146	nan	-nan(ind)	-nan(ind)	-nan(ind)
1.147	nan	-nan(ind)	-nan(ind)	-nan(ind)
1.148	nan	-nan(ind)	-nan(ind)	-nan(ind)
1.149	nan	-nan(ind)	-nan(ind)	-nan(ind)
1.15	nan	-nan(ind)	-nan(ind)	-nan(ind)
1.151	nan	-nan(ind)	-nan(ind)	-nan(ind)
1.152	nan	-nan(ind)	-nan(ind)	-nan(ind)
1.153	nan	-nan(ind)	-nan(ind)	-nan(ind)
1.154	nan	-nan(ind)	-nan(ind)	-nan(ind)
1.155	nan	-nan(ind)	-nan(ind)	-nan(ind)
1.156	nan	-nan(ind)	-nan(ind)	-nan(ind)
1.157	nan	-nan(ind)	-nan(ind)	-nan(ind)
1.158	nan	-nan(ind)	-nan(ind)	-nan(ind)
1.159	nan	-nan(ind)	-nan(ind)	-nan(ind)
1.16	nan	-nan(ind)	-nan(ind)	-nan(ind)
1.161	nan	-nan(ind)	-nan(ind)	-nan(ind)
1.162	nan	-nan(ind)	-nan(ind)	-nan(ind)
1.163	nan	-nan(ind)	-nan(ind)	-nan(ind)
1.164	nan	-nan(ind)	-nan(ind)	-nan(ind)
1.165	nan	-nan(ind)	-nan(ind)	-nan(ind)
1.166	nan	-nan(ind)	-nan(ind)	-nan(ind)
1.167	nan	-nan(ind)	-nan(ind)	-nan(ind)
1.168	nan	-nan(ind)	-nan(ind)	-nan(ind)
1.169	nan	-nan(ind)	-nan(ind)	-nan(ind)
1.17	nan	-nan(ind)	-nan(ind)	-nan(ind)
1.171	nan	-nan(ind)	-nan(ind)	-nan(ind)
1.172	nan	-nan(ind)	-nan(ind)	-nan(ind)
1.173	nan	-nan(ind)	-nan(ind)	-nan(ind)
1.174	nan	-nan(ind)	-nan(ind)	-nan(ind)
1.175	nan	-nan(ind)	-nan(ind)	-nan(ind)
1.176	nan	-nan(ind)	-nan(ind)	-nan(ind)
1.177	nan	-nan(ind)	-nan(ind)	-nan(ind)
1.178	nan	-nan(ind)	-nan(ind)	-nan(ind)
1.179	nan	-nan(ind)	-nan(ind)	-nan(ind)
1.18	nan	-nan(ind)	-nan(ind)	-nan(ind)
1.181	nan	-nan(ind)	-nan(ind)	-nan(ind)
1.182	nan	-nan(ind)	-nan(ind)	-nan(ind)
1.183	nan	-nan(ind)	-nan(ind)	-nan(ind)
1.184	nan	-nan(ind)	-nan(ind)	-nan(ind)
1.185	nan	-nan(ind)	-nan(ind)	-nan(ind)
1.186	nan	-nan(ind)	-nan(ind)	-nan(ind)
1.187	nan	-nan(ind)	-nan(ind)	-nan(ind)
1.188	nan	-nan(ind)	-nan(ind)	-nan(ind)
1.189	nan	-nan(ind)	-nan(ind)	-nan(ind)
1.19	nan	-nan(ind)	-nan(ind)	-nan(ind)
1.191	nan	-nan(ind)	-nan(ind)	-nan(ind)
1.192	nan	-nan(ind)	-nan(ind)	-nan(ind)
1.193	nan	-nan(ind)	-nan(ind)	-nan(ind)
1.194	nan	-nan(ind)	-nan(ind)	-nan(ind)
1.195	nan	-nan(ind)	-nan(ind)	-nan(ind)
1.196	nan	-nan(ind)	-nan(ind)	-nan(ind)
1.197	nan	-nan(ind)	-nan(ind)	-nan(ind)
1.198	nan	-nan(ind)	-nan(ind)	-nan(ind)
1.199	nan	-nan(ind)	-nan(ind)	-nan(ind)
1.2	nan	-nan(ind)	-nan(ind)	-nan(ind)
1.201	nan	-nan(ind)	-nan(ind)	-nan(ind)
1.202	nan	-nan(ind)	-nan(ind)	-nan(ind)
1.203	nan	-nan(ind)	-nan(ind)	-nan(ind)
1.204	nan	-nan(ind)	-nan(ind)	-nan(ind)
1.205	nan	-nan(ind)	-nan(ind)	-nan(ind)
1.206	nan	-nan(ind)	-nan(ind)	-nan(ind)
1.207	nan	-nan(ind)	-nan(ind)	-nan(ind)
1.208	nan	-nan(ind)	-nan(ind)	-nan(ind)
1.209	nan	-nan(ind)	-nan(ind)	-nan(ind)
1.21	nan	-nan(ind)	-nan(ind)	-nan(ind)
1.211	nan	-nan(ind)	-nan(ind)	-nan(ind)
1.212	nan	-nan(ind)	-nan(ind)	-nan(ind)
1.213	nan	-nan(ind)	-nan(ind)	-nan(ind)
1.214	nan	-nan(ind)	-nan(ind)	-nan(ind)
1.215	nan	-nan(ind)	-nan(ind)	-nan(ind)
1.216	nan	-nan(ind)	-nan(ind)	-nan(ind)
1.217	nan	-nan(ind)	-nan(ind)	-nan(ind)
1.218	nan	-nan(ind)	-nan(ind)	-nan(ind)
1.219	nan	-nan(ind)	-nan(ind)	-nan(ind)
1.22	nan	-nan(ind)	-nan(ind)	-nan(ind)
1.221	nan	-nan(ind)	-nan(ind)	-nan(ind)
1.222	nan	-nan(ind)	-nan(ind)	-nan(ind)
1.223	nan	-nan(ind)	-nan(ind)	-nan(ind)
1.224	nan	-nan(ind)	-nan(ind)	-nan(ind)
1.225	nan	-nan(ind)	-nan(ind)	-nan(ind)
1.226	nan	-nan(ind)	-nan(ind)	-nan(ind)
1.227	nan	-nan(ind)	-nan(ind)	-nan(ind)
1.228	nan	-nan(ind)	-nan(ind)	-nan(ind)
1.229	nan	-nan(ind)	-nan(ind)	-nan(ind)
1.23	nan	-nan(ind)	-nan(ind)	-nan(ind)
1.231	nan	-nan(ind)	-nan(ind)	-nan(ind)
1.232	nan	-nan(ind)	-nan(ind)	-nan(ind)
1.233	nan	-nan(ind)	-nan(ind)	-nan(ind)
1.234	nan	-nan(ind)	-nan(ind)	-nan(ind)
1.235	nan	-nan(ind)	-nan(ind)	-nan(ind)
1.236	nan	-nan(ind)	-nan(ind)	-nan(ind)
1.237	nan	-nan(ind)	-nan(ind)	-nan(ind)
1.238	nan	-nan(ind)	-nan(ind)	-nan(ind)
1.239	nan	-nan(ind)	-nan(ind)	-nan(ind)
1.24	nan	-nan(ind)	-nan(ind)	-nan(ind)
1.241	nan	-nan(ind)	-nan(ind)	-nan(ind)
1.242	nan	-nan(ind)	-nan(ind)	-nan(ind)
1.243	nan	-nan(ind)	-nan(ind)	-nan(ind)
1.244	nan	-nan(ind)	-nan(ind)	-nan(ind)
1.245	nan	-nan(ind)	-nan(ind)	-nan(ind)
1.246	nan	-nan(ind)	-nan(ind)	-nan(ind)
1.247	nan	-nan(ind)	-nan(ind)	-nan(ind)
1.248	nan	-nan(ind)	-nan(ind)	-nan(ind)
1.249	nan	-nan(ind)	-nan(ind)	-nan(ind)
1.25	nan	-nan(ind)	-nan(ind)	-nan(ind)
1.251	nan	-nan(ind)	-nan(ind)	-nan(ind)
1.252	nan	-nan(ind)	-nan(ind)	-nan(ind)
1.253	nan	-nan(ind)	-nan(ind)	-nan(ind)
1.254	nan	-nan(ind)	-nan(ind)	-nan(ind)
1.255	nan	-nan(ind)	-nan(ind)	-nan(ind)
1.256	nan	-nan(ind)	-nan(ind)	-nan(ind)
1.257	nan	-nan(ind)	-nan(ind)	-nan(ind)
1.258	nan	-nan(ind)	-nan(ind)	-nan(ind)
1.259	nan	-nan(ind)	-nan(ind)	-nan(ind)
1.26	nan	-nan(ind)	-nan(ind)	-nan(ind)
1.261	nan	-nan(ind)	-nan(ind)	-nan(ind)
1.262	nan	-nan(ind)	-nan(ind)	-nan(ind)
1.263	nan	-nan(ind)	-nan(ind)	-nan(ind)
1.264	nan	-nan(ind)	-nan(ind)	-nan(ind)
1.265	nan	-nan(ind)	-nan(ind)	-nan(ind)
1.266	nan	-nan(ind)	-nan(ind)	-nan(ind)
1.267	nan	-nan(ind)	-nan(ind)	-nan(ind)
1.268	nan	-nan(ind)	-nan(ind)	-nan(ind)
1.269	nan	-nan(ind)	-nan(ind)	-nan(ind)
1.27	nan	-nan(ind)	-nan(ind)	-nan(ind)
1.271	nan	-nan(ind)	-nan(ind)	-nan(ind)
1.272	nan	-nan(ind)	-nan(ind)	-nan(ind)
1.273	nan	-nan(ind)	-nan(ind)	-nan(ind)
1.274	nan	-nan(ind)	-nan(ind)	-nan(ind)
1.275	nan	-nan(ind)	-nan(ind)	-nan(ind)
1.276	nan	-nan(ind)	-nan(ind)	-nan(ind)
1.277	nan	-nan(ind)	-nan(ind)	-nan(ind)
1.278	nan	-nan(ind)	-nan(ind)	-nan(ind)
1.279	nan	-nan(ind)	-nan(ind)	-nan(ind)
1.28	nan	-nan(ind)	-nan(ind)	-nan(ind)
1.281	nan	-nan(ind)	-nan(ind)	-nan(ind)
1.282	nan	-nan(ind)	-nan(ind)	-nan(ind)
1.283	nan	-nan(ind)	-nan(ind)	-nan(ind)
1.284	nan	-nan(ind)	-nan(ind)	-nan(ind)
1.285	nan	-nan(ind)	-nan(ind)	-nan(ind)
1.286	nan	-nan(ind)	-nan(ind)	-nan(ind)
1.287	nan	-nan(ind)	-nan(ind)	-nan(ind)
1.288	nan	-nan(ind)	-nan(ind)	-nan(ind)
1.289	nan	-nan(ind)	-nan(ind)	-nan(ind)
1.29	nan	-nan(ind)	-nan(ind)	-nan(ind)
1.291	nan	-nan(ind)	-nan(ind)	-nan(ind)
1.292	nan	-nan(ind)	-nan(ind)	-nan(ind)
1.293	nan	-nan(ind)	-nan(ind)	-nan(ind)
1.294	nan	-nan(ind)	-nan(ind)	-nan(ind)
1.295	nan	-nan(ind)	-nan(ind)	-nan(ind)
1.296	nan	-nan(ind)	-nan(ind)	-nan(ind)
1.297	nan	-nan(ind)	-nan(ind)	-nan(ind)
1.298	nan	-nan(ind)	-nan(ind)	-nan(ind)
1.299	nan	-nan(ind)	-nan(ind)	-nan(ind)
1.3	nan	-nan(ind)	-nan(ind)	-nan(ind)
1.301	nan	-nan(ind)	-nan(ind)	-nan(ind)
1.302	nan	-nan(ind)	-nan(ind)	-nan(ind)
1.303	nan	-nan(ind)	-nan(ind)	-nan(ind)
1.304	nan	-nan(ind)	-nan(ind)	-nan(ind)
1.305	nan	-nan(ind)	-nan(ind)	-nan(ind)
1.306	nan	-nan(ind)	-nan(ind)	-nan(ind)
1.307	nan	-nan(ind)	-nan(ind)	-nan(ind)
1.308	nan	-nan(ind)	-nan(ind)	-nan(ind)
1.309	nan	-nan(ind)	-nan(ind)	-nan(ind)
1.31	nan	-nan(ind)	-nan(ind)	-nan(ind)
1.311	nan	-nan(ind)	-nan(ind)	-nan(ind)
1.312	nan	-nan(ind)	-nan(ind)	-nan(ind)
1.313	nan	-nan(ind)	-nan(ind)	-nan(ind)
1.314	nan	-nan(ind)	-nan(ind)	-nan(ind)
1.315	nan	-nan(ind)	-nan(ind)	-nan(ind)
1.316	nan	-nan(ind)	-nan(ind)	-nan(ind)
1.317	nan	-nan(ind)	-nan(ind)	-nan(ind)
1.318	nan	-nan(ind)	-nan(ind)	-nan(ind)
1.319	nan	-nan(ind)	-nan(ind)	-nan(ind)
1.32	nan	-nan(ind)	-nan(ind)	-nan(ind)
1.321	nan	-nan(ind)	-nan(ind)	-nan(ind)
1.322	nan	-nan(ind)	-nan(ind)	-nan(ind)
1.323	nan	-nan(ind)	-nan(ind)	-nan(ind)
1.324	nan	-nan(ind)	-nan(ind)	-nan(ind)
1.325	nan	-nan(ind)	-nan(ind)	-nan(ind)
1.326	nan	-nan(ind)	-nan(ind)	-nan(ind)
1.327	nan	-nan(ind)	-nan(ind)	-nan(ind)
1.328	nan	-nan(ind)	-nan(ind)	-nan(ind)
1.329	nan	-nan(ind)	-nan(ind)	-nan(ind)
1.33	nan	-nan(ind)	-nan(ind)	-nan(ind)
1.331	nan	-nan(ind)	-nan(ind)	-nan(ind)
1.332	nan	-nan(ind)	-nan(ind)	-nan(ind)
1.333	nan	-nan(ind)	-nan(ind)	-nan(ind)
1.334	nan	-nan(ind)	-nan(ind)	-nan(ind)
1.335	nan	-nan(ind)	-nan(ind)	-nan(ind)
1.336	nan	-nan(ind)	-nan(ind)	-nan(ind)
1.337	nan	-nan(ind)	-nan(ind)	-nan(ind)
1.338	nan	-nan(ind)	-nan(ind)	-nan(ind)
1.339	nan	-nan(ind)	-nan(ind)	-nan(ind)
1.34	nan	-nan(ind)	-nan(ind)	-nan(ind)
1.341	nan	-nan(ind)	-nan(ind)	-nan(ind)
1.342	nan	-nan(ind)	-nan(ind)	-nan(ind)
1.343	nan	-nan(ind)	-nan(ind)	-nan(ind)
1.344	nan	-nan(ind)	-nan(ind)	-nan(ind)
1.345	nan	-nan(ind)	-nan(ind)	-nan(ind)
1.346	nan	-nan(ind)	-nan(ind)	-nan(ind)
1.347	nan	-nan(ind)	-nan(ind)	-nan(ind)
1.348	nan	-nan(ind)	-nan(ind)	-nan(ind)
1.349	nan	-nan(ind)	-nan(ind)	-nan(ind)
1.35	nan	-nan(ind)	-nan(ind)	-nan(ind)
1.351	nan	-nan(ind)	-nan(ind)	-nan(ind)
1.352	nan	-nan(ind)	-nan(ind)	-nan(ind)
1.353	nan	-nan(ind)	-nan(ind)	-nan(ind)
1.354	nan	-nan(ind)	-nan(ind)	-nan(ind)
1.355	nan	-nan(ind)	-nan(ind)	-nan(ind)
1.356	nan	-nan(ind)	-nan(ind)	-nan(ind)
1.357	nan	-nan(ind)	-nan(ind)	-nan(ind)
1.358	nan	-nan(ind)	-nan(ind)	-nan(ind)
1.359	nan	-nan(ind)	-nan(ind)	-nan(ind)
1.36	nan	-nan(ind)	-nan(ind)	-nan(ind)
1.361	nan	-nan(ind)	-nan(ind)	-nan(ind)
1.362	nan	-nan(ind)	-nan(ind)	-nan(ind)
1.363	nan	-nan(ind)	-nan(ind)	-nan(ind)
1.364	nan	-nan(ind)	-nan(ind)	-nan(ind)
1.365	nan	-nan(ind)	-nan(ind)	-nan(ind)
1.366	nan	-nan(ind)	-nan(ind)	-nan(ind)
1.367	nan	-nan(ind)	-nan(ind)	-nan(ind)
1.368	nan	-nan(ind)	-nan(ind)	-nan(ind)
1.369	nan	-nan(ind)	-nan(ind)	-nan(ind)
1.37	nan	-nan(ind)	-nan(ind)	-nan(ind)
1.371	nan	-nan(ind)	-nan(ind)	-nan(ind)
1.372	nan	-nan(ind)	-nan(ind)	-nan(ind)
1.373	nan	-nan(ind)	-nan(ind)	-nan(ind)
1.374	nan	-nan(ind)	-nan(ind)	-nan(ind)
1.375	nan	-nan(ind)	-nan(ind)	-nan(ind)
1.376	nan	-nan(ind)	-nan(ind)	-nan(ind)
1.377	nan	-nan(ind)	-nan(ind)	-nan(ind)
1.378	nan	-nan(ind)	-nan(ind)	-nan(ind)
1.379	nan	-nan(ind)	-nan(ind)	-nan(ind)
1.38	nan	-nan(ind)	-nan(ind)	-nan(ind)
1.381	nan	-nan(ind)	-nan(ind)	-nan(ind)
1.382	nan	-nan(ind)	-nan(ind)	-nan(ind)
1.383	nan	-nan(ind)	-nan(ind)	-nan(ind)
1.384	nan	-nan(ind)	-nan(ind)	-nan(ind)
1.385	nan	-nan(ind)	-nan(ind)	-nan(ind)
1.386	nan	-nan(ind)	-nan(ind)	-nan(ind)
1.387	nan	-nan(ind)	-nan(ind)	-nan(ind)
1.388	nan	-nan(ind)	-nan(ind)	-nan(ind)
1.389	nan	-nan(ind)	-nan(ind)	-nan(ind)
1.39	nan	-nan(ind)	-nan(ind)	-nan(ind)
1.391	nan	-nan(ind)	-nan(ind)	-nan(ind)
1.392	nan	-nan(ind)	-nan(ind)	-nan(ind)
1.393	nan	-nan(ind)	-nan(ind)	-nan(ind)
1.394	nan	-nan(ind)	-nan(ind)	-nan(ind)
1.395	nan	-nan(ind)	-nan(ind)	-nan(ind)
1.396	nan	-nan(ind)	-nan(ind)	-nan(ind)
1.397	nan	-nan(ind)	-nan(ind)	-nan(ind)
1.398	nan	-nan(ind)	-nan(ind)	-nan(ind)
1.399	nan	-nan(ind)	-nan(ind)	-nan(ind)
1.4	nan	-nan(ind)	-nan(ind)	-nan(ind)
1.401	nan	-nan(ind)	-nan(ind)	-nan(ind)
1.402	nan	-nan(ind)	-nan(ind)	-nan(ind)
1.403	nan	-nan(ind)	-nan(ind)	-nan(ind)
1.404	nan	-nan(ind)	-nan(ind)	-nan(ind)
1.405	nan	-nan(ind)	-nan(ind)	-nan(ind)
1.406	nan	-nan(ind)	-nan(ind)	-nan(ind)
1.407	nan	-nan(ind)	-nan(ind)	-nan(ind)
1.408	nan	-nan(ind)	-nan(ind)	-nan(ind)
1.409	nan	-nan(ind)	-nan(ind)	-nan(ind)
1.41	nan	-nan(ind)	-nan(ind)	-nan(ind)
1.411	nan	-nan(ind)	-nan(ind)	-nan(ind)
1.412	nan	-nan(ind)	-nan(ind)	-nan(ind)
1.413	nan	-nan(ind)	-nan(ind)	-nan(ind)
1.414	nan	-nan(ind)	-nan(ind)	-nan(ind)
1.415	nan	-nan(ind)	-nan(ind)	-nan(ind)
1.416	nan	-nan(ind)	-nan(ind)	-nan(ind)
1.417	nan	-nan(ind)	-nan(ind)	-nan(ind)
1.418	nan	-nan(ind)	-nan(ind)	-nan(ind)
1.419	nan	-nan(ind)	-nan(ind)	-nan(ind)
1.42	nan	-nan(ind)	-nan(ind)	-nan(ind)
1.421	nan	-nan(ind)	-nan(ind)	-nan(ind)
1.422	nan	-nan(ind)	-nan(ind)	-nan(ind)
1.423	nan	-nan(ind)	-nan(ind)	-nan(ind)
1.424	nan	-nan(ind)	-nan(ind)	-nan(ind)
1.425	nan	-nan(ind)	-nan(ind)	-nan(ind)
1.426	nan	-nan(ind)	-nan(ind)	-nan(ind)
1.427	nan	-nan(ind)	-nan(ind)	-nan(ind)
1.428	nan	-nan(ind)	-nan(ind)	-nan(ind)
1.429	nan	-nan(ind)	-nan(ind)	-nan(ind)
1.43	nan	-nan(ind)	-nan(ind)	-nan(ind)
1.431	nan	-nan(ind)	-nan(ind)	-nan(ind)
1.432	nan	-nan(ind)	-nan(ind)	-nan(ind)
1.433	nan	-nan(ind)	-nan(ind)	-nan(ind)
1.434	nan	-nan(ind)	-nan(ind)	-nan(ind)
1.435	nan	-nan(ind)	-nan(ind)	-nan(ind)
1.436	nan	-nan(ind)	-nan(ind)	-nan(ind)
1.437	nan	-nan(ind)	-nan(ind)	-nan(ind)
1.438	nan	-nan(ind)	-nan(ind)	-nan(ind)
1.439	nan	-nan(ind)	-nan(ind)	-nan(ind)
1.44	nan	-nan(ind)	-nan(ind)	-nan(ind)
1.441	nan	-nan(ind)	-nan(ind)	-nan(ind)
1.442	nan	-nan(ind)	-nan(ind)	-nan(ind)
1.443	nan	-nan(ind)	-nan(ind)	-nan(ind)
1.444	nan	-nan(ind)	-nan(ind)	-nan(ind)
1.445	nan	-nan(ind)	-nan(ind)	-nan(ind)
1.446	nan	-nan(ind)	-nan(ind)	-nan(ind)
1.447	nan	-nan(ind)	-nan(ind)	-nan(ind)
1.448	nan	-nan(ind)	-nan(ind)	-nan(ind)
1.449	nan	-nan(ind)	-nan(ind)	-nan(ind)
1.45	nan	-nan(ind)	-nan(ind)	-nan(ind)
1.451	nan	-nan(ind)	-nan(ind)	-nan(ind)
1.452	nan	-nan(ind)	-nan(ind)	-nan(ind)
1.453	nan	-nan(ind)	-nan(ind)	-nan(ind)
1.454	nan	-nan(ind)	-nan(ind)	-nan(ind)
1.455	nan	-nan(ind)	-nan(ind)	-nan(ind)
1.456	nan	-nan(ind)	-nan(ind)	-nan(ind)
1.457	nan	-nan(ind)	-nan(ind)	-nan(ind)
1.458	nan	-nan(ind)	-nan(ind)	-nan(ind)
1.459	nan	-nan(ind)	-nan(ind)	-nan(ind)
1.46	nan	-nan(ind)	-nan(ind)	-nan(ind)
1.461	nan	-nan(ind)	-nan(ind)	-nan(ind)
1.462	nan	-nan(ind)	-nan(ind)	-nan(ind)
1.463	nan	-nan(ind)	-nan(ind)	-nan(ind)
1.464	nan	-nan(ind)	-nan(ind)	-nan(ind)
1.465	nan	-nan(ind)	-nan(ind)	-nan(ind)
1.466	nan	-nan(ind)	-nan(ind)	-nan(ind)
1.467	nan	-nan(ind)	-nan(ind)	-nan(ind)
1.468	nan	-nan(ind)	-nan(ind)	-nan(ind)
1.469	nan	-nan(ind)	-nan(ind)	-nan(ind)
1.47	nan	-nan(ind)	-nan(ind)	-nan(ind)
1.471	nan	-nan(ind)	-nan(ind)	-nan(ind)
1.472	nan	-nan(ind)	-nan(ind)	-nan(ind)
1.473	nan	-nan(ind)	-nan(ind)	-nan(ind)
1.474	nan	-nan(ind)	-nan(ind)	-nan(ind)
1.475	nan	-nan(ind)	-nan(ind)	-nan(ind)
1.476	nan	-nan(ind)	-nan(ind)	-nan(ind)
1.477	nan	-nan(ind)	-nan(ind)	-nan(ind)
1.478	nan	-nan(ind)	-nan(ind)	-nan(ind)
1.479	nan	-nan(ind)	-nan(ind)	-nan(ind)
1.48	nan	-nan(ind)	-nan(ind)	-nan(ind)
1.481	nan	-nan(ind)	-nan(ind)	-nan(ind)
1.482	nan	-nan(ind)	-nan(ind)	-nan(ind)
1.483	nan	-nan(ind)	-nan(ind)	-nan(ind)
1.484	nan	-nan(ind)	-nan(ind)	-nan(ind)
1.485	nan	-nan(ind)	-nan(ind)	-nan(ind)
1.486	nan	-nan(ind)	-nan(ind)	-nan(ind)
1.487	nan	-nan(ind)	-nan(ind)	-nan(ind)
1.488	nan	-nan(ind)	-nan(ind)	-nan(ind)
1.489	nan	-nan(ind)	-nan(ind)	-nan(ind)
1.49	nan	-nan(ind)	-nan(ind)	-nan(ind)
1.491	nan	-nan(ind)	-nan(ind)	-nan(ind)
1.492	nan	-nan(ind)	-nan(ind)	-nan(ind)
1.493	nan	-nan(ind)	-nan(ind)	-nan(ind)
1.494	nan	-nan(ind)	-nan(ind)	-nan(ind)
1.495	nan	-nan(ind)	-nan(ind)	-nan(ind)
1.496	nan	-nan(ind)	-nan(ind)	-nan(ind)
1.497	nan	-nan(ind)	-nan(ind)	-nan(ind)
1.498	nan	-nan(ind)	-nan(ind)	-nan(ind)
1.499	nan	-nan(ind)	-nan(ind)	-nan(ind)
1.5	nan	-nan(ind)	-nan(ind)	-nan(ind)
1.501	nan	-nan(ind)	-nan(ind)	-nan(ind)
1.502	nan	-nan(ind)	-nan(ind)	-nan(ind)
1.503	nan	-nan(ind)	-nan(ind)	-nan(ind)
1.504	nan	-nan(ind)	-nan(ind)	-nan(ind)
1.505	nan	-nan(ind)	-nan(ind)	-nan(ind)
1.506	nan	-nan(ind)	-nan(ind)	-nan(ind)
1.507	nan	-nan(ind)	-nan(ind)	-nan(ind)
1.508	nan	-nan(ind)	-nan(ind)	-nan(ind)
1.509	nan	-nan(ind)	-nan(ind)	-nan(ind)
1.51	nan	-nan(ind)	-nan(ind)	-nan(ind)
1.511	nan	-nan(ind)	-nan(ind)	-nan(ind)
1.512	nan	-nan(ind)	-nan(ind)	-nan(ind)
1.513	nan	-nan(ind)	-nan(ind)	-nan(ind)
1.514	nan	-nan(ind)	-nan(ind)	-nan(ind)
1.515	nan	-nan(ind)	-nan(ind)	-nan(ind)
1.516	nan	-nan(ind)	-nan(ind)	-nan(ind)
1.517	nan	-nan(ind)	-nan(ind)	-nan(ind)
1.518	nan	-nan(ind)	-nan(ind)	-nan(ind)
1.519	nan	-nan(ind)	-nan(ind)	-nan(ind)
1.52	nan	-nan(ind)	-nan(ind)	-nan(ind)
1.521	nan	-nan(ind)	-nan(ind)	-nan(ind)
1.522	nan	-nan(ind)	-nan(ind)	-nan(ind)
1.523	nan	-nan(ind)	-nan(ind)	-nan(ind)
1.524	nan	-nan(ind)	-nan(ind)	-nan(ind)
1.525	nan	-nan(ind)	-nan(ind)	-nan(ind)
1.526	nan	-nan(ind)	-nan(ind)	-nan(ind)
1.527	nan	-nan(ind)	-nan(ind)	-nan(ind)
1.528	nan	-nan(ind)	-nan(ind)	-nan(ind)
1.529	nan	-nan(ind)	-nan(ind)	-nan(ind)
1.53	nan	-nan(ind)	-nan(ind)	-nan(ind)
1.531	nan	-nan(ind)	-nan(ind)	-nan(ind)
1.532	nan	-nan(ind)	-nan(ind)	-nan(ind)
1.533	nan	-nan(ind)	-nan(ind)	-nan(ind)
1.534	nan	-nan(ind)	-nan(ind)	-nan(ind)
1.535	nan	-nan(ind)	-nan(ind)	-nan(ind)
1.536	nan	-nan(ind)	-nan(ind)	-nan(ind)
1.537	nan	-nan(ind)	-nan(ind)	-nan(ind)
1.538	nan	-nan(ind)	-nan(ind)	-nan(ind)
1.539	nan	-nan(ind)	-nan(ind)	-nan(ind)
1.54	nan	-nan(ind)	-nan(ind)	-nan(ind)
1.541	nan	-nan(ind)	-nan(ind)	-nan(ind)
1.542	nan	-nan(ind)	-nan(ind)	-nan(ind)
1.543	nan	-nan(ind)	-nan(ind)	-nan(ind)
1.544	nan	-nan(ind)	-nan(ind)	-nan(ind)
1.545	nan	-nan(ind)	-nan(ind)	-nan(ind)
1.546	nan	-nan(ind)	-nan(ind)	-nan(ind)
1.547	nan	-nan(ind)	-nan(ind)	-nan(ind)
1.548	nan	-nan(ind)	-nan(ind)	-nan(ind)
1.549	nan	-nan(ind)	-nan(ind)	-nan(ind)
1.55	nan	-nan(ind)	-nan(ind)	-nan(ind)
1.551	nan	-nan(ind)	-nan(ind)	-nan(ind)
1.552	nan	-nan(ind)	-nan(ind)	-nan(ind)
1.553	nan	-nan(ind)	-nan(ind)	-nan(ind)
1.554	nan	-nan(ind)	-nan(ind)	-nan(ind)
1.555	nan	-nan(ind)	-nan(ind)	-nan(ind)
1.556	nan	-nan(ind)	-nan(ind)	-nan(ind)
1.557	nan	-nan(ind)	-nan(ind)	-nan(ind)
1.558	nan	-nan(ind)	-nan(ind)	-nan(ind)
1.559	nan	-nan(ind)	-nan(ind)	-nan(ind)
1.56	nan	-nan(ind)	-nan(ind)	-nan(ind)
1.561	nan	-nan(ind)	-nan(ind)	-nan(ind)
1.562	nan	-nan(ind)	-nan(ind)	-nan(ind)
1.563	nan	-nan(ind)	-nan(ind)	-nan(ind)
1.564	nan	-nan(ind)	-nan(ind)	-nan(ind)
1.565	nan	-nan(ind)	-nan(ind)	-nan(ind)
1.566	nan	-nan(ind)	-nan(ind)	-nan(ind)
1.567	nan	-nan(ind)	-nan(ind)	-nan(ind)
1.568	nan	-nan(ind)	-nan(ind)	-nan(ind)
1.569	nan	-nan(ind)	-nan(ind)	-nan(ind)
1.57	nan	-nan(ind)	-nan(ind)	-nan(ind)
1.571	nan	-nan(ind)	-nan(ind)	-nan(ind)
1.572	nan	-nan(ind)	-nan(ind)	-nan(ind)
1.573	nan	-nan(ind)	-nan(ind)	-nan(ind)
1.574	nan	-nan(ind)	-nan(ind)	-nan(ind)
1.575	nan	-nan(ind)	-nan(ind)	-nan(ind)
1.576	nan	-nan(ind)	-nan(ind)	-nan(ind)
1.577	nan	-nan(ind)	-nan(ind)	-nan(ind)
1.578	nan	-nan(ind)	-nan(ind)	-nan(ind)
1.579	nan	-nan(ind)	-nan(ind)	-nan(ind)
1.58	nan	-nan(ind)	-nan(ind)	-nan(ind)
1.581	nan	-nan(ind)	-nan(ind)	-nan(ind)
1.582	nan	-nan(ind)	-nan(ind)	-nan(ind)
1.583	nan	-nan(ind)	-nan(ind)	-nan(ind)
1.584	nan	-nan(ind)	-nan(ind)	-nan(ind)
1.585	nan	-nan(ind)	-nan(ind)	-nan(ind)
1.586	nan	-nan(ind)	-nan(ind)	-nan(ind)
1.587	nan	-nan(ind)	-nan(ind)	-nan(ind)
1.588	nan	-nan(ind)	-nan(ind)	-nan(ind)
1.589	nan	-nan(ind)	-nan(ind)	-nan(ind)
1.59	nan	-nan(ind)	-nan(ind)	-nan(ind)
1.591	nan	-nan(ind)	-nan(ind)	-nan(ind)
1.592	nan	-nan(ind)	-nan(ind)	-nan(ind)
1.593	nan	-nan(ind)	-nan(ind)	-nan(ind)
1.594	nan	-nan(ind)	-nan(ind)	-nan(ind)
1.595	nan	-nan(ind)	-nan(ind)	-nan(ind)
1.596	nan	-nan(ind)	-nan(ind)	-nan(ind)
1.597	nan	-nan(ind)	-nan(ind)	-nan(ind)
1.598	nan	-nan(ind)	-nan(ind)	-nan(ind)
1.599	nan	-nan(ind)	-nan(ind)	-nan(ind)
1.6	nan	-nan(ind)	-nan(ind)	-nan(ind)
1.601	nan	-nan(ind)	-nan(ind)	-nan(ind)
1.602	nan	-nan(ind)	-nan(ind)	-nan(ind)
1.603	nan	-nan(ind)	-nan(ind)	-nan(ind)
1.604	nan	-nan(ind)	-nan(ind)	-nan(ind)
1.605	nan	-nan(ind)	-nan(ind)	-nan(ind)
1.606	nan	-nan(ind)	-nan(ind)	-nan(ind)
1.607	nan	-nan(ind)	-nan(ind)	-nan(ind)
1.608	nan	-nan(ind)	-nan(ind)	-nan(ind)
1.609	nan	-nan(ind)	-nan(ind)	-nan(ind)
1.61	nan	-nan(ind)	-nan(ind)	-nan(ind)
1.611	nan	-nan(ind)	-nan(ind)	-nan(ind)
1.612	nan	-nan(ind)	-nan(ind)	-nan(ind)
1.613	nan	-nan(ind)	-nan(ind)	-nan(ind)
1.614	nan	-nan(ind)	-nan(ind)	-nan(ind)
1.615	nan	-nan(ind)	-nan(ind)	-nan(ind)
1.616	nan	-nan(ind)	-nan(ind)	-nan(ind)
1.617	nan	-nan(ind)	-nan(ind)	-nan(ind)
1.618	nan	-nan(ind)	-nan(ind)	-nan(ind)
1.619	nan	-nan(ind)	-nan(ind)	-nan(ind)
1.62	nan	-nan(ind)	-nan(ind)	-nan(ind)
1.621	nan	-nan(ind)	-nan(ind)	-nan(ind)
1.622	nan	-nan(ind)	-nan(ind)	-nan(ind)
1.623	nan	-nan(ind)	-nan(ind)	-nan(ind)
1.624	nan	-nan(ind)	-nan(ind)	-nan(ind)
1.625	nan	-nan(ind)	-nan(ind)	-nan(ind)
1.626	nan	-nan(ind)	-nan(ind)	-nan(ind)
1.627	nan	-nan(ind)	-nan(ind)	-nan(ind)
1.628	nan	-nan(ind)	-nan(ind)	-nan(ind)
1.629	nan	-nan(ind)	-nan(ind)	-nan(ind)
1.63	nan	-nan(ind)	-nan(ind)	-nan(ind)
1.631	nan	-nan(ind)	-nan(ind)	-nan(ind)
1.632	nan	-nan(ind)	-nan(ind)	-nan(ind)
1.633	nan	-nan(ind)	-nan(ind)	-nan(ind)
1.634	nan	-nan(ind)	-nan(ind)	-nan(ind)
1.635	nan	-nan(ind)	-nan(ind)	-nan(ind)
1.636	nan	-nan(ind)	-nan(ind)	-nan(ind)
1.637	nan	-nan(ind)	-nan(ind)	-nan(ind)
1.638	nan	-nan(ind)	-nan(ind)	-nan(ind)
1.639	nan	-nan(ind)	-nan(ind)	-nan(ind)
1.64	nan	-nan(ind)	-nan(ind)	-nan(ind)
1.641	nan	-nan(ind)	-nan(ind)	-nan(ind)
1.642	nan	-nan(ind)	-nan(ind)	-nan(ind)
1.643	nan	-nan(ind)	-nan(ind)	-nan(ind)
1.644	nan	-nan(ind)	-nan(ind)	-nan(ind)
1.645	nan	-nan(ind)	-nan(ind)	-nan(ind)
1.646	nan	-nan(ind)	-nan(ind)	-nan(ind)
1.647	nan	-nan(ind)	-nan(ind)	-nan(ind)
1.648	nan	-nan(ind)	-nan(ind)	-nan(ind)
1.649	nan	-nan(ind)	-nan(ind)	-nan(ind)
1.65	nan	-nan(ind)	-nan(ind)	-nan(ind)
1.651	nan	-nan(ind)	-nan(ind)	-nan(ind)
1.652	nan	-nan(ind)	-nan(ind)	-nan(ind)
1.653	nan	-nan(ind)	-nan(ind)	-nan(ind)
1.654	nan	-nan(ind)	-nan(ind)	-nan(ind)
1.655	nan	-nan(ind)	-nan(ind)	-nan(ind)
1.656	nan	-nan(ind)	-nan(ind)	-nan(ind)
1.657	nan	-nan(ind)	-nan(ind)	-nan(ind)
1.658	nan	-nan(ind)	-nan(ind)	-nan(ind)
1.659	nan	-nan(ind)	-nan(ind)	-nan(ind)
1.66	nan	-nan(ind)	-nan(ind)	-nan(ind)
1.661	nan	-nan(ind)	-nan(ind)	-nan(ind)
1.662	nan	-nan(ind)	-nan(ind)	-nan(ind)
1.663	nan	-nan(ind)	-nan(ind)	-nan(ind)
1.664	nan	-nan(ind)	-nan(ind)	-nan(ind)
1.665	nan	-nan(ind)	-nan(ind)	-nan(ind)
1.666	nan	-nan(ind)	-nan(ind)	-nan(ind)
1.667	nan	-nan(ind)	-nan(ind)	-nan(ind)
1.668	nan	-nan(ind)	-nan(ind)	-nan(ind)
1.669	nan	-nan(ind)	-nan(ind)	-nan(ind)
1.67	nan	-nan(ind)	-nan(ind)	-nan(ind)
1.671	nan	-nan(ind)	-nan(ind)	-nan(ind)
1.672	nan	-nan(ind)	-nan(ind)	-nan(ind)
1.673	nan	-nan(ind)	-nan(ind)	-nan(ind)
1.674	nan	-nan(ind)	-nan(ind)	-nan(ind)
1.675	nan	-nan(ind)	-nan(ind)	-nan(ind)
1.676	nan	-nan(ind)	-nan(ind)	-nan(ind)
1.677	nan	-nan(ind)	-nan(ind)	-nan(ind)
1.678	nan	-nan(ind)	-nan(ind)	-nan(ind)
1.679	nan	-nan(ind)	-nan(ind)	-nan(ind)
1.68	nan	-nan(ind)	-nan(ind)	-nan(ind)
1.681	nan	-nan(ind)	-nan(ind)	-nan(ind)
1.682	nan	-nan(ind)	-nan(ind)	-nan(ind)
1.683	nan	-nan(ind)	-nan(ind)	-nan(ind)
1.684	nan	-nan(ind)	-nan(ind)	-nan(ind)
1.685	nan	-nan(ind)	-nan(ind)	-nan(ind)
1.686	nan	-nan(ind)	-nan(ind)	-nan(ind)
1.687	nan	-nan(ind)	-nan(ind)	-nan(ind)
1.688	nan	-nan(ind)	-nan(ind)	-nan(ind)
1.689	nan	-nan(ind)	-nan(ind)	-nan(ind)
1.69	nan	-nan(ind)	-nan(ind)	-nan(ind)
1.691	nan	-nan(ind)	-nan(ind)	-nan(ind)
1.692	nan	-nan(ind)	-nan(ind)	-nan(ind)
1.693	nan	-nan(ind)	-nan(ind)	-nan(ind)
1.694	nan	-nan(ind)	-nan(ind)	-nan(ind)
1.695	nan	-nan(ind)	-nan(ind)	-nan(ind)
1.696	nan	-nan(ind)	-nan(ind)	-nan(ind)
1.697	nan	-nan(ind)	-nan(ind)	-nan(ind)
1.698	nan	-nan(ind)	-nan(ind)	-nan(ind)
1.699	nan	-nan(ind)	-nan(ind)	-nan(ind)
1.7	nan	-nan(ind)	-nan(ind)	-nan(ind)
1.701	nan	-nan(ind)	-nan(ind)	-nan(ind)
1.702	nan	-nan(ind)	-nan(ind)	-nan(ind)
1.703	nan	-nan(ind)	-nan(ind)	-nan(ind)
1.704	nan	-nan(ind)	-nan(ind)	-nan(ind)
1.705	nan	-nan(ind)	-nan(ind)	-nan(ind)
1.706	nan	-nan(ind)	-nan(ind)	-nan(ind)
1.707	nan	-nan(ind)	-nan(ind)	-nan(ind)
1.708	nan	-nan(ind)	-nan(ind)	-nan(ind)
1.709	nan	-nan(ind)	-nan(ind)	-nan(ind)
1.71	nan	-nan(ind)	-nan(ind)	-nan(ind)
1.711	nan	-nan(ind)	-nan(ind)	-nan(ind)
1.712	nan	-nan(ind)	-nan(ind)	-nan(ind)
1.713	nan	-nan(ind)	-nan(ind)	-nan(ind)
1.714	nan	-nan(ind)	-nan(ind)	-nan(ind)
1.715	nan	-nan(ind)	-nan(ind)	-nan(ind)
1.716	nan	-nan(ind)	-nan(ind)	-nan(ind)
1.717	nan	-nan(ind)	-nan(ind)	-nan(ind)
1.718	nan	-nan(ind)	-nan(ind)	-nan(ind)
1.719	nan	-nan(ind)	-nan(ind)	-nan(ind)
1.72	nan	-nan(ind)	-nan(ind)	-nan(ind)
1.721	nan	-nan(ind)	-nan(ind)	-nan(ind)
1.722	nan	-nan(ind)	-nan(ind)	-nan(ind)
1.723	nan	-nan(ind)	-nan(ind)	-nan(ind)
1.724	nan	-nan(ind)	-nan(ind)	-nan(ind)
1.725	nan	-nan(ind)	-nan(ind)	-nan(ind)
1.726	nan	-nan(ind)	-nan(ind)	-nan(ind)
1.727	nan	-nan(ind)	-nan(ind)	-nan(ind)
1.728	nan	-nan(ind)	-nan(ind)	-nan(ind)
1.729	nan	-nan(ind)	-nan(ind)	-nan(ind)
1.73	nan	-nan(ind)	-nan(ind)	-nan(ind)
1.731	nan	-nan(ind)	-nan(ind)	-nan(ind)
1.732	nan	-nan(ind)	-nan(ind)	-nan(ind)
1.733	nan	-nan(ind)	-nan(ind)	-nan(ind)
1.734	nan	-nan(ind)	-nan(ind)	-nan(ind)
1.735	nan	-nan(ind)	-nan(ind)	-nan(ind)
1.736	nan	-nan(ind)	-nan(ind)	-nan(ind)
1.737	nan	-nan(ind)	-nan(ind)	-nan(ind)
1.738	nan	-nan(ind)	-nan(ind)	-nan(ind)
1.739	nan	-nan(ind)	-nan(ind)	-nan(ind)
1.74	nan	-nan(ind)	-nan(ind)	-nan(ind)
1.741	nan	-nan(ind)	-nan(ind)	-nan(ind)
1.742	nan	-nan(ind)	-nan(ind)	-nan(ind)
1.743	nan	-nan(ind)	-nan(ind)	-nan(ind)
1.744	nan	-nan(ind)	-nan(ind)	-nan(ind)
1.745	nan	-nan(ind)	-nan(ind)	-nan(ind)
1.746	nan	-nan(ind)	-nan(ind)	-nan(ind)
1.747	nan	-nan(ind)	-nan(ind)	-nan(ind)
1.748	nan	-nan(ind)	-nan(ind)	-nan(ind)
1.749	nan	-nan(ind)	-nan(ind)	-nan(ind)
1.75	nan	-nan(ind)	-nan(ind)	-nan(ind)
1.751	nan	-nan(ind)	-nan(ind)	-nan(ind)
1.752	nan	-nan(ind)	-nan(ind)	-nan(ind)
1.753	nan	-nan(ind)	-nan(ind)	-nan(ind)
1.754	nan	-nan(ind)	-nan(ind)	-nan(ind)
1.755	nan	-nan(ind)	-nan(ind)	-nan(ind)
1.756	nan	-nan(ind)	-nan(ind)	-nan(ind)
1.757	nan	-nan(ind)	-nan(ind)	-nan(ind)
1.758	nan	-nan(ind)	-nan(ind)	-nan(ind)
1.759	nan	-nan(ind)	-nan(ind)	-nan(ind)
1.76	nan	-nan(ind)	-nan(ind)	-nan(ind)
1.761	nan	-nan(ind)	-nan(ind)	-nan(ind)
1.762	nan	-nan(ind)	-nan(ind)	-nan(ind)
1.763	nan	-nan(ind)	-nan(ind)	-nan(ind)
1.764	nan	-nan(ind)	-nan(ind)	-nan(ind)
1.765	nan	-nan(ind)	-nan(ind)	-nan(ind)
1.766	nan	-nan(ind)	-nan(ind)	-nan(ind)
1.767	nan	-nan(ind)	-nan(ind)	-nan(ind)
1.768	nan	-nan(ind)	-nan(ind)	-nan(ind)
1.769	nan	-nan(ind)	-nan(ind)	-nan(ind)
1.77	nan	-nan(ind)	-nan(ind)	-nan(ind)
1.771	nan	-nan(ind)	-nan(ind)	-nan(ind)
1.772	nan	-nan(ind)	-nan(ind)	-nan(ind)
1.773	nan	-nan(ind)	-nan(ind)	-nan(ind)
1.774	nan	-nan(ind)	-nan(ind)	-nan(ind)
1.775	nan	-nan(ind)	-nan(ind)	-nan(ind)
1.776	nan	-nan(ind)	-nan(ind)	-nan(ind)
1.777	nan	-nan(ind)	-nan(ind)	-nan(ind)
1.778	nan	-nan(ind)	-nan(ind)	-nan(ind)
1.779	nan	-nan(ind)	-nan(ind)	-nan(ind)
1.78	nan	-nan(ind)	-nan(ind)	-nan(ind)
1.781	nan	-nan(ind)	-nan(ind)	-nan(ind)
1.782	nan	-nan(ind)	-nan(ind)	-nan(ind)
1.783	nan	-nan(ind)	-nan(ind)	-nan(ind)
1.784	nan	-nan(ind)	-nan(ind)	-nan(ind)
1.785	nan	-nan(ind)	-nan(ind)	-nan(ind)
1.786	nan	-nan(ind)	-nan(ind)	-nan(ind)
1.787	nan	-nan(ind)	-nan(ind)	-nan(ind)
1.788	nan	-nan(ind)	-nan(ind)	-nan(ind)
1.789	nan	-nan(ind)	-nan(ind)	-nan(ind)
1.79	nan	-nan(ind)	-nan(ind)	-nan(ind)
1.791	nan	-nan(ind)	-nan(ind)	-nan(ind)
1.792	nan	-nan(ind)	-nan(ind)	-nan(ind)
1.793	nan	-nan(ind)	-nan(ind)	-nan(ind)
1.794	nan	-nan(ind)	-nan(ind)	-nan(ind)
1.795	nan	-nan(ind)	-nan(ind)	-nan(ind)
1.796	nan	-nan(ind)	-nan(ind)	-nan(ind)
1.797	nan	-nan(ind)	-nan(ind)	-nan(ind)
1.798	nan	-nan(ind)	-nan(ind)	-nan(ind)
1.799	nan	-nan(ind)	-nan(ind)	-nan(ind)
1.8	nan	-nan(ind)	-nan(ind)	-nan(ind)
1.801	nan	-nan(ind)	-nan(ind)	-nan(ind)
1.802	nan	-nan(ind)	-nan(ind)	-nan(ind)
1.803	nan	-nan(ind)	-nan(ind)	-nan(ind)
1.804	nan	-nan(ind)	-nan(ind)	-nan(ind)
1.805	nan	-nan(ind)	-nan(ind)	-nan(ind)
1.806	nan	-nan(ind)	-nan(ind)	-nan(ind)
1.807	nan	-nan(ind)	-nan(ind)	-nan(ind)
1.808	nan	-nan(ind)	-nan(ind)	-nan(ind)
1.809	nan	-nan(ind)	-nan(ind)	-nan(ind)
1.81	nan	-nan(ind)	-nan(ind)	-nan(ind)
1.811	nan	-nan(ind)	-nan(ind)	-nan(ind)
1.812	nan	-nan(ind)	-nan(ind)	-nan(ind)
1.813	nan	-nan(ind)	-nan(ind)	-nan(ind)
1.814	nan	-nan(ind)	-nan(ind)	-nan(ind)
1.815	nan	-nan(ind)	-nan(ind)	-nan(ind)
1.816	nan	-nan(ind)	-nan(ind)	-nan(ind)
1.817	nan	-nan(ind)	-nan(ind)	-nan(ind)
1.818	nan	-nan(ind)	-nan(ind)	-nan(ind)
1.819	nan	-nan(ind)	-nan(ind)	-nan(ind)
1.82	nan	-nan(ind)	-nan(ind)	-nan(ind)
1.821	nan	-nan(ind)	-nan(ind)	-nan(ind)
1.822	nan	-nan(ind)	-nan(ind)	-nan(ind)
1.823	nan	-nan(ind)	-nan(ind)	-nan(ind)
1.824	nan	-nan(ind)	-nan(ind)	-nan(ind)
1.825	nan	-nan(ind)	-nan(ind)	-nan(ind)
1.826	nan	-nan(ind)	-nan(ind)	-nan(ind)
1.827	nan	-nan(ind)	-nan(ind)	-nan(ind)
1.828	nan	-nan(ind)	-nan(ind)	-nan(ind)
1.829	nan	-nan(ind)	-nan(ind)	-nan(ind)
1.83	nan	-nan(ind)	-nan(ind)	-nan(ind)
1.831	nan	-nan(ind)	-nan(ind)	-nan(ind)
1.832	nan	-nan(ind)	-nan(ind)	-nan(ind)
1.833	nan	-nan(ind)	-nan(ind)	-nan(ind)
1.834	nan	-nan(ind)	-nan(ind)	-nan(ind)
1.835	nan	-nan(ind)	-nan(ind)	-nan(ind)
1.836	nan	-nan(ind)	-nan(ind)	-nan(ind)
1.837	nan	-nan(ind)	-nan(ind)	-nan(ind)
1.838	nan	-nan(ind)	-nan(ind)	-nan(ind)
1.839	nan	-nan(ind)	-nan(ind)	-nan(ind)
1.84	nan	-nan(ind)	-nan(ind)	-nan(ind)
1.841	nan	-nan(ind)	-nan(ind)	-nan(ind)
1.842	nan	-nan(ind)	-nan(ind)	-nan(ind)
1.843	nan	-nan(ind)	-nan(ind)	-nan(ind)
1.844	nan	-nan(ind)	-nan(ind)	-nan(ind)
1.845	nan	-nan(ind)	-nan(ind)	-nan(ind)
1.846	nan	-nan(ind)	-nan(ind)	-nan(ind)
1.847	nan	-nan(ind)	-nan(ind)	-nan(ind)
1.848	nan	-nan(ind)	-nan(ind)	-nan(ind)
1.849	nan	-nan(ind)	-nan(ind)	-nan(ind)
1.85	nan	-nan(ind)	-nan(ind)	-nan(ind)
1.851	nan	-nan(ind)	-nan(ind)	-nan(ind)
1.852	nan	-nan(ind)	-nan(ind)	-nan(ind)
1.853	nan	-nan(ind)	-nan(ind)	-nan(ind)
1.854	nan	-nan(ind)	-nan(ind)	-nan(ind)
1.855	nan	-nan(ind)	-nan(ind)	-nan(ind)
1.856	nan	-nan(ind)	-nan(ind)	-nan(ind)
1.857	nan	-nan(ind)	-nan(ind)	-nan(ind)
1.858	nan	-nan(ind)	-nan(ind)	-nan(ind)
1.859	nan	-nan(ind)	-nan(ind)	-nan(ind)
1.86	nan	-nan(ind)	-nan(ind)	-nan(ind)
1.861	nan	-nan(ind)	-nan(ind)	-nan(ind)
1.862	nan	-nan(ind)	-nan(ind)	-nan(ind)
1.863	nan	-nan(ind)	-nan(ind)	-nan(ind)
1.864	nan	-nan(ind)	-nan(ind)	-nan(ind)
1.865	nan	-nan(ind)	-nan(ind)	-nan(ind)
1.866	nan	-nan(ind)	-nan(ind)	-nan(ind)
1.867	nan	-nan(ind)	-nan(ind)	-nan(ind)
1.868	nan	-nan(ind)	-nan(ind)	-nan(ind)
1.869	nan	-nan(ind)	-nan(ind)	-nan(ind)
1.87	nan	-nan(ind)	-nan(ind)	-nan(ind)
1.871	nan	-nan(ind)	-nan(ind)	-nan(ind)
1.872	nan	-nan(ind)	-nan(ind)	-nan(ind)
1.873	nan	-nan(ind)	-nan(ind)	-nan(ind)
1.874	nan	-nan(ind)	-nan(ind)	-nan(ind)
1.875	nan	-nan(ind)	-nan(ind)	-nan(ind)
1.876	nan	-nan(ind)	-nan(ind)	-nan(ind)
1.877	nan	-nan(ind)	-nan(ind)	-nan(ind)
1.878	nan	-nan(ind)	-nan(ind)	-nan(ind)
1.879	nan	-nan(ind)	-nan(ind)	-nan(ind)
1.88	nan	-nan(ind)	-nan(ind)	-nan(ind)
1.881	nan	-nan(ind)	-nan(ind)	-nan(ind)
1.882	nan	-nan(ind)	-nan(ind)	-nan(ind)
1.883	nan	-nan(ind)	-nan(ind)	-nan(ind)
1.884	nan	-nan(ind)	-nan(ind)	-nan(ind)
1.885	nan	-nan(ind)	-nan(ind)	-nan(ind)
1.886	nan	-nan(ind)	-nan(ind)	-nan(ind)
1.887	nan	-nan(ind)	-nan(ind)	-nan(ind)
1.888	nan	-nan(ind)	-nan(ind)	-nan(ind)
1.889	nan	-nan(ind)	-nan(ind)	-nan(ind)
1.89	nan	-nan(ind)	-nan(ind)	-nan(ind)
1.891	nan	-nan(ind)	-nan(ind)	-nan(ind)
1.892	nan	-nan(ind)	-nan(ind)	-nan(ind)
1.893	nan	-nan(ind)	-nan(ind)	-nan(ind)
1.894	nan	-nan(ind)	-nan(ind)	-nan(ind)
1.895	nan	-nan(ind)	-nan(ind)	-nan(ind)
1.896	nan	-nan(ind)	-nan(ind)	-nan(ind)
1.897	nan	-nan(ind)	-nan(ind)	-nan(ind)
1.898	nan	-nan(ind)	-nan(ind)	-nan(ind)
1.899	nan	-nan(ind)	-nan(ind)	-nan(ind)
1.9	nan	-nan(ind)	-nan(ind)	-nan(ind)
1.901	nan	-nan(ind)	-nan(ind)	-nan(ind)
1.902	nan	-nan(ind)	-nan(ind)	-nan(ind)
1.903	nan	-nan(ind)	-nan(ind)	-nan(ind)
1.904	nan	-nan(ind)	-nan(ind)	-nan(ind)
1.905	nan	-nan(ind)	-nan(ind)	-nan(ind)
1.906	nan	-nan(ind)	-nan(ind)	-nan(ind)
1.907	nan	-nan(ind)	-nan(ind)	-nan(ind)
1.908	nan	-nan(ind)	-nan(ind)	-nan(ind)
1.909	nan	-nan(ind)	-nan(ind)	-nan(ind)
1.91	nan	-nan(ind)	-nan(ind)	-nan(ind)
1.911	nan	-nan(ind)	-nan(ind)	-nan(ind)
1.912	nan	-nan(ind)	-nan(ind)	-nan(ind)
1.913	nan	-nan(ind)	-nan(ind)	-nan(ind)
1.914	nan	-nan(ind)	-nan(ind)	-nan(ind)
1.915	nan	-nan(ind)	-nan(ind)	-nan(ind)
1.916	nan	-nan(ind)	-nan(ind)	-nan(ind)
1.917	nan	-nan(ind)	-nan(ind)	-nan(ind)
1.918	nan	-nan(ind)	-nan(ind)	-nan(ind)
1.919	nan	-nan(ind)	-nan(ind)	-nan(ind)
1.92	nan	-nan(ind)	-nan(ind)	-nan(ind)
1.921	nan	-nan(ind)	-nan(ind)	-nan(ind)
1.922	nan	-nan(ind)	-nan(ind)	-nan(ind)
1.923	nan	-nan(ind)	-nan(ind)	-nan(ind)
1.924	nan	-nan(ind)	-nan(ind)	-nan(ind)
1.925	nan	-nan(ind)	-nan(ind)	-nan(ind)
1.926	nan	-nan(ind)	-nan(ind)	-nan(ind)
1.927	nan	-nan(ind)	-nan(ind)	-nan(ind)
1.928	nan	-nan(ind)	-nan(ind)	-nan(ind)
1.929	nan	-nan(ind)	-nan(ind)	-nan(ind)
1.93	nan	-nan(ind)	-nan(ind)	-nan(ind)
1.931	nan	-nan(ind)	-nan(ind)	-nan(ind)
1.932	nan	-nan(ind)	-nan(ind)	-nan(ind)
1.933	nan	-nan(ind)	-nan(ind)	-nan(ind)
1.934	nan	-nan(ind)	-nan(ind)	-nan(ind)
1.935	nan	-nan(ind)	-nan(ind)	-nan(ind)
1.936	nan	-nan(ind)	-nan(ind)	-nan(ind)
1.937	nan	-nan(ind)	-nan(ind)	-nan(ind)
1.938	nan	-nan(ind)	-nan(ind)	-nan(ind)
1.939	nan	-nan(ind)	-nan(ind)	-nan(ind)
1.94	nan	-nan(ind)	-nan(ind)	-nan(ind)
1.941	nan	-nan(ind)	-nan(ind)	-nan(ind)
1.942	nan	-nan(ind)	-nan(ind)	-nan(ind)
1.943	nan	-nan(ind)	-nan(ind)	-nan(ind)
1.944	nan	-nan(ind)	-nan(ind)	-nan(ind)
1.945	nan	-nan(ind)	-nan(ind)	-nan(ind)
1.946	nan	-nan(ind)	-nan(ind)	-nan(ind)
1.947	nan	-nan(ind)	-nan(ind)	-nan(ind)
1.948	nan	-nan(ind)	-nan(ind)	-nan(ind)
1.949	nan	-nan(ind)	-nan(ind)	-nan(ind)
1.95	nan	-nan(ind)	-nan(ind)	-nan(ind)
1.951	nan	-nan(ind)	-nan(ind)	-nan(ind)
1.952	nan	-nan(ind)	-nan(ind)	-nan(ind)
1.953	nan	-nan(ind)	-nan(ind)	-nan(ind)
1.954	nan	-nan(ind)	-nan(ind)	-nan(ind)
1.955	nan	-nan(ind)	-nan(ind)	-nan(ind)
1.956	nan	-nan(ind)	-nan(ind)	-nan(ind)
1.957	nan	-nan(ind)	-nan(ind)	-nan(ind)
1.958	nan	-nan(ind)	-nan(ind)	-nan(ind)
1.959	nan	-nan(ind)	-nan(ind)	-nan(ind)
1.96	nan	-nan(ind)	-nan(ind)	-nan(ind)
1.961	nan	-nan(ind)	-nan(ind)	-nan(ind)
1.962	nan	-nan(ind)	-nan(ind)	-nan(ind)
1.963	nan	-nan(ind)	-nan(ind)	-nan(ind)
1.964	nan	-nan(ind)	-nan(ind)	-nan(ind)
1.965	nan	-nan(ind)	-nan(ind)	-nan(ind)
1.966	nan	-nan(ind)	-nan(ind)	-nan(ind)
1.967	nan	-nan(ind)	-nan(ind)	-nan(ind)
1.968	nan	-nan(ind)	-nan(ind)	-nan(ind)
1.969	nan	-nan(ind)	-nan(ind)	-nan(ind)
1.97	nan	-nan(ind)	-nan(ind)	-nan(ind)
1.971	nan	-nan(ind)	-nan(ind)	-nan(ind)
1.972	nan	-nan(ind)	-nan(ind)	-nan(ind)
1.973	nan	-nan(ind)	-nan(ind)	-nan(ind)
1.974	nan	-nan(ind)	-nan(ind)	-nan(ind)
1.975	nan	-nan(ind)	-nan(ind)	-nan(ind)
1.976	nan	-nan(ind)	-nan(ind)	-nan(ind)
1.977	nan	-nan(ind)	-nan(ind)	-nan(ind)
1.978	nan	-nan(ind)	-nan(ind)	-nan(ind)
1.979	nan	-nan(ind)	-nan(ind)	-nan(ind)
1.98	nan	-nan(ind)	-nan(ind)	-nan(ind)
1.981	nan	-nan(ind)	-nan(ind)	-nan(ind)
1.982	nan	-nan(ind)	-nan(ind)	-nan(ind)
1.983	nan	-nan(ind)	-nan(ind)	-nan(ind)
1.984	nan	-nan(ind)	-nan(ind)	-nan(ind)
1.985	nan	-nan(ind)	-nan(ind)	-nan(ind)
1.986	nan	-nan(ind)	-nan(ind)	-nan(ind)
1.987	nan	-nan(ind)	-nan(ind)	-nan(ind)
1.988	nan	-nan(ind)	-nan(ind)	-nan(ind)
1.989	nan	-nan(ind)	-nan(ind)	-nan(ind)
1.99	nan	-nan(ind)	-nan(ind)	-nan(ind)
1.991	nan	-nan(ind)	-nan(ind)	-nan(ind)
1.992	nan	-nan(ind)	-nan(ind)	-nan(ind)
1.993	nan	-nan(ind)	-nan(ind)	-nan(ind)
1.994	nan	-nan(ind)	-nan(ind)	-nan(ind)
1.995	nan	-nan(ind)	-nan(ind)	-nan(ind)
1.996	nan	-nan(ind)	-nan(ind)	-nan(ind)
1.997	nan	-nan(ind)	-nan(ind)	-nan(ind)
1.998	nan	-nan(ind)	-nan(ind)	-nan(ind)
1.999	nan	-nan(ind)	-nan(ind)	-nan(ind)
2	nan	-nan(ind)	-nan(ind)	-nan(ind)
2.001	nan	-nan(ind)	-nan(ind)	-nan(ind)
2.002	nan	-nan(ind)	-nan(ind)	-nan(ind)
2.003	nan	-nan(ind)	-nan(ind)	-nan(ind)
2.004	nan	-nan(ind)	-nan(ind)	-nan(ind)
2.005	nan	-nan(ind)	-nan(ind)	-nan(ind)
2.006	nan	-nan(ind)	-nan(ind)	-nan(ind)
2.007	nan	-nan(ind)	-nan(ind)	-nan(ind)
2.008	nan	-nan(ind)	-nan(ind)	-nan(ind)
2.009	nan	-nan(ind)	-nan(ind)	-nan(ind)
2.01	nan	-nan(ind)	-nan(ind)	-nan(ind)
2.011	nan	-nan(ind)	-nan(ind)	-nan(ind)
2.012	nan	-nan(ind)	-nan(ind)	-nan(ind)
2.013	nan	-nan(ind)	-nan(ind)	-nan(ind)
2.014	nan	-nan(ind)	-nan(ind)	-nan(ind)
2.015	nan	-nan(ind)	-nan(ind)	-nan(ind)
2.016	nan	-nan(ind)	-nan(ind)	-nan(ind)
2.017	nan	-nan(ind)	-nan(ind)	-nan(ind)
2.018	nan	-nan(ind)	-nan(ind)	-nan(ind)
2.019	nan	-nan(ind)	-nan(ind)	-nan(ind)
2.02	nan	-nan(ind)	-nan(ind)	-nan(ind)
2.021	nan	-nan(ind)	-nan(ind)	-nan(ind)
2.022	nan	-nan(ind)	-nan(ind)	-nan(ind)
2.023	nan	-nan(ind)	-nan(ind)	-nan(ind)
2.024	nan	-nan(ind)	-nan(ind)	-nan(ind)
2.025	nan	-nan(ind)	-nan(ind)	-nan(ind)
2.026	nan	-nan(ind)	-nan(ind)	-nan(ind)
2.027	nan	-nan(ind)	-nan(ind)	-nan(ind)
2.028	nan	-nan(ind)	-nan(ind)	-nan(ind)
2.029	nan	-nan(ind)	-nan(ind)	-nan(ind)
2.03	nan	-nan(ind)	-nan(ind)	-nan(ind)
2.031	nan	-nan(ind)	-nan(ind)	-nan(ind)
2.032	nan	-nan(ind)	-nan(ind)	-nan(ind)
2.033	nan	-nan(ind)	-nan(ind)	-nan(ind)
2.034	nan	-nan(ind)	-nan(ind)	-nan(ind)
2.035	nan	-nan(ind)	-nan(ind)	-nan(ind)
2.036	nan	-nan(ind)	-nan(ind)	-nan(ind)
2.037	nan	-nan(ind)	-nan(ind)	-nan(ind)
2.038	nan	-nan(ind)	-nan(ind)	-nan(ind)
2.039	nan	-nan(ind)	-nan(ind)	-nan(ind)
2.04	nan	-nan(ind)	-nan(ind)	-nan(ind)
2.041	nan	-nan(ind)	-nan(ind)	-nan(ind)
2.042	nan	-nan(ind)	-nan(ind)	-nan(ind)
2.043	nan	-nan(ind)	-nan(ind)	-nan(ind)
2.044	nan	-nan(ind)	-nan(ind)	-nan(ind)
2.045	nan	-nan(ind)	-nan(ind)	-nan(ind)
2.046	nan	-nan(ind)	-nan(ind)	-nan(ind)
2.047	nan	-nan(ind)	-nan(ind)	-nan(ind)
2.048	nan	-nan(ind)	-nan(ind)	-nan(ind)
2.049	nan	-nan(ind)	-nan(ind)	-nan(ind)
2.05	nan	-nan(ind)	-nan(ind)	-nan(ind)
2.051	nan	-nan(ind)	-nan(ind)	-nan(ind)
2.052	nan	-nan(ind)	-nan(ind)	-nan(ind)
2.053	nan	-nan(ind)	-nan(ind)	-nan(ind)
2.054	nan	-nan(ind)	-nan(ind)	-nan(ind)
2.055	nan	-nan(ind)	-nan(ind)	-nan(ind)
2.056	nan	-nan(ind)	-nan(ind)	-nan(ind)
2.057	nan	-nan(ind)	-nan(ind)	-nan(ind)
2.058	nan	-nan(ind)	-nan(ind)	-nan(ind)
2.059	nan	-nan(ind)	-nan(ind)	-nan(ind)
2.06	nan	-nan(ind)	-nan(ind)	-nan(ind)
2.061	nan	-nan(ind)	-nan(ind)	-nan(ind)
2.062	nan	-nan(ind)	-nan(ind)	-nan(ind)
2.063	nan	-nan(ind)	-nan(ind)	-nan(ind)
2.064	nan	-nan(ind)	-nan(ind)	-nan(ind)
2.065	nan	-nan(ind)	-nan(ind)	-nan(ind)
2.066	nan	-nan(ind)	-nan(ind)	-nan(ind)
2.067	nan	-nan(ind)	-nan(ind)	-nan(ind)
2.068	nan	-nan(ind)	-nan(ind)	-nan(ind)
2.069	nan	-nan(ind)	-nan(ind)	-nan(ind)
2.07	nan	-nan(ind)	-nan(ind)	-nan(ind)
2.071	nan	-nan(ind)	-nan(ind)	-nan(ind)
2.072	nan	-nan(ind)	-nan(ind)	-nan(ind)
2.073	nan	-nan(ind)	-nan(ind)	-nan(ind)
2.074	nan	-nan(ind)	-nan(ind)	-nan(ind)
2.075	nan	-nan(ind)	-nan(ind)	-nan(ind)
2.076	nan	-nan(ind)	-nan(ind)	-nan(ind)
2.077	nan	-nan(ind)	-nan(ind)	-nan(ind)
2.078	nan	-nan(ind)	-nan(ind)	-nan(ind)
2.079	nan	-nan(ind)	-nan(ind)	-nan(ind)
2.08	nan	-nan(ind)	-nan(ind)	-nan(ind)
2.081	nan	-nan(ind)	-nan(ind)	-nan(ind)
2.082	nan	-nan(ind)	-nan(ind)	-nan(ind)
2.083	nan	-nan(ind)	-nan(ind)	-nan(ind)
2.084	nan	-nan(ind)	-nan(ind)	-nan(ind)
2.085	nan	-nan(ind)	-nan(ind)	-nan(ind)
2.086	nan	-nan(ind)	-nan(ind)	-nan(ind)
2.087	nan	-nan(ind)	-nan(ind)	-nan(ind)
2.088	nan	-nan(ind)	-nan(ind)	-nan(ind)
2.089	nan	-nan(ind)	-nan(ind)	-nan(ind)
2.09	nan	-nan(ind)	-nan(ind)	-nan(ind)
2.091	nan	-nan(ind)	-nan(ind)	-nan(ind)
2.092	nan	-nan(ind)	-nan(ind)	-nan(ind)
2.093	nan	-nan(ind)	-nan(ind)	-nan(ind)
2.094	nan	-nan(ind)	-nan(ind)	-nan(ind)
2.095	nan	-nan(ind)	-nan(ind)	-nan(ind)
2.096	nan	-nan(ind)	-nan(ind)	-nan(ind)
2.097	nan	-nan(ind)	-nan(ind)	-nan(ind)
2.098	nan	-nan(ind)	-nan(ind)	-nan(ind)
2.099	nan	-nan(ind)	-nan(ind)	-nan(ind)
2.1	nan	-nan(ind)	-nan(ind)	-nan(ind)
2.101	nan	-nan(ind)	-nan(ind)	-nan(ind)
2.102	nan	-nan(ind)	-nan(ind)	-nan(ind)
2.103	nan	-nan(ind)	-nan(ind)	-nan(ind)
2.104	nan	-nan(ind)	-nan(ind)	-nan(ind)
2.105	nan	-nan(ind)	-nan(ind)	-nan(ind)
2.106	nan	-nan(ind)	-nan(ind)	-nan(ind)
2.107	nan	-nan(ind)	-nan(ind)	-nan(ind)
2.108	nan	-nan(ind)	-nan(ind)	-nan(ind)
2.109	nan	-nan(ind)	-nan(ind)	-nan(ind)
2.11	nan	-nan(ind)	-nan(ind)	-nan(ind)
2.111	-nan(ind)	nan	nan	nan
2.112	-nan(ind)	nan	nan	nan
2.113	-nan(ind)	nan	nan	nan
2.114	-nan(ind)	nan	nan	nan
2.115	-nan(ind)	nan	nan	nan
2.116	-nan(ind)	nan	nan	nan
2.117	-nan(ind)	nan	nan	nan
2.118	-nan(ind)	nan	nan	nan
2.119	-nan(ind)	nan	nan	nan
2.12	-nan(ind)	nan	nan	nan
2.121	-nan(ind)	nan	nan	nan
2.122	-nan(ind)	nan	nan	nan
2.123	-nan(ind)	nan	nan	nan
2.124	-nan(ind)	nan	nan	nan
2.125	-nan(ind)	nan	nan	nan
2.126	-nan(ind)	nan	nan	nan
2.127	-nan(ind)	nan	nan	nan
2.128	-nan(ind)	nan	nan	nan
2.129	-nan(ind)	nan	nan	nan
2.13	-nan(ind)	nan	nan	nan
2.131	-nan(ind)	nan	nan	nan
2.132	-nan(ind)	nan	nan	nan
2.133	-nan(ind)	nan	nan	nan
2.134	-nan(ind)	nan	nan	nan
2.135	-nan(ind)	nan	nan	nan
2.136	-nan(ind)	nan	nan	nan
2.137	-nan(ind)	nan	nan	nan
2.138	-nan(ind)	nan	nan	nan
2.139	-nan(ind)	nan	nan	nan
2.14	-nan(ind)	nan	nan	nan
2.141	-nan(ind)	nan	nan	nan
2.142	-nan(ind)	nan	nan	nan
2.143	-nan(ind)	nan	nan	nan
2.144	-nan(ind)	nan	nan	nan
2.145	-nan(ind)	nan	nan	nan
2.146	-nan(ind)	nan	nan	nan
2.147	-nan(ind)	nan	nan	nan
2.148	-nan(ind)	nan	nan	nan
2.149	-nan(ind)	nan	nan	nan
2.15	-nan(ind)	nan	nan	nan
2.151	-nan(ind)	nan	nan	nan
2.152	-nan(ind)	nan	nan	nan
2.153	-nan(ind)	nan	nan	nan
2.154	-nan(ind)	nan	nan	nan
2.155	-nan(ind)	nan	nan	nan
2.156	-nan(ind)	nan	nan	nan
2.157	-nan(ind)	nan	nan	nan
2.158	-nan(ind)	nan	nan	nan
2.159	-nan(ind)	nan	nan	nan
2.16	-nan(ind)	nan	nan	nan
2.161	-nan(ind)	nan	nan	nan
2.162	-nan(ind)	nan	nan	nan
2.163	-nan(ind)	nan	nan	nan
2.164	-nan(ind)	nan	nan	nan
2.165	-nan(ind)	nan	nan	nan
2.166	-nan(ind)	nan	nan	nan
2.167	-nan(ind)	nan	nan	nan
2.168	-nan(ind)	nan	nan	nan
2.169	-nan(ind)	nan	nan	nan
2.17	-nan(ind)	nan	nan	nan
2.171	-nan(ind)	nan	nan	nan
2.172	-nan(ind)	nan	nan	nan
2.173	-nan(ind)	nan	nan	nan
2.174	-nan(ind)	nan	nan	nan
2.175	-nan(ind)	nan	nan	nan
2.176	-nan(ind)	nan	nan	nan
2.177	-nan(ind)	nan	nan	nan
2.178	-nan(ind)	nan	nan	nan
2.179	-nan(ind)	nan	nan	nan
2.18	-nan(ind)	nan	nan	nan
2.181	-nan(ind)	nan	nan	nan
2.182	-nan(ind)	nan	nan	nan
2.183	-nan(ind)	nan	nan	nan
2.184	-nan(ind)	nan	nan	nan
2.185	-nan(ind)	nan	nan	nan
2.186	-nan(ind)	nan	nan	nan
2.187	-nan(ind)	nan	nan	nan
2.188	-nan(ind)	nan	nan	nan
2.189	-nan(ind)	nan	nan	nan
2.19	-nan(ind)	nan	nan	nan
2.191	-nan(ind)	nan	nan	nan
2.192	-nan(ind)	nan	nan	nan
2.193	-nan(ind)	nan	nan	nan
2.194	-nan(ind)	nan	nan	nan
2.195	-nan(ind)	nan	nan	nan
2.196	-nan(ind)	nan	nan	nan
2.197	-nan(ind)	nan	nan	nan
2.198	-nan(ind)	nan	nan	nan
2.199	-nan(ind)	nan	nan	nan
2.2	-nan(ind)	nan	nan	nan
2.201	-nan(ind)	nan	nan	nan
2.202	-nan(ind)	nan	nan	nan
2.203	-nan(ind)	nan	nan	nan
2.204	-nan(ind)	nan	nan	nan
2.205	-nan(ind)	nan	nan	nan
2.206	-nan(ind)	nan	nan	nan
2.207	-nan(ind)	nan	nan	nan
2.208	-nan(ind)	nan	nan	nan
2.209	-nan(ind)	nan	nan	nan
2.21	-nan(ind)	nan	nan	nan
2.211	-nan(ind)	nan	nan	nan
2.212	-nan(ind)	nan	nan	nan
2.213	-nan(ind)	nan	nan	nan
2.214	-nan(ind)	nan	nan	nan
2.215	-nan(ind)	nan	nan	nan
2.216	-nan(ind)	nan	nan	nan
2.217	-nan(ind)	nan	nan	nan
2.218	-nan(ind)	nan	nan	nan
2.219	-nan(ind)	nan	nan	nan
2.22	-nan(ind)	nan	nan	nan
2.221	-nan(ind)	nan	nan	nan
2.222	-nan(ind)	nan	nan	nan
2.223	-nan(ind)	nan	nan	nan
2.224	-nan(ind)	nan	nan	nan
2.225	-nan(ind)	nan	nan	nan
2.226	-nan(ind)	nan	nan	nan
2.227	-nan(ind)	nan	nan	nan
2.228	-nan(ind)	nan	nan	nan
2.229	-nan(ind)	nan	nan	nan
2.23	-nan(ind)	nan	nan	nan
2.231	-nan(ind)	nan	nan	nan
2.232	-nan(ind)	nan	nan	nan
2.233	-nan(ind)	nan	nan	nan
2.234	-nan(ind)	nan	nan	nan
2.235	-nan(ind)	nan	nan	nan
2.236	-nan(ind)	nan	nan	nan
2.237	-nan(ind)	nan	nan	nan
2.238	-nan(ind)	nan	nan	nan
2.239	-nan(ind)	nan	nan	nan
2.24	-nan(ind)	nan	nan	nan
2.241	-nan(ind)	nan	nan	nan
2.242	-nan(ind)	nan	nan	nan
2.243	-nan(ind)	nan	nan	nan
2.244	-nan(ind)	nan	nan	nan
2.245	-nan(ind)	nan	nan	nan
2.246	-nan(ind)	nan	nan	nan
2.247	-nan(ind)	nan	nan	nan
2.248	-nan(ind)	nan	nan	nan
2.249	-nan(ind)	nan	nan	nan
2.25	-nan(ind)	nan	nan	nan
2.251	-nan(ind)	nan	nan	nan
2.252	-nan(ind)	nan	nan	nan
2.253	-nan(ind)	nan	nan	nan
2.254	-nan(ind)	nan	nan	nan
2.255	-nan(ind)	nan	nan	nan
2.256	-nan(ind)	nan	nan	nan
2.257	-nan(ind)	nan	nan	nan
2.258	-nan(ind)	nan	nan	nan
2.259	-nan(ind)	nan	nan	nan
2.26	-nan(ind)	nan	nan	nan
2.261	-nan(ind)	nan	nan	nan
2.262	-nan(ind)	nan	nan	nan
2.263	-nan(ind)	nan	nan	nan
2.264	-nan(ind)	nan	nan	nan
2.265	-nan(ind)	nan	nan	nan
2.266	-nan(ind)	nan	nan	nan
2.267	-nan(ind)	nan	nan	nan
2.268	-nan(ind)	nan	nan	nan
2.269	-nan(ind)	nan	nan	nan
2.27	-nan(ind)	nan	nan	nan
2.271	-nan(ind)	nan	nan	nan
2.272	-nan(ind)	nan	nan	nan
2.273	-nan(ind)	nan	nan	nan
2.274	-nan(ind)	nan	nan	nan
2.275	-nan(ind)	nan	nan	nan
2.276	-nan(ind)	nan	nan	nan
2.277	-nan(ind)	nan	nan	nan
2.278	-nan(ind)	nan	nan	nan
2.279	-nan(ind)	nan	nan	nan
2.28	-nan(ind)	nan	nan	nan
2.281	-nan(ind)	nan	nan	nan
2.282	-nan(ind)	nan	nan	nan
2.283	-nan(ind)	nan	nan	nan
2.284	-nan(ind)	nan	nan	nan
2.285	-nan(ind)	nan	nan	nan
2.286	-nan(ind)	nan	nan	nan
2.287	-nan(ind)	nan	nan	nan
2.288	-nan(ind)	nan	nan	nan
2.289	-nan(ind)	nan	nan	nan
2.29	-nan(ind)	nan	nan	nan
2.291	-nan(ind)	nan	nan	nan
2.292	-nan(ind)	nan	nan	nan
2.293	-nan(ind)	nan	nan	nan
2.294	-nan(ind)	nan	nan	nan
2.295	-nan(ind)	nan	nan	nan
2.296	-nan(ind)	nan	nan	nan
2.297	-nan(ind)	nan	nan	nan
2.298	-nan(ind)	nan	nan	nan
2.299	-nan(ind)	nan	nan	nan
2.3	-nan(ind)	nan	nan	nan
2.301	-nan(ind)	nan	nan	nan
2.302	-nan(ind)	nan	nan	nan
2.303	-nan(ind)	nan	nan	nan
2.304	-nan(ind)	nan	nan	nan
2.305	-nan(ind)	nan	nan	nan
2.306	-nan(ind)	nan	nan	nan
2.307	-nan(ind)	nan	nan	nan
2.308	-nan(ind)	nan	nan	nan
2.309	-nan(ind)	nan	nan	nan
2.31	-nan(ind)	nan	nan	nan
2.311	-nan(ind)	nan	nan	nan
2.312	-nan(ind)	nan	nan	nan
2.313	-nan(ind)	nan	nan	nan
2.314	-nan(ind)	nan	nan	nan
2.315	-nan(ind)	nan	nan	nan
2.316	-nan(ind)	nan	nan	nan
2.317	-nan(ind)	nan	nan	nan
2.318	-nan(ind)	nan	nan	nan
2.319	-nan(ind)	nan	nan	nan
2.32	-nan(ind)	nan	nan	nan
2.321	-nan(ind)	nan	nan	nan
2.322	-nan(ind)	nan	nan	nan
2.323	-nan(ind)	nan	nan	nan
2.324	-nan(ind)	nan	nan	nan
2.325	-nan(ind)	nan	nan	nan
2.326	-nan(ind)	nan	nan	nan
2.327	-nan(ind)	nan	nan	nan
2.328	-nan(ind)	nan	nan	nan
2.329	-nan(ind)	nan	nan	nan
2.33	-nan(ind)	nan	nan	nan
2.331	-nan(ind)	nan	nan	nan
2.332	-nan(ind)	nan	nan	nan
2.333	-nan(ind)	nan	nan	nan
2.334	-nan(ind)	nan	nan	nan
2.335	-nan(ind)	nan	nan	nan
2.336	-nan(ind)	nan	nan	nan
2.337	-nan(ind)	nan	nan	nan
2.338	-nan(ind)	nan	nan	nan
2.339	-nan(ind)	nan	nan	nan
2.34	-nan(ind)	nan	nan	nan
2.341	-nan(ind)	nan	nan	nan
2.342	-nan(ind)	nan	nan	nan
2.343	-nan(ind)	nan	nan	nan
2.344	-nan(ind)	nan	nan	nan
2.345	-nan(ind)	nan	nan	nan
2.346	-nan(ind)	nan	nan	nan
2.347	-nan(ind)	nan	nan	nan
2.348	-nan(ind)	nan	nan	nan
2.349	-nan(ind)	nan	nan	nan
2.35	-nan(ind)	nan	nan	nan
2.351	-nan(ind)	nan	nan	nan
2.352	-nan(ind)	nan	nan	nan
2.353	-nan(ind)	nan	nan	nan
2.354	-nan(ind)	nan	nan	nan
2.355	-nan(ind)	nan	nan	nan
2.356	-nan(ind)	nan	nan	nan
2.357	-nan(ind)	nan	nan	nan
2.358	-nan(ind)	nan	nan	nan
2.359	-nan(ind)	nan	nan	nan
2.36	-nan(ind)	nan	nan	nan
2.361	-nan(ind)	nan	nan	nan
2.362	-nan(ind)	nan	nan	nan
2.363	-nan(ind)	nan	nan	nan
2.364	-nan(ind)	nan	nan	nan
2.365	-nan(ind)	nan	nan	nan
2.366	-nan(ind)	nan	nan	nan
2.367	-nan(ind)	nan	nan	nan
2.368	-nan(ind)	nan	nan	nan
2.369	-nan(ind)	nan	nan	nan
2.37	-nan(ind)	nan	nan	nan
2.371	-nan(ind)	nan	nan	nan
2.372	-nan(ind)	nan	nan	nan
2.373	-nan(ind)	nan	nan	nan
2.374	-nan(ind)	nan	nan	nan
2.375	-nan(ind)	nan	nan	nan
2.376	-nan(ind)	nan	nan	nan
2.377	-nan(ind)	nan	nan	nan
2.378	-nan(ind)	nan	nan	nan
2.379	-nan(ind)	nan	nan	nan
2.38	-nan(ind)	nan	nan	nan
2.381	-nan(ind)	nan	nan	nan
2.382	-nan(ind)	nan	nan	nan
2.383	-nan(ind)	nan	nan	nan
2.384	-nan(ind)	nan	nan	nan
2.385	-nan(ind)	nan	nan	nan
2.386	-nan(ind)	nan	nan	nan
2.387	-nan(ind)	nan	nan	nan
2.388	-nan(ind)	nan	nan	nan
2.389	-nan(ind)	nan	nan	nan
2.39	-nan(ind)	nan	nan	nan
2.391	-nan(ind)	nan	nan	nan
2.392	-nan(ind)	nan	nan	nan
2.393	-nan(ind)	nan	nan	nan
2.394	-nan(ind)	nan	nan	nan
2.395	-nan(ind)	nan	nan	nan
2.396	-nan(ind)	nan	nan	nan
2.397	-nan(ind)	nan	nan	nan
2.398	-nan(ind)	nan	nan	nan
2.399	-nan(ind)	nan	nan	nan
2.4	-nan(ind)	nan	nan	nan
2.401	-nan(ind)	nan	nan	nan
2.402	-nan(ind)	nan	nan	nan
2.403	-nan(ind)	nan	nan	nan
2.404	-nan(ind)	nan	nan	nan
2.405	-nan(ind)	nan	nan	nan
2.406	-nan(ind)	nan	nan	nan
2.407	-nan(ind)	nan	nan	nan
2.408	-nan(ind)	nan	nan	nan
2.409	-nan(ind)	nan	nan	nan
2.41	-nan(ind)	nan	nan	nan
2.411	-nan(ind)	nan	nan	nan
2.412	-nan(ind)	nan	nan	nan
2.413	-nan(ind)	nan	nan	nan
2.414	-nan(ind)	nan	nan	nan
2.415	-nan(ind)	nan	nan	nan
2.416	-nan(ind)	nan	nan	nan
2.417	-nan(ind)	nan	nan	nan
2.418	-nan(ind)	nan	nan	nan
2.419	-nan(ind)	nan	nan	nan
2.42	-nan(ind)	nan	nan	nan
2.421	-nan(ind)	nan	nan	nan
2.422	-nan(ind)	nan	nan	nan
2.423	-nan(ind)	nan	nan	nan
2.424	-nan(ind)	nan	nan	nan
2.425	-nan(ind)	nan	nan	nan
2.426	-nan(ind)	nan	nan	nan
2.427	-nan(ind)	nan	nan	nan
2.428	-nan(ind)	nan	nan	nan
2.429	-nan(ind)	nan	nan	nan
2.43	-nan(ind)	nan	nan	nan
2.431	-nan(ind)	nan	nan	nan
2.432	-nan(ind)	nan	nan	nan
2.433	-nan(ind)	nan	nan	nan
2.434	-nan(ind)	nan	nan	nan
2.435	-nan(ind)	nan	nan	nan
2.436	-nan(ind)	nan	nan	nan
2.437	-nan(ind)	nan	nan	nan
2.438	-nan(ind)	nan	nan	nan
2.439	-nan(ind)	nan	nan	nan
2.44	-nan(ind)	nan	nan	nan
2.441	-nan(ind)	nan	nan	nan
2.442	-nan(ind)	nan	nan	nan
2.443	-nan(ind)	nan	nan	nan
2.444	-nan(ind)	nan	nan	nan
2.445	-nan(ind)	nan	nan	nan
2.446	-nan(ind)	nan	nan	nan
2.447	-nan(ind)	nan	nan	nan
2.448	-nan(ind)	nan	nan	nan
2.449	-nan(ind)	nan	nan	nan
2.45	-nan(ind)	nan	nan	nan
2.451	-nan(ind)	nan	nan	nan
2.452	-nan(ind)	nan	nan	nan
2.453	-nan(ind)	nan	nan	nan
2.454	-nan(ind)	nan	nan	nan
2.455	-nan(ind)	nan	nan	nan
2.456	-nan(ind)	nan	nan	nan
2.457	-nan(ind)	nan	nan	nan
2.458	-nan(ind)	nan	nan	nan
2.459	-nan(ind)	nan	nan	nan
2.46	-nan(ind)	nan	nan	nan
2.461	-nan(ind)	nan	nan	nan
2.462	-nan(ind)	nan	nan	nan
2.463	-nan(ind)	nan	nan	nan
2.464	-nan(ind)	nan	nan	nan
2.465	-nan(ind)	nan	nan	nan
2.466	-nan(ind)	nan	nan	nan
2.467	-nan(ind)	nan	nan	nan
2.468	-nan(ind)	nan	nan	nan
2.469	-nan(ind)	nan	nan	nan
2.47	-nan(ind)	nan	nan	nan
2.471	-nan(ind)	nan	nan	nan
2.472	-nan(ind)	nan	nan	nan
2.473	-nan(ind)	nan	nan	nan
2.474	-nan(ind)	nan	nan	nan
2.475	-nan(ind)	nan	nan	nan
2.476	-nan(ind)	nan	nan	nan
2.477	-nan(ind)	nan	nan	nan
2.478	-nan(ind)	nan	nan	nan
2.479	-nan(ind)	nan	nan	nan
2.48	-nan(ind)	nan	nan	nan
2.481	-nan(ind)	nan	nan	nan
2.482	-nan(ind)	nan	nan	nan
2.483	-nan(ind)	nan	nan	nan
2.484	-nan(ind)	nan	nan	nan
2.485	-nan(ind)	nan	nan	nan
2.486	-nan(ind)	nan	nan	nan
2.487	-nan(ind)	nan	nan	nan
2.488	-nan(ind)	nan	nan	nan
2.489	-nan(ind)	nan	nan	nan
2.49	-nan(ind)	nan	nan	nan
2.491	-nan(ind)	nan	nan	nan
2.492	-nan(ind)	nan	nan	nan
2.493	-nan(ind)	nan	nan	nan
2.494	-nan(ind)	nan	nan	nan
2.495	-nan(ind)	nan	nan	nan
2.496	-nan(ind)	nan	nan	nan
2.497	-nan(ind)	nan	nan	nan
2.498	-nan(ind)	nan	nan	nan
2.499	-nan(ind)	nan	nan	nan
2.5	-nan(ind)	nan	nan	nan
2.501	-nan(ind)	nan	nan	nan
2.502	-nan(ind)	nan	nan	nan
2.503	-nan(ind)	nan	nan	nan
2.504	-nan(ind)	nan	nan	nan
2.505	-nan(ind)	nan	nan	nan
2.506	-nan(ind)	nan	nan	nan
2.507	-nan(ind)	nan	nan	nan
2.508	-nan(ind)	nan	nan	nan
2.509	-nan(ind)	nan	nan	nan
2.51	-nan(ind)	nan	nan	nan
2.511	-nan(ind)	nan	nan	nan
2.512	-nan(ind)	nan	nan	nan
2.513	-nan(ind)	nan	nan	nan
2.514	-nan(ind)	nan	nan	nan
2.515	-nan(ind)	nan	nan	nan
2.516	-nan(ind)	nan	nan	nan
2.517	-nan(ind)	nan	nan	nan
2.518	-nan(ind)	nan	nan	nan
2.519	-nan(ind)	nan	nan	nan
2.52	-nan(ind)	nan	nan	nan
2.521	-nan(ind)	nan	nan	nan
2.522	-nan(ind)	nan	nan	nan
2.523	-nan(ind)	nan	nan	nan
2.524	-nan(ind)	nan	nan	nan
2.525	-nan(ind)	nan	nan	nan
2.526	-nan(ind)	nan	nan	nan
2.527	-nan(ind)	nan	nan	nan
2.528	-nan(ind)	nan	nan	nan
2.529	-nan(ind)	nan	nan	nan
2.53	-nan(ind)	nan	nan	nan
2.531	-nan(ind)	nan	nan	nan
2.532	-nan(ind)	nan	nan	nan
2.533	-nan(ind)	nan	nan	nan
2.534	-nan(ind)	nan	nan	nan
2.535	-nan(ind)	nan	nan	nan
2.536	-nan(ind)	nan	nan	nan
2.537	-nan(ind)	nan	nan	nan
2.538	-nan(ind)	nan	nan	nan
2.539	-nan(ind)	nan	nan	nan
2.54	-nan(ind)	nan	nan	nan
2.541	-nan(ind)	nan	nan	nan
2.542	-nan(ind)	nan	nan	nan
2.543	-nan(ind)	nan	nan	nan
2.544	-nan(ind)	nan	nan	nan
2.545	-nan(ind)	nan	nan	nan
2.546	-nan(ind)	nan	nan	nan
2.547	-nan(ind)	nan	nan	nan
2.548	-nan(ind)	nan	nan	nan
2.549	-nan(ind)	nan	nan	nan
2.55	-nan(ind)	nan	nan	nan
2.551	-nan(ind)	nan	nan	nan
2.552	-nan(ind)	nan	nan	nan
2.553	-nan(ind)	nan	nan	nan
2.554	-nan(ind)	nan	nan	nan
2.555	-nan(ind)	nan	nan	nan
2.556	-nan(ind)	nan	nan	nan
2.557	-nan(ind)	nan	nan	nan
2.558	-nan(ind)	nan	nan	nan
2.559	-nan(ind)	nan	nan	nan
2.56	-nan(ind)	nan	nan	nan
2.561	-nan(ind)	nan	nan	nan
2.562	-nan(ind)	nan	nan	nan
2.563	-nan(ind)	nan	nan	nan
2.564	-nan(ind)	nan	nan	nan
2.565	-nan(ind)	nan	nan	nan
2.566	-nan(ind)	nan	nan	nan
2.567	-nan(ind)	nan	nan	nan
2.568	-nan(ind)	nan	nan	nan
2.569	-nan(ind)	nan	nan	nan
2.57	-nan(ind)	nan	nan	nan
2.571	-nan(ind)	nan	nan	nan
2.572	-nan(ind)	nan	nan	nan
2.573	-nan(ind)	nan	nan	nan
2.574	-nan(ind)	nan	nan	nan
2.575	-nan(ind)	nan	nan	nan
2.576	-nan(ind)	nan	nan	nan
2.577	-nan(ind)	nan	nan	nan
2.578	-nan(ind)	nan	nan	nan
2.579	-nan(ind)	nan	nan	nan
2.58	-nan(ind)	nan	nan	nan
2.581	-nan(ind)	nan	nan	nan
2.582	-nan(ind)	nan	nan	nan
2.583	-nan(ind)	nan	nan	nan
2.584	-nan(ind)	nan	nan	nan
2.585	-nan(ind)	nan	nan	nan
2.586	-nan(ind)	nan	nan	nan
2.587	-nan(ind)	nan	nan	nan
2.588	-nan(ind)	nan	nan	nan
2.589	-nan(ind)	nan	nan	nan
2.59	-nan(ind)	nan	nan	nan
2.591	-nan(ind)	nan	nan	nan
2.592	-nan(ind)	nan	nan	nan
2.593	-nan(ind)	nan	nan	nan
2.594	-nan(ind)	nan	nan	nan
2.595	-nan(ind)	nan	nan	nan
2.596	-nan(ind)	nan	nan	nan
2.597	-nan(ind)	nan	nan	nan
2.598	-nan(ind)	nan	nan	nan
2.599	-nan(ind)	nan	nan	nan
2.6	-nan(ind)	nan	nan	nan
2.601	-nan(ind)	nan	nan	nan
2.602	-nan(ind)	nan	nan	nan
2.603	-nan(ind)	nan	nan	nan
2.604	-nan(ind)	nan	nan	nan
2.605	-nan(ind)	nan	nan	nan
2.606	-nan(ind)	nan	nan	nan
2.607	-nan(ind)	nan	nan	nan
2.608	-nan(ind)	nan	nan	nan
2.609	-nan(ind)	nan	nan	nan
2.61	-nan(ind)	nan	nan	nan
2.611	-nan(ind)	nan	nan	nan
2.612	-nan(ind)	nan	nan	nan
2.613	-nan(ind)	nan	nan	nan
2.614	-nan(ind)	nan	nan	nan
2.615	-nan(ind)	nan	nan	nan
2.616	-nan(ind)	nan	nan	nan
2.617	-nan(ind)	nan	nan	nan
2.618	-nan(ind)	nan	nan	nan
2.619	-nan(ind)	nan	nan	nan
2.62	-nan(ind)	nan	nan	nan
2.621	-nan(ind)	nan	nan	nan
2.622	-nan(ind)	nan	nan	nan
2.623	-nan(ind)	nan	nan	nan
2.624	-nan(ind)	nan	nan	nan
2.625	-nan(ind)	nan	nan	nan
2.626	-nan(ind)	nan	nan	nan
2.627	-nan(ind)	nan	nan	nan
2.628	-nan(ind)	nan	nan	nan
2.629	-nan(ind)	nan	nan	nan
2.63	-nan(ind)	nan	nan	nan
2.631	-nan(ind)	nan	nan	nan
2.632	-nan(ind)	nan	nan	nan
2.633	-nan(ind)	nan	nan	nan
2.634	-nan(ind)	nan	nan	nan
2.635	-nan(ind)	nan	nan	nan
2.636	-nan(ind)	nan	nan	nan
2.637	-nan(ind)	nan	nan	nan
2.638	-nan(ind)	nan	nan	nan
2.639	-nan(ind)	nan	nan	nan
2.64	-nan(ind)	nan	nan	nan
2.641	-nan(ind)	nan	nan	nan
2.642	-nan(ind)	nan	nan	nan
2.643	-nan(ind)	nan	nan	nan
2.644	-nan(ind)	nan	nan	nan
2.645	-nan(ind)	nan	nan	nan
2.646	-nan(ind)	nan	nan	nan
2.647	-nan(ind)	nan	nan	nan
2.648	-nan(ind)	nan	nan	nan
2.649	-nan(ind)	nan	nan	nan
2.65	-nan(ind)	nan	nan	nan
2.651	-nan(ind)	nan	nan	nan
2.652	-nan(ind)	nan	nan	nan
2.653	-nan(ind)	nan	nan	nan
2.654	-nan(ind)	nan	nan	nan
2.655	-nan(ind)	nan	nan	nan
2.656	-nan(ind)	nan	nan	nan
2.657	-nan(ind)	nan	nan	nan
2.658	-nan(ind)	nan	nan	nan
2.659	-nan(ind)	nan	nan	nan
2.66	-nan(ind)	nan	nan	nan
2.661	-nan(ind)	nan	nan	nan
2.662	-nan(ind)	nan	nan	nan
2.663	-nan(ind)	nan	nan	nan
2.664	-nan(ind)	nan	nan	nan
2.665	-nan(ind)	nan	nan	nan
2.666	-nan(ind)	nan	nan	nan
2.667	-nan(ind)	nan	nan	nan
2.668	-nan(ind)	nan	nan	nan
2.669	-nan(ind)	nan	nan	nan
2.67	-nan(ind)	nan	nan	nan
2.671	-nan(ind)	nan	nan	nan
2.672	-nan(ind)	nan	nan	nan
2.673	-nan(ind)	nan	nan	nan
2.674	-nan(ind)	nan	nan	nan
2.675	-nan(ind)	nan	nan	nan
2.676	-nan(ind)	nan	nan	nan
2.677	-nan(ind)	nan	nan	nan
2.678	-nan(ind)	nan	nan	nan
2.679	-nan(ind)	nan	nan	nan
2.68	-nan(ind)	nan	nan	nan
2.681	-nan(ind)	nan	nan	nan
2.682	-nan(ind)	nan	nan	nan
2.683	-nan(ind)	nan	nan	nan
2.684	-nan(ind)	nan	nan	nan
2.685	-nan(ind)	nan	nan	nan
2.686	-nan(ind)	nan	nan	nan
2.687	-nan(ind)	nan	nan	nan
2.688	-nan(ind)	nan	nan	nan
2.689	-nan(ind)	nan	nan	nan
2.69	-nan(ind)	nan	nan	nan
2.691	-nan(ind)	nan	nan	nan
2.692	-nan(ind)	nan	nan	nan
2.693	-nan(ind)	nan	nan	nan
2.694	-nan(ind)	nan	nan	nan
2.695	-nan(ind)	nan	nan	nan
2.696	-nan(ind)	nan	nan	nan
2.697	-nan(ind)	nan	nan	nan
2.698	-nan(ind)	nan	nan	nan
2.699	-nan(ind)	nan	nan	nan
2.7	-nan(ind)	nan	nan	nan
2.701	-nan(ind)	nan	nan	nan
2.702	-nan(ind)	nan	nan	nan
2.703	-nan(ind)	nan	nan	nan
2.704	-nan(ind)	nan	nan	nan
2.705	-nan(ind)	nan	nan	nan
2.706	-nan(ind)	nan	nan	nan
2.707	-nan(ind)	nan	nan	nan
2.708	-nan(ind)	nan	nan	nan
2.709	-nan(ind)	nan	nan	nan
2.71	-nan(ind)	nan	nan	nan
2.711	-nan(ind)	nan	nan	nan
2.712	-nan(ind)	nan	nan	nan
2.713	-nan(ind)	nan	nan	nan
2.714	-nan(ind)	nan	nan	nan
2.715	-nan(ind)	nan	nan	nan
2.716	-nan(ind)	nan	nan	nan
2.717	-nan(ind)	nan	nan	nan
2.718	-nan(ind)	nan	nan	nan
2.719	-nan(ind)	nan	nan	nan
2.72	-nan(ind)	nan	nan	nan
2.721	-nan(ind)	nan	nan	nan
2.722	-nan(ind)	nan	nan	nan
2.723	-nan(ind)	nan	nan	nan
2.724	-nan(ind)	nan	nan	nan
2.725	-nan(ind)	nan	nan	nan
2.726	-nan(ind)	nan	nan	nan
2.727	-nan(ind)	nan	nan	nan
2.728	-nan(ind)	nan	nan	nan
2.729	-nan(ind)	nan	nan	nan
2.73	-nan(ind)	nan	nan	nan
2.731	-nan(ind)	nan	nan	nan
2.732	-nan(ind)	nan	nan	nan
2.733	-nan(ind)	nan	nan	nan
2.734	-nan(ind)	nan	nan	nan
2.735	-nan(ind)	nan	nan	nan
2.736	-nan(ind)	nan	nan	nan
2.737	-nan(ind)	nan	nan	nan
2.738	-nan(ind)	nan	nan	nan
2.739	-nan(ind)	nan	nan	nan
2.74	-nan(ind)	nan	nan	nan
2.741	-nan(ind)	nan	nan	nan
2.742	-nan(ind)	nan	nan	nan
2.743	-nan(ind)	nan	nan	nan
2.744	-nan(ind)	nan	nan	nan
2.745	-nan(ind)	nan	nan	nan
2.746	-nan(ind)	nan	nan	nan
2.747	-nan(ind)	nan	nan	nan
2.748	-nan(ind)	nan	nan	nan
2.749	-nan(ind)	nan	nan	nan
2.75	-nan(ind)	nan	nan	nan
2.751	-nan(ind)	nan	nan	nan
2.752	-nan(ind)	nan	nan	nan
2.753	-nan(ind)	nan	nan	nan
2.754	-nan(ind)	nan	nan	nan
2.755	-nan(ind)	nan	nan	nan
2.756	-nan(ind)	nan	nan	nan
2.757	-nan(ind)	nan	nan	nan
2.758	-nan(ind)	nan	nan	nan
2.759	-nan(ind)	nan	nan	nan
2.76	-nan(ind)	nan	nan	nan
2.761	-nan(ind)	nan	nan	nan
2.762	-nan(ind)	nan	nan	nan
2.763	-nan(ind)	nan	nan	nan
2.764	-nan(ind)	nan	nan	nan
2.765	-nan(ind)	nan	nan	nan
2.766	-nan(ind)	nan	nan	nan
2.767	-nan(ind)	nan	nan	nan
2.768	-nan(ind)	nan	nan	nan
2.769	-nan(ind)	nan	nan	nan
2.77	-nan(ind)	nan	nan	nan
2.771	-nan(ind)	nan	nan	nan
2.772	-nan(ind)	nan	nan	nan
2.773	-nan(ind)	nan	nan	nan
2.774	-nan(ind)	nan	nan	nan
2.775	-nan(ind)	nan	nan	nan
2.776	-nan(ind)	nan	nan	nan
2.777	-nan(ind)	nan	nan	nan
2.778	-nan(ind)	nan	nan	nan
2.779	-nan(ind)	nan	nan	nan
2.78	-nan(ind)	nan	nan	nan
2.781	-nan(ind)	nan	nan	nan
2.782	-nan(ind)	nan	nan	nan
2.783	-nan(ind)	nan	nan	nan
2.784	-nan(ind)	nan	nan	nan
2.785	-nan(ind)	nan	nan	nan
2.786	-nan(ind)	nan	nan	nan
2.787	-nan(ind)	nan	nan	nan
2.788	-nan(ind)	nan	nan	nan
2.789	-nan(ind)	nan	nan	nan
2.79	-nan(ind)	nan	nan	nan
2.791	-nan(ind)	nan	nan	nan
2.792	-nan(ind)	nan	nan	nan
2.793	-nan(ind)	nan	nan	nan
2.794	-nan(ind)	nan	nan	nan
2.795	-nan(ind)	nan	nan	nan
2.796	-nan(ind)	nan	nan	nan
2.797	-nan(ind)	nan	nan	nan
2.798	-nan(ind)	nan	nan	nan
2.799	-nan(ind)	nan	nan	nan
2.8	-nan(ind)	nan	nan	nan
2.801	-nan(ind)	nan	nan	nan
2.802	-nan(ind)	nan	nan	nan
2.803	-nan(ind)	nan	nan	nan
2.804	-nan(ind)	nan	nan	nan
2.805	-nan(ind)	nan	nan	nan
2.806	-nan(ind)	nan	nan	nan
2.807	-nan(ind)	nan	nan	nan
2.808	-nan(ind)	nan	nan	nan
2.809	-nan(ind)	nan	nan	nan
2.81	-nan(ind)	nan	nan	nan
2.811	-nan(ind)	nan	nan	nan
2.812	-nan(ind)	nan	nan	nan
2.813	-nan(ind)	nan	nan	nan
2.814	-nan(ind)	nan	nan	nan
2.815	-nan(ind)	nan	nan	nan
2.816	-nan(ind)	nan	nan	nan
2.817	-nan(ind)	nan	nan	nan
2.818	-nan(ind)	nan	nan	nan
2.819	-nan(ind)	nan	nan	nan
2.82	-nan(ind)	nan	nan	nan
2.821	-nan(ind)	nan	nan	nan
2.822	-nan(ind)	nan	nan	nan
2.823	-nan(ind)	nan	nan	nan
2.824	-nan(ind)	nan	nan	nan
2.825	-nan(ind)	nan	nan	nan
2.826	-nan(ind)	nan	nan	nan
2.827	-nan(ind)	nan	nan	nan
2.828	-nan(ind)	nan	nan	nan
2.829	-nan(ind)	nan	nan	nan
2.83	-nan(ind)	nan	nan	nan
2.831	-nan(ind)	nan	nan	nan
2.832	-nan(ind)	nan	nan	nan
2.833	-nan(ind)	nan	nan	nan
2.834	-nan(ind)	nan	nan	nan
2.835	-nan(ind)	nan	nan	nan
2.836	-nan(ind)	nan	nan	nan
2.837	-nan(ind)	nan	nan	nan
2.838	-nan(ind)	nan	nan	nan
2.839	-nan(ind)	nan	nan	nan
2.84	-nan(ind)	nan	nan	nan
2.841	-nan(ind)	nan	nan	nan
2.842	-nan(ind)	nan	nan	nan
2.843	-nan(ind)	nan	nan	nan
2.844	-nan(ind)	nan	nan	nan
2.845	-nan(ind)	nan	nan	nan
2.846	-nan(ind)	nan	nan	nan
2.847	-nan(ind)	nan	nan	nan
2.848	-nan(ind)	nan	nan	nan
2.849	-nan(ind)	nan	nan	nan
2.85	-nan(ind)	nan	nan	nan
2.851	-nan(ind)	nan	nan	nan
2.852	-nan(ind)	nan	nan	nan
2.853	-nan(ind)	nan	nan	nan
2.854	-nan(ind)	nan	nan	nan
2.855	-nan(ind)	nan	nan	nan
2.856	-nan(ind)	nan	nan	nan
2.857	-nan(ind)	nan	nan	nan
2.858	-nan(ind)	nan	nan	nan
2.859	-nan(ind)	nan	nan	nan
2.86	-nan(ind)	nan	nan	nan
2.861	-nan(ind)	nan	nan	nan
2.862	-nan(ind)	nan	nan	nan
2.863	-nan(ind)	nan	nan	nan
2.864	-nan(ind)	nan	nan	nan
2.865	-nan(ind)	nan	nan	nan
2.866	-nan(ind)	nan	nan	nan
2.867	-nan(ind)	nan	nan	nan
2.868	-nan(ind)	nan	nan	nan
2.869	-nan(ind)	nan	nan	nan
2.87	-nan(ind)	nan	nan	nan
2.871	-nan(ind)	nan	nan	nan
2.872	-nan(ind)	nan	nan	nan
2.873	-nan(ind)	nan	nan	nan
2.874	-nan(ind)	nan	nan	nan
2.875	-nan(ind)	nan	nan	nan
2.876	-nan(ind)	nan	nan	nan
2.877	-nan(ind)	nan	nan	nan
2.878	-nan(ind)	nan	nan	nan
2.879	-nan(ind)	nan	nan	nan
2.88	-nan(ind)	nan	nan	nan
2.881	-nan(ind)	nan	nan	nan
2.882	-nan(ind)	nan	nan	nan
2.883	-nan(ind)	nan	nan	nan
2.884	-nan(ind)	nan	nan	nan
2.885	-nan(ind)	nan	nan	nan
2.886	-nan(ind)	nan	nan	nan
2.887	-nan(ind)	nan	nan	nan
2.888	-nan(ind)	nan	nan	nan
2.889	-nan(ind)	nan	nan	nan
2.89	-nan(ind)	nan	nan	nan
2.891	-nan(ind)	nan	nan	nan
2.892	-nan(ind)	nan	nan	nan
2.893	-nan(ind)	nan	nan	nan
2.894	-nan(ind)	nan	nan	nan
2.895	-nan(ind)	nan	nan	nan
2.896	-nan(ind)	nan	nan	nan
2.897	-nan(ind)	nan	nan	nan
2.898	-nan(ind)	nan	nan	nan
2.899	-nan(ind)	nan	nan	nan
2.9	-nan(ind)	nan	nan	nan
2.901	-nan(ind)	nan	nan	nan
2.902	-nan(ind)	nan	nan	nan
2.903	-nan(ind)	nan	nan	nan
2.904	-nan(ind)	nan	nan	nan
2.905	-nan(ind)	nan	nan	nan
2.906	-nan(ind)	nan	nan	nan
2.907	-nan(ind)	nan	nan	nan
2.908	-nan(ind)	nan	nan	nan
2.909	-nan(ind)	nan	nan	nan
2.91	-nan(ind)	nan	nan	nan
2.911	-nan(ind)	nan	nan	nan
2.912	-nan(ind)	nan	nan	nan
2.913	-nan(ind)	nan	nan	nan
2.914	-nan(ind)	nan	nan	nan
2.915	-nan(ind)	nan	nan	nan
2.916	-nan(ind)	nan	nan	nan
2.917	-nan(ind)	nan	nan	nan
2.918	-nan(ind)	nan	nan	nan
2.919	-nan(ind)	nan	nan	nan
2.92	-nan(ind)	nan	nan	nan
2.921	-nan(ind)	nan	nan	nan
2.922	-nan(ind)	nan	nan	nan
2.923	-nan(ind)	nan	nan	nan
2.924	-nan(ind)	nan	nan	nan
2.925	-nan(ind)	nan	nan	nan
2.926	-nan(ind)	nan	nan	nan
2.927	-nan(ind)	nan	nan	nan
2.928	-nan(ind)	nan	nan	nan
2.929	-nan(ind)	nan	nan	nan
2.93	-nan(ind)	nan	nan	nan
2.931	-nan(ind)	nan	nan	nan
2.932	-nan(ind)	nan	nan	nan
2.933	-nan(ind)	nan	nan	nan
2.934	-nan(ind)	nan	nan	nan
2.935	-nan(ind)	nan	nan	nan
2.936	-nan(ind)	nan	nan	nan
2.937	-nan(ind)	nan	nan	nan
2.938	-nan(ind)	nan	nan	nan
2.939	-nan(ind)	nan	nan	nan
2.94	-nan(ind)	nan	nan	nan
2.941	-nan(ind)	nan	nan	nan
2.942	-nan(ind)	nan	nan	nan
2.943	-nan(ind)	nan	nan	nan
2.944	-nan(ind)	nan	nan	nan
2.945	-nan(ind)	nan	nan	nan
2.946	-nan(ind)	nan	nan	nan
2.947	-nan(ind)	nan	nan	nan
2.948	-nan(ind)	nan	nan	nan
2.949	-nan(ind)	nan	nan	nan
2.95	-nan(ind)	nan	nan	nan
2.951	-nan(ind)	nan	nan	nan
2.952	-nan(ind)	nan	nan	nan
2.953	-nan(ind)	nan	nan	nan
2.954	-nan(ind)	nan	nan	nan
2.955	-nan(ind)	nan	nan	nan
2.956	-nan(ind)	nan	nan	nan
2.957	-nan(ind)	nan	nan	nan
2.958	-nan(ind)	nan	nan	nan
2.959	-nan(ind)	nan	nan	nan
2.96	-nan(ind)	nan	nan	nan
2.961	-nan(ind)	nan	nan	nan
2.962	-nan(ind)	nan	nan	nan
2.963	-nan(ind)	nan	nan	nan
2.964	-nan(ind)	nan	nan	nan
2.965	-nan(ind)	nan	nan	nan
2.966	-nan(ind)	nan	nan	nan
2.967	-nan(ind)	nan	nan	nan
2.968	-nan(ind)	nan	nan	nan
2.969	-nan(ind)	nan	nan	nan
2.97	-nan(ind)	nan	nan	nan
2.971	-nan(ind)	nan	nan	nan
2.972	-nan(ind)	nan	nan	nan
2.973	-nan(ind)	nan	nan	nan
2.974	-nan(ind)	nan	nan	nan
2.975	-nan(ind)	nan	nan	nan
2.976	-nan(ind)	nan	nan	nan
2.977	-nan(ind)	nan	nan	nan
2.978	-nan(ind)	nan	nan	nan
2.979	-nan(ind)	nan	nan	nan
2.98	-nan(ind)	nan	nan	nan
2.981	-nan(ind)	nan	nan	nan
2.982	-nan(ind)	nan	nan	nan
2.983	-nan(ind)	nan	nan	nan
2.984	-nan(ind)	nan	nan	nan
2.985	-nan(ind)	nan	nan	nan
2.986	-nan(ind)	nan	nan	nan
2.987	-nan(ind)	nan	nan	nan
2.988	-nan(ind)	nan	nan	nan
2.989	-nan(ind)	nan	nan	nan
2.99	-nan(ind)	nan	nan	nan
2.991	-nan(ind)	nan	nan	nan
2.992	-nan(ind)	nan	nan	nan
2.993	-nan(ind)	nan	nan	nan
2.994	-nan(ind)	nan	nan	nan
2.995	-nan(ind)	nan	nan	nan
2.996	-nan(ind)	nan	nan	nan
2.997	-nan(ind)	nan	nan	nan
2.998	-nan(ind)	nan	nan	nan
2.999	-nan(ind)	nan	nan	nan
3	nan	-nan(ind)	-nan(ind)	-nan(ind)
